용량 또는 중량,제품 주요 사양,사용 기한,사용방법,제조자 및 제조판매업자,제조국,식품의약품안전청 심사 필 유무,주요성분,사용 시 주의사항,품질보증기준,소비자상담관련 전화번호,ingredient_state,브랜드,제품명,search_id,goods_id,이미지
50ml+50ml,모든 피부,"제조일로부터 36개월, 개봉 후 12개월 *제품의 개봉 후 사용기간은 제조일로부터 사용기한을 초과하지 않습니다.",상품상세참조,코스맥스(주) / 네이처리퍼블릭,한국,해당있음,"정제수,글리세린,나이아신아마이드,프로판다이올,글리세레스-26,카프릴릭/카프릭트라이글리세라이드,페닐트라이메티콘,시어버터,1,2-헥산다이올,클로렐라 불가리스추출물,비타민나무오일,레몬추출물,병풀잎추출물,병풀추출물,폴리메틸실세스퀴옥세인,트로메타민,글루코오스,아크릴레이트/C10-30알킬아크릴레이트크로스폴리머,부틸렌글라이콜,카프릴릴글라이콜,프룩토올리고사카라이드,프룩토오스,에틸헥실글리세린,토코페롤,3-O-에틸아스코빅애씨드,글루코노락톤,아스코빅애씨드,카프릴로일살리실릭애씨드,마데카소사이드,글리세릴글루코사이드,아시아티코사이드,아시아틱애씨드,마데카식애씨드,아스코빌팔미테이트,베헤닐알코올,카보머,다이소듐이디티에이,향료","가. 화장품 사용 시 또는 사용 후 직사광선에 의하여 사용부위가 붉은 반점, 부어오름 또는 가려움증 등의 이상 증상이나 부작용이 있는 경우에는 전문의 등과 상담할 것  나. 상처가 있는 부위 등에는 사용을 자제할 것  다. 보관 및 취급 시 주의사항     1) 어린이의 손이 닿지 않는 곳에 보관할 것     2) 직사광선을 피해서 보관할 것",본 제품에 이상이 있을 경우 공정거래위원회 고시 소비자분쟁해결기준에 의거하여 보상해 드립니다.,080-890-6000,normal,네이처리퍼블릭,비타페어C 잡티 크림,2152145,72354,
상품상세참조,상품상세참조,상품상세참조,상품상세참조,상품상세참조,상품상세참조,해당있음,"아스퍼질러스발효물;글리세린;다이프로필렌글라이콜;부틸렌글라이콜;카프릴릭/카프릭트라이글리세라이드;펜틸렌글라이콜;나이아신아마이드;1,2-헥산다이올;아이소헥사데칸;밀추출물;폴리글리세릴-6라우레이트;정제수;이눌린라우릴카바메이트;하이드록시에틸우레아;쌀추출물;해바라기씨오일;밀펩타이드;에틸헥실글리세린;알란토인;소듐메틸스테아로일타우레이트;아데노신;유자오일;다이포타슘글리시리제이트;다이소듐이디티에이;셀룰로오스검;토코페롤;시트릭애씨드",상품상세참조,상품상세참조,상품상세참조,normal,비프루브,아스퍼바이옴 더 퍼스트 트리트먼트 크림 에센스,1979762,33367,
상품상세참조,상품상세참조,상품상세참조,상품상세참조,상품상세참조,상품상세참조,해당있음,정제수;소듐코코일이세티오네이트;글리세린;아스퍼질러스발효물;소듐메틸코코일타우레이트;코코-베타인;소듐클로라이드;프로판다이올;부틸렌글라이콜;구아하이드록시프로필트라이모늄클로라이드;펜틸렌글라이콜;포타슘코코일글리시네이트;코코넛애씨드;밀추출물;카프릴릴글라이콜;판테놀;베타인;소듐메틸타우레이트;포타슘코코에이트;에틸헥실글리세린;쌀추출물;다이소듐이디티에이;시트릭애씨드;밀펩타이드;토코페롤,상품상세참조,상품상세참조,상품상세참조,normal,비프루브,아스퍼바이옴 모이스처 클렌징 폼,1985502,44867,
상품상세참조,상품상세참조,상품상세참조,상품상세참조,상품상세참조,상품상세참조,해당있음,"정제수;부틸렌글라이콜;글리세린;1,2-헥산다이올;아스퍼질러스발효물;밀펩타이드;밀추출물;쌀추출물;펜틸렌글라이콜;프로판다이올;귤껍질추출물;글루코노락톤;카프릴로일살리실릭애씨드;베타인;판테놀;시트릭애씨드;소듐시트레이트;C12-13파레스-9(구명칭);에틸헥실글리세린;토코페롤",상품상세참조,상품상세참조,상품상세참조,normal,비프루브,아스퍼바이옴 수딩 에센스 패드,1979759,33364,
상품상세참조,상품상세참조,상품상세참조,상품상세참조,상품상세참조,상품상세참조,해당있음,"아스퍼질러스발효물;카프릴릭/카프릭트라이글리세라이드;글리세린;부틸렌글라이콜;마카다미아씨오일;펜틸렌글라이콜;1,2-헥산다이올;밀추출물;암모늄아크릴로일다이메틸타우레이트/브이피코폴리머;세테아릴올리베이트;세테아릴알코올;트라이에틸헥사노인;솔비탄올리베이트;쌀추출물;트로메타민;카보머;밀펩타이드;에틸헥실글리세린;판테놀;카프릴릴글라이콜;하이드로제네이티드레시틴;다이소듐이디티에이;잔탄검;정제수;토코페롤",상품상세참조,상품상세참조,상품상세참조,normal,비프루브,아스퍼바이옴 엑티베이팅 시너지 크림,1979760,33366,
상품상세참조,상품상세참조,상품상세참조,상품상세참조,상품상세참조,상품상세참조,해당있음,아스퍼질러스발효물;부틸렌글라이콜;프로판다이올;펜틸렌글라이콜;밀추출물;쌀추출물;하이드록시아세토페논;밀펩타이드;에틸헥실글리세린,상품상세참조,상품상세참조,상품상세참조,normal,비프루브,아스퍼바이옴 워터 에센스,1979765,33365,
380ml,모든피부타입에 사용 가능,"제조일로부터 36개월/스킨케어(개봉 후 9개월), 메이크업(개봉 후 12개월, 마스카라는 6개월), 바디 및 헤어케어 (개봉 후 12개월), 시트 마스크(제조 후 93개월)",적당량의 내용물을 취하여 충분히 거품을 낸 후 얼굴 및 몸을 마사지하듯 문지른 다음 물로 깨끗이 씻어냅니다.,LG생활건강,한국,해당있음,,"1.화장품을 사용하여 다음과 같이 이상이 있을 경우에는 사용을 중지할 것이며, 계속 사용하면 증상을 악화시키므로 피부과 전문의 등에게 상담하여 주십시오. 1) 사용 중 붉은 반점, 부어오름, 자극 등의 이상이 있을 경우 2) 적용 부위가 직사광선에 의하여 위와 같은 이상이 있는 경우 2.상처가 있는 곳 및 상이 있는 부위에는 사용을 금하여 주십시오. 3.보관 및 취급시의 주의사항 1) 사용 후에는 반드시 마개를 닫아 두십시오. 2) 유아·소아의 손이 닿지 않는 곳에 보관하여 주십시오. 3) 고온 또는 저온의 장소 및 직사광선이 닿는 곳에는 보관하지 마십시오.",관련 법 및 소비자 분쟁해결 규정에 따름,080-023-7007,missing,케어존,아크네 클래리파잉 pH 클렌저,1849376,13671,img/아크네 클래리파잉 pH 클렌저_0.jpg;img/아크네 클래리파잉 pH 클렌저_1.jpg;img/아크네 클래리파잉 pH 클렌저_2.jpg
[본품]필링젤 130ml [증정]필링젤 50ml,모든피부타입에 사용 가능,"제조일로부터 36개월/스킨케어(개봉 후 9개월), 메이크업(개봉 후 12개월, 마스카라는 6개월), 바디 및 헤어케어 (개봉 후 12개월), 시트 마스크(제조 후 36개월)","얼굴과 손에 물기가 없는 상태에서, 적당량을 취해 피부결을 따라 부드럽게 마사지한 다음 미온수로 깨끗이 헹구어 냅니다.",LG생활건강,대한민국,해당있음,,"1.화장품을 사용하여 다음과 같이 이상이 있을 경우에는 사용을 중지할것이며, 계속 사용하면 증상을 악화시키므로 피부과 전문의 등에게 상담하여 주십시오. 1)사용중 붉은 반점, 부어오름,가려움증,자극등의 이상이 있을 경우 2)적용부위가 직사광선에 의해 위와 같은 이상이 있을 경우 2.상처가 있는 곳 또는 습진 및 피부염 등의 이상이 있는 부위에는 사용을 금하여 주십시오. 3.보관 및 취급상의 주의사항 1)사용후에는 반드시 마개를 닫아두십시오. 2)유.소아의 손에 닿지 않는 곳에 보관하여 주십시오. 3)고온 내지 저온의 장소 및 일광이 닿는 곳에는 보관하지 마십시요.",공정거래위원회 고시(소비자분쟁해결기준)에 의거하여 보상해 드립니다.,080-023-7007,missing,케어존,딥클린 젠틀 필링젤,1820799,12104,img/딥클린 젠틀 필링젤_0.jpg;img/딥클린 젠틀 필링젤_1.jpg;img/딥클린 젠틀 필링젤_2.jpg
"[정품]크림 50ml [증정]아크네폼 30ml, 아큐어 각질클리어링솔루션 함침샤섀 5매",모든피부타입에 사용 가능,"제조일로부터 36개월/스킨케어(개봉 후 9개월), 메이크업(개봉 후 12개월, 마스카라는 6개월), 바디 및 헤어케어 (개봉 후 12개월), 시트 마스크(제조 후 36개월)","에멀전 사용 후, 적당량을 취하여 피부결을 따라 펴 바른 뒤 가볍게 두드리며 흡수시킵니다.",LG생활건강,대한민국,해당있음,,"1.화장품을 사용하여 다음과 같이 이상이 있을 경우에는 사용을 중지할것이며, 계속 사용하면 증상을 악화시키므로 피부과 전문의 등에게 상담하여 주십시오. 1)사용중 붉은 반점, 부어오름,가려움증,자극등의 이상이 있을 경우 2)적용부위가 직사광선에 의해 위와 같은 이상이 있을 경우 2.상처가 있는 곳 또는 습진 및 피부염 등의 이상이 있는 부위에는 사용을 금하여 주십시오. 3.보관 및 취급상의 주의사항 1)사용후에는 반드시 마개를 닫아두십시오. 2)유.소아의 손에 닿지 않는 곳에 보관하여 주십시오. 3)고온 내지 저온의 장소 및 일광이 닿는 곳에는 보관하지 마십시요.",공정거래위원회 고시(소비자분쟁해결기준)에 의거하여 보상해 드립니다.,080-023-7007,missing,케어존,닥터솔루션 아큐어 트러블 진정 크림,1764927,12097,
상품상세참조,상품상세참조,2029-03,상품상세참조,Multi-Gyn,네덜란드,해당있음,상품상세참조,상품상세참조,상품상세참조,02-6408-8558,detail,케어존,Y존 밸런스 케어 여성청결제,2024369,60195,img/Y존 밸런스 케어 여성청결제_0.jpg;img/Y존 밸런스 케어 여성청결제_1.jpg;img/Y존 밸런스 케어 여성청결제_2.jpg;img/Y존 밸런스 케어 여성청결제_3.jpg;img/Y존 밸런스 케어 여성청결제_4.jpg;img/Y존 밸런스 케어 여성청결제_5.jpg;img/Y존 밸런스 케어 여성청결제_6.jpg;img/Y존 밸런스 케어 여성청결제_7.jpg
25ml,상품상세참조,상품상세참조,상품상세참조,상품상세참조,대한민국,해당있음,상품상세참조,상품상세참조,상품상세참조,1644-7197,detail,케어존,스네일 리페어 아이 크림,2875,50388,img/스네일 리페어 아이 크림_0.jpg;img/스네일 리페어 아이 크림_1.jpg;img/스네일 리페어 아이 크림_2.jpg;img/스네일 리페어 아이 크림_3.jpg;img/스네일 리페어 아이 크림_4.jpg;img/스네일 리페어 아이 크림_5.jpg;img/스네일 리페어 아이 크림_6.jpg;img/스네일 리페어 아이 크림_7.jpg;img/스네일 리페어 아이 크림_8.jpg;img/스네일 리페어 아이 크림_9.jpg;img/스네일 리페어 아이 크림_10.jpg;img/스네일 리페어 아이 크림_11.jpg;img/스네일 리페어 아이 크림_12.jpg;img/스네일 리페어 아이 크림_13.jpg
상품상세참조,상품상세참조,상품상세참조,상품상세참조,상품상세참조,상품상세참조,해당있음,상품상세참조,상품상세참조,상품상세참조,상품상세참조,detail,케어존,핸드 앤 풋 크림 [콜라겐],1903168,50524,img/핸드 앤 풋 크림 [콜라겐]_0.jpg;img/핸드 앤 풋 크림 [콜라겐]_1.jpg;img/핸드 앤 풋 크림 [콜라겐]_2.jpg;img/핸드 앤 풋 크림 [콜라겐]_3.jpg
상품상세참조,상품상세참조,상품상세참조,상품상세참조,상품상세참조,상품상세참조,해당있음,상품상세참조,상품상세참조,상품상세참조,상품상세참조,detail,케어존,핸드 앤 풋 크림 [스네일],1903169,50527,img/핸드 앤 풋 크림 [스네일]_0.jpg;img/핸드 앤 풋 크림 [스네일]_1.jpg;img/핸드 앤 풋 크림 [스네일]_2.jpg;img/핸드 앤 풋 크림 [스네일]_3.jpg
75ml,상품상세참조,상품상세참조,상품상세참조,상품상세참조,대한민국,해당있음,상품상세참조,상품상세참조,상품상세참조,1644-7197,detail,케어존,스네일 링클케어 슬리핑 팩,1832683,50573,img/스네일 링클케어 슬리핑 팩_0.jpg;img/스네일 링클케어 슬리핑 팩_1.jpg;img/스네일 링클케어 슬리핑 팩_2.jpg;img/스네일 링클케어 슬리핑 팩_3.jpg;img/스네일 링클케어 슬리핑 팩_4.jpg;img/스네일 링클케어 슬리핑 팩_5.jpg;img/스네일 링클케어 슬리핑 팩_6.jpg;img/스네일 링클케어 슬리핑 팩_7.jpg;img/스네일 링클케어 슬리핑 팩_8.jpg;img/스네일 링클케어 슬리핑 팩_9.jpg;img/스네일 링클케어 슬리핑 팩_10.jpg;img/스네일 링클케어 슬리핑 팩_11.jpg;img/스네일 링클케어 슬리핑 팩_12.jpg;img/스네일 링클케어 슬리핑 팩_13.jpg
상품상세참조,상품상세참조,상품상세참조,상품상세참조,상품상세참조,상품상세참조,해당있음,상품상세참조,상품상세참조,상품상세참조,상품상세참조,detail,케어존,살롱마스타 헤어클리닉,1903853,60283,img/살롱마스타 헤어클리닉_0.jpg;img/살롱마스타 헤어클리닉_1.jpg;img/살롱마스타 헤어클리닉_2.jpg;img/살롱마스타 헤어클리닉_3.jpg;img/살롱마스타 헤어클리닉_4.jpg;img/살롱마스타 헤어클리닉_5.jpg;img/살롱마스타 헤어클리닉_6.jpg
상품상세참조,상품상세참조,상품상세참조,상품상세참조,상품상세참조,상품상세참조,해당있음,상품상세참조,상품상세참조,상품상세참조,상품상세참조,detail,케어존,핸드 앤 풋 크림 [히아루론산],1903167,50523,img/핸드 앤 풋 크림 [히아루론산]_0.jpg;img/핸드 앤 풋 크림 [히아루론산]_1.jpg;img/핸드 앤 풋 크림 [히아루론산]_2.jpg;img/핸드 앤 풋 크림 [히아루론산]_3.jpg;img/핸드 앤 풋 크림 [히아루론산]_4.jpg
상품상세참조,상품상세참조,상품상세참조,상품상세참조,상품상세참조,상품상세참조,해당있음,상품상세참조,상품상세참조,상품상세참조,상품상세참조,detail,케어존,콜라겐 파워 퍼밍 아이 크림,1828936,50575,img/콜라겐 파워 퍼밍 아이 크림_0.jpg;img/콜라겐 파워 퍼밍 아이 크림_1.jpg;img/콜라겐 파워 퍼밍 아이 크림_2.jpg
"[본품]G.루미에르 파운데이션 30ml, [증정] G.루미에르 프라이머 5ml",모든피부타입에 사용 가능,"제조일로부터 36개월/스킨케어(개봉 후 9개월), 메이크업(개봉 후 12개월, 마스카라는 6개월), 바디 및 헤어케어 (개봉 후 12개월), 시트 마스크(제조 후 36개월)",가볍게 흔들어 준 후 적당량을 짜내어 얼굴에 펴 발라 줍니다.,LG생활건강,대한민국,해당있음,"정제수;페닐트라이메티콘;트라이에틸헥사노인;다이메티콘;사이클로펜타실록세인;에칠헥실메톡시신나메이트;트라이메틸실록시실리케이트;부틸렌글라이콜;글리세린;라우릴피이지-10트리스(트라이메틸실록시)실릴에틸다이메티콘;티타늄다이옥사이드;마그네슘/포타슘/실리콘/플루오라이드/하이드록사이드/옥사이드;다이메티콘크로스폴리머;1,2-헥산다이올;다이아이소스테아릴말레이트;피이지-30다이폴리하이드록시스테아레이트;다이스테아다이모늄헥토라이트;알루미늄하이드록사이드;합성플루오르플로고파이트;판테놀;소듐클로라이드;징크스테아레이트;스테아릭애씨드;알루미나;아크릴레이트/에틸헥실아크릴레이트/다이메티콘메타크릴레이트코폴리머;팔미토일프롤린;다이스테아릴다이모늄클로라이드;마그네슘팔미토일글루타메이트;소듐팔미토일사코시네이트;트라이에톡시카프릴릴실레인;아데노신;팔미틱애씨드;트라이에톡시실릴에틸폴리다이메틸실록시에틸헥실다이메티콘;틴옥사이드;진주가루;향료;벤질벤조에이트;벤질살리실레이트;리날룰;알파-아이소메틸아이오논;제라니올;리모넨;하이드록시시트로넬알;쿠마린;황색산화철;적색산화철;흑색산화철","1.화장품을 사용하여 다음과 같이 이상이 있을 경우에는 사용을 중지할 것이며, 계속 사용하면 증상을 악화시키므로 피부과 전문의 등에게 상담하여 주십시오. 1) 사용 중 붉은 반점, 부어오름, 가려움증, 자극 등의 이상이 있을 경우 2) 적용 부위가 직사광선에 의하여 위와 같은 이상이 있는 경우 2.상처가 있는 곳 또는 습진 및 피부염 등의 이상이 있는 부위에는 사용을 금하여 주십시오. 3.보관 및 취급시의 주의사항 1) 사용 후에는 반드시 마개를 닫아 두십시오. 2) 유아·소아의 손이 닿지 않는 곳에 보관하여 주십시오. 3) 고온 또는 저온의 장소 및 직사광선이 닿는 곳에는 보관하지 마십시오.",관련 법 및 소비자 분쟁해결 규정에 따름,080-023-7007,normal,코드 글로컬러,G.루미에르 파운데이션 [SPF35/PA++] [22.5호 진저베이지],1924962,22301,
"[본품]G.루미에르 파운데이션 30ml, [증정] G.루미에르 프라이머 5ml",모든피부타입에 사용 가능,"제조일로부터 36개월/스킨케어(개봉 후 9개월), 메이크업(개봉 후 12개월, 마스카라는 6개월), 바디 및 헤어케어 (개봉 후 12개월), 시트 마스크(제조 후 36개월)",가볍게 흔들어 준 후 적당량을 짜내어 얼굴에 펴 발라 줍니다.,LG생활건강,대한민국,해당있음,"정제수;페닐트라이메티콘;트라이에틸헥사노인;다이메티콘;사이클로펜타실록세인;에칠헥실메톡시신나메이트;트라이메틸실록시실리케이트;부틸렌글라이콜;글리세린;라우릴피이지-10트리스(트라이메틸실록시)실릴에틸다이메티콘;마그네슘/포타슘/실리콘/플루오라이드/하이드록사이드/옥사이드;티타늄다이옥사이드;다이메티콘크로스폴리머;1,2-헥산다이올;다이아이소스테아릴말레이트;피이지-30다이폴리하이드록시스테아레이트;다이스테아다이모늄헥토라이트;알루미늄하이드록사이드;합성플루오르플로고파이트;판테놀;소듐클로라이드;징크스테아레이트;스테아릭애씨드;알루미나;아크릴레이트/에틸헥실아크릴레이트/다이메티콘메타크릴레이트코폴리머;팔미토일프롤린;다이스테아릴다이모늄클로라이드;마그네슘팔미토일글루타메이트;소듐팔미토일사코시네이트;트라이에톡시실릴에틸폴리다이메틸실록시에틸헥실다이메티콘;아데노신;팔미틱애씨드;트라이에톡시카프릴릴실레인;틴옥사이드;진주가루;향료;벤질벤조에이트;벤질살리실레이트;리날룰;알파-아이소메틸아이오논;제라니올;리모넨;하이드록시시트로넬알;쿠마린;황색산화철;적색산화철;흑색산화철","1.화장품을 사용하여 다음과 같이 이상이 있을 경우에는 사용을 중지할 것이며, 계속 사용하면 증상을 악화시키므로 피부과 전문의 등에게 상담하여 주십시오. 1) 사용 중 붉은 반점, 부어오름, 가려움증, 자극 등의 이상이 있을 경우 2) 적용 부위가 직사광선에 의하여 위와 같은 이상이 있는 경우 2.상처가 있는 곳 또는 습진 및 피부염 등의 이상이 있는 부위에는 사용을 금하여 주십시오. 3.보관 및 취급시의 주의사항 1) 사용 후에는 반드시 마개를 닫아 두십시오. 2) 유아·소아의 손이 닿지 않는 곳에 보관하여 주십시오. 3) 고온 또는 저온의 장소 및 직사광선이 닿는 곳에는 보관하지 마십시오.",관련 법 및 소비자 분쟁해결 규정에 따름,080-023-7007,normal,코드 글로컬러,G.루미에르 파운데이션 [SPF35/PA++] [20.5호 피치베이지],1924954,22300,
30ml+10ml,모든피부타입에 사용 가능,"제조일로부터 36개월/스킨케어(개봉 후 9개월), 메이크업(개봉 후 12개월, 마스카라는 6개월), 바디 및 헤어케어 (개봉 후 12개월), 시트 마스크(제조 후 36개월)",베이스 전 단계에서 내용물을 적당히 취하여 피부에 고르게 펴 발라 줍니다.,LG생활건강,대한민국,해당있음,"정제수;사이클로펜타실록세인;사이클로헥사실록세인;네오펜틸글라이콜다이에틸헥사노에이트;부틸렌글라이콜;피이지-10다이메티콘;합성플루오르플로고파이트;글리세린;다이프로필렌글라이콜;마그네슘설페이트;다이메티콘크로스폴리머;판테놀;솔비탄세스퀴아이소스테아레이트;다이스테아다이모늄헥토라이트;페녹시에탄올;1,2-헥산다이올;다이스테아릴다이모늄클로라이드;스테아릭애씨드;토코페릴아세테이트;드럼스틱씨추출물;틴옥사이드;다이소듐포스페이트;시트릭애씨드;향료;벤질벤조에이트;벤질살리실레이트;리날룰;알파-아이소메틸아이오논;제라니올;리모넨;하이드록시시트로넬알;쿠마린;티타늄디옥사이드(구명칭)","1.화장품을 사용하여 다음과 같이 이상이 있을 경우에는 사용을 중지할 것이며, 계속 사용하면 증상을 악화시키므로 피부과 전문의 등에게 상담하여 주십시오. 1) 사용 중 붉은 반점, 부어오름, 가려움증, 자극 등의 이상이 있을 경우 2) 적용 부위가 직사광선에 의하여 위와 같은 이상이 있는 경우 2.상처가 있는 곳 또는 습진 및 피부염 등의 이상이 있는 부위에는 사용을 금하여 주십시오. 3.보관 및 취급시의 주의사항 1) 사용 후에는 반드시 마개를 닫아 두십시오. 2) 유아·소아의 손이 닿지 않는 곳에 보관하여 주십시오. 3) 고온 또는 저온의 장소 및 직사광선이 닿는 곳에는 보관하지 마십시오.",관련 법 및 소비자 분쟁해결 규정에 따름,080-023-7007,normal,코드 글로컬러,G.루미에르 프라이머,1884183,21712,
4g,모든피부타입에 사용 가능,"제조일로부터 36개월/스킨케어(개봉 후 9개월), 메이크업(개봉 후 12개월, 마스카라는 6개월), 바디 및 헤어케어 (개봉 후 12개월), 시트 마스크(제조 후 36개월)",브러쉬 혹은 손가락을 이용하여 적당량을 취해 원하는 부위에 펴 발라줍니다.,LG생활건강,대한민국,해당있음,탤크;마이카;실리카;다이메티콘;마그네슘미리스테이트;마그네슘스테아레이트;옥틸도데실스테아로일스테아레이트;다이아이소스테아릴말레이트;프로판다이올;메틸프로판다이올;알루미늄다이미리스테이트;트라이에톡시카프릴릴실레인;소듐라우로일글루타메이트;향료;알파-아이소메틸아이오논;벤질벤조에이트;벤질살리실레이트;리날룰;적색산화철;황색산화철;흑색산화철;울트라마린,"1.화장품을 사용하여 다음과 같이 이상이 있을 경우에는 사용을 중지할 것이며, 계속 사용하면 증상을 악화시키므로 피부과 전문의 등에게 상담하여 주십시오. 1) 사용 중 붉은 반점, 부어오름, 가려움증, 자극 등의 이상이 있을 경우 2) 적용 부위가 직사광선에 의하여 위와 같은 이상이 있는 경우 2.상처가 있는 곳 또는 습진 및 피부염 등의 이상이 있는 부위에는 사용을 금하여 주십시오. 3.보관 및 취급시의 주의사항 1) 사용 후에는 반드시 마개를 닫아 두십시오. 2) 유아·소아의 손이 닿지 않는 곳에 보관하여 주십시오. 3) 고온 또는 저온의 장소 및 직사광선이 닿는 곳에는 보관하지 마십시오.",관련 법 및 소비자 분쟁해결 규정에 따름,080-023-7007,normal,코드 글로컬러,N.무드 터치 쉐딩 [월넛라떼],1864162,21743,
30ml+5ml,모든피부타입에 사용 가능,"제조일로부터 36개월/스킨케어(개봉 후 9개월), 메이크업(개봉 후 12개월, 마스카라는 6개월), 바디 및 헤어케어 (개봉 후 12개월), 시트 마스크(제조 후 36개월)","가볍게 흔들어 준 후, 가볍게 짜내어 적당량을 얼굴에 펴 발라줍니다.",LG생활건강,대한민국,해당있음,"정제수;사이클로펜타실록세인;아이소도데케인;알루미늄전분옥테닐석시네이트;다이프로필렌글라이콜;에칠헥실메톡시신나메이트;피이지-10다이메티콘;티타늄다이옥사이드;폴리메틸메타크릴레이트;부틸렌글라이콜;피브이피;에이치디아이/트라이메틸올헥실락톤크로스폴리머;트라이메틸실록시실리케이트;1,2-헥산다이올;세틸피이지/피피지-10/1다이메티콘;사이클로헥사실록세인;다이스테아다이모늄헥토라이트;알루미늄하이드록사이드;나일론-12;마그네슘설페이트;판테놀;징크스테아레이트;스테아릭애씨드;팔미토일프롤린;다이스테아릴다이모늄클로라이드;마그네슘팔미토일글루타메이트;소듐팔미토일사코시네이트;트라이에톡시카프릴릴실레인;팔미틱애씨드;실리카;에탄올;펜타에리스리틸테트라-다이-t-부틸하이드록시하이드로신나메이트;워터민트추출물;향료;알파-아이소메틸아이오논;벤질벤조에이트;벤질살리실레이트;쿠마린;제라니올;하이드록시시트로넬알;리모넨;리날룰;황색산화철;적색산화철;흑색산화철","1.화장품을 사용하여 다음과 같이 이상이 있을 경우에는 사용을 중지할 것이며, 계속 사용하면 증상을 악화시키므로 피부과 전문의 등에게 상담하여 주십시오. 1) 사용 중 붉은 반점, 부어오름, 가려움증, 자극 등의 이상이 있을 경우 2) 적용 부위가 직사광선에 의하여 위와 같은 이상이 있는 경우 2.상처가 있는 곳 또는 습진 및 피부염 등의 이상이 있는 부위에는 사용을 금하여 주십시오. 3.보관 및 취급시의 주의사항 1) 사용 후에는 반드시 마개를 닫아 두십시오. 2) 유아·소아의 손이 닿지 않는 곳에 보관하여 주십시오. 3) 고온 또는 저온의 장소 및 직사광선이 닿는 곳에는 보관하지 마십시오.",관련 법 및 소비자 분쟁해결 규정에 따름,080-023-7007,normal,코드 글로컬러,L.픽스 온 파운데이션 [SPF35/PA++] [22.5호 진저],1884200,21717,
상품상세참조,상품상세참조,상품상세참조,상품상세참조,상품상세참조,상품상세참조,해당있음,상품상세참조,상품상세참조,상품상세참조,상품상세참조,detail,코드 글로컬러,빌리 글로잉 컬러 립밤 [01 샤이플럼],2078665,58758,img/빌리 글로잉 컬러 립밤 [01 샤이플럼]_0.jpg;img/빌리 글로잉 컬러 립밤 [01 샤이플럼]_1.jpg;img/빌리 글로잉 컬러 립밤 [01 샤이플럼]_2.jpg;img/빌리 글로잉 컬러 립밤 [01 샤이플럼]_3.jpg;img/빌리 글로잉 컬러 립밤 [01 샤이플럼]_4.jpg;img/빌리 글로잉 컬러 립밤 [01 샤이플럼]_5.jpg;img/빌리 글로잉 컬러 립밤 [01 샤이플럼]_6.jpg;img/빌리 글로잉 컬러 립밤 [01 샤이플럼]_7.jpg;img/빌리 글로잉 컬러 립밤 [01 샤이플럼]_8.jpg;img/빌리 글로잉 컬러 립밤 [01 샤이플럼]_9.jpg;img/빌리 글로잉 컬러 립밤 [01 샤이플럼]_10.jpg;img/빌리 글로잉 컬러 립밤 [01 샤이플럼]_11.jpg;img/빌리 글로잉 컬러 립밤 [01 샤이플럼]_12.jpg;img/빌리 글로잉 컬러 립밤 [01 샤이플럼]_13.jpg;img/빌리 글로잉 컬러 립밤 [01 샤이플럼]_14.jpg;img/빌리 글로잉 컬러 립밤 [01 샤이플럼]_15.jpg
상품상세참조,상품상세참조,상품상세참조,상품상세참조,상품상세참조,상품상세참조,해당있음,상품상세참조,상품상세참조,상품상세참조,상품상세참조,detail,코드 글로컬러,빌리 글로잉 컬러 립밤 [02 코랄핑크],2078666,58759,img/빌리 글로잉 컬러 립밤 [02 코랄핑크]_0.jpg;img/빌리 글로잉 컬러 립밤 [02 코랄핑크]_1.jpg;img/빌리 글로잉 컬러 립밤 [02 코랄핑크]_2.jpg;img/빌리 글로잉 컬러 립밤 [02 코랄핑크]_3.jpg;img/빌리 글로잉 컬러 립밤 [02 코랄핑크]_4.jpg;img/빌리 글로잉 컬러 립밤 [02 코랄핑크]_5.jpg;img/빌리 글로잉 컬러 립밤 [02 코랄핑크]_6.jpg;img/빌리 글로잉 컬러 립밤 [02 코랄핑크]_7.jpg;img/빌리 글로잉 컬러 립밤 [02 코랄핑크]_8.jpg;img/빌리 글로잉 컬러 립밤 [02 코랄핑크]_9.jpg;img/빌리 글로잉 컬러 립밤 [02 코랄핑크]_10.jpg;img/빌리 글로잉 컬러 립밤 [02 코랄핑크]_11.jpg;img/빌리 글로잉 컬러 립밤 [02 코랄핑크]_12.jpg;img/빌리 글로잉 컬러 립밤 [02 코랄핑크]_13.jpg;img/빌리 글로잉 컬러 립밤 [02 코랄핑크]_14.jpg;img/빌리 글로잉 컬러 립밤 [02 코랄핑크]_15.jpg
상품상세참조,상품상세참조,상품상세참조,상품상세참조,상품상세참조,상품상세참조,해당있음,상품상세참조,상품상세참조,상품상세참조,상품상세참조,detail,코드 글로컬러,빌리 글로잉 컬러 립밤 [03 썸머피그],2078667,58760,img/빌리 글로잉 컬러 립밤 [03 썸머피그]_0.jpg;img/빌리 글로잉 컬러 립밤 [03 썸머피그]_1.jpg;img/빌리 글로잉 컬러 립밤 [03 썸머피그]_2.jpg;img/빌리 글로잉 컬러 립밤 [03 썸머피그]_3.jpg;img/빌리 글로잉 컬러 립밤 [03 썸머피그]_4.jpg;img/빌리 글로잉 컬러 립밤 [03 썸머피그]_5.jpg;img/빌리 글로잉 컬러 립밤 [03 썸머피그]_6.jpg;img/빌리 글로잉 컬러 립밤 [03 썸머피그]_7.jpg;img/빌리 글로잉 컬러 립밤 [03 썸머피그]_8.jpg;img/빌리 글로잉 컬러 립밤 [03 썸머피그]_9.jpg;img/빌리 글로잉 컬러 립밤 [03 썸머피그]_10.jpg;img/빌리 글로잉 컬러 립밤 [03 썸머피그]_11.jpg;img/빌리 글로잉 컬러 립밤 [03 썸머피그]_12.jpg;img/빌리 글로잉 컬러 립밤 [03 썸머피그]_13.jpg;img/빌리 글로잉 컬러 립밤 [03 썸머피그]_14.jpg;img/빌리 글로잉 컬러 립밤 [03 썸머피그]_15.jpg
상품상세참조,상품상세참조,상품상세참조,상품상세참조,상품상세참조,상품상세참조,해당있음,상품상세참조,상품상세참조,상품상세참조,상품상세참조,detail,코드 글로컬러,빌리 글로잉 컬러 립밤 [04 샤이닝베리],2078668,58761,img/빌리 글로잉 컬러 립밤 [04 샤이닝베리]_0.jpg;img/빌리 글로잉 컬러 립밤 [04 샤이닝베리]_1.jpg;img/빌리 글로잉 컬러 립밤 [04 샤이닝베리]_2.jpg;img/빌리 글로잉 컬러 립밤 [04 샤이닝베리]_3.jpg;img/빌리 글로잉 컬러 립밤 [04 샤이닝베리]_4.jpg;img/빌리 글로잉 컬러 립밤 [04 샤이닝베리]_5.jpg;img/빌리 글로잉 컬러 립밤 [04 샤이닝베리]_6.jpg;img/빌리 글로잉 컬러 립밤 [04 샤이닝베리]_7.jpg;img/빌리 글로잉 컬러 립밤 [04 샤이닝베리]_8.jpg;img/빌리 글로잉 컬러 립밤 [04 샤이닝베리]_9.jpg;img/빌리 글로잉 컬러 립밤 [04 샤이닝베리]_10.jpg;img/빌리 글로잉 컬러 립밤 [04 샤이닝베리]_11.jpg;img/빌리 글로잉 컬러 립밤 [04 샤이닝베리]_12.jpg;img/빌리 글로잉 컬러 립밤 [04 샤이닝베리]_13.jpg;img/빌리 글로잉 컬러 립밤 [04 샤이닝베리]_14.jpg;img/빌리 글로잉 컬러 립밤 [04 샤이닝베리]_15.jpg
상품상세참조,상품상세참조,상품상세참조,상품상세참조,상품상세참조,상품상세참조,해당있음,상품상세참조,상품상세참조,상품상세참조,상품상세참조,detail,코드 글로컬러,립 글로이 밤 [베리],2122810,76593,img/립 글로이 밤 [베리]_0.jpg;img/립 글로이 밤 [베리]_1.jpg;img/립 글로이 밤 [베리]_2.jpg;img/립 글로이 밤 [베리]_3.jpg;img/립 글로이 밤 [베리]_4.jpg;img/립 글로이 밤 [베리]_5.jpg;img/립 글로이 밤 [베리]_6.jpg;img/립 글로이 밤 [베리]_7.jpg;img/립 글로이 밤 [베리]_8.jpg;img/립 글로이 밤 [베리]_9.jpg
상품상세참조,상품상세참조,상품상세참조,상품상세참조,상품상세참조,상품상세참조,해당있음,상품상세참조,상품상세참조,상품상세참조,상품상세참조,detail,코드 글로컬러,글로이 플럼핑 밤 [01.멜팅핑크],2144233,74134,img/글로이 플럼핑 밤 [01.멜팅핑크]_0.jpg;img/글로이 플럼핑 밤 [01.멜팅핑크]_1.jpg;img/글로이 플럼핑 밤 [01.멜팅핑크]_2.jpg;img/글로이 플럼핑 밤 [01.멜팅핑크]_3.jpg;img/글로이 플럼핑 밤 [01.멜팅핑크]_4.jpg;img/글로이 플럼핑 밤 [01.멜팅핑크]_5.jpg;img/글로이 플럼핑 밤 [01.멜팅핑크]_6.jpg;img/글로이 플럼핑 밤 [01.멜팅핑크]_7.jpg;img/글로이 플럼핑 밤 [01.멜팅핑크]_8.jpg;img/글로이 플럼핑 밤 [01.멜팅핑크]_9.jpg
상품상세참조,상품상세참조,상품상세참조,상품상세참조,상품상세참조,상품상세참조,해당있음,상품상세참조,상품상세참조,상품상세참조,상품상세참조,detail,코드 글로컬러,글로이 플럼핑 밤 [02.멜팅코랄],2144235,74135,img/글로이 플럼핑 밤 [02.멜팅코랄]_0.jpg;img/글로이 플럼핑 밤 [02.멜팅코랄]_1.jpg;img/글로이 플럼핑 밤 [02.멜팅코랄]_2.jpg;img/글로이 플럼핑 밤 [02.멜팅코랄]_3.jpg;img/글로이 플럼핑 밤 [02.멜팅코랄]_4.jpg;img/글로이 플럼핑 밤 [02.멜팅코랄]_5.jpg;img/글로이 플럼핑 밤 [02.멜팅코랄]_6.jpg;img/글로이 플럼핑 밤 [02.멜팅코랄]_7.jpg;img/글로이 플럼핑 밤 [02.멜팅코랄]_8.jpg
3.4g,모든 피부,"개봉 전 36개월, 개봉 후 18개월",입술에 적당량을 부드럽게 발라줍니다.,㈜씨엔씨인터네셔널,대한민국,해당없음,"다이아이소스테아릴말레이트,비스-베헤닐/아이소스테아릴/피토스테릴다이머다이리놀레일다이머다이리놀리에이트,폴리글리세릴-2트라이아이소스테아레이트,비스-다이글리세릴폴리아실아디페이트-2,파라핀,마이크로크리스탈린왁스,솔비탄아이소스테아레이트,1,2-헥산다이올,세틸피이지/피피지-10/1다이메티콘,합성왁스,황색4호,티타늄디옥사이드,적색202호,에틸렌/프로필렌코폴리머,황색5호,흑색산화철,향료,코코넛야자오일,동백나무씨오일,달맞이꽃오일,펜타에리스리틸테트라-다이-t-부틸하이드록시하이드로신나메이트","1) 화장품 사용 시 또는 사용 후 직사광선에 의하여 사용부위가 붉은 반점, 부어오름 또는 가려움증 등의 이상 증상이나 부작용이 있는 경우에는 전문의 등과 상담할 것 2) 상처가 있는 부위 등에는 사용을 자제할 것 3) 보관 및 취급 시 주의사항 가) 어린이의 손이 닿지 않는 곳에 보관 할 것 나) 직사광선을 피해서 보관할 것",본 제품에 이상이 있을 경우 공정거래위원회 고시 '소비자분쟁해결기준'에 의거 보상해드립니다.,080-080-1510,normal,코드 글로컬러,나잇페리프렌즈 컬렉션 잉크 무드 글로이 밤 [010 로지아워],2089144,61391,
3.4g,모든 피부,"개봉 전 36개월, 개봉 후 18개월",입술에 적당량을 부드럽게 발라줍니다.,㈜씨엔씨인터네셔널,대한민국,해당없음,"다이아이소스테아릴말레이트,비스-베헤닐/아이소스테아릴/피토스테릴다이머다이리놀레일다이머다이리놀리에이트,폴리글리세릴-2트라이아이소스테아레이트,비스-다이글리세릴폴리아실아디페이트-2,파라핀,마이크로크리스탈린왁스,솔비탄아이소스테아레이트,1,2-헥산다이올,세틸피이지/피피지-10/1다이메티콘,합성왁스,티타늄디옥사이드,황색4호,황색5호,에틸렌/프로필렌코폴리머,적색산화철,적색202호,향료,흑색산화철,코코넛야자오일,동","1) 화장품 사용 시 또는 사용 후 직사광선에 의하여 사용부위가 붉은 반점, 부어오름 또는 가려움증 등의 이상 증상이나 부작용이 있는 경우에는 전문의 등과 상담할 것 2) 상처가 있는 부위 등에는 사용을 자제할 것 3) 보관 및 취급 시 주의사항 가) 어린이의 손이 닿지 않는 곳에 보관 할 것 나) 직사광선을 피해서 보관할 것",본 제품에 이상이 있을 경우 공정거래위원회 고시 '소비자분쟁해결기준'에 의거 보상해드립니다.,080-080-1510,normal,코드 글로컬러,나잇페리프렌즈 컬렉션 잉크 무드 글로이 밤 [008 쿨쿨코랄],2089141,61389,
3.4g,모든 피부,"개봉 전 36개월, 개봉 후 18개월",입술에 적당량을 부드럽게 발라줍니다.,㈜씨엔씨인터네셔널,대한민국,해당없음,"다이아이소스테아릴말레이트,비스-베헤닐/아이소스테아릴/피토스테릴다이머다이리놀레일다이머다이리놀리에이트,폴리글리세릴-2트라이아이소스테아레이트,비스-다이글리세릴폴리아실아디페이트-2,파라핀,마이크로크리스탈린왁스,솔비탄아이소스테아레이트,1,2-헥산다이올,세틸피이지/피피지-10/1다이메티콘,합성왁스,티타늄디옥사이드,황색4호,적색104호의(1),에틸렌/프로필렌코폴리머,적색202호,적색산화철,향료,코코넛야자오일,동백나무씨오일,달맞이꽃오일,펜타에리스리틸테트라-다이-t-부틸하이드록시하이드로신나메이트","1) 화장품 사용 시 또는 사용 후 직사광선에 의하여 사용부위가 붉은 반점, 부어오름 또는 가려움증 등의 이상 증상이나 부작용이 있는 경우에는 전문의 등과 상담할 것 2) 상처가 있는 부위 등에는 사용을 자제할 것 3) 보관 및 취급 시 주의사항 가) 어린이의 손이 닿지 않는 곳에 보관 할 것 나) 직사광선을 피해서 보관할 것",본 제품에 이상이 있을 경우 공정거래위원회 고시 '소비자분쟁해결기준'에 의거 보상해드립니다.,080-080-1510,normal,코드 글로컬러,나잇페리프렌즈 컬렉션 잉크 무드 글로이 밤 [009 핑믈리에],2089142,61390,
3.4g,모든 피부,"개봉 전 36개월, 개봉 후 18개월",입술에 적당량을 부드럽게 발라줍니다.,코스맥스/㈜클리오,대한민국,해당없음,"다이아이소스테아릴말레이트,비스-베헤닐/아이소스테아릴/피토스테릴다이머다이리놀레일다이머다이리놀리에이트,폴리글리세릴-2트라이아이소스테아레이트,비스-다이글리세릴폴리아실아디페이트-2,파라핀,마이크로크리스탈린왁스,솔비탄아이소스테아레이트,1,2-헥산다이올,세틸피이지/피피지-10/1다이메티콘,합성왁스,황색5호,적색산화철,티타늄디옥사이드,에틸렌/프로필렌코폴리머,적색202호,흑색산화철,향료,청색1호,동백나무씨오일,코코넛야자오일,달맞이꽃오일,펜타에리스리틸테트라-다이-t-부틸하이드록시하이드로신나메이트,적색104호의(1),황색4호","1) 화장품 사용 시 또는 사용 후 직사광선에 의하여 사용부위가 붉은 반점, 부어오름 또는 가려움증 등의 이상 증상이나 부작용이 있는 경우에는 전문의 등과 상담할 것 2) 상처가 있는 부위 등에는 사용을 자제할 것 3) 보관 및 취급 시 주의사항 가) 어린이의 손이 닿지 않는 곳에 보관 할 것 나) 직사광선을 피해서 보관할 것",본 제품에 이상이 있을 경우 공정거래위원회 고시 '소비자분쟁해결기준'에 의거 보상해드립니다.,080-080-1510,normal,코드 글로컬러,힙행열차 컬렉션 잉크 무드 글로이 밤 [5호 누디리스트],2073665,58196,
3.4g,모든 피부,"개봉 전 36개월, 개봉 후 18개월",입술에 적당량을 부드럽게 발라줍니다.,코스맥스/㈜클리오,대한민국,해당없음,"다이아이소스테아릴말레이트,비스-베헤닐/아이소스테아릴/피토스테릴다이머다이리놀레일다이머다이리놀리에이트,폴리글리세릴-2트라이아이소스테아레이트,비스-다이글리세릴폴리아실아디페이트-2,파라핀,마이크로크리스탈린왁스,솔비탄아이소스테아레이트,1,2-헥산다이올,세틸피이지/피피지-10/1다이메티콘,합성왁스,황색5호,티타늄디옥사이드,적색202호,에틸렌/프로필렌코폴리머,청색1호,적색104호의(1),향료,동백나무씨오일,코코넛야자오일,달맞이꽃오일,펜타에리스리틸테트라-다이-t-부틸하이드록시하이드로신나메이트,흑색산화철,황색4호,","1) 화장품 사용 시 또는 사용 후 직사광선에 의하여 사용부위가 붉은 반점, 부어오름 또는 가려움증 등의 이상 증상이나 부작용이 있는 경우에는 전문의 등과 상담할 것 2) 상처가 있는 부위 등에는 사용을 자제할 것 3) 보관 및 취급 시 주의사항 가) 어린이의 손이 닿지 않는 곳에 보관 할 것 나) 직사광선을 피해서 보관할 것",본 제품에 이상이 있을 경우 공정거래위원회 고시 '소비자분쟁해결기준'에 의거 보상해드립니다.,080-080-1510,normal,코드 글로컬러,힙행열차 컬렉션 잉크 무드 글로이 밤 [6호 숨찐로즈],2073669,58197,
3.4g,모든 피부,"개봉 전 36개월, 개봉 후 18개월",입술에 적당량을 부드럽게 발라줍니다.,코스맥스/㈜클리오,대한민국,해당없음,"다이아이소스테아릴말레이트,비스-베헤닐/아이소스테아릴/피토스테릴다이머다이리놀레일다이머다이리놀리에이트,폴리글리세릴-2트라이아이소스테아레이트,비스-다이글리세릴폴리아실아디페이트-2,파라핀,마이크로크리스탈린왁스,솔비탄아이소스테아레이트,1,2-헥산다이올,세틸피이지/피피지-10/1다이메티콘,합성왁스,적색202호,티타늄디옥사이드,황색5호,에틸렌/프로필렌코폴리머,청색1호,향료,동백나무씨오일,코코넛야자오일,달맞이꽃오일,펜타에리스리틸테트라-다이-t-부틸하이드록시하이드로신나메이트,흑색산화철,적색104호의(1),황색4호","1) 화장품 사용 시 또는 사용 후 직사광선에 의하여 사용부위가 붉은 반점, 부어오름 또는 가려움증 등의 이상 증상이나 부작용이 있는 경우에는 전문의 등과 상담할 것 2) 상처가 있는 부위 등에는 사용을 자제할 것 3) 보관 및 취급 시 주의사항 가) 어린이의 손이 닿지 않는 곳에 보관 할 것 나) 직사광선을 피해서 보관할 것",본 제품에 이상이 있을 경우 공정거래위원회 고시 '소비자분쟁해결기준'에 의거 보상해드립니다.,080-080-1510,normal,코드 글로컬러,힙행열차 컬렉션 잉크 무드 글로이 밤 [7호 모브다이브],2073671,58198,
,,,,,,,,,,,missing,네이처리퍼블릭,루트베리어 리페어 세럼,2197181,0,
25g,모든피부,2025년 3월 31일까지,상품상세참조,코스맥스(주),한국,해당있음,상품상세참조,상품상세참조,본 제품에 이상이 있을 경우 공정거래위원회 고시 소비자분쟁해결기준에 의거하여 보상해 드립니다.,080-890-6000,detail,네이처리퍼블릭,그린더마 마일드 시카 빅 선쿠션 [SPF50+/PA++++],2001897,52743,img/그린더마 마일드 시카 빅 선쿠션 [SPF50+PA++++]_0.jpg;img/그린더마 마일드 시카 빅 선쿠션 [SPF50+PA++++]_1.jpg;img/그린더마 마일드 시카 빅 선쿠션 [SPF50+PA++++]_2.jpg;img/그린더마 마일드 시카 빅 선쿠션 [SPF50+PA++++]_3.jpg;img/그린더마 마일드 시카 빅 선쿠션 [SPF50+PA++++]_4.jpg;img/그린더마 마일드 시카 빅 선쿠션 [SPF50+PA++++]_5.jpg;img/그린더마 마일드 시카 빅 선쿠션 [SPF50+PA++++]_6.jpg;img/그린더마 마일드 시카 빅 선쿠션 [SPF50+PA++++]_7.jpg;img/그린더마 마일드 시카 빅 선쿠션 [SPF50+PA++++]_8.jpg
5g,모든피부,"제조일로부터 24개월, 개봉 후 12개월 *제품의 개봉 후 사용기간은 제조일로부터 사용기한을 초과하지 않습니다.",상품상세참조,코스맥스(주)/네이처리퍼블릭,한국,해당있음,"탤크, 마이카 (CI 77019), 마이크로크리스탈린셀룰로오스, 다이메티콘, 알루미늄전분옥테닐석시네이트, 실리카, 마그네슘미리스테이트, 세틸다이메티콘, 마그네슘스테아레이트, 동백나무꽃추출물, 프로방스장미꽃수, 마트리카리아꽃추출물, 메틸프로판다이올, 프로판다이올, 트라이에톡시카프릴릴실레인, 카올린, 정제수, 부틸렌글라이콜, 1,2-헥산다이올, 카프릴릴글라이콜, 에틸헥실글리세린, 울트라마린 (CI 77007), 적색산화철 (CI 77491), 흑색산화철 (CI 77499), 적색226호 (CI 73360), 황색산화철 (CI 77492), 망가니즈바이올렛 (CI 77742), 황색4호 (CI 19140)","1. 화장품 사용 시 또는 사용 후 직사광선에 의하여 사용부위가 붉은 반점, 부어오름 또는      가려움증 등의 이상 증상이나 부작용이 있는 경우에는 전문의 등과 상담할 것   2. 상처가 있는 부위 등에는 사용을 자제할 것  3. 보관 및 취급 시 주의사항      가) 어린이의 손이 닿지 않는 곳에 보관할 것      나) 직사광선을 피해서 보관할 것",본 제품에 이상이 있을 경우 공정거래위원회 고시 소비자분쟁해결기준에 의거하여 보상해 드립니다.,1668-1756,normal,네이처리퍼블릭,바이플라워 블러셔 [12 런던로즈],2016234,47138,
5g,모든피부,"제조일로부터 24개월, 개봉 후 12개월 *제품의 개봉 후 사용기간은 제조일로부터 사용기한을 초과하지 않습니다.",상품상세참조,코스맥스(주)/네이처리퍼블릭,한국,해당있음,"탤크, 마이카 (CI 77019), 마이크로크리스탈린셀룰로오스, 다이메티콘, 알루미늄전분옥테닐석시네이트, 실리카, 마그네슘미리스테이트, 울트라마린 (CI 77007), 세틸다이메티콘, 마그네슘스테아레이트, 동백나무꽃추출물, 프로방스장미꽃수, 마트리카리아꽃추출물, 메틸프로판다이올, 프로판다이올, 트라이에톡시카프릴릴실레인, 카올린, 정제수, 부틸렌글라이콜, 1,2-헥산다이올, 카프릴릴글라이콜, 에틸헥실글리세린, 적색226호 (CI 73360), 흑색산화철 (CI 77499), 황색산화철 (CI 77492), 황색4호 (CI 19140)","1. 화장품 사용 시 또는 사용 후 직사광선에 의하여 사용부위가 붉은 반점, 부어오름 또는      가려움증 등의 이상 증상이나 부작용이 있는 경우에는 전문의 등과 상담할 것   2. 상처가 있는 부위 등에는 사용을 자제할 것  3. 보관 및 취급 시 주의사항      가) 어린이의 손이 닿지 않는 곳에 보관할 것      나) 직사광선을 피해서 보관할 것",본 제품에 이상이 있을 경우 공정거래위원회 고시 소비자분쟁해결기준에 의거하여 보상해 드립니다.,1668-1756,normal,네이처리퍼블릭,바이플라워 블러셔 [11 인생퍼플],2003178,47049,
32ml,모든 피부,"발송일로부터 18개월 이내 제조, 개봉 후 12개월",상품상세참조,(주)코스맥스 / 네이처리퍼블릭,한국,해당있음,"정제수;사이클로펜타실록세인;CI 77891;에틸헥실팔미테이트;부틸렌글라이콜;에칠헥실메톡시신나메이트;페닐트라이메티콘;아이소도데케인;폴리글리세릴-2다이아이소스테아레이트;아크릴레이트/폴리트라이메틸실록시메타크릴레이트코폴리머;다이페닐실록시페닐트라이메티콘;나이아신아마이드;펜틸렌글라이콜;합성플루오르플로고파이트;히비스커스꽃추출물;로즈힙열매추출물;라벤더꽃추출물;레몬버베나잎추출물;레몬밤추출물;페퍼민트잎추출물;다마스크장미꽃추출물;로즈마리잎추출물;세이지잎추출물(구명칭);선백리향잎추출물(구명칭);린덴꽃추출물(구명칭);글리세린;마그네슘스테아레이트;라우릴피이지-9폴리다이메틸실록시에틸다이메티콘;마그네슘설페이트;다이스테아다이모늄헥토라이트;피이지-30다이폴리하이드록시스테아레이트;비스-피이지/피피지-14/14다이메티콘;비즈왁스;트라이에톡시카프릴릴실레인;알루미늄하이드록사이드;프로필렌카보네이트;다이메티콘/비닐다이메티콘크로스폴리머;스테아릭애씨드;에틸헥실글리세린;아데노신;다이메티콘;1,2-헥산다이올;토코페롤;다이소듐이디티에이;페녹시에탄올;향료;리날룰;리모넨;시트로넬올;제라니올;CI 77947;CI 77492;CI 77491;CI 77499",상품상세참조,본 제품에 이상이 있을 경우 공정거래위원회 고시 소비자분쟁해결기준에 의거하여 보상해 드립니다.,080-890-6000,normal,네이처리퍼블릭,프로방스 에어 스킨 핏 원데이 래스팅 파운데이션 [SPF30/PA++] [P21 로지바닐라],1991443,30319,
24g * 2EA,상품상세참조,"제조일로부터 30개월, 개봉 후 12개월 *제품의 개봉 후 사용기간은 제조일로부터 사용기한을 초과하지 않습니다.",상품상세참조,한국콜마(주) / 네이처리퍼블릭,한국,해당있음,상품상세참조,"※ 사용 전에 반드시 사용방법 및 사용 시의 주의사항을 숙지하신 후 사용하십시오.     1. 화장품 사용 시 또는 사용 후 직사광선에 의하여 사용부위가 붉은 반점, 부어오름 또는 가려움증 등의 이상 증상이나 부작용이 있는 경우 전문의 등과 상담할 것 2. 상처가 있는 부위 등에는 사용을 자제할 것 3. 보관 및 취급 시의 주의사항    가) 어린이의 손이 닿지 않는 곳에 보관할 것    나) 직사광선을 피해서 보관할 것     * 내용물이 섬유 및 의류 등에 묻을 경우 세탁으로 완전 제거가 어려우니 의류에 묻지 않도록 주의해 주십시오.",본 제품에 이상이 있을 경우 공정거래위원회 고시 소비자분쟁해결기준에 의거하여 보상해 드립니다.,080-890-6000,detail,네이처리퍼블릭,캘리포니아 알로에 선스틱 [SPF50+/PA++++] [보송],1799675,23671,img/캘리포니아 알로에 선스틱 [SPF50+PA++++] [보송]_0.jpg;img/캘리포니아 알로에 선스틱 [SPF50+PA++++] [보송]_1.jpg;img/캘리포니아 알로에 선스틱 [SPF50+PA++++] [보송]_2.jpg;img/캘리포니아 알로에 선스틱 [SPF50+PA++++] [보송]_3.jpg;img/캘리포니아 알로에 선스틱 [SPF50+PA++++] [보송]_4.jpg;img/캘리포니아 알로에 선스틱 [SPF50+PA++++] [보송]_5.jpg;img/캘리포니아 알로에 선스틱 [SPF50+PA++++] [보송]_6.jpg;img/캘리포니아 알로에 선스틱 [SPF50+PA++++] [보송]_7.jpg;img/캘리포니아 알로에 선스틱 [SPF50+PA++++] [보송]_8.jpg;img/캘리포니아 알로에 선스틱 [SPF50+PA++++] [보송]_9.jpg;img/캘리포니아 알로에 선스틱 [SPF50+PA++++] [보송]_10.jpg;img/캘리포니아 알로에 선스틱 [SPF50+PA++++] [보송]_11.jpg;img/캘리포니아 알로에 선스틱 [SPF50+PA++++] [보송]_12.jpg;img/캘리포니아 알로에 선스틱 [SPF50+PA++++] [보송]_13.jpg;img/캘리포니아 알로에 선스틱 [SPF50+PA++++] [보송]_14.jpg;img/캘리포니아 알로에 선스틱 [SPF50+PA++++] [보송]_15.jpg;img/캘리포니아 알로에 선스틱 [SPF50+PA++++] [보송]_16.jpg;img/캘리포니아 알로에 선스틱 [SPF50+PA++++] [보송]_17.jpg
30ml,모든피부,"제조일로부터 36개월, 개봉 후 12개월 *제품의 개봉 후 사용기간은 제조일로부터 사용기한을 초과하지 않습니다.",상품상세참조,코스맥스(주)/네이처리퍼블릭,한국,해당있음,상품상세참조,상품상세참조,본 제품에 이상이 있을 경우 공정거래위원회 고시 소비자분쟁해결기준에 의거하여 보상해 드립니다.,080-890-6000,detail,네이처리퍼블릭,비타페어C PDRN 광채 세럼,2133356,68417,img/비타페어C PDRN 광채 세럼_0.jpg;img/비타페어C PDRN 광채 세럼_1.jpg;img/비타페어C PDRN 광채 세럼_2.jpg;img/비타페어C PDRN 광채 세럼_3.jpg;img/비타페어C PDRN 광채 세럼_4.jpg;img/비타페어C PDRN 광채 세럼_5.jpg;img/비타페어C PDRN 광채 세럼_6.jpg;img/비타페어C PDRN 광채 세럼_7.jpg;img/비타페어C PDRN 광채 세럼_8.jpg;img/비타페어C PDRN 광채 세럼_9.jpg;img/비타페어C PDRN 광채 세럼_10.jpg;img/비타페어C PDRN 광채 세럼_11.jpg;img/비타페어C PDRN 광채 세럼_12.jpg;img/비타페어C PDRN 광채 세럼_13.jpg;img/비타페어C PDRN 광채 세럼_14.jpg;img/비타페어C PDRN 광채 세럼_15.jpg;img/비타페어C PDRN 광채 세럼_16.jpg;img/비타페어C PDRN 광채 세럼_17.jpg
5g,모든피부,"제조일로부터 24개월, 개봉 후 12개월 *제품의 개봉 후 사용기간은 제조일로부터 사용기한을 초과하지 않습니다.",상품상세참조,코스맥스(주)/네이처리퍼블릭,한국,해당있음,"탤크, 마이카 (CI 77019), 마이크로크리스탈린셀룰로오스, 다이메티콘, 알루미늄전분옥테닐석시네이트, 실리카, 마그네슘미리스테이트, 세틸다이메티콘, 마그네슘스테아레이트, 동백나무꽃추출물, 프로방스장미꽃수, 마트리카리아꽃추출물, 메틸프로판다이올, 프로판다이올, 트라이에톡시카프릴릴실레인, 정제수, 부틸렌글라이콜, 1,2-헥산다이올, 카프릴릴글라이콜, 에틸헥실글리세린, 적색산화철 (CI 77491), 적색226호 (CI 73360), 황색4호 (CI 19140), 흑색산화철 (CI 77499), 황색산화철 (CI 77492), 울트라마린 (CI 77007)","1. 화장품 사용 시 또는 사용 후 직사광선에 의하여 사용부위가 붉은 반점, 부어오름 또는      가려움증 등의 이상 증상이나 부작용이 있는 경우에는 전문의 등과 상담할 것   2. 상처가 있는 부위 등에는 사용을 자제할 것  3. 보관 및 취급 시 주의사항      가) 어린이의 손이 닿지 않는 곳에 보관할 것      나) 직사광선을 피해서 보관할 것",본 제품에 이상이 있을 경우 공정거래위원회 고시 소비자분쟁해결기준에 의거하여 보상해 드립니다.,1668-1756,normal,네이처리퍼블릭,바이플라워 블러셔 [06 워킹온더핑크],2003170,46848,
3g,모든피부,"제조일로부터 30개월, 개봉 후 12개월 *제품의 개봉 후 사용기간은 제조일로부터 사용기한을 초과하지 않습니다.",상품상세참조,한국콜마(주)/네이처리퍼블릭,한국,해당있음,"비스-베헤닐/아이소스테아릴/피토스테릴다이머다이리놀레일다이머다이리놀리에이트,비스-다이글리세릴폴리아실아디페이트-2,다이아이소스테아릴말레이트,하이드로제네이티드폴리아이소부텐,마이크로크리스탈린왁스,멘톤글리세린아세탈,파라핀,꿀추출물,망고추출물,프로방스장미꽃추출물,로즈힙열매추출물,달맞이꽃오일,동백나무씨오일,살구씨오일,스위트아몬드오일,아르간커넬오일,올리브오일,호호바씨오일,바닐릴부틸에터,토코페릴아세테이트,폴리글리세릴-2트라이아이소스테아레이트,폴리하이드록시스테아릭애씨드,티타늄디옥사이드,레시틴,아이소스테아릭애씨드,아이소프로필미리스테이트,에틸헥실팔미테이트,폴리글리세릴-3폴리리시놀리에이트,시트릭애씨드,정제수,티타늄/티타늄다이옥사이드,글리세린,1,2-헥산다이올,글루코닉애씨드,시어버터,부틸렌글라이콜,향료,데하이드로아세틱애씨드,적색223호,적색202호,적색산화철","가. 화장품 사용 시 또는 사용 후 직사광선에 의하여 사용부위가 붉은 반점, 부어오름 또는 가려움증 등의 이상 증상이나 부작용이 있는 경우에는 전문의 등과 상담할 것  나. 상처가 있는 부위 등에는 사용을 자제할 것  다. 보관 및 취급 시 주의사항     1) 어린이의 손이 닿지 않는 곳에 보관할 것     2) 직사광선을 피해서 보관할 것  *일시적으로 입술이 화할 수 있으나 이는 플럼핑 효과로 인한 정상적인 반응입니다.",본 제품에 이상이 있을 경우 공정거래위원회 고시 소비자분쟁해결기준에 의거하여 보상해 드립니다.,080-890-6000,normal,네이처리퍼블릭,허니 멜팅 립 [11 틴트플럼핑],2090156,61191,
100ml,모든피부,"제조일로부터 30개월, 개봉 후 12개월 *제품의 개봉 후 사용기간은 제조일로부터 사용기한을 초과하지 않습니다.",상품상세참조,코스맥스(주) / 네이처리퍼블릭,한국,해당있음,상품상세참조,"1. 화장품 사용 시 또는 사용 후 직사광선에 의하여 사용부위가 붉은 반점, 부어오름 또는 가려움증 등의 이상 증상이나 부작용이 있는 경우 전문의 등과 상담할 것 2. 상처가 있는 부위 등에는 사용을 자제할 것 3. 보관 및 취급 시의 주의사항    가) 어린이의 손이 닿지 않는 곳에 보관할 것    나) 직사광선을 피해서 보관할 것",본 제품에 이상이 있을 경우 공정거래위원회 고시 소비자분쟁해결기준에 의거하여 보상해 드립니다.,080-890-6000,detail,네이처리퍼블릭,쉐어버터 스팀 크림 [울트라],2110188,23674,img/쉐어버터 스팀 크림 [울트라]_0.jpg;img/쉐어버터 스팀 크림 [울트라]_1.jpg;img/쉐어버터 스팀 크림 [울트라]_2.jpg;img/쉐어버터 스팀 크림 [울트라]_3.jpg;img/쉐어버터 스팀 크림 [울트라]_4.jpg;img/쉐어버터 스팀 크림 [울트라]_5.jpg;img/쉐어버터 스팀 크림 [울트라]_6.jpg;img/쉐어버터 스팀 크림 [울트라]_7.jpg;img/쉐어버터 스팀 크림 [울트라]_8.jpg;img/쉐어버터 스팀 크림 [울트라]_9.jpg;img/쉐어버터 스팀 크림 [울트라]_10.jpg
5g,모든피부,"제조일로부터 24개월, 개봉 후 12개월 *제품의 개봉 후 사용기간은 제조일로부터 사용기한을 초과하지 않습니다.",상품상세참조,코스맥스(주)/네이처리퍼블릭,한국,해당있음,"탤크, 마이카 (CI 77019), 마이크로크리스탈린셀룰로오스, 다이메티콘, 알루미늄전분옥테닐석시네이트, 실리카, 마그네슘미리스테이트, 세틸다이메티콘, 마그네슘스테아레이트, 동백나무꽃추출물, 프로방스장미꽃수, 마트리카리아꽃추출물, 메틸프로판다이올, 프로판다이올, 트라이에톡시카프릴릴실레인, 정제수, 부틸렌글라이콜, 1,2-헥산다이올, 카프릴릴글라이콜, 에틸헥실글리세린, 적색산화철 (CI 77491), 황색산화철 (CI 77492), 적색226호 (CI 73360), 황색5호 (CI 15985), 황색4호 (CI 19140), 흑색산화철 (CI 77499)","1. 화장품 사용 시 또는 사용 후 직사광선에 의하여 사용부위가 붉은 반점, 부어오름 또는      가려움증 등의 이상 증상이나 부작용이 있는 경우에는 전문의 등과 상담할 것   2. 상처가 있는 부위 등에는 사용을 자제할 것  3. 보관 및 취급 시 주의사항      가) 어린이의 손이 닿지 않는 곳에 보관할 것      나) 직사광선을 피해서 보관할 것",본 제품에 이상이 있을 경우 공정거래위원회 고시 소비자분쟁해결기준에 의거하여 보상해 드립니다.,1668-1756,normal,네이처리퍼블릭,바이플라워 블러셔 [08 코랄이피치해],2003175,47039,
30ml*2,모든피부,"제조일로부터 36개월, 개봉 후 12개월 *제품의 개봉 후 사용기간은 제조일로부터 사용기한을 초과하지 않습니다.",상품상세참조,(주)코스맥스/네이처리퍼블릭,한국,해당있음,"정제수, 글리세린, 시어버터, 에틸헥실스테아레이트, 폴리메틸실세스퀴옥세인, 1,2-헥산다이올, 세테아릴알코올, 글리세릴스테아레이트에스이, 향료, 클로렐라 불가리스추출물, 레몬버베나잎추출물, 다이메티콘, 하이드로제네이티드코코-글리세라이즈, 글리세릴스테아레이트, 피이지-100스테아레이트, 아크릴레이트/C10-30알킬아크릴레이트크로스폴리머, 카프릴릴글라이콜, 글루코오스, 트로메타민, 팔미틱애씨드, 부틸렌글라이콜, 프룩토올리고사카라이드, 프룩토오스, 스테아릭애씨드, 카프릴릭/카프릭트라이글리세라이드, 에틸헥실글리세린, 하이드로제네이티드레시틴, 소듐파이테이트, 하이드록시에틸아크릴레이트/소듐아크릴로일다이메틸타우레이트코폴리머, 세라마이드엔피, 베타-글루칸, 시트릭애씨드, 토코페롤, 소듐벤조에이트, 제라니올, 헥실신남알, 리모넨, 시트랄, 시트로넬올, 리날룰","가. 화장품 사용 시 또는 사용 후 직사광선에 의하여 사용부위가 붉은 반점, 부어오름 또는 가려움증 등의 이상 증상이나 부작용이 있는 경우에는 전문의 등과 상담할 것 나. 상처가 있는 부위 등에는 사용을 자제할 것 다. 보관 및 취급 시 주의사항 1) 어린이의 손이 닿지 않는 곳에 보관할 것 2) 직사광선을 피해서 보관할 것",본 제품에 이상이 있을 경우 공정거래위원회 고시 소비자분쟁해결기준에 의거하여 보상해 드립니다.,080-890-6000,normal,네이처리퍼블릭,핸드 앤 네이처 핸드크림 [선셋버베나],2082987,59658,
80ml,모든피부,"제조일로부터 30개월, 개봉 후 12개월 *제품의 개봉 후 사용기간은 제조일로부터 사용기한을 초과하지 않습니다.",상품상세참조,한국콜마(주)/네이처리퍼블릭,한국,해당있음,상품상세참조,"1. 화장품 사용 시 또는 사용 후 직사광선에 의하여 사용부위가 붉은 반점, 부어오름 또는 가려움증 등의 이상 증상이나 부작용이 있는 경우 전문의 등과 상담할 것 2. 상처가 있는 부위 등에는 사용을 자제할 것 3. 보관 및 취급 시의 주의사항    가) 어린이의 손이 닿지 않는 곳에 보관할 것    나) 직사광선을 피해서 보관할 것",본 제품에 이상이 있을 경우 공정거래위원회 고시 소비자분쟁해결기준에 의거하여 보상해 드립니다.,080-890-6000,detail,네이처리퍼블릭,슈퍼 아쿠아 맥스 컴비네이션 수분크림,2083763,33858,img/슈퍼 아쿠아 맥스 컴비네이션 수분크림_0.jpg;img/슈퍼 아쿠아 맥스 컴비네이션 수분크림_1.jpg;img/슈퍼 아쿠아 맥스 컴비네이션 수분크림_2.jpg;img/슈퍼 아쿠아 맥스 컴비네이션 수분크림_3.jpg;img/슈퍼 아쿠아 맥스 컴비네이션 수분크림_4.jpg;img/슈퍼 아쿠아 맥스 컴비네이션 수분크림_5.jpg;img/슈퍼 아쿠아 맥스 컴비네이션 수분크림_6.jpg;img/슈퍼 아쿠아 맥스 컴비네이션 수분크림_7.jpg;img/슈퍼 아쿠아 맥스 컴비네이션 수분크림_8.jpg;img/슈퍼 아쿠아 맥스 컴비네이션 수분크림_9.jpg;img/슈퍼 아쿠아 맥스 컴비네이션 수분크림_10.jpg;img/슈퍼 아쿠아 맥스 컴비네이션 수분크림_11.jpg
300ml,모든피부,"제조일로부터 36개월, 개봉 후 12개월 *제품의 개봉 후 사용기간은 제조일로부터 사용기한을 초과하지 않습니다.",상품상세참조,코스맥스(주)/네이처리퍼블릭,한국,해당있음,"정제수, 글리세린, 하이드로제네이티드팜애씨드, 포타슘하이드록사이드, 폴리쿼터늄-7, 레몬추출물(3ppm), 병풀추출물, 아스코빅애씨드(5ppm), 아스코빌글루코사이드, 율무씨추출물, 쌀겨추출물, 녹두씨추출물, 글리세릴스테아레이트,아크릴레이트/C10-30알킬아크릴레이트크로스폴리머 소듐파이테이트, 1,2-헥산다이올, 부틸렌글라이콜, 에틸헥실글리세린, 소듐벤조에이트, 향료","1. 화장품 사용 시 또는 사용 후 직사광선에 의하여 사용부위가 붉은 반점, 부어오름 또는 가려움증 등의 이상 증상이나 부작용이 있는 경우 전문의 등과 상담할 것  2. 상처가 있는 부위 등에는 사용을 자제할 것  3. 보관 및 취급 시의 주의사항     가) 어린이의 손이 닿지 않는 곳에 보관할 것     나) 직사광선을 피해서 보관할 것",본 제품에 이상이 있을 경우 공정거래위원회 고시 소비자분쟁해결기준에 의거하여 보상해 드립니다.,080-890-6000,normal,네이처리퍼블릭,비타페어C 빅폼클렌징,2018741,48093,
2.4g,상품상세참조,"제조일로부터 36개월, 개봉 후 12개월 *제품의 개봉 후 사용기간은 제조일로부터 사용기한을 초과하지 않습니다.",상품상세참조,코스맥스(주)/네이처리퍼블릭,한국,해당있음,상품상세참조,"1. 화장품 사용 시 또는 사용 후 직사광선에 의하여 사용부위가 붉은 반점, 부어오름 또는 가려움증 등의 이상 증상이나 부작용이 있는 경우 전문의 등과 상담할 것 2. 상처가 있는 부위 등에는 사용을 자제할 것 3. 보관 및 취급 시의 주의사항 가) 어린이의 손이 닿지 않는 곳에 보관할 것 나) 직사광선을 피해서 보관할 것 4. 눈에 들어갔을 때에는 즉시 씻어낼 것",본 제품에 이상이 있을 경우 공정거래위원회 고시 소비자분쟁해결기준에 의거하여 보상해 드립니다.,080-890-6000,detail,네이처리퍼블릭,데일리 베이직 팔레트 [5호 피치핑크],2006779,43460,img/데일리 베이직 팔레트 [5호 피치핑크]_0.jpg;img/데일리 베이직 팔레트 [5호 피치핑크]_1.jpg;img/데일리 베이직 팔레트 [5호 피치핑크]_2.jpg;img/데일리 베이직 팔레트 [5호 피치핑크]_3.jpg;img/데일리 베이직 팔레트 [5호 피치핑크]_4.jpg;img/데일리 베이직 팔레트 [5호 피치핑크]_5.jpg;img/데일리 베이직 팔레트 [5호 피치핑크]_6.jpg;img/데일리 베이직 팔레트 [5호 피치핑크]_7.jpg;img/데일리 베이직 팔레트 [5호 피치핑크]_8.jpg
5g,모든피부,"제조일로부터 36개월, 개봉 후 12개월 *제품의 개봉 후 사용기간은 제조일로부터 사용기한을 초과하지 않습니다.",상품상세참조,코스맥스(주)/네이처리퍼블릭,한국,해당있음,"합성플루오르플로고파이트, 티타늄디옥사이드 (CI 77891), 마이카 (CI 77019), 옥틸도데실스테아로일스테아레이트, 에이치디아이/트라이메틸올헥실락톤크로스폴리머, 탤크, 다이메티콘, 실리카, 알루미늄전분옥테닐석시네이트, 글리세린, 울트라마린 (CI 77007), 아이소프로필팔미테이트, 사라수씨버터, 동백나무꽃추출물, 연꽃꽃추출물, 알바수련꽃추출물, 세룰라타벚나무꽃추출물, 장미꽃추출물, 복사나무꽃추출물, 마그네슘미리스테이트, 펜틸렌글라이콜, 폴리솔베이트20, 트라이에톡시카프릴릴실레인, 아크릴아마이드/소듐아크릴로일다이메틸타우레이트코폴리머, 마그네슘알루미늄실리케이트, 솔비탄올리베이트, 솔비탄스테아레이트, 비닐다이메티콘/메티콘실세스퀴옥세인크로스폴리머, 아이소헥사데칸, 에틸헥실글리세린, 카올린, 폴리솔베이트80, 알루미늄하이드록사이드, 메티콘, 아이소프로필티타늄트라이아이소스테아레이트, 솔비탄올리에이트, 부틸렌글라이콜, 토코페롤, 틴옥사이드 (CI 77861), 세테아릴알코올, 페녹시에탄올, 포타슘솔베이트, 소듐데하이드로아세테이트, 향료, 적색226호 (CI 73360), 적색산화철 (CI 77491), 황색산화철 (CI 77492), 흑색산화철 (CI 77499)","1. 화장품 사용 시 또는 사용 후 직사광선에 의하여 사용부위가 붉은 반점, 부어오름 또는 가려움증 등의 이상 증상이나 부작용이 있는 경우 전문의 등과 상담할 것 2. 상처가 있는 부위 등에는 사용을 자제할 것 3. 보관 및 취급 시의 주의사항 가) 어린이의 손이 닿지 않는 곳에 보관할 것 나) 직사광선을 피해서 보관할 것 4. 눈에 들어갔을 때에는 즉시 씻어낼 것.",본 제품에 이상이 있을 경우 공정거래위원회 고시 소비자분쟁해결기준에 의거하여 보상해 드립니다.,080-890-6000,normal,네이처리퍼블릭,베이크드 블러셔 [04 핑크소르베],2028508,50494,
상품상세참조,상품상세참조,상품상세참조,상품상세참조,상품상세참조,상품상세참조,해당있음,상품상세참조,상품상세참조,상품상세참조,상품상세참조,detail,네이처리퍼블릭,에센셜 립밤 [1호 페퍼민트],2105806,52366,img/에센셜 립밤 [1호 페퍼민트]_0.jpg;img/에센셜 립밤 [1호 페퍼민트]_1.jpg;img/에센셜 립밤 [1호 페퍼민트]_2.jpg;img/에센셜 립밤 [1호 페퍼민트]_3.jpg;img/에센셜 립밤 [1호 페퍼민트]_4.jpg;img/에센셜 립밤 [1호 페퍼민트]_5.jpg;img/에센셜 립밤 [1호 페퍼민트]_6.jpg;img/에센셜 립밤 [1호 페퍼민트]_7.jpg;img/에센셜 립밤 [1호 페퍼민트]_8.jpg;img/에센셜 립밤 [1호 페퍼민트]_9.jpg
24g*2,모든피부,"제조일로부터 24개월, 개봉 후 즉시 *제품의 개봉 후 사용기간은 제조일로부터 사용기한을 초과하지 않습니다.",상품상세참조,코스맥스(주)/네이처리퍼블릭,한국,해당있음,"정제수, 다이프로필렌글라이콜, 글리세린, 소듐하이알루로네이트, 베르가모트오일, 접시꽃추출물, 유칼립투스잎오일, 하이드록시아세토페논, 알란토인, 폴리글리세릴-10라우레이트, 폴리글리세릴-10미리스테이트, 트로메타민, 카프릴릴글라이콜, 에틸헥실글리세린, 부틸렌글라이콜, 1,2-헥산다이올, 잔탄검, 카페인, 카보머, 다이소듐이디티에이, 리모넨, 리날룰","가. 화장품 사용 시 또는 사용 후 직사광선에 의하여 사용부위가 붉은 반점, 부어오름 또는 가려움증 등의 이상 증상이나 부작용이 있는 경우에는 전문의 등과 상담할 것 나. 상처가 있는 부위 등에는 사용을 자제할 것 다. 보관 및 취급 시 주의사항 1) 어린이의 손이 닿지 않는 곳에 보관할 것 2) 직사광선을 피해서 보관할 것 라. 눈 주위를 피하여 사용할 것 마. 만 3세 이하 어린이에게는 사용하지 말 것 * 붙이는 반창고나 습포에 자극이 심한분은 주의하십시오",본 제품에 이상이 있을 경우 공정거래위원회 고시 소비자분쟁해결기준에 의거하여 보상해 드립니다.,080-890-6000,normal,네이처리퍼블릭,더 착한 마음 마스크 시트 [히알루론산],1881109,18430,
80매*2,모든피부,"제조일로부터 24개월, 개봉 후 12개월 *제품의 개봉 후 사용기간은 제조일로부터 사용기한을 초과하지 않습니다.",상품상세참조,(주)제일참,한국,해당있음,상품상세참조,상품상세참조,본 제품에 이상이 있을 경우 공정거래위원회 고시 소비자분쟁해결기준에 의거하여 보상해 드립니다.,080-890-6000,detail,네이처리퍼블릭,수딩 앤 모이스처 알로에베라 클렌징 티슈,2051160,44894,img/수딩 앤 모이스처 알로에베라 클렌징 티슈_0.jpg;img/수딩 앤 모이스처 알로에베라 클렌징 티슈_1.jpg;img/수딩 앤 모이스처 알로에베라 클렌징 티슈_2.jpg;img/수딩 앤 모이스처 알로에베라 클렌징 티슈_3.jpg;img/수딩 앤 모이스처 알로에베라 클렌징 티슈_4.jpg;img/수딩 앤 모이스처 알로에베라 클렌징 티슈_5.jpg;img/수딩 앤 모이스처 알로에베라 클렌징 티슈_6.jpg;img/수딩 앤 모이스처 알로에베라 클렌징 티슈_7.jpg
30매(350ml),모든피부,"제조일로부터 24개월, 개봉 후 12개월 *제품의 개봉 후 사용기간은 제조일로부터 사용기한을 초과하지 않습니다.",상품상세참조,(주)엠엘에스 / 네이처리퍼블릭,대한민국,해당있음,"정제수, 프로판다이올, 메틸프로판다이올, 나이아신아마이드, 하이드록시아세토페논 , 폴리글리세릴-10라우레이트, 글리세린, 잔탄검, 에틸헥실글리세린, 셀룰로오스검 , 알란토인, 부틸렌글라이콜, 다이프로필렌글라이콜, 레몬추출물(300 ppm), 알지닌, 카보머, 1,2-헥산다이올, 소듐하이알루로네이트, 모란뿌리추출물, 병풀추출물, 글리세릴아크릴레이트/아크릴릭애씨드코폴리머, 피브이엠/엠에이코폴리머, 폴리글리세릴-4라우레이트, 다이포타슘글리시리제이트, 소듐아스코빌포스페이트(10 ppm), 아스코빅애씨드(10 ppm), 다이소듐이디티에이, 향료","가. 화장품 사용 시 또는 사용 후 직사광선에 의하여 사용부위가 붉은 반점, 부어오름 또는 가려움증 등의 이상 증상이나 부작용이 있는 경우에는 전문의 등과 상담할 것 나. 상처가 있는 부위 등에는 사용을 자제할 것 다. 보관 및 취급 시 주의사항 1) 어린이의 손이 닿지 않는 곳에 보관할 것 2) 직사광선을 피해서 보관할 것 라. 눈 주위를 피하여 사용할 것",본 제품에 이상이 있을 경우 공정거래위원회 고시 소비자분쟁해결기준에 의거하여 보상해 드립니다.,080-890-6000,normal,네이처리퍼블릭,비타페어C 뽑아쓰는 데일리 마스크팩,2022591,48834,
200ml,모든피부,"제조일로부터 36개월, 개봉 후 12개월 *제품의 개봉 후 사용기간은 제조일로부터 사용기한을 초과하지 않습니다.",상품상세참조,코스맥스(주)/네이처리퍼블릭,한국,해당있음,상품상세참조,"1. 화장품을 사용하여 다음과 같은 이상이 있는 경우에는 사용을 중지하여야 하며, 계속 사용하면 증상이 악화되므로 피부과 전문의 등에게 상담할 것 1) 사용 중 붉은 반점, 부어오름, 가려움증, 자극 등의 이상이 있는 경우. 2) 적용 부위가 직사광선에 의하여 위와 같은 이상이 있는 경우. 2. 상처가 있는 부위, 습진 및 피부염 등의 이상이 있는 부위에는 사용을 하지 말 것 3. 보관 및 취급 시의 주의사항 1) 사용 후에는 반드시 마개를 닫아둘 것. 2) 유아·소아의 손의 닿지 않는 곳에 보관할 것. 3) 고온 또는 저온의 장소 및 직사광선이 닿는 곳에는 보관하지 말 것. 사용 전에 반드시 사용방법 및 사용 시의 주의사항을 숙지하신 후 사용하십시오.",본 제품에 이상이 있을 경우 공정거래위원회 고시 소비자분쟁해결기준에 의거하여 보상해 드립니다.,080-890-6000,detail,네이처리퍼블릭,포레스트 가든 캐모마일 클렌징 오일,2015368,46737,img/포레스트 가든 캐모마일 클렌징 오일_0.jpg;img/포레스트 가든 캐모마일 클렌징 오일_1.jpg;img/포레스트 가든 캐모마일 클렌징 오일_2.jpg;img/포레스트 가든 캐모마일 클렌징 오일_3.jpg;img/포레스트 가든 캐모마일 클렌징 오일_4.jpg;img/포레스트 가든 캐모마일 클렌징 오일_5.jpg;img/포레스트 가든 캐모마일 클렌징 오일_6.jpg
2.8g,모든피부,"제조일로부터 36개월, 개봉 후 12개월 *제품의 개봉 후 사용기간은 제조일로부터 사용기한을 초과하지 않습니다.",상품상세참조,코스맥스(주)/네이처리퍼블릭,한국,해당있음,"다이메티콘, 폴리글리세릴-2트라이아이소스테아레이트, 다이에틸헥실카보네이트, 아이소아밀라우레이트, 아이소에이코산, 합성왁스, 적색산화철 (CI 77491), 페닐트라이메티콘, 트라이에틸헥사노인, 메틸메타크릴레이트크로스폴리머, 폴리메틸실세스퀴옥세인, 비닐다이메티콘/메티콘실세스퀴옥세인크로스폴리머, 실리카, 칸데릴라왁스, 다이메티콘크로스폴리머, 적색104호의(1) (CI 45410), 솔비탄아이소스테아레이트, 황색4호 (CI 19140), 카나우바왁스, 망고씨버터, 쿠푸아수씨버터, 동백나무꽃추출물, 프로방스장미꽃수, 마트리카리아꽃추출물, 알바수련꽃추출물, 폴리에틸렌, 폴리하이드록시스테아릭애씨드, 다이아이소스테아릴말레이트, 폴리글리세릴-2다이아이소스테아레이트, 에틸헥실팔미테이트, 아이소프로필미리스테이트, 아이소스테아릭애씨드, 레시틴, 폴리글리세릴-3폴리리시놀리에이트, 트라이에톡시카프릴릴실레인, 카프릴릴글라이콜, 글리세릴카프릴레이트, 펜타에리스리틸테트라-다이-t-부틸하이드록시하이드로신나메이트, 정제수, 다이프로필렌글라이콜, 부틸렌글라이콜, 소듐팔미토일프롤린, 1,2-헥산다이올, 에틸헥실글리세린, 토코페롤, 향료, 적색202호 (CI 15850), 황색산화철 (CI 77492), 티타늄디옥사이드 (CI 77891)","​1. 화장품 사용 시 또는 사용 후 직사광선에 의하여 사용부위가 붉은 반점, 부어오름 또는 가려움증 등의 이상 증상이나 부작용이 있는 경우 전문의 등과 상담할 것  2. 상처가 있는 부위 등에는 사용을 자제할 것  3. 보관 및 취급 시의 주의사항     가) 어린이의 손이 닿지 않는 곳에 보관할 것     나) 직사광선을 피해서 보관할 것  4. 눈에 들어갔을 때에는 즉시 씻어낼 것",본 제품에 이상이 있을 경우 공정거래위원회 고시 소비자분쟁해결기준에 의거하여 보상해 드립니다.,1668-1756,normal,네이처리퍼블릭,바이플라워 에코 크레용 립 벨벳 [4호 칠리레드],2001739,46814,
2.6g,모든 피부,"제조일로부터 36개월, 개봉 후 12개월",상품상세참조,코스맥스(주)/네이처리퍼블릭,한국,해당있음,상품상세참조,상품상세참조,본 제품에 이상이 있을 경우 공정거래위원회 고시 소비자분쟁해결기준에 의거하여 보상해 드립니다.,080-890-6000,detail,네이처리퍼블릭,데일리 베이직 팔레트 [2호 로지],1996103,32431,img/데일리 베이직 팔레트 [2호 로지]_0.jpg;img/데일리 베이직 팔레트 [2호 로지]_1.jpg;img/데일리 베이직 팔레트 [2호 로지]_2.jpg;img/데일리 베이직 팔레트 [2호 로지]_3.jpg;img/데일리 베이직 팔레트 [2호 로지]_4.jpg;img/데일리 베이직 팔레트 [2호 로지]_5.jpg;img/데일리 베이직 팔레트 [2호 로지]_6.jpg;img/데일리 베이직 팔레트 [2호 로지]_7.jpg;img/데일리 베이직 팔레트 [2호 로지]_8.jpg
23ml * 20매,모든피부,"제조일로부터 36개월, 개봉 후 즉시 *제품의 개봉 후 사용기간은 제조일로부터 사용기한을 초과하지 않습니다.",상품상세참조,(주)이미인 / 네이처리퍼블릭,대한민국,해당있음,"정제수, 글리세린, 다이프로필렌글라이콜, 에탄올, 하이드록시에틸셀룰로오스, 부틸렌글라이콜, 1,2-헥산다이올, 모란뿌리추출물, 병풀추출물, 트레할로오스, 마트리카리아꽃추출물, 피이지-60하이드로제네이티드캐스터오일, 글리세릴카프릴레이트, 알지닌, 카보머, 에틸헥실글리세린, 소듐하이알루로네이트, 글리세릴아크릴레이트/아크릴릭애씨드코폴리머, 피브이엠/엠에이코폴리머, 디소듐이디티에이, 향료, 헥실신남알","1. 화장품 사용 시 또는 사용 후 직사광선에 의하여 사용부위가 붉은 반점, 부어오름 또는  가려움증 등의 증상이나 부작용이 있는 경우 전문의 등과 상담할 것    2. 상처가 있는 부위 등에는 사용을 자제할 것    3. 보관 및 취급 시의 주의 사항  가) 어린이의 손이 닿지 않는 곳에 보관할 것  나) 직사광선을 피해서 보관할 것    4. 눈 주위를 피하여 사용할 것    * 개봉 후에 제품이 건조되므로 즉시 사용하고, 한번 사용한 제품은 다시 사용하지 말 것  ※ 사용 전에 반드시 사용방법 및 사용 시의 주의사항을 숙지하신 후 사용하십시오",본 제품에 이상이 있을 경우 공정거래위원회 고시 소비자분쟁해결기준에 의거하여 보상해 드립니다.,080-890-6000,normal,네이처리퍼블릭,리얼 네이처 마스크팩 [녹차],1904898,58606,
200ml*2,모든피부,"제조일로부터 24개월, 개봉 후 12개월 *제품의 개봉 후 사용기간은 제조일로부터 사용기한을 초과하지 않습니다.",상품상세참조,(주)서울화장품/네이처리퍼블릭,한국,해당있음,"정제수, 다이메티콘, 프로필렌글라이콜, 세테아릴알코올, 스테아라미도프로필다이메틸아민, 쿼터늄-18, 베헨트라이모늄클로라이드, 아이소프로필알코올, 하이드록시에틸셀룰로오스, 지황뿌리추출물, 아모다이메티콘, 시트릭애씨드, 부틸렌글라이콜, 아르간커넬오일, 콘민트추출물, 1,2-헥산다이올, 창포뿌리추출물, 측백나무잎추출물, 산구절초추출물, 스페인감초뿌리추출물, 구기자추출물, 뽕나무껍질추출물, 인삼추출물, 도꼬마리열매추출물, 에틸헥실글리세린, 달맞이꽃오일, 로즈힙열매오일, 바이오틴, 하이드롤라이즈드옥수수단백질, 하이드롤라이즈드콩단백질, 하이드롤라이즈드밀단백질, 향료, 리모넨, 하이드록시시트로넬알, 리날룰",상품상세참조,본 제품에 이상이 있을 경우 공정거래위원회 고시 소비자분쟁해결기준에 의거하여 보상해 드립니다.,080-890-6000,normal,네이처리퍼블릭,아르간 에센셜 딥케어 헤어팩,2022927,66294,
상품상세참조,상품상세참조,상품상세참조,상품상세참조,상품상세참조,상품상세참조,해당있음,상품상세참조,상품상세참조,상품상세참조,상품상세참조,detail,네이처리퍼블릭,에센셜 립밤 [3호 동백],2105810,52368,img/에센셜 립밤 [3호 동백]_0.jpg;img/에센셜 립밤 [3호 동백]_1.jpg;img/에센셜 립밤 [3호 동백]_2.jpg;img/에센셜 립밤 [3호 동백]_3.jpg;img/에센셜 립밤 [3호 동백]_4.jpg;img/에센셜 립밤 [3호 동백]_5.jpg;img/에센셜 립밤 [3호 동백]_6.jpg;img/에센셜 립밤 [3호 동백]_7.jpg;img/에센셜 립밤 [3호 동백]_8.jpg;img/에센셜 립밤 [3호 동백]_9.jpg
50ml,모든피부,"제조일로부터 36개월, 개봉 후 12개월 *제품의 개봉 후 사용기간은 제조일로부터 사용기한을 초과하지 않습니다.",상품상세참조,(주)서울화장품 / 네이처리퍼블릭,한국,해당있음,상품상세참조,"가. 화장품 사용 시 또는 사용 후 직사광선에 의하여 사용부위가 붉은 반점, 부어오름 또는 가려움증 등의 이상 증상이나 부작용이 있는 경우에는 전문의 등과 상담할 것  나. 상처가 있는 부위 등에는 사용을 자제할 것  다. 보관 및 취급 시 주의사항     1) 어린이의 손이 닿지 않는 곳에 보관할 것     2) 직사광선을 피해서 보관할 것  라. 만 3세 이하 어린이에게는 사용하지 말 것  마. 눈에 들어갔을때 즉시 씻어낼 것  바. 알레르기 증상이 나타난 적이 있는 사람은 사용하기 전에 의사 및 약사와 상의할 것  사. 살리실릭애씨드에 과민증이 있거나 당뇨병, 혈액순환장애, 신부전장애, 감염, 발적 등이 있는 사람, 생리 중, 임신 중 또는 임신 할 가능성이 있는 사람은 피부나 신체가 과민상태로 되거나 피부이상반응(부종, 염증 등)이 일어나는 등 현재의 증상이 악화될 가능성이 있으므로 사용을 피할 것  ※ 오랜 시간 세워서 보관할 시 주요성분인 토탄수가 가라앉을 수 있으니 흔들어 사용 바랍니다. 이는 밀도 차이로 인해 발생하는 자연스러운 현상으로 제품에는 문제가 없습니다.",본 제품에 이상이 있을 경우 공정거래위원회 고시 소비자분쟁해결기준에 의거하여 보상해 드립니다.,080-890-6000,detail,네이처리퍼블릭,블랙빈 탈모증상개선 집중 앰플,2137323,70121,img/블랙빈 탈모증상개선 집중 앰플_0.jpg;img/블랙빈 탈모증상개선 집중 앰플_1.jpg;img/블랙빈 탈모증상개선 집중 앰플_2.jpg;img/블랙빈 탈모증상개선 집중 앰플_3.jpg;img/블랙빈 탈모증상개선 집중 앰플_4.jpg;img/블랙빈 탈모증상개선 집중 앰플_5.jpg;img/블랙빈 탈모증상개선 집중 앰플_6.jpg;img/블랙빈 탈모증상개선 집중 앰플_7.jpg;img/블랙빈 탈모증상개선 집중 앰플_8.jpg;img/블랙빈 탈모증상개선 집중 앰플_9.jpg;img/블랙빈 탈모증상개선 집중 앰플_10.jpg;img/블랙빈 탈모증상개선 집중 앰플_11.jpg;img/블랙빈 탈모증상개선 집중 앰플_12.jpg
상품상세참조,상품상세참조,상품상세참조,상품상세참조,상품상세참조,상품상세참조,해당있음,상품상세참조,상품상세참조,상품상세참조,상품상세참조,detail,네이처리퍼블릭,에센셜 립밤 [2호 허브],2105809,52367,img/에센셜 립밤 [2호 허브]_0.jpg;img/에센셜 립밤 [2호 허브]_1.jpg;img/에센셜 립밤 [2호 허브]_2.jpg;img/에센셜 립밤 [2호 허브]_3.jpg;img/에센셜 립밤 [2호 허브]_4.jpg;img/에센셜 립밤 [2호 허브]_5.jpg;img/에센셜 립밤 [2호 허브]_6.jpg;img/에센셜 립밤 [2호 허브]_7.jpg;img/에센셜 립밤 [2호 허브]_8.jpg;img/에센셜 립밤 [2호 허브]_9.jpg
5g,모든피부,"제조일로부터 24개월, 개봉 후 12개월 *제품의 개봉 후 사용기간은 제조일로부터 사용기한을 초과하지 않습니다.",상품상세참조,코스맥스(주)/네이처리퍼블릭,한국,해당있음,"탤크, 마이카 (CI 77019), 마이크로크리스탈린셀룰로오스, 다이메티콘, 알루미늄전분옥테닐석시네이트, 실리카, 마그네슘미리스테이트, 세틸다이메티콘, 마그네슘스테아레이트, 적색산화철 (CI 77491), 동백나무꽃추출물, 프로방스장미꽃수, 마트리카리아꽃추출물, 메틸프로판다이올, 프로판다이올, 트라이에톡시카프릴릴실레인, 정제수, 부틸렌글라이콜, 1,2-헥산다이올, 카프릴릴글라이콜, 에틸헥실글리세린, 흑색산화철 (CI 77499), 적색226호 (CI 73360), 울트라마린 (CI 77007), 황색산화철 (CI 77492), 황색4호 (CI 19140)","1. 화장품 사용 시 또는 사용 후 직사광선에 의하여 사용부위가 붉은 반점, 부어오름 또는      가려움증 등의 이상 증상이나 부작용이 있는 경우에는 전문의 등과 상담할 것   2. 상처가 있는 부위 등에는 사용을 자제할 것  3. 보관 및 취급 시 주의사항      가) 어린이의 손이 닿지 않는 곳에 보관할 것      나) 직사광선을 피해서 보관할 것",본 제품에 이상이 있을 경우 공정거래위원회 고시 소비자분쟁해결기준에 의거하여 보상해 드립니다.,1668-1756,normal,네이처리퍼블릭,바이플라워 블러셔 [13 프라하달리아],2016235,47139,
150ml,상품상세참조,"제조일로부터 36개월, 개봉 후 12개월 *제품의 개봉 후 사용기간은 제조일로부터 사용기한을 초과하지 않습니다.",상품상세참조,한국콜마(주)/네이처리퍼블릭,한국,해당있음,"정제수, 변성알코올, 글리세린, 프로판다이올, 1,2-헥산다이올, 메틸프로판다이올, 비닐다이메티콘, 나이아신아마이드, 스테아릴알코올, 폴리메틸실세스퀴옥세인, 다이펜타에리스리틸헥사C5-9애씨드에스터, 카프릴릭/카프릭트라이글리세라이드, 바오밥나무씨추출물, 트루로즈오브예리코추출물, 에난티아 클로란타껍질추출물, 루이보스잎추출물, 보검선인장열매추출물, 세테아릴올리베이트, 글리세릴스테아레이트, 솔비탄올리베이트, 폴리글리세릴-2스테아레이트, 폴리아크릴레이트크로스폴리머-6, 에틸헥실글리세린, 카보머, 트로메타민, 아데노신, 다이소듐이디티에이, 부틸렌글라이콜, 올레아놀릭애씨드, 향료","가. 화장품 사용 시 또는 사용 후 직사광선에 의하여 사용부위가 붉은 반점, 부어오름 또는 가려움증 등의 이상 증상이나 부작용이 있는 경우에는 전문의 등과 상담할 것  나. 상처가 있는 부위 등에는 사용을 자제할 것  다. 보관 및 취급 시 주의사항     1) 어린이의 손이 닿지 않는 곳에 보관할 것     2) 직사광선을 피해서 보관할 것",본 제품에 이상이 있을 경우 공정거래위원회 고시 소비자분쟁해결기준에 의거하여 보상해 드립니다.,080-890-6000,normal,네이처리퍼블릭,아프리카 버드 옴므 올인원 프레시 밸런서,2086422,23695,
2.7g,모든 피부,"제조일로부터 36개월, 개봉 후 12개월",상품상세참조,코스맥스(주)/네이처리퍼블릭,한국,해당있음,상품상세참조,상품상세참조,본 제품에 이상이 있을 경우 공정거래위원회 고시 소비자분쟁해결기준에 의거하여 보상해 드립니다.,080-890-6000,detail,네이처리퍼블릭,데일리 베이직 팔레트 [3호 쿨핑크],1996109,32438,img/데일리 베이직 팔레트 [3호 쿨핑크]_0.jpg;img/데일리 베이직 팔레트 [3호 쿨핑크]_1.jpg;img/데일리 베이직 팔레트 [3호 쿨핑크]_2.jpg;img/데일리 베이직 팔레트 [3호 쿨핑크]_3.jpg;img/데일리 베이직 팔레트 [3호 쿨핑크]_4.jpg;img/데일리 베이직 팔레트 [3호 쿨핑크]_5.jpg;img/데일리 베이직 팔레트 [3호 쿨핑크]_6.jpg;img/데일리 베이직 팔레트 [3호 쿨핑크]_7.jpg;img/데일리 베이직 팔레트 [3호 쿨핑크]_8.jpg
2.7g,모든피부,"제조일로부터 24개월, 개봉 후 12개월 *제품의 개봉 후 사용기간은 제조일로부터 사용기한을 초과하지 않습니다.",상품상세참조,한국콜마/네이처리퍼블릭,한국,해당있음,상품상세참조,"​1. 화장품 사용 시 또는 사용 후 직사광선에 의하여 사용부위가 붉은 반점, 부어오름 또는 가려움증 등의 이상 증상이나 부작용이 있는 경우 전문의 등과 상담할 것  2. 상처가 있는 부위 등에는 사용을 자제할 것  3. 보관 및 취급 시의 주의사항     가) 어린이의 손이 닿지 않는 곳에 보관할 것     나) 직사광선을 피해서 보관할 것  4. 눈에 들어갔을 때에는 즉시 씻어낼 것",본 제품에 이상이 있을 경우 공정거래위원회 고시 소비자분쟁해결기준에 의거하여 보상해 드립니다.,080-890-6000,detail,네이처리퍼블릭,허니 멜팅 립 [08 블랙체리슈],2078280,58583,img/허니 멜팅 립 [08 블랙체리슈]_0.jpg;img/허니 멜팅 립 [08 블랙체리슈]_1.jpg;img/허니 멜팅 립 [08 블랙체리슈]_2.jpg;img/허니 멜팅 립 [08 블랙체리슈]_3.jpg;img/허니 멜팅 립 [08 블랙체리슈]_4.jpg;img/허니 멜팅 립 [08 블랙체리슈]_5.jpg;img/허니 멜팅 립 [08 블랙체리슈]_6.jpg;img/허니 멜팅 립 [08 블랙체리슈]_7.jpg;img/허니 멜팅 립 [08 블랙체리슈]_8.jpg;img/허니 멜팅 립 [08 블랙체리슈]_9.jpg;img/허니 멜팅 립 [08 블랙체리슈]_10.jpg;img/허니 멜팅 립 [08 블랙체리슈]_11.jpg;img/허니 멜팅 립 [08 블랙체리슈]_12.jpg;img/허니 멜팅 립 [08 블랙체리슈]_13.jpg;img/허니 멜팅 립 [08 블랙체리슈]_14.jpg;img/허니 멜팅 립 [08 블랙체리슈]_15.jpg;img/허니 멜팅 립 [08 블랙체리슈]_16.jpg;img/허니 멜팅 립 [08 블랙체리슈]_17.jpg;img/허니 멜팅 립 [08 블랙체리슈]_18.jpg;img/허니 멜팅 립 [08 블랙체리슈]_19.jpg;img/허니 멜팅 립 [08 블랙체리슈]_20.jpg;img/허니 멜팅 립 [08 블랙체리슈]_21.jpg
2.6g,상품상세참조,"제조일로부터 36개월, 개봉 후 12개월 *제품의 개봉 후 사용기간은 제조일로부터 사용기한을 초과하지 않습니다.",상품상세참조,코스맥스(주)/네이처리퍼블릭,한국,해당있음,상품상세참조,"1. 화장품 사용 시 또는 사용 후 직사광선에 의하여 사용부위가 붉은 반점, 부어오름 또는 가려움증 등의 이상 증상이나 부작용이 있는 경우 전문의 등과 상담할 것 2. 상처가 있는 부위 등에는 사용을 자제할 것 3. 보관 및 취급 시의 주의사항 가) 어린이의 손이 닿지 않는 곳에 보관할 것 나) 직사광선을 피해서 보관할 것 4. 눈에 들어갔을 때에는 즉시 씻어낼 것",본 제품에 이상이 있을 경우 공정거래위원회 고시 소비자분쟁해결기준에 의거하여 보상해 드립니다.,080-890-6000,detail,네이처리퍼블릭,데일리 베이직 팔레트 [7호 버건디],2016300,47096,img/데일리 베이직 팔레트 [7호 버건디]_0.jpg;img/데일리 베이직 팔레트 [7호 버건디]_1.jpg;img/데일리 베이직 팔레트 [7호 버건디]_2.jpg;img/데일리 베이직 팔레트 [7호 버건디]_3.jpg;img/데일리 베이직 팔레트 [7호 버건디]_4.jpg;img/데일리 베이직 팔레트 [7호 버건디]_5.jpg;img/데일리 베이직 팔레트 [7호 버건디]_6.jpg;img/데일리 베이직 팔레트 [7호 버건디]_7.jpg;img/데일리 베이직 팔레트 [7호 버건디]_8.jpg
12g,모든피부,"제조일로부터 36개월, 개봉 후 12개월 *제품의 개봉 후 사용기간은 제조일로부터 사용기한을 초과하지 않습니다.",상품상세참조,(주)코스맥스/네이처리퍼블릭,한국,해당있음,"탤크, 폴리메틸실세스퀴옥세인, 옥틸도데실스테아로일스테아레이트, 다이메티콘, 카프릴릭/카프릭트라이글리세라이드, 다이페닐다이메티콘/비닐다이페닐다이메티콘/실세스퀴옥세인크로스폴리머, 카프릴릴글라이콜, 에틸헥실글리세린, 알란토인, 라우로일라이신, 트라이에톡시카프릴릴실레인, 나일론-12, 메티콘, 토코페롤, 향료, 황색산화철 (CI 77492), 마이카 (CI 77019), 적색산화철 (CI 77491), 울트라마린 (CI 77007), 흑색산화철 (CI 77499)","1. 화장품 사용 시 또는 사용 후 직사광선에 의하여 사용부위가 붉은 반점, 부어오름 또는 가려움증 등의 이상 증상이나 부작용이 있는 경우 전문의 등과 상담할 것 2. 상처가 있는 부위 등에는 사용을 자제할 것 3. 보관 및 취급 시의 주의사항    가) 어린이의 손이 닿지 않는 곳에 보관할 것    나) 직사광선을 피해서 보관할 것",본 제품에 이상이 있을 경우 공정거래위원회 고시 소비자분쟁해결기준에 의거하여 보상해 드립니다.,080-890-6000,normal,네이처리퍼블릭,프로방스 픽서 팩트 [02 베이지],2012907,49269,
상품상세참조,상품상세참조,상품상세참조,상품상세참조,상품상세참조,상품상세참조,해당있음,상품상세참조,상품상세참조,상품상세참조,상품상세참조,detail,네이처리퍼블릭,에센셜 립밤 [4호 자몽],2105812,52369,img/에센셜 립밤 [4호 자몽]_0.jpg;img/에센셜 립밤 [4호 자몽]_1.jpg;img/에센셜 립밤 [4호 자몽]_2.jpg;img/에센셜 립밤 [4호 자몽]_3.jpg;img/에센셜 립밤 [4호 자몽]_4.jpg;img/에센셜 립밤 [4호 자몽]_5.jpg;img/에센셜 립밤 [4호 자몽]_6.jpg;img/에센셜 립밤 [4호 자몽]_7.jpg;img/에센셜 립밤 [4호 자몽]_8.jpg;img/에센셜 립밤 [4호 자몽]_9.jpg
상품상세참조,상품상세참조,상품상세참조,상품상세참조,상품상세참조,상품상세참조,해당있음,상품상세참조,상품상세참조,상품상세참조,상품상세참조,detail,네이처리퍼블릭,진짜진짜촉촉한 올리브 토너,2072522,44889,img/진짜진짜촉촉한 올리브 토너_0.jpg;img/진짜진짜촉촉한 올리브 토너_1.jpg;img/진짜진짜촉촉한 올리브 토너_2.jpg;img/진짜진짜촉촉한 올리브 토너_3.jpg;img/진짜진짜촉촉한 올리브 토너_4.jpg;img/진짜진짜촉촉한 올리브 토너_5.jpg;img/진짜진짜촉촉한 올리브 토너_6.jpg;img/진짜진짜촉촉한 올리브 토너_7.jpg;img/진짜진짜촉촉한 올리브 토너_8.jpg;img/진짜진짜촉촉한 올리브 토너_9.jpg
2.7g,모든피부,"제조일로부터 24개월, 개봉 후 12개월 *제품의 개봉 후 사용기간은 제조일로부터 사용기한을 초과하지 않습니다.",상품상세참조,한국콜마/네이처리퍼블릭,한국,해당있음,상품상세참조,"​1. 화장품 사용 시 또는 사용 후 직사광선에 의하여 사용부위가 붉은 반점, 부어오름 또는 가려움증 등의 이상 증상이나 부작용이 있는 경우 전문의 등과 상담할 것  2. 상처가 있는 부위 등에는 사용을 자제할 것  3. 보관 및 취급 시의 주의사항     가) 어린이의 손이 닿지 않는 곳에 보관할 것     나) 직사광선을 피해서 보관할 것  4. 눈에 들어갔을 때에는 즉시 씻어낼 것",본 제품에 이상이 있을 경우 공정거래위원회 고시 소비자분쟁해결기준에 의거하여 보상해 드립니다.,080-890-6000,detail,네이처리퍼블릭,허니 멜팅 립 [06 고소한코코넛],2078278,58578,img/허니 멜팅 립 [06 고소한코코넛]_0.jpg;img/허니 멜팅 립 [06 고소한코코넛]_1.jpg;img/허니 멜팅 립 [06 고소한코코넛]_2.jpg;img/허니 멜팅 립 [06 고소한코코넛]_3.jpg;img/허니 멜팅 립 [06 고소한코코넛]_4.jpg;img/허니 멜팅 립 [06 고소한코코넛]_5.jpg;img/허니 멜팅 립 [06 고소한코코넛]_6.jpg;img/허니 멜팅 립 [06 고소한코코넛]_7.jpg;img/허니 멜팅 립 [06 고소한코코넛]_8.jpg;img/허니 멜팅 립 [06 고소한코코넛]_9.jpg;img/허니 멜팅 립 [06 고소한코코넛]_10.jpg;img/허니 멜팅 립 [06 고소한코코넛]_11.jpg;img/허니 멜팅 립 [06 고소한코코넛]_12.jpg;img/허니 멜팅 립 [06 고소한코코넛]_13.jpg;img/허니 멜팅 립 [06 고소한코코넛]_14.jpg;img/허니 멜팅 립 [06 고소한코코넛]_15.jpg;img/허니 멜팅 립 [06 고소한코코넛]_16.jpg;img/허니 멜팅 립 [06 고소한코코넛]_17.jpg;img/허니 멜팅 립 [06 고소한코코넛]_18.jpg;img/허니 멜팅 립 [06 고소한코코넛]_19.jpg;img/허니 멜팅 립 [06 고소한코코넛]_20.jpg;img/허니 멜팅 립 [06 고소한코코넛]_21.jpg
30매 (350ml),모든피부,"제조일로부터 24개월, 개봉 후 12개월 *제품의 개봉 후 사용기간은 제조일로부터 사용기한을 초과하지 않습니다.",상품상세참조,(주)엠엘에스/네이처리퍼블릭,대한민국,해당있음,상품상세참조,"1. 화장품 사용 시 또는 사용 후 직사광선에 의하여 사용부위가 붉은 반점, 부어오름 또는 가려움증 등의 이상 증상이나 부작용이 있는 경우 전문의 등과 상담할 것 2. 상처가 있는 부위 등에는 사용을 자제할 것 3. 보관 및 취급 시의 주의사항    가) 어린이의 손이 닿지 않는 곳에 보관할 것    나) 직사광선을 피해서 보관할 것 4. 눈에 들어갔을 때에는 즉시 씻어낼 것",본 제품에 이상이 있을 경우 공정거래위원회 고시 소비자분쟁해결기준에 의거하여 보상해 드립니다.,080-890-6000,detail,네이처리퍼블릭,인텐스 멀티 콜라겐뮤신 뽑아쓰는 데일리 마스크팩,2002048,34191,img/인텐스 멀티 콜라겐뮤신 뽑아쓰는 데일리 마스크팩_0.jpg;img/인텐스 멀티 콜라겐뮤신 뽑아쓰는 데일리 마스크팩_1.jpg;img/인텐스 멀티 콜라겐뮤신 뽑아쓰는 데일리 마스크팩_2.jpg;img/인텐스 멀티 콜라겐뮤신 뽑아쓰는 데일리 마스크팩_3.jpg;img/인텐스 멀티 콜라겐뮤신 뽑아쓰는 데일리 마스크팩_4.jpg;img/인텐스 멀티 콜라겐뮤신 뽑아쓰는 데일리 마스크팩_5.jpg;img/인텐스 멀티 콜라겐뮤신 뽑아쓰는 데일리 마스크팩_6.jpg;img/인텐스 멀티 콜라겐뮤신 뽑아쓰는 데일리 마스크팩_7.jpg
120ml,모든피부,"제조일로부터 36개월, 개봉 후 12개월 *제품의 개봉 후 사용기간은 제조일로부터 사용기한을 초과하지 않습니다.",상품상세참조,코스맥스(주)/네이처리퍼블릭,한국,해당있음,상품상세참조,상품상세참조,본 제품에 이상이 있을 경우 공정거래위원회 고시 소비자분쟁해결기준에 의거하여 보상해 드립니다.,080-890-6000,detail,네이처리퍼블릭,스네일 솔루션 에멀전,2071876,33166,img/스네일 솔루션 에멀전_0.jpg;img/스네일 솔루션 에멀전_1.jpg;img/스네일 솔루션 에멀전_2.jpg;img/스네일 솔루션 에멀전_3.jpg;img/스네일 솔루션 에멀전_4.jpg;img/스네일 솔루션 에멀전_5.jpg;img/스네일 솔루션 에멀전_6.jpg;img/스네일 솔루션 에멀전_7.jpg;img/스네일 솔루션 에멀전_8.jpg;img/스네일 솔루션 에멀전_9.jpg;img/스네일 솔루션 에멀전_10.jpg;img/스네일 솔루션 에멀전_11.jpg
500ml+200ml,모든피부,"제조일로부터 36개월, 개봉 후 12개월 *제품의 개봉 후 사용기간은 제조일로부터 사용기한을 초과하지 않습니다.",상품상세참조,코스맥스(주)/네이처리퍼블릭,한국,해당있음,상품상세참조,"가. 화장품 사용 시 또는 사용 후 직사광선에 의하여 사용부위가 붉은 반점, 부어오름 또는 가려움증 등의 이상 증상이나 부작용이 있는 경우에는 전문의 등과 상담할 것  나. 상처가 있는 부위 등에는 사용을 자제할 것  다. 보관 및 취급 시 주의사항     1) 어린이의 손이 닿지 않는 곳에 보관할 것     2) 직사광선을 피해서 보관할 것",본 제품에 이상이 있을 경우 공정거래위원회 고시 소비자분쟁해결기준에 의거하여 보상해 드립니다.,080-890-6000,detail,네이처리퍼블릭,맑은 녹차수 마일드 빅 토너,2062730,45977,img/맑은 녹차수 마일드 빅 토너_0.jpg;img/맑은 녹차수 마일드 빅 토너_1.jpg;img/맑은 녹차수 마일드 빅 토너_2.jpg;img/맑은 녹차수 마일드 빅 토너_3.jpg;img/맑은 녹차수 마일드 빅 토너_4.jpg;img/맑은 녹차수 마일드 빅 토너_5.jpg;img/맑은 녹차수 마일드 빅 토너_6.jpg;img/맑은 녹차수 마일드 빅 토너_7.jpg;img/맑은 녹차수 마일드 빅 토너_8.jpg
2.8g,모든피부,"제조일로부터 36개월, 개봉 후 12개월 *제품의 개봉 후 사용기간은 제조일로부터 사용기한을 초과하지 않습니다.",상품상세참조,코스맥스(주)/네이처리퍼블릭,한국,해당있음,"다이메티콘, 다이에틸헥실카보네이트, 아이소아밀라우레이트, 아이소에이코산, 합성왁스, 다이아이소스테아릴말레이트, 페닐트라이메티콘, 티타늄디옥사이드 (CI 77891), 폴리글리세릴-2트라이아이소스테아레이트, 메틸메타크릴레이트크로스폴리머, 폴리메틸실세스퀴옥세인, 비닐다이메티콘/메티콘실세스퀴옥세인크로스폴리머, 트라이에틸헥사노인, 실리카, 칸데릴라왁스, 다이메티콘크로스폴리머, 솔비탄아이소스테아레이트, 황색산화철 (CI 77492), 적색산화철 (CI 77491), 카나우바왁스, 망고씨버터, 쿠푸아수씨버터, 동백나무꽃추출물, 프로방스장미꽃수, 마트리카리아꽃추출물, 알바수련꽃추출물, 폴리에틸렌, 폴리하이드록시스테아릭애씨드, 폴리글리세릴-2다이아이소스테아레이트, 에틸헥실팔미테이트, 아이소프로필미리스테이트, 아이소스테아릭애씨드, 레시틴, 폴리글리세릴-3폴리리시놀리에이트, 트라이에톡시카프릴릴실레인, 카프릴릴글라이콜, 글리세릴카프릴레이트, 펜타에리스리틸테트라-다이-t-부틸하이드록시하이드로신나메이트, 정제수, 다이프로필렌글라이콜, 부틸렌글라이콜, 소듐팔미토일프롤린, 1,2-헥산다이올, 에틸헥실글리세린, 토코페롤, 향료, 적색201호 (CI 15850), 적색202호 (CI 15850)","​1. 화장품 사용 시 또는 사용 후 직사광선에 의하여 사용부위가 붉은 반점, 부어오름 또는 가려움증 등의 이상 증상이나 부작용이 있는 경우 전문의 등과 상담할 것  2. 상처가 있는 부위 등에는 사용을 자제할 것  3. 보관 및 취급 시의 주의사항     가) 어린이의 손이 닿지 않는 곳에 보관할 것     나) 직사광선을 피해서 보관할 것  4. 눈에 들어갔을 때에는 즉시 씻어낼 것",본 제품에 이상이 있을 경우 공정거래위원회 고시 소비자분쟁해결기준에 의거하여 보상해 드립니다.,1668-1756,normal,네이처리퍼블릭,바이플라워 에코 크레용 립 벨벳 [2호 핑크브리즈],2001734,46812,
9g,모든피부,"제조일로부터 36개월, 개봉 후 12개월 *제품의 개봉 후 사용기간은 제조일로부터 사용기한을 초과하지 않습니다.",상품상세참조,코스맥스(주)/네이처리퍼블릭,한국,해당있음,"마이카 (CI 77019), 티타늄디옥사이드 (CI 77891), 실리카, 탤크, 나일론-12, 에칠헥실메톡시신나메이트, 징크옥사이드 (CI 77947), 다이아이소스테아릴말레이트, 네오펜틸글라이콜다이에틸헥사노에이트, 황색산화철 (CI 77492), 알로에베라잎추출물, 코코넛야자오일, 아르간커넬오일, 드럼스틱씨추출물, 포트마리골드꽃추출물, 히비스커스꽃추출물, 로즈힙열매추출물, 라벤더꽃추출물, 레몬버베나잎추출물, 레몬밤추출물, 페퍼민트잎추출물, 다마스크장미꽃추출물, 로즈마리잎추출물, 살비아잎추출물, 타임잎추출물, 유럽피나무꽃추출물, 하이드로제네이티드폴리(C6-14올레핀), 마그네슘미리스테이트, 메티콘, 카프릴릭/카프릭트라이글리세라이드, 다이메티콘, 하이드로제네이티드레시틴, 카프릴릴글라이콜, 에틸헥실글리세린, 라우로일라이신, 알루미늄하이드록사이드, 트라이에톡시카프릴릴실레인, 정제수, 말토덱스트린, 토코페롤, 부틸렌글라이콜, 1,2-헥산다이올, 향료, 리모넨, 리날룰, 헥실신남알, 적색산화철 (CI 77491), 흑색산화철 (CI 77499), 울트라마린 (CI 77007)","가. 화장품 사용 시 또는 사용 후 직사광선에 의하여 사용부위가 붉은 반점, 부어오름 또는 가려움증 등의 이상 증상이나 부작용이 있는 경우에는 전문의 등과 상담할 것  나. 상처가 있는 부위 등에는 사용을 자제할 것  다. 보관 및 취급 시 주의사항     1) 어린이의 손이 닿지 않는 곳에 보관할 것     2) 직사광선을 피해서 보관할 것  라. 눈에 들어갔을 때에는 즉시 씻어낼 것",본 제품에 이상이 있을 경우 공정거래위원회 고시 소비자분쟁해결기준에 의거하여 보상해 드립니다.,080-890-6000,normal,네이처리퍼블릭,네이처 오리진 커버 투웨이 팩트 [SPF30/PA+++] [2호 내추럴베이지],1991490,58612,
0.3g,모든피부,"제조일로부터 36개월, 개봉 후 6개월 *제품의 개봉 후 사용기간은 제조일로부터 사용기한을 초과하지 않습니다.",상품상세참조,믹스앤매치 / 네이처리퍼블릭,대한민국,해당있음,"흑색산화철 (CI 77499), 티타늄디옥사이드 (CI 77891), 하이드로제네이티드코코-글리세라이즈, 징크스테아레이트, 검양옻나무열매왁스, 마이카 (CI 77019), 팔미틱애씨드, 스테아릭애씨드, 마이크로크리스탈린왁스, 카나우바왁스, 울트라마린 (CI 77007), 칸데릴라왁스, 적색산화철 (CI 77491), 황색산화철 (CI 77492), 폴리부텐, 피마자씨오일, 페닐트라이메티콘, 글리세릴카프릴레이트, 카프릴릴글라이콜, 정제수, 부틸렌글라이콜, 감나무잎추출물, 글리세린, 메틸프로판다이올, 밤부사 불가리스추출물, 1,2-헥산다이올, 겨우살이잎추출물, 에틸헥실글리세린","가. 화장품 사용 시 또는 사용 후 직사광선에 의하여 사용부위가 붉은 반점, 부어오름 또는 가려움증 등의 이상 증상이나 부작용이 있는 경우에는 전문의 등과 상담할 것  나. 상처가 있는 부위 등에는 사용을 자제할 것  다. 보관 및 취급 시 주의사항     1) 어린이의 손이 닿지 않는 곳에 보관할 것     2) 직사광선을 피해서 보관할 것  라. 눈에 들어갔을 때에는 즉시 씻어낼 것.",본 제품에 이상이 있을 경우 공정거래위원회 고시 소비자분쟁해결기준에 의거하여 보상해 드립니다.,080-890-6000,normal,네이처리퍼블릭,보테니컬 오토 아이브로우 [4호 문그레이],1991477,57942,
300ml,상품상세참조,"제조일로부터 36개월, 개봉 후 12개월 *제품의 개봉 후 사용기간은 제조일로부터 사용기한을 초과하지 않습니다.",상품상세참조,코스맥스(주)/네이처리퍼블릭,한국,해당있음,상품상세참조,상품상세참조,본 제품에 이상이 있을 경우 공정거래위원회 고시 소비자분쟁해결기준에 의거하여 보상해 드립니다.,080-890-6000,detail,네이처리퍼블릭,비타페어C 토너,1875819,21306,img/비타페어C 토너_0.jpg;img/비타페어C 토너_1.jpg;img/비타페어C 토너_2.jpg;img/비타페어C 토너_3.jpg;img/비타페어C 토너_4.jpg;img/비타페어C 토너_5.jpg;img/비타페어C 토너_6.jpg;img/비타페어C 토너_7.jpg;img/비타페어C 토너_8.jpg
2.6g,모든 피부,"제조일로부터 36개월, 개봉 후 12개월",상품상세참조,코스맥스(주)/네이처리퍼블릭,한국,해당있음,상품상세참조,상품상세참조,본 제품에 이상이 있을 경우 공정거래위원회 고시 소비자분쟁해결기준에 의거하여 보상해 드립니다.,080-890-6000,detail,네이처리퍼블릭,데일리 베이직 팔레트 [4호 코랄],1996114,32439,img/데일리 베이직 팔레트 [4호 코랄]_0.jpg;img/데일리 베이직 팔레트 [4호 코랄]_1.jpg;img/데일리 베이직 팔레트 [4호 코랄]_2.jpg;img/데일리 베이직 팔레트 [4호 코랄]_3.jpg;img/데일리 베이직 팔레트 [4호 코랄]_4.jpg;img/데일리 베이직 팔레트 [4호 코랄]_5.jpg;img/데일리 베이직 팔레트 [4호 코랄]_6.jpg;img/데일리 베이직 팔레트 [4호 코랄]_7.jpg;img/데일리 베이직 팔레트 [4호 코랄]_8.jpg
300ml,모든피부,"제조일로부터 24개월, 개봉 후 12개월 *제품의 개봉 후 사용기간은 제조일로부터 사용기한을 초과하지 않습니다.",상품상세참조,(주)서울화장품/네이처리퍼블릭,대한민국,해당있음,"정제수, 코카미도프로필베타인, 소듐코코일알라니네이트, 소듐라우로일메틸아미노프로피오네이트, 프로필렌글라이콜, 코카마이드메틸엠이에이, 피이지-7글리세릴코코에이트, 피이지-150다이스테아레이트, 폴리쿼터늄-10, 피피지-3미리스틸에터, 펜타소듐펜테테이트, 소듐벤조에이트, 카프릴릴글라이콜, 피씨에이, 베타인, 소듐락테이트, 소듐클로라이드, 크레아틴, 알지닌, 라벤더추출물, 베르가못잎추출물, 페퍼민트잎추출물, 프리지어추출물, 마트리카리아꽃추출물, 로즈마리잎추출물, 부틸렌글라이콜, 1,2-헥산다이올, 에틸헥실글리세린, 달맞이꽃오일, 로즈힙열매오일, 아르간커넬오일, 향료, 하이드록시시트로넬알, 리날룰, 리모넨, 헥실신남알",상품상세참조,본 제품에 이상이 있을 경우 공정거래위원회 고시 소비자분쟁해결기준에 의거하여 보상해 드립니다.,080-890-6000,normal,네이처리퍼블릭,아르간 에센셜 딥케어 샴푸,2014001,33986,
500ml,모든피부,"제조일로부터 36개월, 개봉 후 12개월 *제품의 개봉 후 사용기간은 제조일로부터 사용기한을 초과하지 않습니다.",상품상세참조,코스맥스 / 네이처리퍼블릭,한국,해당있음,"정제수,다이프로필렌글라이콜,글리세린,펜틸렌글라이콜,펜타에리스리틸테트라에틸헥사노에이트,1,2-헥산다이올,부틸렌글라이콜,아이리쉬모스추출물,사탕수수추출물,아틀라스시다나무껍질오일,소듐하이알루로네이트,로즈마리잎오일,백미꽃추출물,클레리오일,일랑일랑꽃오일,퀸즈랜드넛오일,접시꽃추출물,커먼자스민오일,참마뿌리추출물,하이드롤라이즈드식물성단백질,신선초추출물,몰로키아잎추출물,오크라열매추출물,연꽃뿌리추출물,순무잎추출물,하이드롤라이즈드하이알루로닉애씨드,감초뿌리추출물,하이알루로닉애씨드,사탕무뿌리추출물,락토바실러스발효물,마카뿌리추출물,모란뿌리추출물,아보카도열매추출물,사과세포배양추출물,아크릴레이트/C10-30알킬아크릴레이트크로스폴리머,트로메타민,판테놀,에틸헥실글리세린,베타-글루칸,세라마이드엔피,피토스핑고신,토코페롤,말토덱스트린,폴리글리세릴-10라우레이트,다이메틸실란올하이알루로네이트,하이드롤라이즈드소듐하이알루로네이트,니코틴아마이드모노뉴클레오타이드,포타슘하이알루로네이트,솔비톨,하이드록시프로필트라이모늄하이알루로네이트,소듐하이알루로네이트크로스폴리머,수크로오스,소듐하이알루로네이트다이메틸실란올,소듐아세틸레이티드하이알루로네이트,하이드로제네이티드레시틴,마데카소사이드,카프릴릴/카프릴글루코사이드,다이소듐이디티에이","가. 화장품 사용 시 또는 사용 후 직사광선에 의하여 사용부위가 붉은 반점, 부어오름 또는 가려움증 등의 이상 증상이나 부작용이 있는 경우에는 전문의 등과 상담할 것  나. 상처가 있는 부위 등에는 사용을 자제할 것  다. 보관 및 취급 시 주의사항     1) 어린이의 손이 닿지 않는 곳에 보관할 것     2) 직사광선을 피해서 보관할 것",본 제품에 이상이 있을 경우 공정거래위원회 고시 소비자분쟁해결기준에 의거하여 보상해 드립니다.,080-890-6000,normal,네이처리퍼블릭,루트베리어 하이드로 토너,2197182,77310,
160ml,모든피부,"제조일로부터 36개월, 개봉 후 12개월 *제품의 개봉 후 사용기간은 제조일로부터 사용기한을 초과하지 않습니다.",상품상세참조,(주)서울화장품/네이처리퍼블릭,한국,해당있음,"정제수, 세테아릴알코올, 프로필렌글라이콜, 글리세린, 사이클로펜타실록세인, 베헨트라이모늄클로라이드, 세틸알코올, 세트리모늄클로라이드, 페녹시에탄올, 아르간커넬오일, 토코페릴아세테이트, 판테놀, 다이소듐이디티에이, 달맞이꽃오일, 로즈힙열매오일, 라벤더추출물, 로즈마리잎추출물, 마트리카리아꽃추출물, 베르가못잎추출물, 부틸렌글라이콜, 페퍼민트잎추출물, 프리지어추출물, 1,2-헥산다이올, 에틸헥실글리세린, 향료, 하이드록시시트로넬알, 리날룰, 리모넨, 헥실신남알, 시트로넬올, 제라니올","1. 화장품 사용 시 또는 사용 후 직사광선에 의하여 사용부위가 붉은 반점, 부어오름 또는 가려움증 등의 이상 증상이나 부작용이 있는 경우 전문의 등과 상담할 것  2. 상처가 있는 부위 등에는 사용을 자제할 것  3. 보관 및 취급 시의 주의사항     가) 어린이의 손이 닿지 않는 곳에 보관할 것     나) 직사광선을 피해서 보관할 것",본 제품에 이상이 있을 경우 공정거래위원회 고시 소비자분쟁해결기준에 의거하여 보상해 드립니다.,080-890-6000,normal,네이처리퍼블릭,아르간 에센셜 헤어 노워시 트리트먼트,2018226,47802,
170ml,모든피부,"제조일로부터 36개월, 개봉 후 12개월 *제품의 개봉 후 사용기간은 제조일로부터 사용기한을 초과하지 않습니다.",상품상세참조,코스맥스(주) / 네이처리퍼블릭,한국,해당있음,"정제수,글리세린,스테아릭애씨드,미리스틱애씨드,피이지-32,포타슘하이드록사이드,팔미틱애씨드,라우릭애씨드,글리세릴스테아레이트,피이지-100스테아레이트,라우라마이드디이에이,포타슘코코에이트,서인도체리열매추출물,살비아잎추출물,레몬버베나잎추출물,일랑일랑꽃추출물,마트리카리아꽃수,히비스커스꽃추출물,커먼자스민꽃수,라벤더꽃수,페퍼민트잎수,애플민트잎추출물,로즈마리잎수,코카미도프로필베타인,티이에이-라우릴설페이트,소듐클로라이드,소듐파이테이트,이디티에이,부틸렌글라이콜,시트릭애씨드,페녹시에탄올,소듐벤조에이트,향료,헥실신남알,벤질살리실레이트,적색504호 (CI 14700),황색5호 (CI 15985)","가. 화장품 사용 시 또는 사용 후 직사광선에 의하여 사용부위가 붉은 반점, 부어오름 또는 가려움증 등의 이상 증상이나 부작용이 있는 경우에는 전문의 등과 상담할 것  나. 상처가 있는 부위 등에는 사용을 자제할 것  다. 보관 및 취급 시 주의사항     1) 어린이의 손이 닿지 않는 곳에 보관할 것     2) 직사광선을 피해서 보관할 것",본 제품에 이상이 있을 경우 공정거래위원회 고시 소비자분쟁해결기준에 의거하여 보상해 드립니다.,080-890-6000,normal,네이처리퍼블릭,프레시 허브 폼클렌징 [아세로라],2162414,73550,
27ml*2매,모든피부,"제조일로부터 24개월, 개봉 후 12개월 *제품의 개봉 후 사용기간은 제조일로부터 사용기한을 초과하지 않습니다.",상품상세참조,코스맥스(주) / 네이처리퍼블릭,대한민국,해당있음,"정제수, 글리세린, 1,2-헥산다이올, 부틸렌글라이콜, 자일리톨, 효모발효여과물, 소듐하이알루로네이트, 백미꽃추출물, 트루로즈오브예리코추출물, 락토바실러스발효물, 접시꽃추출물, 수국잎추출물, 메틸프로판다이올, 에리스리톨, 트로메타민, 알란토인, 프로판다이올, 카프릴릴글라이콜, 에틸헥실글리세린, 폴리글리세릴-10아이소스테아레이트, 소듐파이테이트, 펜틸렌글라이콜, 폴리글리세릴-10올리에이트, 판테놀, 아세틸글루코사민, 하이드록시아세토페논, 다발방패버섯추출물, 소듐하이알루로네이트크로스폴리머, 카보머, 잔탄검, 향료","가. 화장품 사용 시 또는 사용 후 직사광선에 의하여 사용부위가 붉은 반점, 부어오름 또는 가려움증 등의 이상 증상이나 부작용이 있는 경우에는 전문의 등과 상담할 것 나. 상처가 있는 부위 등에는 사용을 자제할 것 다. 보관 및 취급 시 주의사항 1) 어린이의 손이 닿지 않는 곳에 보관할 것 2) 직사광선을 피해서 보관할 것 라. 눈 주위를 피하여 사용할 것",본 제품에 이상이 있을 경우 공정거래위원회 고시 소비자분쟁해결기준에 의거하여 보상해 드립니다.,080-890-6000,normal,네이처리퍼블릭,크라이오 아이싱 마스크팩 [하이드레이팅],2062283,57907,
100ml,모든피부,"제조일로부터 36개월, 개봉 후 12개월 *제품의 개봉 후 사용기간은 제조일로부터 사용기한을 초과하지 않습니다.",상품상세참조,코스맥스 / 네이처리퍼블릭,한국,해당있음,"정제수,부틸렌글라이콜,글리세린,펜틸렌글라이콜,프로판다이올,자일리톨,알로에베라잎수,알로에베라잎추출물,베르가모트오일,로즈마리잎오일,병풀추출물,감나무잎추출물,포도추출물,빙하수,백미꽃추출물,잇꽃꽃추출물,커피콩추출물,호장근뿌리추출물,녹차추출물,밤껍질추출물,초피나무열매추출물,하이드롤라이즈드하이알루로닉애씨드,접시꽃추출물,하이알루로닉애씨드,소듐하이알루로네이트,에리스리톨,글리세레스-26,피피지-13-데실테트라데세스-24,칼슘락테이트,다이펩타이드-15,젤란검,하이드록시아세토페논,판테놀,1,2-헥산다이올,소듐시트레이트,에틸헥실글리세린,시트릭애씨드,베타-글루칸,다이메틸실란올하이알루로네이트,하이드롤라이즈드소듐하이알루로네이트,포타슘하이알루로네이트,하이드록시프로필트라이모늄하이알루로네이트,소듐하이알루로네이트크로스폴리머,카퍼트라이펩타이드-1,소듐하이알루로네이트다이메틸실란올,토코페롤,소듐아세틸레이티드하이알루로네이트,마데카소사이드,리모넨,리날룰","가. 화장품 사용 시 또는 사용 후 직사광선에 의하여 사용부위가 붉은 반점, 부어오름 또는 가려움증 등의 이상 증상이나 부작용이 있는 경우에는 전문의 등과 상담할 것  나. 상처가 있는 부위 등에는 사용을 자제할 것  다. 보관 및 취급 시 주의사항     1) 어린이의 손이 닿지 않는 곳에 보관할 것     2) 직사광선을 피해서 보관할 것",본 제품에 이상이 있을 경우 공정거래위원회 고시 소비자분쟁해결기준에 의거하여 보상해 드립니다.,080-890-6000,normal,네이처리퍼블릭,블루알로에 카밍 포어 겔 미스트,2192841,76773,
70매/220g,모든피부,"제조일로부터 36개월, 개봉 후 12개월 *제품의 개봉 후 사용기간은 제조일로부터 사용기한을 초과하지 않습니다.",상품상세참조,코스맥스 / 네이처리퍼블,한국,해당있음,"정제수,글리세린,메틸프로판다이올,다이프로필렌글라이콜,부틸렌글라이콜,알로에베라잎수,알로에베라잎추출물,베르가모트오일,로즈마리잎오일,감나무잎추출물,포도추출물,빙하수,백미꽃추출물,잇꽃꽃추출물,커피콩추출물,호장근뿌리추출물,녹차추출물,밤껍질추출물,초피나무열매추출물,접시꽃추출물,워터민트추출물,하이드롤라이즈드하이알루로닉애씨드,하이알루로닉애씨드,소듐하이알루로네이트,글루코노락톤,하이드록시아세토페논,소듐시트레이트,알란토인,트로메타민,프로판다이올,1,2-헥산다이올,에틸헥실글리세린,카프릴릴글라이콜,폴리글리세릴-10아이소스테아레이트,다이포타슘글리시리제이트,폴리글리세릴-10올리에이트,소듐파이테이트,펜틸렌글라이콜,메틸다이아이소프로필프로피온아마이드,판테놀,베타-글루칸,살리실릭애씨드,카퍼트라이펩타이드-1,카프릴로일살리실릭애씨드,징크피씨에이,글라이콜릭애씨드,다이메틸실란올하이알루로네이트,하이드롤라이즈드소듐하이알루로네이트,팔미토일트라이펩타이드-5,포타슘하이알루로네이트,하이드록시프로필트라이모늄하이알루로네이트,소듐하이알루로네이트크로스폴리머,소듐하이알루로네이트다이메틸실란올,소듐아세틸레이티드하이알루로네이트,카페인,잔탄검,리모넨,리날룰","가. 화장품 사용 시 또는 사용 후 직사광선에 의하여 사용부위가 붉은 반점, 부어오름 또는 가려움증 등의 이상 증상이나 부작용이 있는 경우에는 전문의 등과 상담할 것  나. 상처가 있는 부위 등에는 사용을 자제할 것  다. 보관 및 취급 시 주의사항     1) 어린이의 손이 닿지 않는 곳에 보관할 것     2) 직사광선을 피해서 보관할 것  라. 눈 주위를 피하여 사용할 것",본 제품에 이상이 있을 경우 공정거래위원회 고시 소비자분쟁해결기준에 의거하여 보상해 드립니다.,080-890-6000,normal,네이처리퍼블릭,블루알로에 카밍 포어 패드,2192843,76774,
250ml,상품상세참조,"제조일로부터 30개월, 개봉 후 12개월 *제품의 개봉 후 사용기간은 제조일로부터 사용기한을 초과하지 않습니다.",상품상세참조,한국콜마(주)/네이처리퍼블릭,한국,해당있음,"정제수, 프로판다이올, 사이클로펜타실록세인, 에칠헥실살리실레이트, 호모살레이트, 다이부틸아디페이트, 나이아신아마이드, 비스-에칠헥실옥시페놀메톡시페닐트리아진, 메칠렌비스-벤조트리아졸릴테트라메칠부틸페놀, 폴리메틸실세스퀴옥세인, 폴리실리콘-15, 디에칠아미노하이드록시벤조일헥실벤조에이트, 카프릴릴메티콘, 하와이무궁화꽃/잎추출물, 노니추출물, 알로에베라잎추출물(2.5 ppm), 불가리스쑥오일, 소듐하이알루로네이트, 1,2-헥산다이올, 펜틸렌글라이콜, 글리세린, 베헤닐알코올, 실리카, 폴리글리세릴-3메틸글루코오스다이스테아레이트, 트로메타민, 데실글루코사이드, 카보머, 판테놀, 아크릴레이트/C10-30알킬아크릴레이트크로스폴리머, 소듐폴리아크릴레이트, 소듐스테아로일글루타메이트, 폴리아크릴레이트크로스폴리머-6, 에틸헥실글리세린, 아데노신, 해수, 부틸렌글라이콜, 폴리에터-1, 프로필렌글라이콜, 잔탄검, t-부틸알코올, 토코페롤, 페녹시에탄올","가. 화장품 사용 시 또는 사용 후 직사광선에 의하여 사용부위가 붉은 반점, 부어오름 또는 가려움증 등의 이상 증상이나 부작용이 있는 경우에는 전문의 등과 상담할 것  나. 상처가 있는 부위 등에는 사용을 자제할 것  다. 보관 및 취급 시 주의사항     1) 어린이의 손이 닿지 않는 곳에 보관할 것     2) 직사광선을 피해서 보관할 것  * 내용물이 섬유 및 의류 등에 묻을 경우 세탁으로 완전 제거가 어려우니 의류에 묻지 않도록 주의해 주십시오.  * 식물유래 에센셜 향 적용 제품으로 경시적인 감향이 발생할 수 있습니다.",본 제품에 이상이 있을 경우 공정거래위원회 고시 소비자분쟁해결기준에 의거하여 보상해 드립니다.,080-890-6000,normal,네이처리퍼블릭,캘리포니아 알로에 아쿠아 점보 선로션 [SPF50+/PA++++],1991541,43432,
30ml*2,모든피부,"제조일로부터 36개월, 개봉 후 12개월 *제품의 개봉 후 사용기간은 제조일로부터 사용기한을 초과하지 않습니다.",상품상세참조,(주)코스맥스 / 네이처리퍼블릭,대한민국,해당있음,"정제수,세틸에틸헥사노에이트,글리세린,시어버터,카프릴릭/카프릭트라이글리세라이드,1,2-헥산다이올,다이글리세린,메틸프로판다이올,폴리글리세릴-3메틸글루코오스다이스테아레이트,향료,녹차추출물,퀸즈랜드넛오일,올리브오일,호호바씨오일,포도씨오일,다이스타치포스페이트,암모늄아크릴로일다이메틸타우레이트/브이피코폴리머,글리세릴스테아레이트,아크릴레이트/C10-30알킬아크릴레이트크로스폴리머,세테아릴올리베이트,합성비즈왁스,트로메타민,솔비탄올리베이트,카프릴릴글라이콜,에틸헥실글리세린,다이포타슘글리시리제이트,판테놀,부틸렌글라이콜,베타-글루칸,수크로오스팔미테이트,하이드로제네이티드레시틴,토코페롤,잔탄검,리모넨,리날룰,제라니올",상품상세참조,본 제품에 이상이 있을 경우 공정거래위원회 고시 소비자분쟁해결기준에 의거하여 보상해 드립니다.,080-890-6000,normal,네이처리퍼블릭,핸드 앤 네이처 핸드크림 [그린티],2131485,69556,
300ml,모든피부,"제조일로부터 36개월, 개봉 후 12개월 *제품의 개봉 후 사용기간은 제조일로부터 사용기한을 초과하지 않습니다.",상품상세참조,한국콜마(주)/네이처리퍼블릭,대한민국,해당있음,상품상세참조,"가. 화장품 사용 시 또는 사용 후 직사광선에 의하여 사용부위가 붉은 반점, 부어오름 또는 가려움증 등의 이상 증상이나 부작용이 있는 경우에는 전문의 등과 상담할 것 나. 상처가 있는 부위 등에는 사용을 자제할 것 다. 보관 및 취급 시 주의사항 1) 어린이의 손이 닿지 않는 곳에 보관할 것 2) 직사광선을 피해서 보관할 것",본 제품에 이상이 있을 경우 공정거래위원회 고시 소비자분쟁해결기준에 의거하여 보상해 드립니다.,080-890-6000,detail,네이처리퍼블릭,그린더마 티트리 시카 아크네 바디워시,2084567,59555,img/그린더마 티트리 시카 아크네 바디워시_0.jpg;img/그린더마 티트리 시카 아크네 바디워시_1.jpg;img/그린더마 티트리 시카 아크네 바디워시_2.jpg;img/그린더마 티트리 시카 아크네 바디워시_3.jpg;img/그린더마 티트리 시카 아크네 바디워시_4.jpg;img/그린더마 티트리 시카 아크네 바디워시_5.jpg;img/그린더마 티트리 시카 아크네 바디워시_6.jpg;img/그린더마 티트리 시카 아크네 바디워시_7.jpg
40ml X 2,모든피부,"제조일로부터 36개월, 개봉 후 12개월 *제품의 개봉 후 사용기간은 제조일로부터 사용기한을 초과하지 않습니다.",상품상세참조,코스맥스/네이처리퍼블릭,한국,해당있음,"정제수,디에칠아미노하이드록시벤조일헥실벤조에이트,다이부틸아디페이트,C12-15알킬벤조에이트,옥토크릴렌,프로판다이올,에칠헥실트리아존,글리세린,폴리메틸실세스퀴옥세인,에탄올,메칠렌비스-벤조트리아졸릴테트라메칠부틸페놀,바오밥나무잎추출물,하이알루로닉애씨드,하이드롤라이즈드하이알루로닉애씨드,소듐하이알루로네이트,비닐다이메티콘,1,2-헥산다이올,비스-에칠헥실옥시페놀메톡시페닐트리아진,펜틸렌글라이콜,아크릴레이트/C12-22알킬메타크릴레이트코폴리머,세테아릴올리베이트,다이메틸카프라마이드,트로메타민,비스-다이글리세릴폴리아실아디페이트-2,하이드록시아세토페논,솔비탄올리베이트,C20-22알킬포스페이트,데실글루코사이드,하이드록시에틸셀룰로오스,아크릴레이트/C10-30알킬아크릴레이트크로스폴리머,알지닌,코코-글루코사이드,폴리아크릴레이트크로스폴리머-6,소듐스테아로일글루타메이트,카프릴릭/카프릭트라이글리세라이드,다이소듐라우릴설포석시네이트,부틸렌글라이콜,하이드로제네이티드레시틴,세라마이드엔피,에틸헥실글리세린,카보머,C20-22알코올,잔탄검,향료","가. 화장품 사용 시 또는 사용 후 직사광선에 의하여 사용부위가 붉은 반점, 부어오름 또는 가려움증 등의 이상 증상이나 부작용이 있는 경우에는 전문의 등과 상담할 것  나. 상처가 있는 부위 등에는 사용을 자제할 것  다. 보관 및 취급 시 주의사항     1) 어린이의 손이 닿지 않는 곳에 보관할 것     2) 직사광선을 피해서 보관할 것",본 제품에 이상이 있을 경우 공정거래위원회 고시 소비자분쟁해결기준에 의거하여 보상해 드립니다.,080-890-6000,normal,네이처리퍼블릭,유브이컷 바오밥 선크림 [SPF50+/PA++++] [수분],2148040,71971,
100ml,모든피부,"제조일로부터 30개월, 개봉 후 12개월 *제품의 개봉 후 사용기간은 제조일로부터 사용기한을 초과하지 않습니다.",상품상세참조,코스맥스(주) / 네이처리퍼블릭,한국,해당있음,상품상세참조,"1. 화장품 사용 시 또는 사용 후 직사광선에 의하여 사용부위가 붉은 반점, 부어오름 또는 가려움증 등의 이상 증상이나 부작용이 있는 경우 전문의 등과 상담할 것 2. 상처가 있는 부위 등에는 사용을 자제할 것 3. 보관 및 취급 시의 주의사항    가) 어린이의 손이 닿지 않는 곳에 보관할 것    나) 직사광선을 피해서 보관할 것",본 제품에 이상이 있을 경우 공정거래위원회 고시 소비자분쟁해결기준에 의거하여 보상해 드립니다.,080-890-6000,detail,네이처리퍼블릭,쉐어버터 스팀 크림 [모이스트],2110614,23660,img/쉐어버터 스팀 크림 [모이스트]_0.jpg;img/쉐어버터 스팀 크림 [모이스트]_1.jpg;img/쉐어버터 스팀 크림 [모이스트]_2.jpg;img/쉐어버터 스팀 크림 [모이스트]_3.jpg;img/쉐어버터 스팀 크림 [모이스트]_4.jpg;img/쉐어버터 스팀 크림 [모이스트]_5.jpg;img/쉐어버터 스팀 크림 [모이스트]_6.jpg;img/쉐어버터 스팀 크림 [모이스트]_7.jpg;img/쉐어버터 스팀 크림 [모이스트]_8.jpg;img/쉐어버터 스팀 크림 [모이스트]_9.jpg;img/쉐어버터 스팀 크림 [모이스트]_10.jpg
32ml,모든 피부,"제조일로부터 36개월, 개봉 후 12개월 *제품의 개봉 후 사용기간은 제조일로부터 사용기한을 초과하지 않습니다.",상품상세참조,(주)코스맥스 / 네이처리퍼블릭,한국,해당있음,상품상세참조,상품상세참조,본 제품에 이상이 있을 경우 공정거래위원회 고시 소비자분쟁해결기준에 의거하여 보상해 드립니다.,080-890-6000,detail,네이처리퍼블릭,프로방스 에어 스킨 핏 원데이 래스팅 파운데이션 [SPF30/PA++] [Y23 웜베이지],1991442,30318,img/프로방스 에어 스킨 핏 원데이 래스팅 파운데이션 [SPF30PA++] [Y23 웜베이지]_0.jpg;img/프로방스 에어 스킨 핏 원데이 래스팅 파운데이션 [SPF30PA++] [Y23 웜베이지]_1.jpg;img/프로방스 에어 스킨 핏 원데이 래스팅 파운데이션 [SPF30PA++] [Y23 웜베이지]_2.jpg;img/프로방스 에어 스킨 핏 원데이 래스팅 파운데이션 [SPF30PA++] [Y23 웜베이지]_3.jpg;img/프로방스 에어 스킨 핏 원데이 래스팅 파운데이션 [SPF30PA++] [Y23 웜베이지]_4.jpg;img/프로방스 에어 스킨 핏 원데이 래스팅 파운데이션 [SPF30PA++] [Y23 웜베이지]_5.jpg;img/프로방스 에어 스킨 핏 원데이 래스팅 파운데이션 [SPF30PA++] [Y23 웜베이지]_6.jpg;img/프로방스 에어 스킨 핏 원데이 래스팅 파운데이션 [SPF30PA++] [Y23 웜베이지]_7.jpg;img/프로방스 에어 스킨 핏 원데이 래스팅 파운데이션 [SPF30PA++] [Y23 웜베이지]_8.jpg;img/프로방스 에어 스킨 핏 원데이 래스팅 파운데이션 [SPF30PA++] [Y23 웜베이지]_9.jpg;img/프로방스 에어 스킨 핏 원데이 래스팅 파운데이션 [SPF30PA++] [Y23 웜베이지]_10.jpg
100ml,모든피부,"제조일로부터 36개월, 개봉 후 12개월 *제품의 개봉 후 사용기간은 제조일로부터 사용기한을 초과하지 않습니다.",상품상세참조,코스맥스(주)/네이처리퍼블릭,한국,해당있음,"정제수,셀룰로오스,에탄올,디프로필렌글라이콜,글리세린,부틸렌글라이콜,호두껍질가루,스위트아몬드씨가루,블래더랙앨지추출물,레몬그라스추출물,콩추출물,레몬그라스오일,유자씨추출물,레몬껍질오일,오르소시폰추출물,에필로비움 플레이스케리추출물,트로메타민,1,2-헥산디올,소듐파이테이트,하이드록시아세토페논,펜틸렌글라이콜,라우릴피리디늄클로라이드,옥탄디올,에칠헥실글리세린,말토덱스트린,시트릭애씨드,카보머,잔탄검,포타슘소르베이트,리모넨","가. 화장품 사용 시 또는 사용 후 직사광선에 의하여 사용부위가 붉은 반점, 부어오름 또는 가려움증 등의 이상 증상이나 부작용이 있는 경우에는 전문의 등과 상담할 것  나. 상처가 있는 부위 등에는 사용을 자제할 것  다. 보관 및 취급 시 주의사항     1) 어린이의 손이 닿지 않는 곳에 보관할 것     2) 직사광선을 피해서 보관할 것  라. 알갱이가 눈에 들어갔을 때에는 물로 씻어내고, 이상이 있는 경우에는 전문의와 상담할 것  마. 눈 주위를 피해서 사용할 것",본 제품에 이상이 있을 경우 공정거래위원회 고시 소비자분쟁해결기준에 의거하여 보상해 드립니다.,080-890-6000,normal,네이처리퍼블릭,내추럴 메이드 울트라 필링 젤 [레몬그라스],1991951,58610,
2.8g,모든피부,"제조일로부터 36개월, 개봉 후 12개월 *제품의 개봉 후 사용기간은 제조일로부터 사용기한을 초과하지 않습니다.",상품상세참조,코스맥스(주)/네이처리퍼블릭,한국,해당있음,"다이메티콘, 다이에틸헥실카보네이트, 아이소아밀라우레이트, 아이소에이코산, 다이아이소스테아릴말레이트, 합성왁스, 티타늄디옥사이드 (CI 77891), 페닐트라이메티콘, 트라이에틸헥사노인, 메틸메타크릴레이트크로스폴리머, 폴리메틸실세스퀴옥세인, 비닐다이메티콘/메티콘실세스퀴옥세인크로스폴리머, 폴리글리세릴-2트라이아이소스테아레이트, 실리카, 칸데릴라왁스, 황색산화철 (CI 77492), 다이메티콘크로스폴리머, 솔비탄아이소스테아레이트, 카나우바왁스, 망고씨버터, 쿠푸아수씨버터, 동백나무꽃추출물, 프로방스장미꽃수, 마트리카리아꽃추출물, 알바수련꽃추출물, 폴리에틸렌, 폴리하이드록시스테아릭애씨드, 폴리글리세릴-2다이아이소스테아레이트, 에틸헥실팔미테이트, 아이소프로필미리스테이트, 아이소스테아릭애씨드, 레시틴, 폴리글리세릴-3폴리리시놀리에이트, 트라이에톡시카프릴릴실레인, 카프릴릴글라이콜, 글리세릴카프릴레이트, 펜타에리스리틸테트라-다이-t-부틸하이드록시하이드로신나메이트, 정제수, 다이프로필렌글라이콜, 부틸렌글라이콜, 소듐팔미토일프롤린, 1,2-헥산다이올, 에틸헥실글리세린, 토코페롤, 향료, 적색산화철 (CI 77491), 적색202호 (CI 15850)","​1. 화장품 사용 시 또는 사용 후 직사광선에 의하여 사용부위가 붉은 반점, 부어오름 또는 가려움증 등의 이상 증상이나 부작용이 있는 경우 전문의 등과 상담할 것  2. 상처가 있는 부위 등에는 사용을 자제할 것  3. 보관 및 취급 시의 주의사항     가) 어린이의 손이 닿지 않는 곳에 보관할 것     나) 직사광선을 피해서 보관할 것  4. 눈에 들어갔을 때에는 즉시 씻어낼 것",본 제품에 이상이 있을 경우 공정거래위원회 고시 소비자분쟁해결기준에 의거하여 보상해 드립니다.,1668-1756,normal,네이처리퍼블릭,바이플라워 에코 크레용 립 벨벳 [1호 엔젤블러쉬],2001733,46811,
23ml * 20매,모든피부,"제조일로부터 36개월, 개봉 후 즉시 *제품의 개봉 후 사용기간은 제조일로부터 사용기한을 초과하지 않습니다.",상품상세참조,(주)이미인 / 네이처리퍼블릭,대한민국,해당있음,"정제수, 다이프로필렌글라이콜, 세틸에틸헥사노에이트, 글리세린, 폴리글리세릴-3메틸글루코오스다이스테아레이트, 다이메티콘, 글리세릴스테아레이트, 피이지-100스테아레이트, 부틸렌글라이콜, 모란뿌리추출물, 병풀추출물, 1,2-헥산다이올, 카보머, 하이드록시에틸셀룰로오스, 올리브추출물, 마트리카리아꽃추출물, 글리세릴카프릴레이트, 포타슘하이드록사이드, 에틸헥실글리세린, 겐티아나뿌리추출물, 서양톱풀추출물, 쓴쑥추출물, 아르니카 몬타나꽃추출물, 다이소듐이디티에이, 향료, 리날룰, 헥실신남알","1. 화장품 사용 시 또는 사용 후 직사광선에 의하여 사용부위가 붉은 반점, 부어오름 또는  가려움증 등의 증상이나 부작용이 있는 경우 전문의 등과 상담할 것    2. 상처가 있는 부위 등에는 사용을 자제할 것    3. 보관 및 취급 시의 주의 사항  가) 어린이의 손이 닿지 않는 곳에 보관할 것  나) 직사광선을 피해서 보관할 것    4. 눈 주위를 피하여 사용할 것    * 개봉 후에 제품이 건조되므로 즉시 사용하고, 한번 사용한 제품은 다시 사용하지 말 것  ※ 사용 전에 반드시 사용방법 및 사용 시의 주의사항을 숙지하신 후 사용하십시오",본 제품에 이상이 있을 경우 공정거래위원회 고시 소비자분쟁해결기준에 의거하여 보상해 드립니다.,080-890-6000,normal,네이처리퍼블릭,리얼 네이처 마스크 시트 [올리브],1819414,57593,
2.8g,모든피부,"제조일로부터 36개월, 개봉 후 12개월 *제품의 개봉 후 사용기간은 제조일로부터 사용기한을 초과하지 않습니다.",상품상세참조,코스맥스(주)/네이처리퍼블릭,한국,해당있음,"다이메티콘, 다이에틸헥실카보네이트, 아이소아밀라우레이트, 아이소에이코산, 합성왁스, 다이아이소스테아릴말레이트, 페닐트라이메티콘, 티타늄디옥사이드 (CI 77891), 폴리글리세릴-2트라이아이소스테아레이트, 메틸메타크릴레이트크로스폴리머, 폴리메틸실세스퀴옥세인, 비닐다이메티콘/메티콘실세스퀴옥세인크로스폴리머, 트라이에틸헥사노인, 적색산화철 (CI 77491), 실리카, 칸데릴라왁스, 다이메티콘크로스폴리머, 솔비탄아이소스테아레이트, 황색산화철 (CI 77492), 카나우바왁스, 망고씨버터, 쿠푸아수씨버터, 동백나무꽃추출물, 프로방스장미꽃수, 마트리카리아꽃추출물, 알바수련꽃추출물, 폴리에틸렌, 폴리하이드록시스테아릭애씨드, 폴리글리세릴-2다이아이소스테아레이트, 에틸헥실팔미테이트, 아이소프로필미리스테이트, 아이소스테아릭애씨드, 레시틴, 폴리글리세릴-3폴리리시놀리에이트, 트라이에톡시카프릴릴실레인, 카프릴릴글라이콜, 글리세릴카프릴레이트, 펜타에리스리틸테트라-다이-t-부틸하이드록시하이드로신나메이트, 정제수, 다이프로필렌글라이콜, 부틸렌글라이콜, 소듐팔미토일프롤린, 1,2-헥산다이올, 에틸헥실글리세린, 토코페롤, 향료, 적색202호 (CI 15850), 흑색산화철 (CI 77499)","​1. 화장품 사용 시 또는 사용 후 직사광선에 의하여 사용부위가 붉은 반점, 부어오름 또는 가려움증 등의 이상 증상이나 부작용이 있는 경우 전문의 등과 상담할 것  2. 상처가 있는 부위 등에는 사용을 자제할 것  3. 보관 및 취급 시의 주의사항     가) 어린이의 손이 닿지 않는 곳에 보관할 것     나) 직사광선을 피해서 보관할 것  4. 눈에 들어갔을 때에는 즉시 씻어낼 것",본 제품에 이상이 있을 경우 공정거래위원회 고시 소비자분쟁해결기준에 의거하여 보상해 드립니다.,1668-1756,normal,네이처리퍼블릭,바이플라워 에코 크레용 립 벨벳 [5호 다즐링라떼],2001741,46815,
0.3g,모든피부,"제조일로부터 36개월, 개봉 후 6개월 *제품의 개봉 후 사용기간은 제조일로부터 사용기한을 초과하지 않습니다.",상품상세참조,믹스앤매치 / 네이처리퍼블릭,대한민국,해당있음,"흑색산화철 (CI 77499), 황색산화철 (CI 77492), 하이드로제네이티드코코-글리세라이즈, 적색산화철 (CI 77491), 징크스테아레이트, 검양옻나무열매왁스, 마이카 (CI 77019), 팔미틱애씨드, 스테아릭애씨드, 마이크로크리스탈린왁스, 카나우바왁스, 칸데릴라왁스, 티타늄디옥사이드 (CI 77891), 폴리부텐, 피마자씨오일, 페닐트라이메티콘, 글리세릴카프릴레이트, 카프릴릴글라이콜, 정제수, 부틸렌글라이콜, 감나무잎추출물, 글리세린, 메틸프로판다이올, 1,2-헥산다이올, 밤부사 불가리스추출물, 겨우살이잎추출물, 에틸헥실글리세린","가. 화장품 사용 시 또는 사용 후 직사광선에 의하여 사용부위가 붉은 반점, 부어오름 또는 가려움증 등의 이상 증상이나 부작용이 있는 경우에는 전문의 등과 상담할 것  나. 상처가 있는 부위 등에는 사용을 자제할 것  다. 보관 및 취급 시 주의사항     1) 어린이의 손이 닿지 않는 곳에 보관할 것     2) 직사광선을 피해서 보관할 것  라. 눈에 들어갔을 때에는 즉시 씻어낼 것.",본 제품에 이상이 있을 경우 공정거래위원회 고시 소비자분쟁해결기준에 의거하여 보상해 드립니다.,080-890-6000,normal,네이처리퍼블릭,보테니컬 오토 아이브로우 [2호 피칸브라운],1991475,57940,
150ml,모든피부,"제조일로부터 36개월, 개봉 후 12개월 *제품의 개봉 후 사용기간은 제조일로부터 사용기한을 초과하지 않습니다.",상품상세참조,코스맥스(주),한국,해당있음,상품상세참조,"1. 화장품 사용 시 또는 사용 후 직사광선에 의하여 사용부위가 붉은 반점, 부어오름 또는 가려움증 등의 이상 증상이나 부작용이 있는 경우 전문의 등과 상담할 것 2. 상처가 있는 부위 등에는 사용을 자제할 것 3. 보관 및 취급 시의 주의사항 가) 어린이의 손이 닿지 않는 곳에 보관할 것 나) 직사광선을 피해서 보관할 것",본 제품에 이상이 있을 경우 공정거래위원회 고시 소비자분쟁해결기준에 의거하여 보상해 드립니다.,080-890-6000,detail,네이처리퍼블릭,맨 인 블루 올인원 모이스처라이저,2121269,66930,img/맨 인 블루 올인원 모이스처라이저_0.jpg;img/맨 인 블루 올인원 모이스처라이저_1.jpg;img/맨 인 블루 올인원 모이스처라이저_2.jpg;img/맨 인 블루 올인원 모이스처라이저_3.jpg;img/맨 인 블루 올인원 모이스처라이저_4.jpg;img/맨 인 블루 올인원 모이스처라이저_5.jpg;img/맨 인 블루 올인원 모이스처라이저_6.jpg;img/맨 인 블루 올인원 모이스처라이저_7.jpg
170ml * 4개,모든피부,"제조일로부터 36개월, 개봉 후 12개월 *제품의 개봉 후 사용기간은 제조일로부터 사용기한을 초과하지 않습니다.",상품상세참조,코스맥스(주)/네이처리퍼블릭,한국,해당있음,"정제수, 글리세린, 스테아릭애씨드, 미리스틱애씨드, 피이지-32, 포타슘하이드록사이드, 라우릭애씨드, 글리세릴스테아레이트, 피이지-100스테아레이트, 라우라마이드디이에이, 소듐라우레스설페이트, 달팽이점액여과물, 일랑일랑꽃추출물, 레몬버베나잎추출물, 마트리카리아꽃수, 히비스커스꽃추출물, 커먼자스민꽃수, 라벤더꽃수, 페퍼민트잎수, 애플민트잎추출물, 로즈마리잎수, 살비아잎추출물, 코카미도프로필베타인, 티이에이-라우릴설페이트, 소듐클로라이드, 포타슘코코일글리시네이트, 라우레스-2, 소듐설페이트, 포타슘코코에이트, 부틸렌글라이콜, 시트릭애씨드, 다이소듐이디티에이, 소듐벤조에이트, 페녹시에탄올, 향료, 카라멜","1. 화장품 사용 시 또는 사용 후 직사광선에 의하여 사용부위가 붉은 반점, 부어오름 또는 가려움증 등의 이상 증상이나 부작용이 있는 경우 전문의 등과 상담할 것 2. 상처가 있는 부위 등에는 사용을 자제할 것 3. 보관 및 취급 시의 주의사항 가) 어린이의 손이 닿지 않는 곳에 보관할 것 나) 직사광선을 피해서 보관할 것",본 제품에 이상이 있을 경우 공정거래위원회 고시 소비자분쟁해결기준에 의거하여 보상해 드립니다.,080-890-6000,normal,네이처리퍼블릭,프레시 허브 폼클렌징 [스네일],2085330,65789,
155ml,모든피부,"제조일로부터 36개월, 개봉 후 12개월 *제품의 개봉 후 사용기간은 제조일로부터 사용기한을 초과하지 않습니다.",상품상세참조,(주)서울화장품/네이처리퍼블릭,한국,해당있음,"정제수, 다이프로필렌글라이콜, 에틸헥실팔미테이트, 부틸렌글라이콜, 하이드로제네이티드폴리데센, 녹차추출물(10,000 ppm), 펜타에리스리틸테트라에틸헥사노에이트, 폴리글리세릴-2스테아레이트, 글리세릴스테아레이트, 폴리글리세릴-4아이소스테아레이트, 스테아릴알코올, 사이클로펜타실록세인, 카프릴릴글라이콜, 아크릴레이트/C10-30알킬아크릴레이트크로스폴리머, 하이드록시아세토페논, 펜틸렌글라이콜, 다이메티콘올, 포타슘하이드록사이드, 다이소듐이디티에이, 애기수영추출물, 에틸헥실글리세린, 토코페릴아세테이트, 잔탄검, 1,2-헥산다이올, 소듐하이알루로네이트, 불가리스쑥추출물, 약모밀추출물, 연꽃추출물, 익모초꽃/잎/줄기추출물, 향료, 리모넨, 리날룰, 헥실신남알, 부틸페닐메틸프로피오날","가. 화장품 사용 시 또는 사용 후 직사광선에 의하여 사용부위가 붉은 반점, 부어오름 또는 가려움증 등의 이상 증상이나 부작용이 있는 경우에는 전문의 등과 상담할 것  나. 상처가 있는 부위 등에는 사용을 자제할 것  다. 보관 및 취급 시 주의사항     1) 어린이의 손이 닿지 않는 곳에 보관할 것     2) 직사광선을 피해서 보관할 것",본 제품에 이상이 있을 경우 공정거래위원회 고시 소비자분쟁해결기준에 의거하여 보상해 드립니다.,080-890-6000,normal,네이처리퍼블릭,어린녹차 순한 에멀전,1908616,57515,
150ml,모든피부,"제조일로부터 36개월, 개봉 후 12개월 *제품의 개봉 후 사용기간은 제조일로부터 사용기한을 초과하지 않습니다.",상품상세참조,한국콜마(주) / 네이처리퍼블릭,대한민국,해당있음,"편백수, 메틸프로판다이올, 변성알코올, 1,2-헥산다이올, 글리세린, 편백잎추출물, 병풀추출물, 무화과추출물, 불가리스쑥추출물, 티트리추출물, 소나무잎추출물, 파스향나무잎추출물, 하이드로제네이티드레시틴, 라벤더오일, 자작나무수액, 정제수, C12-14파레스-12, 옥틸도데세스-16, 부틸렌글라이콜, 소듐시트레이트, 소듐아크릴릭애씨드/엠에이코폴리머, 시트릭애씨드, 다이소듐이디티에이, 세라마이드엔피, 토코페롤, 하이드록시아세토페논, 에틸헥실글리세린, 카프릴릴글라이콜, 리모넨, 리날룰","가. 화장품 사용 시 또는 사용 후 직사광선에 의하여 사용부위가 붉은 반점, 부어오름 또는 가려움증 등의 이상 증상이나 부작용이 있는 경우에는 전문의 등과 상담할 것  나. 상처가 있는 부위 등에는 사용을 자제할 것  다. 보관 및 취급 시 주의사항     1) 어린이의 손이 닿지 않는 곳에 보관할 것     2) 직사광선을 피해서 보관할 것",본 제품에 이상이 있을 경우 공정거래위원회 고시 소비자분쟁해결기준에 의거하여 보상해 드립니다.,080-890-6000,normal,네이처리퍼블릭,포레스트 릴리프 포 맨 미스트 토너,2082859,59620,
30ml*2,모든피부,"제조일로부터 36개월, 개봉 후 12개월 *제품의 개봉 후 사용기간은 제조일로부터 사용기한을 초과하지 않습니다.",상품상세참조,한국콜마(주)/네이처리퍼블릭,한국,해당있음,"정제수,시어버터,다이부틸아디페이트,글리세린,다이메티콘올,세테아릴알코올,올리브추출물,맥아추출물,폴리글리세릴-2스테아레이트,1,2-헥산다이올,글리세릴스테아레이트,스테아릴알코올,암모늄아크릴로일다이메틸타우레이트/브이피코폴리머,하이드록시아세토페논,소듐스테아로일글루타메이트,잔탄검,에틸헥실글리세린,판테놀,다이소듐이디티에이,토코페롤,향료","가. 화장품 사용 시 또는 사용 후 직사광선에 의하여 사용부위가 붉은 반점, 부어오름 또는 가려움증 등의 이상 증상이나 부작용이 있는 경우에는 전문의 등과 상담할 것 나. 상처가 있는 부위 등에는 사용을 자제할 것 다. 보관 및 취급 시 주의사항 1) 어린이의 손이 닿지 않는 곳에 보관할 것 2) 직사광선을 피해서 보관할 것",본 제품에 이상이 있을 경우 공정거래위원회 고시 소비자분쟁해결기준에 의거하여 보상해 드립니다.,080-890-6000,normal,네이처리퍼블릭,핸드 앤 네이처 리치 핸드크림 [프레쉬그로브],2105302,63943,
130ml,모든 피부,"제조일로부터 30개월, 개봉 후 12개월 *제품의 개봉 후 사용기간은 제조일로부터 사용기한을 초과하지 않습니다.",상품상세참조,한국콜마 / 네이처리퍼블릭,한국,해당있음,"정제수,글리세린,하이드로제네이티드폴리아이소부텐,돌콩오일,2,3-부탄다이올,메틸프로판다이올,펜틸렌글라이콜,폴리글리세릴-3메틸글루코오스다이스테아레이트,시어버터,리치추출물,백미꽃추출물,블랙커민씨오일,접시꽃추출물,수용성콜라겐,해마토코쿠스 플루비알리스오일,트루로즈오브예리코추출물,락토바실러스발효물,베타인,세틸에틸헥사노에이트,글리세릴스테아레이트,다이글리세린,다이아이소스테아릴말레이트,다이메티콘,하이드록시에틸아크릴레이트/소듐아크릴로일다이메틸타우레이트코폴리머,카프릴릴글라이콜,하이드록시아세토페논,부틸렌글라이콜,아크릴레이트/C10-30알킬아크릴레이트크로스폴리머,마이크로크리스탈린셀룰로오스,트로메타민,하이드로제네이티드레시틴,에틸헥실글리세린,아데노신,솔비탄아이소스테아레이트,셀룰로오스검,1,2-헥산다이올,소듐파이테이트,베타-글루칸,토코페롤,아스타잔틴,아세틸헥사펩타이드-8,아스코빅애씨드폴리펩타이드,아세틸옥타펩타이드-3,아세틸테트라펩타이드-2,아세틸테트라펩타이드-3,아세틸테트라펩타이드-5,아세틸테트라펩타이드-9,카르노신,카퍼트라이펩타이드-1,노나펩타이드-1,팔미토일펜타펩타이드-4,팔미토일트라이펩타이드-1,팔미토일트라이펩타이드-5,세테아릴알코올,잔탄검,향료","가. 화장품 사용 시 또는 사용 후 직사광선에 의하여 사용부위가 붉은 반점, 부어오름 또는 가려움증 등의 이상 증상이나 부작용이 있는 경우에는 전문의 등과 상담할 것  나. 상처가 있는 부위 등에는 사용을 자제할 것  다. 보관 및 취급 시 주의사항     1) 어린이의 손이 닿지 않는 곳에 보관할 것     2) 직사광선을 피해서 보관할 것",본 제품에 이상이 있을 경우 공정거래위원회 고시 소비자분쟁해결기준에 의거하여 보상해 드립니다.,080-890-6000,normal,네이처리퍼블릭,콜라겐 드림 에멀전,2138020,70325,
27ml*10매,모든피부,"제조일로부터 24개월, 개봉 후 즉시 *제품의 개봉 후 사용기간은 제조일로부터 사용기한을 초과하지 않습니다.",상품상세참조,코스맥스(주)/네이처리퍼블릭,대한민국,해당있음,상품상세참조,"가. 화장품 사용 시 또는 사용 후 직사광선에 의하여 사용부위가 붉은 반점, 부어오름 또는 가려움증 등의 이상 증상이나 부작용이 있는 경우에는 전문의 등과 상담할 것 나. 상처가 있는 부위 등에는 사용을 자제할 것 다. 보관 및 취급 시 주의사항 1) 어린이의 손이 닿지 않는 곳에 보관할 것 2) 직사광선을 피해서 보관할 것 라. 눈 주위를 피하여 사용할 것",본 제품에 이상이 있을 경우 공정거래위원회 고시 소비자분쟁해결기준에 의거하여 보상해 드립니다.,080-890-6000,detail,네이처리퍼블릭,크라이오 아이싱 마스크팩 [카밍],2062285,61905,
60매,모든피부,"제조일로부터 36개월, 개봉 후 12개월 *제품의 개봉 후 사용기간은 제조일로부터 사용기한을 초과하지 않습니다.",상품상세참조,코스맥스(주)/네이처리퍼블릭,대한민국,해당있음,상품상세참조,"가. 화장품 사용 시 또는 사용 후 직사광선에 의하여 사용부위가 붉은 반점, 부어오름 또는 가려움증 등의 이상 증상이나 부작용이 있는 경우에는 전문의 등과 상담할 것  나. 상처가 있는 부위 등에는 사용을 자제할 것  다. 보관 및 취급 시 주의사항     1) 어린이의 손이 닿지 않는 곳에 보관할 것     2) 직사광선을 피해서 보관할 것  라. 눈 주위를 피하여 사용할 것",본 제품에 이상이 있을 경우 공정거래위원회 고시 소비자분쟁해결기준에 의거하여 보상해 드립니다.,080-890-6000,detail,네이처리퍼블릭,리얼 스퀴즈 알로에베라 하이드로겔 아이 패치,2068719,57670,img/리얼 스퀴즈 알로에베라 하이드로겔 아이 패치_0.jpg;img/리얼 스퀴즈 알로에베라 하이드로겔 아이 패치_1.jpg;img/리얼 스퀴즈 알로에베라 하이드로겔 아이 패치_2.jpg;img/리얼 스퀴즈 알로에베라 하이드로겔 아이 패치_3.jpg;img/리얼 스퀴즈 알로에베라 하이드로겔 아이 패치_4.jpg;img/리얼 스퀴즈 알로에베라 하이드로겔 아이 패치_5.jpg;img/리얼 스퀴즈 알로에베라 하이드로겔 아이 패치_6.jpg;img/리얼 스퀴즈 알로에베라 하이드로겔 아이 패치_7.jpg;img/리얼 스퀴즈 알로에베라 하이드로겔 아이 패치_8.jpg;img/리얼 스퀴즈 알로에베라 하이드로겔 아이 패치_9.jpg;img/리얼 스퀴즈 알로에베라 하이드로겔 아이 패치_10.jpg;img/리얼 스퀴즈 알로에베라 하이드로겔 아이 패치_11.jpg
7.5g,모든피부,"제조일로부터 30개월, 개봉 후 12개월 *제품의 개봉 후 사용기간은 제조일로부터 사용기한을 초과하지 않습니다.",상품상세참조,화성코스메틱 / 네이처리퍼블릭,한국,해당있음,"아이소데실아이소노나노에이트,실리카,옥틸도데실스테아로일스테아레이트,합성왁스,펜타에리스리틸테트라아이소스테아레이트,C12-15알킬벤조에이트,카프릴릭/카프릭트라이글리세라이드,일라이트,합성플루오르플로고파이트,솔비탄아이소스테아레이트,바륨설페이트,페녹시에탄올,토코페릴아세테이트,솔비탄세스퀴올리에이트,라우릴폴리글리세릴-3폴리다이메틸실록시에틸다이메티콘,스테아랄코늄헥토라이트,카프릴릴글라이콜,아이소프로필티타늄트라이아이소스테아레이트,알루미늄하이드록사이드,프로필렌카보네이트,향료,에틸헥실글리세린,트라이에톡시카프릴릴실레인,정제수,시어버터,부틸렌글라이콜,글리세린,토코페롤,1,2-헥산다이올,소듐하이알루로네이트,낫토검,비치스트로베리추출물,크랜베리추출물,서양산딸기추출물,로우스위트블루베리추출물,티타늄디옥사이드,적색104호의(1),흑색산화철,황색4호,청색1호,적색산화철","가. 화장품 사용 시 또는 사용 후 직사광선에 의하여 사용부위가 붉은 반점, 부어오름 또는 가려움증 등의 이상 증상이나 부작용이 있는 경우에는 전문의 등과 상담할 것  나. 상처가 있는 부위 등에는 사용을 자제할 것  다. 보관 및 취급 시 주의사항     1) 어린이의 손이 닿지 않는 곳에 보관할 것     2) 직사광선을 피해서 보관할 것",본 제품에 이상이 있을 경우 공정거래위원회 고시 소비자분쟁해결기준에 의거하여 보상해 드립니다.,080-890-6000,normal,네이처리퍼블릭,멜팅 스틱 블러셔 [05 라벤더 버터],2169856,73984,
2.7g,모든피부,"제조일로부터 24개월, 개봉 후 12개월 *제품의 개봉 후 사용기간은 제조일로부터 사용기한을 초과하지 않습니다.",상품상세참조,한국콜마/네이처리퍼블릭,한국,해당있음,상품상세참조,"​1. 화장품 사용 시 또는 사용 후 직사광선에 의하여 사용부위가 붉은 반점, 부어오름 또는 가려움증 등의 이상 증상이나 부작용이 있는 경우 전문의 등과 상담할 것  2. 상처가 있는 부위 등에는 사용을 자제할 것  3. 보관 및 취급 시의 주의사항     가) 어린이의 손이 닿지 않는 곳에 보관할 것     나) 직사광선을 피해서 보관할 것  4. 눈에 들어갔을 때에는 즉시 씻어낼 것",본 제품에 이상이 있을 경우 공정거래위원회 고시 소비자분쟁해결기준에 의거하여 보상해 드립니다.,080-890-6000,detail,네이처리퍼블릭,허니 멜팅 립 [09 탱글포도],2078281,58585,img/허니 멜팅 립 [09 탱글포도]_0.jpg;img/허니 멜팅 립 [09 탱글포도]_1.jpg;img/허니 멜팅 립 [09 탱글포도]_2.jpg;img/허니 멜팅 립 [09 탱글포도]_3.jpg;img/허니 멜팅 립 [09 탱글포도]_4.jpg;img/허니 멜팅 립 [09 탱글포도]_5.jpg;img/허니 멜팅 립 [09 탱글포도]_6.jpg;img/허니 멜팅 립 [09 탱글포도]_7.jpg;img/허니 멜팅 립 [09 탱글포도]_8.jpg;img/허니 멜팅 립 [09 탱글포도]_9.jpg;img/허니 멜팅 립 [09 탱글포도]_10.jpg;img/허니 멜팅 립 [09 탱글포도]_11.jpg;img/허니 멜팅 립 [09 탱글포도]_12.jpg;img/허니 멜팅 립 [09 탱글포도]_13.jpg;img/허니 멜팅 립 [09 탱글포도]_14.jpg;img/허니 멜팅 립 [09 탱글포도]_15.jpg;img/허니 멜팅 립 [09 탱글포도]_16.jpg;img/허니 멜팅 립 [09 탱글포도]_17.jpg;img/허니 멜팅 립 [09 탱글포도]_18.jpg;img/허니 멜팅 립 [09 탱글포도]_19.jpg;img/허니 멜팅 립 [09 탱글포도]_20.jpg;img/허니 멜팅 립 [09 탱글포도]_21.jpg
4g,모든피부,"제조일로부터 36개월, 개봉 후 12개월 *제품의 개봉 후 사용기간은 제조일로부터 사용기한을 초과하지 않습니다.",상품상세참조,한국콜마(주)/네이처리퍼블릭,한국,해당있음,"나일론-12, 폴리메틸실세스퀴옥세인, 합성플루오르플로고파이트, 레몬버베나잎추출물, 라벤더추출물, 티트리꽃/잎/줄기추출물, 포트마리골드꽃추출물, 티트리잎수, 1,2-헥산다이올, 글리세릴카프릴레이트, 트라이에톡시카프릴릴실레인, 정제수, 부틸렌글라이콜, 에틸헥산다이올, 향료, 리날룰, 리모넨, 시트로넬올, 제라니올","가. 화장품 사용 시 또는 사용 후 직사광선에 의하여 사용부위가 붉은 반점, 부어오름 또는 가려움증 등의 이상 증상이나 부작용이 있는 경우에는 전문의 등과 상담할 것  나. 상처가 있는 부위 등에는 사용을 자제할 것  다. 보관 및 취급 시 주의사항     1) 어린이의 손이 닿지 않는 곳에 보관할 것     2) 직사광선을 피해서 보관할 것",본 제품에 이상이 있을 경우 공정거래위원회 고시 소비자분쟁해결기준에 의거하여 보상해 드립니다.,080-890-6000,normal,네이처리퍼블릭,프로방스 티트리 노세범 파우더 팩트,1998990,51346,
30ml,모든피부,"제조일로부터 30개월, 개봉 후 12개월 *제품의 개봉 후 사용기간은 제조일로부터 사용기한을 초과하지 않습니다.",상품상세참조,한국콜마(주),한국,해당있음,"이스테아레이트,1,2-헥산다이올,시어버터,호호바에스터,클로렐라 불가리스추출물,카나우바왁스,리치추출물,소듐하이알루로네이트,수용성콜라겐,인디안구스베리열매추출물,라즈베리씨오일/토코페릴석시네이트아미노프로판다이올에스터,신선초추출물,몰로키아잎추출물,참마뿌리추출물,오크라열매추출물,연꽃뿌리추출물,합성비즈왁스,폴리글리세릴-3다이스테아레이트,하이드록시에틸아크릴레이트/소듐아크릴로일다이메틸타우레이트코폴리머,트로메타민,글루코오스,글리세릴스테아레이트,폴리아크릴레이트-13,카프릴릴글라이콜,프룩토올리고사카라이드,프룩토오스,에틸헥실글리세린,다이포타슘글리시리제이트,팔미틱애씨드,하이드로제네이티드폴리아이소부텐,글리세릴스테아레이트시트레이트,아데노신,하이드로제네이티드레시틴,솔비탄아이소스테아레이트,셀룰로오스,폴리글리세릴-10라우레이트,에틸헥실팔미테이트,트라이소듐에틸렌다이아민다이석시네이트,폴리글루타믹애씨드,토코페롤,아세틸헥사펩타이드-8,아스코빅애씨드폴리펩타이드,아세틸옥타펩타이드-3,아세틸테트라펩타이드-2,아세틸테트라펩타이드-3,아세틸테트라펩타이드-5,아세틸테트라펩타이드-9,카르노신,카퍼트라이펩타이드-1,노나펩타이드-1,팔미토일펜타펩타이드-4,팔미토일트라이펩타이드-1,팔미토일트라이펩타이드-5,카보머,C12-16알코올,향료","가. 화장품 사용 시 또는 사용 후 직사광선에 의하여 사용부위가 붉은 반점, 부어오름 또는 가려움증 등의 이상 증상이나 부작용이 있는 경우에는 전문의 등과 상담할 것 나. 상처가 있는 부위 등에는 사용을 자제할 것 다. 보관 및 취급 시 주의사항 1) 어린이의 손이 닿지 않는 곳에 보관할 것 2) 직사광선을 피해서 보관할 것",본 제품에 이상이 있을 경우 공정거래위원회 고시 소비자분쟁해결기준에 의거하여 보상해 드립니다.,080-890-6000,normal,네이처리퍼블릭,콜라겐 드림 50 올 페이스 아이크림,2127576,52387,
23ml * 20매,모든피부,"제조일로부터 36개월, 개봉 후 즉시 *제품의 개봉 후 사용기간은 제조일로부터 사용기한을 초과하지 않습니다.",상품상세참조,(주)이미인 / 네이처리퍼블릭,대한민국,해당있음,"정제수, 다이프로필렌글라이콜, 세틸에틸헥사노에이트, 글리세린, 폴리글리세릴-3메틸글루코오스다이스테아레이트, 다이메티콘, 글리세릴스테아레이트, 피이지-100스테아레이트, 부틸렌글라이콜, 모란뿌리추출물, 병풀추출물, 1,2-헥산다이올, 카보머, 하이드록시에틸셀룰로오스, 시어버터, 마트리카리아꽃추출물, 글리세릴카프릴레이트, 포타슘하이드록사이드, 에틸헥실글리세린, 도둑놈의지팡이뿌리추출물, 인동덩굴꽃추출물, 녹차추출물, 복사나무잎추출물, 은행나무잎추출물, 황금추출물, 다이소듐이디티에이, 향료, 알파-아이소메틸아이오논, 리날룰, 시트로넬올, 부틸페닐메틸프로피오날, 벤질알코올, 쿠마린","1. 화장품 사용 시 또는 사용 후 직사광선에 의하여 사용부위가 붉은 반점, 부어오름 또는  가려움증 등의 증상이나 부작용이 있는 경우 전문의 등과 상담할 것    2. 상처가 있는 부위 등에는 사용을 자제할 것    3. 보관 및 취급 시의 주의 사항  가) 어린이의 손이 닿지 않는 곳에 보관할 것  나) 직사광선을 피해서 보관할 것    4. 눈 주위를 피하여 사용할 것    * 개봉 후에 제품이 건조되므로 즉시 사용하고, 한번 사용한 제품은 다시 사용하지 말 것  ※ 사용 전에 반드시 사용방법 및 사용 시의 주의사항을 숙지하신 후 사용하십시오",본 제품에 이상이 있을 경우 공정거래위원회 고시 소비자분쟁해결기준에 의거하여 보상해 드립니다.,080-890-6000,normal,네이처리퍼블릭,리얼 네이처 마스크팩 [쉐어버터],1819423,58603,
5g,상품상세참조,"제조일로부터 24개월, 개봉 후 12개월 *제품의 개봉 후 사용기간은 제조일로부터 사용기한을 초과하지 않습니다.",상품상세참조,코스맥스(주),한국,해당있음,상품상세참조,"1. 화장품 사용 시 또는 사용 후 직사광선에 의하여 사용부위가 붉은 반점, 부어오름 또는 가려움증 등의 이상 증상이나 부작용이 있는 경우 전문의 등과 상담할 것 2. 상처가 있는 부위 등에는 사용을 자제할 것 3. 보관 및 취급 시의 주의사항 가) 어린이의 손이 닿지 않는 곳에 보관할 것 나) 직사광선을 피해서 보관할 것",본 제품에 이상이 있을 경우 공정거래위원회 고시 소비자분쟁해결기준에 의거하여 보상해 드립니다.,080-890-6000,detail,네이처리퍼블릭,바이플라워 컨투어링 [03 시나몬모카],2003164,66579,img/바이플라워 컨투어링 [03 시나몬모카]_0.jpg;img/바이플라워 컨투어링 [03 시나몬모카]_1.jpg;img/바이플라워 컨투어링 [03 시나몬모카]_2.jpg;img/바이플라워 컨투어링 [03 시나몬모카]_3.jpg;img/바이플라워 컨투어링 [03 시나몬모카]_4.jpg;img/바이플라워 컨투어링 [03 시나몬모카]_5.jpg;img/바이플라워 컨투어링 [03 시나몬모카]_6.jpg;img/바이플라워 컨투어링 [03 시나몬모카]_7.jpg
15ml,모든피부,"제조일로부터 30개월, 개봉 후 12개월 *제품의 개봉 후 사용기간은 제조일로부터 사용기한을 초과하지 않습니다.",상품상세참조,코스맥스(주)/네이처리퍼블릭,대한민국,해당있음,상품상세참조,"가. 화장품 사용 시 또는 사용 후 직사광선에 의하여 사용부위가 붉은 반점, 부어오름 또는 가려움증 등의 이상 증상이나 부작용이 있는 경우에는 전문의 등과 상담할 것  나. 상처가 있는 부위 등에는 사용을 자제할 것  다. 보관 및 취급 시 주의사항     1) 어린이의 손이 닿지 않는 곳에 보관할 것     2) 직사광선을 피해서 보관할 것  라. 눈 주위를 피하여 사용할 것",본 제품에 이상이 있을 경우 공정거래위원회 고시 소비자분쟁해결기준에 의거하여 보상해 드립니다.,080-890-6000,detail,네이처리퍼블릭,리얼 스퀴즈 알로에베라 아이 세럼,2062270,58572,img/리얼 스퀴즈 알로에베라 아이 세럼_0.jpg;img/리얼 스퀴즈 알로에베라 아이 세럼_1.jpg;img/리얼 스퀴즈 알로에베라 아이 세럼_2.jpg;img/리얼 스퀴즈 알로에베라 아이 세럼_3.jpg;img/리얼 스퀴즈 알로에베라 아이 세럼_4.jpg;img/리얼 스퀴즈 알로에베라 아이 세럼_5.jpg;img/리얼 스퀴즈 알로에베라 아이 세럼_6.jpg;img/리얼 스퀴즈 알로에베라 아이 세럼_7.jpg;img/리얼 스퀴즈 알로에베라 아이 세럼_8.jpg;img/리얼 스퀴즈 알로에베라 아이 세럼_9.jpg;img/리얼 스퀴즈 알로에베라 아이 세럼_10.jpg;img/리얼 스퀴즈 알로에베라 아이 세럼_11.jpg;img/리얼 스퀴즈 알로에베라 아이 세럼_12.jpg;img/리얼 스퀴즈 알로에베라 아이 세럼_13.jpg
4.2g,모든피부,"제조일로부터 24개월, 개봉 후 12개월 *제품의 개봉 후 사용기간은 제조일로부터 사용기한을 초과하지 않습니다.",상품상세참조,(주)코스맥스 / 네이처리퍼블릭,한국,해당있음,"다이아이소스테아릴말레이트,다이페닐실록시페닐트라이메티콘,비스-다이글리세릴폴리아실아디페이트-2,정제수,하이드로제네이티드폴리아이소부텐,다이페닐다이메티콘,세틸피이지/피피지-10/1다이메티콘,폴리솔베이트60,펜틸렌글라이콜,솔비탄아이소스테아레이트,글리세린,폴리글리세릴-4아이소스테아레이트,페녹시에탄올,1,2-헥산다이올,세테아레스-20,하이드록시에틸아크릴레이트/소듐아크릴로일다이메틸타우레이트코폴리머,티타늄디옥사이드(CI 77891),스쿠알란,소듐다이라우미도글루타미드라이신,향료,에틸헥실글리세린,황색5호,적색227호,트라이소듐에틸렌다이아민다이석시네이트,황색4호,알루미늄하이드록사이드,적색104호의(1),암모늄폴리아크릴레이트,청색1호,부틸렌글라이콜,라즈베리씨오일/토코페릴석시네이트아미노프로판다이올에스터,에틸헥실팔미테이트,호호바씨오일,말토덱스트린,아보카도열매추출물,트라이베헤닌,석류나무꽃추출물,폴리글리세릴-3다이아이소스테아레이트,메틸니코티네이트,꿀추출물,락틱애씨드,생강오일,카놀라오일,고추열매추출물,팔미토일트라이펩타이드-1","가. 화장품 사용 시 또는 사용 후 직사광선에 의하여 사용부위가 붉은 반점, 부어오름 또는 가려움증 등의 이상 증상이나 부작용이 있는 경우에는 전문의 등과 상담할 것  나. 상처가 있는 부위 등에는 사용을 자제할 것  다. 보관 및 취급 시 주의사항     1) 어린이의 손이 닿지 않는 곳에 보관할 것     2) 직사광선을 피해서 보관할 것",본 제품에 이상이 있을 경우 공정거래위원회 고시 소비자분쟁해결기준에 의거하여 보상해 드립니다.,080-890-6000,normal,네이처리퍼블릭,허니 멜팅 꿀광 글로이 틴트 [06 너드코코넛],2164009,74018,
7.5g,모든피부,"제조일로부터 24개월, 개봉 후 6개월 *제품의 개봉 후 사용기간은 제조일로부터 사용기한을 초과하지 않습니다.",상품상세참조,코스맥스(주) / 네이처리퍼블릭,대한민국,해당있음,"아이소도데케인, 트라이메틸실록시실리케이트, 탤크, 세레신, 다이스테아다이모늄헥토라이트, 마이크로크리스탈린왁스, 덱스트린팔미테이트/에틸헥사노에이트, 흑색산화철 (CI 77499), 폴리프로필실세스퀴옥세인, 프로필렌카보네이트, 실리카, 하이드롤라이즈드케라틴, 하이드롤라이즈드콩단백질, 류코노스톡/무발효여과물, 하이드롤라이즈드콜라겐, 알루미늄다이스테아레이트, 하이드로제네이티드폴리아이소부텐, 덱스트린팔미테이트, 폴리메틸실세스퀴옥세인, 글리세릴카프릴레이트, 트라이에톡시카프릴릴실레인, 정제수, 펜틸렌글라이콜, 1,2-헥산다이올, 비에이치티","가. 화장품 사용 시 또는 사용 후 직사광선에 의하여 사용부위가 붉은 반점, 부어오름 또는 가려움증 등의 이상 증상이나 부작용이 있는 경우에는 전문의 등과 상담할 것  나. 상처가 있는 부위 등에는 사용을 자제할 것  다. 보관 및 취급 시 주의사항     1) 어린이의 손이 닿지 않는 곳에 보관할 것     2) 직사광선을 피해서 보관할 것  라. 눈에 들어갔을 때에는 즉시 씻어낼 것.",본 제품에 이상이 있을 경우 공정거래위원회 고시 소비자분쟁해결기준에 의거하여 보상해 드립니다.,080-890-6000,normal,네이처리퍼블릭,보테니컬 수퍼프루프 마스카라 [02 볼륨앤컬],2006999,57932,
27ml*2매,모든피부,"제조일로부터 24개월, 개봉 후 12개월 *제품의 개봉 후 사용기간은 제조일로부터 사용기한을 초과하지 않습니다.",상품상세참조,코스맥스(주) / 네이처리퍼블릭,대한민국,해당있음,"정제수, 글리세린, 1,2-헥산다이올, 부틸렌글라이콜, 자일리톨, 효모발효여과물, 소듐하이알루로네이트, 양배추추출물, 백미꽃추출물, 트루로즈오브예리코추출물, 락토바실러스발효물, 접시꽃추출물, 메틸프로판다이올, 에리스리톨, 트로메타민, 알란토인, 프로판다이올, 카프릴릴글라이콜, 에틸헥실글리세린, 폴리글리세릴-10아이소스테아레이트, 소듐파이테이트, 펜틸렌글라이콜, 폴리글리세릴-10올리에이트, 판테놀, 아세틸글루코사민, 하이드록시아세토페논, 다발방패버섯추출물, 소듐하이알루로네이트크로스폴리머, 글루코노락톤, 카보머, 잔탄검, 향료","가. 화장품 사용 시 또는 사용 후 직사광선에 의하여 사용부위가 붉은 반점, 부어오름 또는 가려움증 등의 이상 증상이나 부작용이 있는 경우에는 전문의 등과 상담할 것 나. 상처가 있는 부위 등에는 사용을 자제할 것 다. 보관 및 취급 시 주의사항 1) 어린이의 손이 닿지 않는 곳에 보관할 것 2) 직사광선을 피해서 보관할 것 라. 눈 주위를 피하여 사용할 것",본 제품에 이상이 있을 경우 공정거래위원회 고시 소비자분쟁해결기준에 의거하여 보상해 드립니다.,080-890-6000,normal,네이처리퍼블릭,크라이오 아이싱 마스크팩 [포어클리어링],2062298,57913,
40ml,모든피부,"제조일로부터 36개월, 개봉 후 12개월 *제품의 개봉 후 사용기간은 제조일로부터 사용기한을 초과하지 않습니다.",상품상세참조,(주)코스맥스 / 네이처리퍼블릭,한국,해당있음,"진생 로얄 실크 에센스 (미백·주름개선)  정제수, 글리세린, 부틸렌글라이콜, 변성알코올, 다이프로필렌글라이콜, 나이아신아마이드, 펜틸렌글라이콜, 1,2-헥산다이올, 하이드롤라이즈드호호바에스터, 홍삼추출물, 로얄젤리추출물, 하이드롤라이즈드홍삼사포닌, 카카오추출물, 실크아미노산, 다이메티콘, 피브이피, 암모늄아크릴로일다이메틸타우레이트/브이피코폴리머, 판테놀, 폴리글리세릴-10라우레이트, 카프릴릭/카프릭트라이글리세라이드, 레시틴, 아크릴레이트/C10-30알킬아크릴레이트크로스폴리머, 하이드로제네이티드레시틴, 폴리쿼터늄-51, 소듐폴리아크릴레이트, 트로메타민, 아데노신, 에틸헥산다이올, 세라마이드엔피, 포스파티딜콜린, 시트릭애씨드, 덱스트린, 베타-글루칸, 사이클로헥사실록세인, 에틸헥실글리세린, 다이소듐이디티에이, 틴옥사이드 (CI 77861), 향료, 헥실신남알, 리날룰, 벤질벤조에이트, 알파-아이소메틸아이오논, 리모넨, 마이카 (CI 77019), 티타늄디옥사이드 (CI 77891), 금 (CI 77480), 황색4호 (CI 19140), 황색5호 (CI 15985)","가. 화장품 사용 시 또는 사용 후 직사광선에 의하여 사용부위가 붉은 반점, 부어오름 또는 가려움증 등의 이상 증상이나 부작용이 있는 경우에는 전문의 등과 상담할 것  나. 상처가 있는 부위 등에는 사용을 자제할 것  다. 보관 및 취급 시 주의사항     1) 어린이의 손이 닿지 않는 곳에 보관할 것     2) 직사광선을 피해서 보관할 것",본 제품에 이상이 있을 경우 공정거래위원회 고시 소비자분쟁해결기준에 의거하여 보상해 드립니다.,080-890-6000,normal,네이처리퍼블릭,진생 로얄 실크 에센스,2082912,70585,
155ml*2,모든피부,"제조일로부터 36개월, 개봉 후 12개월 *제품의 개봉 후 사용기간은 제조일로부터 사용기한을 초과하지 않습니다.",상품상세참조,(주)서울화장품/네이처리퍼블릭,한국,해당있음,"정제수, 다이프로필렌글라이콜, 부틸렌글라이콜, 녹차추출물(10,000 ppm), 글리세린, 애기수영추출물, 글리세레스-26, 글리세레스-25피씨에이아이소스테아레이트, 카프릴릴글라이콜, 하이드록시아세토페논, 펜틸렌글라이콜, 에틸헥실글리세린, 아크릴레이트/C10-30알킬아크릴레이트크로스폴리머, 1,2-헥산다이올, 포타슘하이드록사이드, 잔탄검, 소듐하이알루로네이트, 익모초꽃/잎/줄기추출물, 연꽃추출물, 약모밀추출물, 불가리스쑥추출물, 토코페릴아세테이트, 다이소듐이디티에이, 향료, 리모넨, 헥실신남알, 부틸페닐메틸프로피오날, 리날룰","가. 화장품 사용 시 또는 사용 후 직사광선에 의하여 사용부위가 붉은 반점, 부어오름 또는 가려움증 등의 이상 증상이나 부작용이 있는 경우에는 전문의 등과 상담할 것  나. 상처가 있는 부위 등에는 사용을 자제할 것  다. 보관 및 취급 시 주의사항     1) 어린이의 손이 닿지 않는 곳에 보관할 것     2) 직사광선을 피해서 보관할 것",본 제품에 이상이 있을 경우 공정거래위원회 고시 소비자분쟁해결기준에 의거하여 보상해 드립니다.,080-890-6000,normal,네이처리퍼블릭,어린녹차 순한 토너,1853779,57517,
30ml*2,모든피부,"제조일로부터 36개월, 개봉 후 12개월 *제품의 개봉 후 사용기간은 제조일로부터 사용기한을 초과하지 않습니다.",상품상세참조,한국콜마(주)/네이처리퍼블릭,한국,해당있음,"정제수,시어버터,다이부틸아디페이트,글리세린,다이메티콘올,세테아릴알코올,검은서양송로추출물,맥아추출물,폴리글리세릴-2스테아레이트,1,2-헥산다이올,글리세릴스테아레이트,스테아릴알코올,암모늄아크릴로일다이메틸타우레이트/브이피코폴리머,하이드록시아세토페논,부틸렌글라이콜,소듐스테아로일글루타메이트,잔탄검,에틸헥실글리세린,판테놀,다이소듐이디티에이,토코페롤,향료","가. 화장품 사용 시 또는 사용 후 직사광선에 의하여 사용부위가 붉은 반점, 부어오름 또는 가려움증 등의 이상 증상이나 부작용이 있는 경우에는 전문의 등과 상담할 것 나. 상처가 있는 부위 등에는 사용을 자제할 것 다. 보관 및 취급 시 주의사항 1) 어린이의 손이 닿지 않는 곳에 보관할 것 2) 직사광선을 피해서 보관할 것",본 제품에 이상이 있을 경우 공정거래위원회 고시 소비자분쟁해결기준에 의거하여 보상해 드립니다.,080-890-6000,normal,네이처리퍼블릭,핸드 앤 네이처 리치 핸드크림 [딥허그],2105304,63944,
170ml,모든피부,"제조일로부터 36개월, 개봉 후 12개월 *제품의 개봉 후 사용기간은 제조일로부터 사용기한을 초과하지 않습니다.",상품상세참조,코스맥스(주) / 네이처리퍼블릭,한국,해당있음,"정제수,글리세린,스테아릭애씨드,미리스틱애씨드,피이지-32,포타슘하이드록사이드,팔미틱애씨드,라우릭애씨드,글리세릴스테아레이트,피이지-100스테아레이트,라우라마이드디이에이,포타슘코코에이트,살비아잎추출물,레몬버베나잎추출물,알로에베라잎추출물,일랑일랑꽃추출물,마트리카리아꽃수,히비스커스꽃추출물,커먼자스민꽃수,라벤더꽃수,페퍼민트잎수,폴스애플민트잎추출물,로즈마리잎수,코카미도프로필베타인,소듐클로라이드,부틸렌글라이콜,소듐파이테이트,이디티에이,말토덱스트린,시트릭애씨드,페녹시에탄올,소듐벤조에이트,향료,하이드록시시트로넬알,황색4호 (CI 19140),청색1호 (CI 42090)","가. 화장품 사용 시 또는 사용 후 직사광선에 의하여 사용부위가 붉은 반점, 부어오름 또는 가려움증 등의 이상 증상이나 부작용이 있는 경우에는 전문의 등과 상담할 것  나. 상처가 있는 부위 등에는 사용을 자제할 것  다. 보관 및 취급 시 주의사항     1) 어린이의 손이 닿지 않는 곳에 보관할 것     2) 직사광선을 피해서 보관할 것",본 제품에 이상이 있을 경우 공정거래위원회 고시 소비자분쟁해결기준에 의거하여 보상해 드립니다.,080-890-6000,normal,네이처리퍼블릭,프레시 허브 폼클렌징 [알로에],2162416,73547,
2.8g,모든피부,"제조일로부터 36개월, 개봉 후 12개월 *제품의 개봉 후 사용기간은 제조일로부터 사용기한을 초과하지 않습니다.",상품상세참조,코스맥스(주)/네이처리퍼블릭,한국,해당있음,"다이메티콘, 다이아이소스테아릴말레이트, 다이에틸헥실카보네이트, 아이소아밀라우레이트, 아이소에이코산, 합성왁스, 페닐트라이메티콘, 티타늄디옥사이드 (CI 77891), 메틸메타크릴레이트크로스폴리머, 폴리메틸실세스퀴옥세인, 비닐다이메티콘/메티콘실세스퀴옥세인크로스폴리머, 트라이에틸헥사노인, 폴리글리세릴-2트라이아이소스테아레이트, 실리카, 칸데릴라왁스, 다이메티콘크로스폴리머, 적색산화철 (CI 77491), 솔비탄아이소스테아레이트, 적색202호 (CI 15850), 폴리글리세릴-2다이아이소스테아레이트, 카나우바왁스, 망고씨버터, 쿠푸아수씨버터, 동백나무꽃추출물, 프로방스장미꽃수, 마트리카리아꽃추출물, 알바수련꽃추출물, 폴리에틸렌, 폴리하이드록시스테아릭애씨드, 에틸헥실팔미테이트, 아이소프로필미리스테이트, 아이소스테아릭애씨드, 레시틴, 폴리글리세릴-3폴리리시놀리에이트, 트라이에톡시카프릴릴실레인, 카프릴릴글라이콜, 글리세릴카프릴레이트, 펜타에리스리틸테트라-다이-t-부틸하이드록시하이드로신나메이트, 정제수, 다이프로필렌글라이콜, 부틸렌글라이콜, 소듐팔미토일프롤린, 1,2-헥산다이올, 에틸헥실글리세린, 토코페롤, 향료, 황색4호 (CI 19140)","​1. 화장품 사용 시 또는 사용 후 직사광선에 의하여 사용부위가 붉은 반점, 부어오름 또는 가려움증 등의 이상 증상이나 부작용이 있는 경우 전문의 등과 상담할 것  2. 상처가 있는 부위 등에는 사용을 자제할 것  3. 보관 및 취급 시의 주의사항     가) 어린이의 손이 닿지 않는 곳에 보관할 것     나) 직사광선을 피해서 보관할 것  4. 눈에 들어갔을 때에는 즉시 씻어낼 것",본 제품에 이상이 있을 경우 공정거래위원회 고시 소비자분쟁해결기준에 의거하여 보상해 드립니다.,1668-1756,normal,네이처리퍼블릭,바이플라워 에코 크레용 립 벨벳 [3호 히비스커스],2001736,46813,
300ml,모든피부,"제조일로부터 30개월, 개봉 후 12개월 *제품의 개봉 후 사용기간은 제조일로부터 사용기한을 초과하지 않습니다.",상품상세참조,(주)코스맥스/네이처리퍼블릭,한국,해당있음,"정제수, 피이지-8, 스테아트라이모늄메토설페이트, 카보머, 용설란줄기추출물, 소듐클로라이드, 편백잎추출물, 아마씨추출물, 카프릴릴글라이콜, 부틸렌글라이콜, 아이소프로필알코올, 다이소듐이디티에이, 페녹시에탄올, 향료, 헥실신남알, 시트로넬올","1. 화장품 사용 시 또는 사용 후 직사광선에 의하여 사용부위가 붉은 반점, 부어오름 또는 가려움증 등의 이상 증상이나 부작용이 있는 경우 전문의 등과 상담할 것  2. 상처가 있는 부위 등에는 사용을 자제할 것  3. 보관 및 취급 시의 주의사항     가) 어린이의 손이 닿지 않는 곳에 보관할 것     나) 직사광선을 피해서 보관할 것",본 제품에 이상이 있을 경우 공정거래위원회 고시 소비자분쟁해결기준에 의거하여 보상해 드립니다.,1668-1756,normal,네이처리퍼블릭,매끈매끈 때샤워 [피톤치드],2017527,47642,
150ml,모든 피부,"제조일로부터 30개월, 개봉 후 12개월 *제품의 개봉 후 사용기간은 제조일로부터 사용기한을 초과하지 않습니다.",상품상세참조,코스맥스 / 네이처리퍼블릭,한국,해당있음,"정제수,글리세린,글리세레스-26,1,2-헥산다이올,다이글리세린,메틸프로판다이올,클로렐라 불가리스추출물,리치추출물,소듐하이알루로네이트,수용성콜라겐,해마토코쿠스 플루비알리스오일,트루로즈오브예리코추출물,락토바실러스발효물,다이프로필렌글라이콜,글리세릴폴리메타크릴레이트,부틸렌글라이콜,글라이코실트레할로오스,카프릴릴글라이콜,글루코오스,옥틸도데세스-16,트로메타민,하이드로제네이티드스타치하이드롤리세이트,아크릴레이트/C10-30알킬아크릴레이트크로스폴리머,프룩토올리고사카라이드,프룩토오스,판테놀,프로필렌글라이콜,에틸헥실글리세린,아데노신,하이드록시에틸셀룰로오스,펜틸렌글라이콜,아세틸글루코사민,베타-글루칸,하이드록시아세토페논,소듐하이알루로네이트크로스폴리머,다이소듐포스페이트,폴리솔베이트60,토코페롤,소듐포스페이트,아스타잔틴,아세틸헥사펩타이드-8,아스코빅애씨드폴리펩타이드,아세틸옥타펩타이드-3,아세틸테트라펩타이드-2,아세틸테트라펩타이드-3,아세틸테트라펩타이드-5,아세틸테트라펩타이드-9,카르노신,카퍼트라이펩타이드-1,노나펩타이드-1,팔미토일펜타펩타이드-4,팔미토일트라이펩타이드-1,팔미토일트라이펩타이드-5,카보머,다이소듐이디티에이,잔탄검,향료","가. 화장품 사용 시 또는 사용 후 직사광선에 의하여 사용부위가 붉은 반점, 부어오름 또는 가려움증 등의 이상 증상이나 부작용이 있는 경우에는 전문의 등과 상담할 것  나. 상처가 있는 부위 등에는 사용을 자제할 것  다. 보관 및 취급 시 주의사항     1) 어린이의 손이 닿지 않는 곳에 보관할 것     2) 직사광선을 피해서 보관할 것",본 제품에 이상이 있을 경우 공정거래위원회 고시 소비자분쟁해결기준에 의거하여 보상해 드립니다.,080-890-6000,normal,네이처리퍼블릭,콜라겐 드림 스킨 부스터,2138023,70326,
0.3g,모든피부,"제조일로부터 36개월, 개봉 후 6개월 *제품의 개봉 후 사용기간은 제조일로부터 사용기한을 초과하지 않습니다.",상품상세참조,믹스앤매치 / 네이처리퍼블릭,대한민국,해당있음,"흑색산화철 (CI 77499), 티타늄디옥사이드 (CI 77891), 적색산화철 (CI 77491), 하이드로제네이티드코코-글리세라이즈, 황색산화철 (CI 77492), 징크스테아레이트, 검양옻나무열매왁스, 마이카 (CI 77019), 팔미틱애씨드, 스테아릭애씨드, 마이크로크리스탈린왁스, 카나우바왁스, 칸데릴라왁스, 폴리부텐, 피마자씨오일, 페닐트라이메티콘, 글리세릴카프릴레이트, 카프릴릴글라이콜, 정제수, 부틸렌글라이콜, 감나무잎추출물, 글리세린, 메틸프로판다이올, 1,2-헥산다이올, 밤부사 불가리스추출물, 겨우살이잎추출물, 에틸헥실글리세린","가. 화장품 사용 시 또는 사용 후 직사광선에 의하여 사용부위가 붉은 반점, 부어오름 또는 가려움증 등의 이상 증상이나 부작용이 있는 경우에는 전문의 등과 상담할 것  나. 상처가 있는 부위 등에는 사용을 자제할 것  다. 보관 및 취급 시 주의사항     1) 어린이의 손이 닿지 않는 곳에 보관할 것     2) 직사광선을 피해서 보관할 것  라. 눈에 들어갔을 때에는 즉시 씻어낼 것.",본 제품에 이상이 있을 경우 공정거래위원회 고시 소비자분쟁해결기준에 의거하여 보상해 드립니다.,080-890-6000,normal,네이처리퍼블릭,보테니컬 오토 아이브로우 [3호 애쉬모카],1991476,57941,
5g,모든피부,"제조일로부터 36개월, 개봉 후 12개월 *제품의 개봉 후 사용기간은 제조일로부터 사용기한을 초과하지 않습니다.",상품상세참조,코스맥스(주)/네이처리퍼블릭,한국,해당있음,"마이카 (CI 77019), 합성플루오르플로고파이트, 티타늄디옥사이드 (CI 77891), 옥틸도데실스테아로일스테아레이트, 에이치디아이/트라이메틸올헥실락톤크로스폴리머, 탤크, 다이메티콘, 실리카, 알루미늄전분옥테닐석시네이트, 글리세린, 울트라마린 (CI 77007), 아이소프로필팔미테이트, 사라수씨버터, 동백나무꽃추출물, 연꽃꽃추출물, 알바수련꽃추출물, 세룰라타벚나무꽃추출물, 장미꽃추출물, 복사나무꽃추출물, 마그네슘미리스테이트, 펜틸렌글라이콜, 폴리솔베이트20, 트라이에톡시카프릴릴실레인, 아크릴아마이드/소듐아크릴로일다이메틸타우레이트코폴리머, 마그네슘알루미늄실리케이트, 솔비탄올리베이트, 솔비탄스테아레이트, 비닐다이메티콘/메티콘실세스퀴옥세인크로스폴리머, 아이소헥사데칸, 에틸헥실글리세린, 폴리솔베이트80, 알루미늄하이드록사이드, 메티콘, 아이소프로필티타늄트라이아이소스테아레이트, 솔비탄올리에이트, 부틸렌글라이콜, 토코페롤, 틴옥사이드 (CI 77861), 세테아릴알코올, 페녹시에탄올, 포타슘솔베이트, 소듐데하이드로아세테이트, 향료, 적색226호 (CI 73360), 적색산화철 (CI 77491), 황색산화철 (CI 77492), 흑색산화철 (CI 77499)","1. 화장품 사용 시 또는 사용 후 직사광선에 의하여 사용부위가 붉은 반점, 부어오름 또는 가려움증 등의 이상 증상이나 부작용이 있는 경우 전문의 등과 상담할 것 2. 상처가 있는 부위 등에는 사용을 자제할 것 3. 보관 및 취급 시의 주의사항 가) 어린이의 손이 닿지 않는 곳에 보관할 것 나) 직사광선을 피해서 보관할 것 4. 눈에 들어갔을 때에는 즉시 씻어낼 것.",본 제품에 이상이 있을 경우 공정거래위원회 고시 소비자분쟁해결기준에 의거하여 보상해 드립니다.,080-890-6000,normal,네이처리퍼블릭,베이크드 블러셔 [03 달리아쿠키],2028505,50493,
27ml*2매,모든피부,"제조일로부터 24개월, 개봉 후 12개월 *제품의 개봉 후 사용기간은 제조일로부터 사용기한을 초과하지 않습니다.",상품상세참조,코스맥스(주) / 네이처리퍼블릭,대한민국,해당있음,"정제수, 글리세린, 1,2-헥산다이올, 부틸렌글라이콜, 자일리톨, 효모발효여과물, 소듐하이알루로네이트, 백미꽃추출물, 트루로즈오브예리코추출물, 락토바실러스발효물, 접시꽃추출물, 얼룩파인애플추출물, 메틸프로판다이올, 에리스리톨, 트로메타민, 알란토인, 프로판다이올, 카프릴릴글라이콜, 에틸헥실글리세린, 폴리글리세릴-10아이소스테아레이트, 소듐파이테이트, 펜틸렌글라이콜, 폴리글리세릴-10올리에이트, 판테놀, 아세틸글루코사민, 하이드록시아세토페논, 다발방패버섯추출물, 소듐하이알루로네이트크로스폴리머, 아스코빅애씨드, 카보머, 잔탄검, 향료","가. 화장품 사용 시 또는 사용 후 직사광선에 의하여 사용부위가 붉은 반점, 부어오름 또는 가려움증 등의 이상 증상이나 부작용이 있는 경우에는 전문의 등과 상담할 것 나. 상처가 있는 부위 등에는 사용을 자제할 것 다. 보관 및 취급 시 주의사항 1) 어린이의 손이 닿지 않는 곳에 보관할 것 2) 직사광선을 피해서 보관할 것 라. 눈 주위를 피하여 사용할 것",본 제품에 이상이 있을 경우 공정거래위원회 고시 소비자분쟁해결기준에 의거하여 보상해 드립니다.,080-890-6000,normal,네이처리퍼블릭,크라이오 아이싱 마스크팩 [바이탈라이징],2062303,57915,
2.7g,모든피부,"제조일로부터 24개월, 개봉 후 12개월 *제품의 개봉 후 사용기간은 제조일로부터 사용기한을 초과하지 않습니다.",상품상세참조,한국콜마/네이처리퍼블릭,한국,해당있음,상품상세참조,"​1. 화장품 사용 시 또는 사용 후 직사광선에 의하여 사용부위가 붉은 반점, 부어오름 또는 가려움증 등의 이상 증상이나 부작용이 있는 경우 전문의 등과 상담할 것  2. 상처가 있는 부위 등에는 사용을 자제할 것  3. 보관 및 취급 시의 주의사항     가) 어린이의 손이 닿지 않는 곳에 보관할 것     나) 직사광선을 피해서 보관할 것  4. 눈에 들어갔을 때에는 즉시 씻어낼 것",본 제품에 이상이 있을 경우 공정거래위원회 고시 소비자분쟁해결기준에 의거하여 보상해 드립니다.,080-890-6000,detail,네이처리퍼블릭,허니 멜팅 립 [10 쫀득복숭아],2078282,58586,img/허니 멜팅 립 [10 쫀득복숭아]_0.jpg;img/허니 멜팅 립 [10 쫀득복숭아]_1.jpg;img/허니 멜팅 립 [10 쫀득복숭아]_2.jpg;img/허니 멜팅 립 [10 쫀득복숭아]_3.jpg;img/허니 멜팅 립 [10 쫀득복숭아]_4.jpg;img/허니 멜팅 립 [10 쫀득복숭아]_5.jpg;img/허니 멜팅 립 [10 쫀득복숭아]_6.jpg;img/허니 멜팅 립 [10 쫀득복숭아]_7.jpg;img/허니 멜팅 립 [10 쫀득복숭아]_8.jpg;img/허니 멜팅 립 [10 쫀득복숭아]_9.jpg;img/허니 멜팅 립 [10 쫀득복숭아]_10.jpg;img/허니 멜팅 립 [10 쫀득복숭아]_11.jpg;img/허니 멜팅 립 [10 쫀득복숭아]_12.jpg;img/허니 멜팅 립 [10 쫀득복숭아]_13.jpg;img/허니 멜팅 립 [10 쫀득복숭아]_14.jpg;img/허니 멜팅 립 [10 쫀득복숭아]_15.jpg;img/허니 멜팅 립 [10 쫀득복숭아]_16.jpg;img/허니 멜팅 립 [10 쫀득복숭아]_17.jpg;img/허니 멜팅 립 [10 쫀득복숭아]_18.jpg;img/허니 멜팅 립 [10 쫀득복숭아]_19.jpg;img/허니 멜팅 립 [10 쫀득복숭아]_20.jpg;img/허니 멜팅 립 [10 쫀득복숭아]_21.jpg
1.4g,모든피부,"제조일로부터 24개월, 개봉 후 12개월 *제품의 개봉 후 사용기간은 제조일로부터 사용기한을 초과하지 않습니다.",상품상세참조,씨앤씨,한국,해당있음,상품상세참조,"​1. 화장품 사용 시 또는 사용 후 직사광선에 의하여 사용부위가 붉은 반점, 부어오름 또는 가려움증 등의 이상 증상이나 부작용이 있는 경우 전문의 등과 상담할 것 2. 상처가 있는 부위 등에는 사용을 자제할 것 3. 보관 및 취급 시의 주의사항 가) 어린이의 손이 닿지 않는 곳에 보관할 것 나) 직사광선을 피해서 보관할 것 4. 눈에 들어갔을 때에는 즉시 씻어낼 것",본 제품에 이상이 있을 경우 공정거래위원회 고시 소비자분쟁해결기준에 의거하여 보상해 드립니다.,080-890-6000,detail,네이처리퍼블릭,코튼 멜팅 립 [01 폭닥베이지],2120212,66919,img/코튼 멜팅 립 [01 폭닥베이지]_0.jpg;img/코튼 멜팅 립 [01 폭닥베이지]_1.jpg;img/코튼 멜팅 립 [01 폭닥베이지]_2.jpg;img/코튼 멜팅 립 [01 폭닥베이지]_3.jpg;img/코튼 멜팅 립 [01 폭닥베이지]_4.jpg;img/코튼 멜팅 립 [01 폭닥베이지]_5.jpg;img/코튼 멜팅 립 [01 폭닥베이지]_6.jpg;img/코튼 멜팅 립 [01 폭닥베이지]_7.jpg;img/코튼 멜팅 립 [01 폭닥베이지]_8.jpg;img/코튼 멜팅 립 [01 폭닥베이지]_9.jpg;img/코튼 멜팅 립 [01 폭닥베이지]_10.jpg;img/코튼 멜팅 립 [01 폭닥베이지]_11.jpg;img/코튼 멜팅 립 [01 폭닥베이지]_12.jpg;img/코튼 멜팅 립 [01 폭닥베이지]_13.jpg;img/코튼 멜팅 립 [01 폭닥베이지]_14.jpg;img/코튼 멜팅 립 [01 폭닥베이지]_15.jpg;img/코튼 멜팅 립 [01 폭닥베이지]_16.jpg;img/코튼 멜팅 립 [01 폭닥베이지]_17.jpg;img/코튼 멜팅 립 [01 폭닥베이지]_18.jpg;img/코튼 멜팅 립 [01 폭닥베이지]_19.jpg;img/코튼 멜팅 립 [01 폭닥베이지]_20.jpg
55ml*2,모든피부,"제조일로부터 36개월, 개봉 후 12개월 *제품의 개봉 후 사용기간은 제조일로부터 사용기한을 초과하지 않습니다.",상품상세참조,(주)서울화장품/네이처리퍼블릭,한국,해당있음,"정제수, 다이프로필렌글라이콜, 부틸렌글라이콜, 다이메티콘, 글리세린, 하이드로제네이티드폴리아이소부텐, 녹차추출물(10,000 ppm), 글리세레스-26, 암모늄아크릴로일다이메틸타우레이트/브이피코폴리머, 트레할로오스, 카프릴릴글라이콜, 카보머, 하이드록시아세토페논, 펜틸렌글라이콜, 트로메타민, 에틸헥실글리세린, 토코페릴아세테이트, 애기수영추출물, 사이클로펜타실록세인, 다이메티콘/비닐다이메티콘크로스폴리머, 다이소듐이디티에이, 1,2-헥산다이올, 잔탄검, 소듐하이알루로네이트, 익모초꽃/잎/줄기추출물, 약모밀추출물, 불가리스쑥추출물, 연꽃추출물, 바이오사카라이드검-4, 향료, 리모넨, 헥실신남알, 부틸페닐메틸프로피오날, 리날룰","가. 화장품 사용 시 또는 사용 후 직사광선에 의하여 사용부위가 붉은 반점, 부어오름 또는 가려움증 등의 이상 증상이나 부작용이 있는 경우에는 전문의 등과 상담할 것  나. 상처가 있는 부위 등에는 사용을 자제할 것  다. 보관 및 취급 시 주의사항     1) 어린이의 손이 닿지 않는 곳에 보관할 것     2) 직사광선을 피해서 보관할 것",본 제품에 이상이 있을 경우 공정거래위원회 고시 소비자분쟁해결기준에 의거하여 보상해 드립니다.,080-890-6000,normal,네이처리퍼블릭,어린녹차 순한 크림,2072789,57518,
2.7g,모든피부,"제조일로부터 24개월, 개봉 후 12개월 *제품의 개봉 후 사용기간은 제조일로부터 사용기한을 초과하지 않습니다.",상품상세참조,한국콜마/네이처리퍼블릭,한국,해당있음,상품상세참조,"​1. 화장품 사용 시 또는 사용 후 직사광선에 의하여 사용부위가 붉은 반점, 부어오름 또는 가려움증 등의 이상 증상이나 부작용이 있는 경우 전문의 등과 상담할 것  2. 상처가 있는 부위 등에는 사용을 자제할 것  3. 보관 및 취급 시의 주의사항     가) 어린이의 손이 닿지 않는 곳에 보관할 것     나) 직사광선을 피해서 보관할 것  4. 눈에 들어갔을 때에는 즉시 씻어낼 것",본 제품에 이상이 있을 경우 공정거래위원회 고시 소비자분쟁해결기준에 의거하여 보상해 드립니다.,080-890-6000,detail,네이처리퍼블릭,허니 멜팅 립 [07 상큼달콤리치],2078279,58580,img/허니 멜팅 립 [07 상큼달콤리치]_0.jpg;img/허니 멜팅 립 [07 상큼달콤리치]_1.jpg;img/허니 멜팅 립 [07 상큼달콤리치]_2.jpg;img/허니 멜팅 립 [07 상큼달콤리치]_3.jpg;img/허니 멜팅 립 [07 상큼달콤리치]_4.jpg;img/허니 멜팅 립 [07 상큼달콤리치]_5.jpg;img/허니 멜팅 립 [07 상큼달콤리치]_6.jpg;img/허니 멜팅 립 [07 상큼달콤리치]_7.jpg;img/허니 멜팅 립 [07 상큼달콤리치]_8.jpg;img/허니 멜팅 립 [07 상큼달콤리치]_9.jpg;img/허니 멜팅 립 [07 상큼달콤리치]_10.jpg;img/허니 멜팅 립 [07 상큼달콤리치]_11.jpg;img/허니 멜팅 립 [07 상큼달콤리치]_12.jpg;img/허니 멜팅 립 [07 상큼달콤리치]_13.jpg;img/허니 멜팅 립 [07 상큼달콤리치]_14.jpg;img/허니 멜팅 립 [07 상큼달콤리치]_15.jpg;img/허니 멜팅 립 [07 상큼달콤리치]_16.jpg;img/허니 멜팅 립 [07 상큼달콤리치]_17.jpg;img/허니 멜팅 립 [07 상큼달콤리치]_18.jpg;img/허니 멜팅 립 [07 상큼달콤리치]_19.jpg;img/허니 멜팅 립 [07 상큼달콤리치]_20.jpg;img/허니 멜팅 립 [07 상큼달콤리치]_21.jpg
30ml*2,모든피부,"제조일로부터 36개월, 개봉 후 12개월 *제품의 개봉 후 사용기간은 제조일로부터 사용기한을 초과하지 않습니다.",상품상세참조,한국콜마(주)/네이처리퍼블릭,한국,해당있음,"정제수,세틸에틸헥사노에이트,글리세린,시어버터,카프릴릭/카프릭트라이글리세라이드,1,2-헥산다이올,다이글리세린,메틸프로판다이올,폴리글리세릴-3메틸글루코오스다이스테아레이트,프로방스장미꽃추출물,퀸즈랜드넛오일,올리브오일,호호바씨오일,포도씨오일,다이스타치포스페이트,암모늄아크릴로일다이메틸타우레이트/브이피코폴리머,글리세릴스테아레이트,아크릴레이트/C10-30알킬아크릴레이트크로스폴리머,세테아릴올리베이트,합성비즈왁스,트로메타민,솔비탄올리베이트,카프릴릴글라이콜,에틸헥실글리세린,다이포타슘글리시리제이트,판테놀,부틸렌글라이콜,베타-글루칸,수크로오스팔미테이트,하이드로제네이티드레시틴,토코페롤,잔탄검,향료,벤질살리실레이트,알파-아이소메틸아이오논,하이드록시시트로넬알,시트로넬올,유제놀,제라니올,리모넨,리날룰","가. 화장품 사용 시 또는 사용 후 직사광선에 의하여 사용부위가 붉은 반점, 부어오름 또는 가려움증 등의 이상 증상이나 부작용이 있는 경우에는 전문의 등과 상담할 것 나. 상처가 있는 부위 등에는 사용을 자제할 것 다. 보관 및 취급 시 주의사항 1) 어린이의 손이 닿지 않는 곳에 보관할 것 2) 직사광선을 피해서 보관할 것",본 제품에 이상이 있을 경우 공정거래위원회 고시 소비자분쟁해결기준에 의거하여 보상해 드립니다.,080-890-6000,normal,네이처리퍼블릭,핸드 앤 네이처 핸드크림 [로즈],2127191,69559,
7.5g,모든피부,"제조일로부터 24개월, 개봉 후 6개월 *제품의 개봉 후 사용기간은 제조일로부터 사용기한을 초과하지 않습니다.",상품상세참조,코스맥스(주) / 네이처리퍼블릭,대한민국,해당있음,"아이소도데케인, 트라이메틸실록시실리케이트, 실리카, 세레신, 마이크로크리스탈린왁스, 흑색산화철 (CI 77499), 다이스테아다이모늄헥토라이트, 덱스트린팔미테이트, 폴리프로필실세스퀴옥세인, 폴리아이소부텐, 알루미늄다이스테아레이트, 프로필렌카보네이트, 하이드롤라이즈드케라틴, 하이드롤라이즈드콩단백질, 류코노스톡/무발효여과물, 하이드롤라이즈드콜라겐, 덱스트린팔미테이트/에틸헥사노에이트, 글리세릴카프릴레이트, 폴리메틸실세스퀴옥세인, 나일론-66, 트라이에톡시카프릴릴실레인, 정제수, 펜틸렌글라이콜, 1,2-헥산다이올, 비에이치티, 티타늄디옥사이드 (CI 77891)","가. 화장품 사용 시 또는 사용 후 직사광선에 의하여 사용부위가 붉은 반점, 부어오름 또는 가려움증 등의 이상 증상이나 부작용이 있는 경우에는 전문의 등과 상담할 것  나. 상처가 있는 부위 등에는 사용을 자제할 것  다. 보관 및 취급 시 주의사항     1) 어린이의 손이 닿지 않는 곳에 보관할 것     2) 직사광선을 피해서 보관할 것  라. 눈에 들어갔을 때에는 즉시 씻어낼 것.",본 제품에 이상이 있을 경우 공정거래위원회 고시 소비자분쟁해결기준에 의거하여 보상해 드립니다.,080-890-6000,normal,네이처리퍼블릭,보테니컬 수퍼프루프 마스카라 [01 롱앤컬],2006998,57930,
155ml,해당없음,"제조일로부터 36개월, 개봉 후 12개월 *제품의 개봉 후 사용기간은 제조일로부터 사용기한을 초과하지 않습니다.",상품상세참조,(주)코스맥스 / 네이처리퍼블릭,대한민국,해당있음,"정제수, 글리세린, 셀룰로오스, 부틸렌글라이콜, 다이프로필렌글라이콜, 펜틸렌글라이콜, 1,2-헥산다이올, 돌콩추출물, 프로폴리스추출물, 병풀잎추출물, 드럼스틱씨오일, 판테놀, 트로메타민, 카프릴릴글라이콜, 에틸헥실글리세린, 옥탄다이올, 마데카소사이드, 아시아티코사이드, 아시아틱애씨드, 마데카식애씨드, 세라마이드엔피, 피토스핑고신, 하이드로제네이티드레시틴, 카보머, 다이소듐이디티에이, 향료","가. 화장품 사용 시 또는 사용 후 직사광선에 의하여 사용부위가 붉은 반점, 부어오름 또는 가려움증 등의 이상 증상이나 부작용이 있는 경우에는 전문의 등과 상담할 것  나. 상처가 있는 부위 등에는 사용을 자제할 것  다. 보관 및 취급 시 주의사항  1) 어린이의 손이 닿지 않는 곳에 보관할 것  2) 직사광선을 피해서 보관할 것",본 제품에 이상이 있을 경우 공정거래위원회 고시 소비자분쟁해결기준에 의거하여 보상해 드립니다.,080-890-6000,normal,네이처리퍼블릭,그린더마 마일드 시카 필링 젤,2072815,57577,
0.3g,모든피부,"제조일로부터 36개월, 개봉 후 6개월 *제품의 개봉 후 사용기간은 제조일로부터 사용기한을 초과하지 않습니다.",상품상세참조,믹스앤매치 / 네이처리퍼블릭,대한민국,해당있음,"티타늄디옥사이드 (CI 77891), 황색산화철 (CI 77492), 하이드로제네이티드코코-글리세라이즈, 흑색산화철 (CI 77499), 징크스테아레이트, 마이카 (CI 77019), 검양옻나무열매왁스, 팔미틱애씨드, 스테아릭애씨드, 마이크로크리스탈린왁스, 카나우바왁스, 적색산화철 (CI 77491), 칸데릴라왁스, 폴리부텐, 피마자씨오일, 페닐트라이메티콘, 글리세릴카프릴레이트, 카프릴릴글라이콜, 정제수, 부틸렌글라이콜, 감나무잎추출물, 글리세린, 메틸프로판다이올, 1,2-헥산다이올, 밤부사 불가리스추출물, 겨우살이잎추출물, 에틸헥실글리세린","가. 화장품 사용 시 또는 사용 후 직사광선에 의하여 사용부위가 붉은 반점, 부어오름 또는 가려움증 등의 이상 증상이나 부작용이 있는 경우에는 전문의 등과 상담할 것  나. 상처가 있는 부위 등에는 사용을 자제할 것  다. 보관 및 취급 시 주의사항     1) 어린이의 손이 닿지 않는 곳에 보관할 것     2) 직사광선을 피해서 보관할 것  라. 눈에 들어갔을 때에는 즉시 씻어낼 것.",본 제품에 이상이 있을 경우 공정거래위원회 고시 소비자분쟁해결기준에 의거하여 보상해 드립니다.,080-890-6000,normal,네이처리퍼블릭,보테니컬 오토 아이브로우 [1호 아몬드브라운],1991474,57939,
27ml*2매,모든피부,"제조일로부터 24개월, 개봉 후 12개월 *제품의 개봉 후 사용기간은 제조일로부터 사용기한을 초과하지 않습니다.",상품상세참조,코스맥스(주) / 네이처리퍼블릭,대한민국,해당있음,"정제수, 글리세린, 1,2-헥산다이올, 부틸렌글라이콜, 자일리톨, 효모발효여과물, 소듐하이알루로네이트, 백미꽃추출물, 트루로즈오브예리코추출물, 락토바실러스발효물, 접시꽃추출물, 무화과추출물, 메틸프로판다이올, 에리스리톨, 트로메타민, 알란토인, 프로판다이올, 카프릴릴글라이콜, 에틸헥실글리세린, 폴리글리세릴-10아이소스테아레이트, 소듐파이테이트, 펜틸렌글라이콜, 폴리글리세릴-10올리에이트, 판테놀, 아세틸글루코사민, 하이드록시아세토페논, 다발방패버섯추출물, 소듐하이알루로네이트크로스폴리머, 세라마이드엔피, 카보머, 잔탄검, 향료","가. 화장품 사용 시 또는 사용 후 직사광선에 의하여 사용부위가 붉은 반점, 부어오름 또는 가려움증 등의 이상 증상이나 부작용이 있는 경우에는 전문의 등과 상담할 것 나. 상처가 있는 부위 등에는 사용을 자제할 것 다. 보관 및 취급 시 주의사항 1) 어린이의 손이 닿지 않는 곳에 보관할 것 2) 직사광선을 피해서 보관할 것 라. 눈 주위를 피하여 사용할 것",본 제품에 이상이 있을 경우 공정거래위원회 고시 소비자분쟁해결기준에 의거하여 보상해 드립니다.,080-890-6000,normal,네이처리퍼블릭,크라이오 아이싱 마스크팩 [스트렝스닝],2062295,57911,
25ml*2매,모든피부,"제조일로부터 36개월, 개봉 후 즉시 *제품의 개봉 후 사용기간은 제조일로부터 사용기한을 초과하지 않습니다.",상품상세참조,코바스 / 네이처리퍼블릭,대한민국,해당있음,"정제수, 다이프로필렌글라이콜, 글리세린, 부틸렌글라이콜, 카프릴릭/카프릭트라이글리세라이드, 베타인, 1,2-헥산다이올, 펜틸렌글라이콜, 다이메티콘, 하이드록시아세토페논, 구주소나무잎추출물, 알지닌, 스타아니스추출물, 판테놀, 카프릴릴글라이콜, 폴리글리세릴-10아이소스테아레이트, 아크릴레이트/C10-30알킬아크릴레이트크로스폴리머, 폴리글리세릴-10올리에이트, 황금추출물, 다이소듐이디티에이, 소듐하이알루로네이트, 향료, 망고스틴껍질추출물(100PPM), 탱자추출물, 복분자딸기열매추출물, 토마토추출물, 다이포타슘글리시리제이트, 나이아신아마이드, 소듐아스코빌포스페이트, 티아민에이치씨엘, 사이아노코발아민, 바이오틴, 아스코빅애씨드, 피리독신, 폴릭애씨드, 리보플라빈","가. 화장품 사용 시 또는 사용 후 직사광선에 의하여 사용부위가 붉은 반점, 부어오름 또는 가려움증 등의 이상 증상이나 부작용이 있는 경우에는 전문의 등과 상담할 것   나. 상처가 있는 부위 등에는 사용을 자제할 것   다. 보관 및 취급 시 주의사항   1) 어린이의 손이 닿지 않는 곳에 보관할 것   2) 직사광선을 피해서 보관할 것   라. 눈 주위를 피하여 사용할 것",본 제품에 이상이 있을 경우 공정거래위원회 고시 소비자분쟁해결기준에 의거하여 보상해 드립니다.,080-890-6000,normal,네이처리퍼블릭,콜드 쥬이시 프레시 겔 마스크 [망고스틴소프트닝],2065659,57869,
120ml,모든피부,"제조일로부터 36개월, 개봉 후 12개월 *제품의 개봉 후 사용기간은 제조일로부터 사용기한을 초과하지 않습니다.",상품상세참조,코스맥스(주)/네이처리퍼블릭,한국,해당있음,"정제수, 글리세린, 셀룰로오스, 부틸렌글라이콜, 펜틸렌글라이콜, 레몬추출물,돌콩추출물, 병풀추출물,흰버드나무껍질추출물, 블랙윌로우나무껍질추출물, 병풀잎추출물,1,2-헥산다이올, 카프릴릴글라이콜, 트로메타민,에틸헥실글리세린, 소듐파이테이트, 에칠아스코빌에텔, 아스코빌글루코사이드, 옥탄다이올,아스코빅애씨드, 토코페롤,마데카소사이드, 글리세릴글루코사이드, 아시아티코사이드, 아시아틱애씨드, 마데카식애씨드, 카보머, 향료","1. 화장품 사용 시 또는 사용 후 직사광선에 의하여 사용부위가 붉은 반점, 부어오름 또는 가려움증 등의 이상 증상이나 부작용이 있는 경우 전문의 등과 상담할 것  2. 상처가 있는 부위 등에는 사용을 자제할 것  3. 보관 및 취급 시의 주의사항     가) 어린이의 손이 닿지 않는 곳에 보관할 것     나) 직사광선을 피해서 보관할 것",본 제품에 이상이 있을 경우 공정거래위원회 고시 소비자분쟁해결기준에 의거하여 보상해 드립니다.,080-890-6000,normal,네이처리퍼블릭,비타페어C 비타민 필링젤,1929268,48637,
5g,모든피부,"제조일로부터 24개월, 개봉 후 12개월 *제품의 개봉 후 사용기간은 제조일로부터 사용기한을 초과하지 않습니다.",상품상세참조,코스맥스(주)/네이처리퍼블릭,한국,해당있음,"탤크, 마이카 (CI 77019), 마이크로크리스탈린셀룰로오스, 다이메티콘, 알루미늄전분옥테닐석시네이트, 실리카, 마그네슘미리스테이트, 세틸다이메티콘, 마그네슘스테아레이트, 동백나무꽃추출물, 프로방스장미꽃수, 마트리카리아꽃추출물, 메틸프로판다이올, 프로판다이올, 트라이에톡시카프릴릴실레인, 정제수, 부틸렌글라이콜, 1,2-헥산다이올, 카프릴릴글라이콜, 에틸헥실글리세린, 울트라마린 (CI 77007), 적색226호 (CI 73360), 적색산화철 (CI 77491), 황색산화철 (CI 77492), 흑색산화철 (CI 77499)","1. 화장품 사용 시 또는 사용 후 직사광선에 의하여 사용부위가 붉은 반점, 부어오름 또는      가려움증 등의 이상 증상이나 부작용이 있는 경우에는 전문의 등과 상담할 것   2. 상처가 있는 부위 등에는 사용을 자제할 것  3. 보관 및 취급 시 주의사항      가) 어린이의 손이 닿지 않는 곳에 보관할 것      나) 직사광선을 피해서 보관할 것",본 제품에 이상이 있을 경우 공정거래위원회 고시 소비자분쟁해결기준에 의거하여 보상해 드립니다.,1668-1756,normal,네이처리퍼블릭,바이플라워 블러셔 [10 싱그런라일락],2003177,47048,
30ml*2,모든피부,"제조일로부터 36개월, 개봉 후 12개월 *제품의 개봉 후 사용기간은 제조일로부터 사용기한을 초과하지 않습니다.",상품상세참조,한국콜마(주)/네이처리퍼블릭,한국,해당있음,상품상세참조,"가. 화장품 사용 시 또는 사용 후 직사광선에 의하여 사용부위가 붉은 반점, 부어오름 또는 가려움증 등의 이상 증상이나 부작용이 있는 경우에는 전문의 등과 상담할 것 나. 상처가 있는 부위 등에는 사용을 자제할 것 다. 보관 및 취급 시 주의사항 1) 어린이의 손이 닿지 않는 곳에 보관할 것 2) 직사광선을 피해서 보관할 것",본 제품에 이상이 있을 경우 공정거래위원회 고시 소비자분쟁해결기준에 의거하여 보상해 드립니다.,080-890-6000,detail,네이처리퍼블릭,핸드 앤 네이처 핸드크림 [네롤리],2127186,67665,img/핸드 앤 네이처 핸드크림 [네롤리]_0.jpg;img/핸드 앤 네이처 핸드크림 [네롤리]_1.jpg;img/핸드 앤 네이처 핸드크림 [네롤리]_2.jpg;img/핸드 앤 네이처 핸드크림 [네롤리]_3.jpg;img/핸드 앤 네이처 핸드크림 [네롤리]_4.jpg;img/핸드 앤 네이처 핸드크림 [네롤리]_5.jpg;img/핸드 앤 네이처 핸드크림 [네롤리]_6.jpg;img/핸드 앤 네이처 핸드크림 [네롤리]_7.jpg;img/핸드 앤 네이처 핸드크림 [네롤리]_8.jpg;img/핸드 앤 네이처 핸드크림 [네롤리]_9.jpg;img/핸드 앤 네이처 핸드크림 [네롤리]_10.jpg;img/핸드 앤 네이처 핸드크림 [네롤리]_11.jpg;img/핸드 앤 네이처 핸드크림 [네롤리]_12.jpg;img/핸드 앤 네이처 핸드크림 [네롤리]_13.jpg;img/핸드 앤 네이처 핸드크림 [네롤리]_14.jpg;img/핸드 앤 네이처 핸드크림 [네롤리]_15.jpg;img/핸드 앤 네이처 핸드크림 [네롤리]_16.jpg;img/핸드 앤 네이처 핸드크림 [네롤리]_17.jpg
155ml,모든피부,"제조일로부터 30개월, 개봉 후 12개월 *제품의 개봉 후 사용기간은 제조일로부터 사용기한을 초과하지 않습니다.",상품상세참조,(주)서울화장품 / 네이처리퍼블릭,한국,해당있음,상품상세참조,"가. 화장품 사용 시 또는 사용 후 직사광선에 의하여 사용부위가 붉은 반점, 부어오름 또는 가려움증 등의 이상 증상이나 부작용이 있는 경우에는 전문의 등과 상담할 것  나. 상처가 있는 부위 등에는 사용을 자제할 것  다. 보관 및 취급 시 주의사항     1) 어린이의 손이 닿지 않는 곳에 보관할 것     2) 직사광선을 피해서 보관할 것",본 제품에 이상이 있을 경우 공정거래위원회 고시 소비자분쟁해결기준에 의거하여 보상해 드립니다.,080-890-6000,detail,네이처리퍼블릭,수딩 앤 모이스처 알로에베라 수딩젤 미스트,2162412,73552,img/수딩 앤 모이스처 알로에베라 수딩젤 미스트_0.jpg;img/수딩 앤 모이스처 알로에베라 수딩젤 미스트_1.jpg;img/수딩 앤 모이스처 알로에베라 수딩젤 미스트_2.jpg;img/수딩 앤 모이스처 알로에베라 수딩젤 미스트_3.jpg;img/수딩 앤 모이스처 알로에베라 수딩젤 미스트_4.jpg;img/수딩 앤 모이스처 알로에베라 수딩젤 미스트_5.jpg;img/수딩 앤 모이스처 알로에베라 수딩젤 미스트_6.jpg;img/수딩 앤 모이스처 알로에베라 수딩젤 미스트_7.jpg;img/수딩 앤 모이스처 알로에베라 수딩젤 미스트_8.jpg;img/수딩 앤 모이스처 알로에베라 수딩젤 미스트_9.jpg
50ml * 2EA,상품상세참조,"제조일로부터 36개월, 개봉 후 12개월 *제품의 개봉 후 사용기간은 제조일로부터 사용기한을 초과하지 않습니다.",상품상세참조,코스맥스/네이처리퍼블릭,대한민국,해당있음,상품상세참조,"가. 화장품 사용 시 또는 사용 후 직사광선에 의하여 사용부위가 붉은 반점, 부어오름 또는 가려움증 등의 이상 증상이나 부작용이 있는 경우 전문의 등과 상담할 것  나. 상처가 있는 부위 등에는 사용을 자제할 것  다. 보관 및 취급 시의 주의사항     1) 어린이의 손이 닿지 않는 곳에 보관할 것     2) 직사광선을 피해서 보관할 것",본 제품에 이상이 있을 경우 공정거래위원회 고시 소비자분쟁해결기준에 의거하여 보상해 드립니다.,080-890-6000,detail,네이처리퍼블릭,캐모마일 카밍 톤업 선크림 [SPF50+/PA++++],2032635,51120,img/캐모마일 카밍 톤업 선크림 [SPF50+PA++++]_0.jpg;img/캐모마일 카밍 톤업 선크림 [SPF50+PA++++]_1.jpg;img/캐모마일 카밍 톤업 선크림 [SPF50+PA++++]_2.jpg;img/캐모마일 카밍 톤업 선크림 [SPF50+PA++++]_3.jpg;img/캐모마일 카밍 톤업 선크림 [SPF50+PA++++]_4.jpg;img/캐모마일 카밍 톤업 선크림 [SPF50+PA++++]_5.jpg;img/캐모마일 카밍 톤업 선크림 [SPF50+PA++++]_6.jpg;img/캐모마일 카밍 톤업 선크림 [SPF50+PA++++]_7.jpg;img/캐모마일 카밍 톤업 선크림 [SPF50+PA++++]_8.jpg;img/캐모마일 카밍 톤업 선크림 [SPF50+PA++++]_9.jpg;img/캐모마일 카밍 톤업 선크림 [SPF50+PA++++]_10.jpg;img/캐모마일 카밍 톤업 선크림 [SPF50+PA++++]_11.jpg;img/캐모마일 카밍 톤업 선크림 [SPF50+PA++++]_12.jpg;img/캐모마일 카밍 톤업 선크림 [SPF50+PA++++]_13.jpg
100ml,모든피부,"제조일로부터 36개월, 개봉 후 12개월 *제품의 개봉 후 사용기간은 제조일로부터 사용기한을 초과하지 않습니다.",상품상세참조,코스맥스(주)/네이처리퍼블릭,한국,해당있음,"정제수,셀룰로오스,디프로필렌글라이콜,글리세린,부틸렌글라이콜,변성알코올,유칼립투스잎오일,콩추출물,유자씨추출물,로즈마리잎오일,유칼립투스잎추출물,에필로비움 플레이스케리추출물,애플민트잎추출물,녹차추출물,선백리향잎추출물,베타인,트로메타민,1,2-헥산디올,하이드록시아세토페논,소듐파이테이트,라우릴피리디늄클로라이드,펜틸렌글라이콜,옥탄디올,에칠헥실글리세린,시트릭애씨드,카보머,포타슘소르베이트","가. 화장품 사용 시 또는 사용 후 직사광선에 의하여 사용부위가 붉은 반점, 부어오름 또는 가려움증 등의 이상 증상이나 부작용이 있는 경우에는 전문의 등과 상담할 것  나. 상처가 있는 부위 등에는 사용을 자제할 것  다. 보관 및 취급 시 주의사항     1) 어린이의 손이 닿지 않는 곳에 보관할 것     2) 직사광선을 피해서 보관할 것  라. 알갱이가 눈에 들어갔을 때에는 물로 씻어내고, 이상이 있는 경우에는 전문의와 상담할 것  마. 눈 주위를 피해서 사용할 것",본 제품에 이상이 있을 경우 공정거래위원회 고시 소비자분쟁해결기준에 의거하여 보상해 드립니다.,080-890-6000,normal,네이처리퍼블릭,내추럴 메이드 마일드 필링 젤 [유칼립투스],1991950,58609,
170ml,모든피,"제조일로부터 36개월, 개봉 후 12개월 *제품의 개봉 후 사용기간은 제조일로부터 사용기한을 초과하지 않습니다.",상품상세참조,코스맥스(주) / 네이처리퍼블릭,한국,해당있음,"정제수,글리세린,스테아릭애씨드,미리스틱애씨드,피이지-32,포타슘하이드록사이드,팔미틱애씨드,라우릭애씨드,글리세릴스테아레이트,피이지-100스테아레이트,라우라마이드디이에이,포타슘코코에이트,레몬버베나잎추출물,살비아잎추출물,복숭아추출물,일랑일랑꽃추출물,마트리카리아꽃수,히비스커스꽃추출물,커먼자스민꽃수,라벤더꽃수,페퍼민트잎수,폴스애플민트잎추출물,로즈마리잎수,코카미도프로필베타인,소듐클로라이드,소듐파이테이트,부틸렌글라이콜,이디티에이,1,2-헥산다이올,시트릭애씨드,소듐벤조에이트,페녹시에탄올,향료,리모넨,리날룰,헥실신남알,적색227호 (CI 17200),황색4호 (CI 19140)","가. 화장품 사용 시 또는 사용 후 직사광선에 의하여 사용부위가 붉은 반점, 부어오름 또는 가려움증 등의 이상 증상이나 부작용이 있는 경우에는 전문의 등과 상담할 것  나. 상처가 있는 부위 등에는 사용을 자제할 것  다. 보관 및 취급 시 주의사항     1) 어린이의 손이 닿지 않는 곳에 보관할 것     2) 직사광선을 피해서 보관할 것",본 제품에 이상이 있을 경우 공정거래위원회 고시 소비자분쟁해결기준에 의거하여 보상해 드립니다.,080-890-6000,normal,네이처리퍼블릭,프레시 허브 폼클렌징 [피치],2162420,73549,
3.2g,모든피부,"제조일로부터 36개월, 개봉 후 12개월 *제품의 개봉 후 사용기간은 제조일로부터 사용기한을 초과하지 않습니다.",상품상세참조,씨앤씨인터내셔널 / 네이처리퍼블릭,한국,해당있음,"아이소노닐아이소노나노에이트,폴리글리세릴-2트라이아이소스테아레이트,폴리아이소부텐,카프릴릭/카프릭트라이글리세라이드,합성왁스,칸데릴라왁스,아이소트라이데실아이소노나노에이트,티타늄디옥사이드,실리카,마이크로크리스탈린왁스,세틸에틸헥사노에이트,옥틸도데칸올,황색4호,1,2-헥산다이올,적색202호,실리카다이메틸실릴레이트,토코페릴아세테이트,황색5호,다이스테아다이모늄헥토라이트,적색산화철,청색1호,벤질벤조에이트,프로필렌카보네이트,에틸헥실글리세린,향료,정제수,황색산화철,흑색산화철,적색104호의(1),장미꽃추출물,스노우로투스추출물,세룰라타벚나무꽃추출물,연꽃꽃추출물,알바수련꽃추출물,마트리카리아꽃추출물,포트마리골드꽃추출물,동백나무꽃추출물","가. 화장품 사용 시 또는 사용 후 직사광선에 의하여 사용부위가 붉은 반점, 부어오름 또는 가려움증 등의 이상 증상이나 부작용이 있는 경우에는 전문의 등과 상담할 것 나. 상처가 있는 부위 등에는 사용을 자제할 것 다. 보관 및 취급 시 주의사항 1) 어린이의 손이 닿지 않는 곳에 보관할 것 2) 직사광선을 피해서 보관할 것",본 제품에 이상이 있을 경우 공정거래위원회 고시 소비자분쟁해결기준에 의거하여 보상해 드립니다.,080-890-9000,normal,네이처리퍼블릭,립 스튜디오 인텐스 새틴 립스틱 뉴블랙 [08 칠로즈],2190330,76895,
27ml*2매,모든피부,"제조일로부터 24개월, 개봉 후 12개월 *제품의 개봉 후 사용기간은 제조일로부터 사용기한을 초과하지 않습니다.",상품상세참조,코스맥스(주) / 네이처리퍼블릭,대한민국,해당있음,"정제수, 글리세린, 1,2-헥산다이올, 부틸렌글라이콜, 자일리톨, 효모발효여과물, 소듐하이알루로네이트, 백미꽃추출물, 트루로즈오브예리코추출물, 락토바실러스발효물, 접시꽃추출물, 아보카도열매추출물, 라즈베리추출물, 메틸프로판다이올, 에리스리톨, 트로메타민, 알란토인, 프로판다이올, 카프릴릴글라이콜, 에틸헥실글리세린, 폴리글리세릴-10아이소스테아레이트, 소듐파이테이트, 펜틸렌글라이콜, 폴리글리세릴-10올리에이트, 판테놀, 아세틸글루코사민, 하이드록시아세토페논, 다발방패버섯추출물, 소듐하이알루로네이트크로스폴리머, 말토덱스트린, 솔비탄라우레이트, 하이드록시에틸셀룰로오스, 아세틸다이펩타이드-1세틸에스터, 아세틸헥사펩타이드-8, 카보머, 잔탄검, 향료","가. 화장품 사용 시 또는 사용 후 직사광선에 의하여 사용부위가 붉은 반점, 부어오름 또는 가려움증 등의 이상 증상이나 부작용이 있는 경우에는 전문의 등과 상담할 것 나. 상처가 있는 부위 등에는 사용을 자제할 것 다. 보관 및 취급 시 주의사항 1) 어린이의 손이 닿지 않는 곳에 보관할 것 2) 직사광선을 피해서 보관할 것 라. 눈 주위를 피하여 사용할 것",본 제품에 이상이 있을 경우 공정거래위원회 고시 소비자분쟁해결기준에 의거하여 보상해 드립니다.,080-890-6000,normal,네이처리퍼블릭,크라이오 아이싱 마스크팩 [퍼밍],2062292,57909,
4.2g,모든피,"제조일로부터 24개월, 개봉 후 12개월 *제품의 개봉 후 사용기간은 제조일로부터 사용기한을 초과하지 않습니다.",상품상세참조,(주)코스맥스 / 네이처리퍼블릭,한국,해당있음,"다이아이소스테아릴말레이트,다이페닐실록시페닐트라이메티콘,비스-다이글리세릴폴리아실아디페이트-2,정제수,하이드로제네이티드폴리아이소부텐,다이페닐다이메티콘,세틸피이지/피피지-10/1다이메티콘,폴리솔베이트60,펜틸렌글라이콜,솔비탄아이소스테아레이트,글리세린,폴리글리세릴-4아이소스테아레이트,페녹시에탄올,1,2-헥산다이올,세테아레스-20,하이드록시에틸아크릴레이트/소듐아크릴로일다이메틸타우레이트코폴리머,스쿠알란,소듐다이라우미도글루타미드라이신,향료,에틸헥실글리세린,티타늄디옥사이드(CI 77891),적색227호,트라이소듐에틸렌다이아민다이석시네이트,황색4호,황색5호,알루미늄하이드록사이드,암모늄폴리아크릴레이트,청색1호,부틸렌글라이콜,라즈베리씨오일/토코페릴석시네이트아미노프로판다이올에스터,에틸헥실팔미테이트,호호바씨오일,말토덱스트린,아보카도열매추출물,트라이베헤닌,석류나무꽃추출물,폴리글리세릴-3다이아이소스테아레이트,메틸니코티네이트,꿀추출물,락틱애씨드,생강오일,카놀라오일,고추열매추출물,팔미토일트라이펩타이드-1","가. 화장품 사용 시 또는 사용 후 직사광선에 의하여 사용부위가 붉은 반점, 부어오름 또는 가려움증 등의 이상 증상이나 부작용이 있는 경우에는 전문의 등과 상담할 것  나. 상처가 있는 부위 등에는 사용을 자제할 것  다. 보관 및 취급 시 주의사항     1) 어린이의 손이 닿지 않는 곳에 보관할 것     2) 직사광선을 피해서 보관할 것",본 제품에 이상이 있을 경우 공정거래위원회 고시 소비자분쟁해결기준에 의거하여 보상해 드립니다.,080-890-6000,normal,네이처리퍼블릭,허니 멜팅 꿀광 글로이 틴트 [01 베어베리],2163998,74013,
24g * 2EA,모든 피부,"제조일로부터 30개월, 개봉 후 12개월 *제품의 개봉 후 사용기간은 제조일로부터 사용기한을 초과하지 않습니다.",상품상세참조,코스메카코리아 / 네이처리퍼블릭,한국,해당있음,"정제수, 다이부틸아디페이트, 코코-카프릴레이트/카프레이트, 합성왁스, 비닐다이메티 콘/메티콘실세스퀴옥세인크로스폴리머, 부틸옥틸살리실레이트, 디에칠아미노하이드록시벤조 일헥실벤조에이트, 부틸렌글라이콜, 에칠헥실트리아존, 나이아신아마이드, 오조케라이트, 폴리 실리콘-15, 비닐다이메티콘, 비스-에칠헥실옥시페놀메톡시페닐트리아진, 소듐클로라이드, 프로판다이올, 폴리글리세릴-4다이아이소스테아레이트/폴리하이드록시스테아레이트/세바케이트, 라우릴폴리글리세릴-3폴리다이메틸실록시에틸다이메티콘, 폴리글리세릴-5폴리리시놀리에 이트, 글리세릴카프릴레이트, 에틸헥실글리세린, 알로에베라잎수(958.95 ppm), 빙하수, 글리세린, 아데노신, 1,2-헥산다이올, 알로에베라잎추출물(120 ppm), 참마뿌리추출물, 다시마 추출물, 당느릅나무뿌리추출물, 제비꽃꽃추출물, 유칼립투스잎추출물, 티트리잎추출물, 커피콩 추출물, 월계수잎추출물, 카카오씨추출물, 마시멜로뿌리추출물, 캐모마일꽃추출물, 아티초크잎 추출물, 히비스커스꽃추출물, 서양고추나물추출물, 라벤더꽃추출물, 레몬밤잎추출물, 오레가노잎 추출물, 센티드제라늄추출물, 살비아잎추출물, 토코페롤, 병풀추출물, 판테놀, 쌀겨오일, 카퍼트라이펩타이드-1, 소듐구아이아줄렌설포네이트, 향료","가. 화장품 사용 시 또는 사용 후 직사광선에 의하여 사용부위가 붉은 반점, 부어오름 또는 가려움증 등의 이상 증상이나 부작용이 있는 경우 전문의 등과 상담할 것 나. 상처가 있는 부위 등에는 사용을 자제할 것 다. 보관 및 취급 시의 주의사항    1) 어린이의 손이 닿지 않는 곳에 보관할 것    2) 직사광선을 피해서 보관할 것  * 내용물이 섬유 및 의류 등에 묻을 경우 세탁으로 완전 제거가 어려우니 의류에 묻지 않도록 주의해 주십시오",본 제품에 이상이 있을 경우 공정거래위원회 고시 소비자분쟁해결기준에 의거하여 보상해 드립니다.,080-890-6000,normal,네이처리퍼블릭,캘리포니아 알로에 선스틱 [SPF50+/PA++++] [쿨링수분],2137322,70119,
40ml,모든피부,"제조일로부터 36개월, 개봉 후 12개월 *제품의 개봉 후 사용기간은 제조일로부터 사용기한을 초과하지 않습니다.",상품상세참조,한국콜마(주)/네이처리퍼블릭,한국,해당있음,상품상세참조,"가. 화장품 사용 시 또는 사용 후 직사광선에 의하여 사용부위가 붉은 반점, 부어오름 또는 가려움증 등의 이상 증상이나 부작용이 있는 경우에는 전문의 등과 상담할 것 나. 상처가 있는 부위 등에는 사용을 자제할 것 다. 보관 및 취급 시 주의사항 1) 어린이의 손이 닿지 않는 곳에 보관할 것 2) 직사광선을 피해서 보관할 것",본 제품에 이상이 있을 경우 공정거래위원회 고시 소비자분쟁해결기준에 의거하여 보상해 드립니다.,080-890-6000,detail,네이처리퍼블릭,핸드 앤 네이처 퍼퓸 핸드크림 [인센스우디],2104626,63605,img/핸드 앤 네이처 퍼퓸 핸드크림 [인센스우디]_0.jpg;img/핸드 앤 네이처 퍼퓸 핸드크림 [인센스우디]_1.jpg;img/핸드 앤 네이처 퍼퓸 핸드크림 [인센스우디]_2.jpg;img/핸드 앤 네이처 퍼퓸 핸드크림 [인센스우디]_3.jpg;img/핸드 앤 네이처 퍼퓸 핸드크림 [인센스우디]_4.jpg;img/핸드 앤 네이처 퍼퓸 핸드크림 [인센스우디]_5.jpg;img/핸드 앤 네이처 퍼퓸 핸드크림 [인센스우디]_6.jpg;img/핸드 앤 네이처 퍼퓸 핸드크림 [인센스우디]_7.jpg;img/핸드 앤 네이처 퍼퓸 핸드크림 [인센스우디]_8.jpg;img/핸드 앤 네이처 퍼퓸 핸드크림 [인센스우디]_9.jpg;img/핸드 앤 네이처 퍼퓸 핸드크림 [인센스우디]_10.jpg;img/핸드 앤 네이처 퍼퓸 핸드크림 [인센스우디]_11.jpg
23ml * 20매,모든피부,"제조일로부터 36개월, 개봉 후 즉시 *제품의 개봉 후 사용기간은 제조일로부터 사용기한을 초과하지 않습니다.",상품상세참조,(주)이미인 / 네이처리퍼블릭,대한민국,해당있음,"정제수, 글리세린, 다이프로필렌글라이콜, 에탄올, 하이드록시에틸셀룰로오스, 부틸렌글라이콜, 1,2-헥산다이올, 모란뿌리추출물, 병풀추출물, 트레할로오스, 티트리잎추출물, 피이지-60하이드로제네이티드캐스터오일, 마트리카리아꽃추출물, 글리세릴카프릴레이트, 알지닌, 카보머, 에틸헥실글리세린, 소듐하이알루로네이트, 글리세릴아크릴레이트/아크릴릭애씨드코폴리머, 티트리잎오일, 피브이엠/엠에이코폴리머, 라벤더추출물, 레몬밤잎추출물, 오레가노잎추출물, 센티드제라늄추출물, 유칼립투스잎추출물, 페퍼민트잎추출물, 다이소듐이디티에이, 향료, 벤질살리실레이트","1. 화장품 사용 시 또는 사용 후 직사광선에 의하여 사용부위가 붉은 반점, 부어오름 또는  가려움증 등의 증상이나 부작용이 있는 경우 전문의 등과 상담할 것    2. 상처가 있는 부위 등에는 사용을 자제할 것    3. 보관 및 취급 시의 주의 사항  가) 어린이의 손이 닿지 않는 곳에 보관할 것  나) 직사광선을 피해서 보관할 것    4. 눈 주위를 피하여 사용할 것    * 개봉 후에 제품이 건조되므로 즉시 사용하고, 한번 사용한 제품은 다시 사용하지 말 것  ※ 사용 전에 반드시 사용방법 및 사용 시의 주의사항을 숙지하신 후 사용하십시오",본 제품에 이상이 있을 경우 공정거래위원회 고시 소비자분쟁해결기준에 의거하여 보상해 드립니다.,080-890-6000,normal,네이처리퍼블릭,리얼 네이처 마스크팩 [티트리],1819411,57605,
30ml * 2EA,모든피부,"제조일로부터 36개월, 개봉 후 12개월 *제품의 개봉 후 사용기간은 제조일로부터 사용기한을 초과하지 않습니다.",상품상세참조,(주)코스맥스/네이처리퍼블릭,한국,해당있음,"정제수,세틸에틸헥사노에이트,글리세린,시어버터,카프릴릭/카프릭트라이글리세라이드,1,2-헥산다이올,다이글리세린,메틸프로판다이올,폴리글리세릴-3메틸글루코오스다이스테아레이트,세룰라타벚나무꽃추출물,퀸즈랜드넛오일,올리브오일,호호바씨오일,포도씨오일,다이스타치포스페이트,암모늄아크릴로일다이메틸타우레이트/브이피코폴리머,글리세릴스테아레이트,아크릴레이트/C10-30알킬아크릴레이트크로스폴리머,세테아릴올리베이트,합성비즈왁스,트로메타민,솔비탄올리베이트,부틸렌글라이콜,카프릴릴글라이콜,에틸헥실글리세린,다이포타슘글리시리제이트,판테놀,베타-글루칸,수크로오스팔미테이트,하이드로제네이티드레시틴,토코페롤,잔탄검,향료,헥실신남알,리날룰,알파-아이소메틸아이오논,시트로넬올,리모넨,아이소유제놀","1. 화장품을 사용하여 다음과 같은 이상이 있는 경우에는 사용을 중지하여야 하며, 계속 사용하면 증상이 악화되므로 피부과 전문의 등에게 상담할 것 1) 사용 중 붉은 반점, 부어오름, 가려움증, 자극 등의 이상이 있는 경우. 2) 적용 부위가 직사광선에 의하여 위와 같은 이상이 있는 경우. 2. 상처가 있는 부위, 습진 및 피부염 등의 이상이 있는 부위에는 사용을 하지 말 것 3. 보관 및 취급 시의 주의사항 1) 사용 후에는 반드시 마개를 닫아둘 것. 2) 유아·소아의 손의 닿지 않는 곳에 보관할 것. 3) 고온 또는 저온의 장소 및 직사광선이 닿는 곳에는 보관하지 말 것. 사용 전에 반드시 사용방법 및 사용 시의 주의사항을 숙지하신 후 사용하십시오.",본 제품에 이상이 있을 경우 공정거래위원회 고시 소비자분쟁해결기준에 의거하여 보상해 드립니다.,080-890-6000,normal,네이처리퍼블릭,핸드 앤 네이처 핸드크림 [체리블라썸],2127188,69558,
23ml * 20매,모든피부,"제조일로부터 36개월, 개봉 후 즉시 *제품의 개봉 후 사용기간은 제조일로부터 사용기한을 초과하지 않습니다.",상품상세참조,(주)이미인 / 네이처리퍼블릭,대한민국,해당있음,"정제수, 글리세린, 다이프로필렌글라이콜, 에탄올, 하이드록시에틸셀룰로오스, 부틸렌글라이콜, 1,2-헥산다이올, 모란뿌리추출물, 병풀추출물, 트레할로오스, 밤부사 불가리스추출물, 마트리카리아꽃추출물, 피이지-60하이드로제네이티드캐스터오일, 해수, 글리세릴카프릴레이트, 알지닌, 카보머, 에틸헥실글리세린, 소듐하이알루로네이트, 글리세릴아크릴레이트/아크릴릭애씨드코폴리머, 피브이엠/엠에이코폴리머, 다이소듐이디티에이, 향료, 리날룰, 리모넨","1. 화장품 사용 시 또는 사용 후 직사광선에 의하여 사용부위가 붉은 반점, 부어오름 또는  가려움증 등의 증상이나 부작용이 있는 경우 전문의 등과 상담할 것    2. 상처가 있는 부위 등에는 사용을 자제할 것    3. 보관 및 취급 시의 주의 사항  가) 어린이의 손이 닿지 않는 곳에 보관할 것  나) 직사광선을 피해서 보관할 것    4. 눈 주위를 피하여 사용할 것    * 개봉 후에 제품이 건조되므로 즉시 사용하고, 한번 사용한 제품은 다시 사용하지 말 것  ※ 사용 전에 반드시 사용방법 및 사용 시의 주의사항을 숙지하신 후 사용하십시오",본 제품에 이상이 있을 경우 공정거래위원회 고시 소비자분쟁해결기준에 의거하여 보상해 드립니다.,080-890-6000,normal,네이처리퍼블릭,리얼 네이처 마스크팩 [대나무],1819430,58600,
25ml*2매,모든피부,"제조일로부터 36개월, 개봉 후 즉시 *제품의 개봉 후 사용기간은 제조일로부터 사용기한을 초과하지 않습니다.",상품상세참조,코바스 / 네이처리퍼블릭,대한민국,해당있음,"정제수, 다이프로필렌글라이콜, 글리세린, 부틸렌글라이콜, 카프릴릭/카프릭트라이글리세라이드, 베타인, 1,2-헥산다이올, 펜틸렌글라이콜, 다이메티콘, 하이드록시아세토페논, 구주소나무잎추출물, 알지닌, 스타아니스추출물, 판테놀, 카프릴릴글라이콜, 폴리글리세릴-10아이소스테아레이트, 아크릴레이트/C10-30알킬아크릴레이트크로스폴리머, 폴리글리세릴-10올리에이트, 황금추출물, 자몽추출물(100ppm), 다이소듐이디티에이, 소듐하이알루로네이트, 향료, 탱자추출물, 복분자딸기열매추출물, 토마토추출물, 다이포타슘글리시리제이트, 나이아신아마이드, 소듐아스코빌포스페이트, 티아민에이치씨엘, 사이아노코발아민, 바이오틴, 아스코빅애씨드, 피리독신, 폴릭애씨드, 리보플라빈","가. 화장품 사용 시 또는 사용 후 직사광선에 의하여 사용부위가 붉은 반점, 부어오름 또는 가려움증 등의 이상 증상이나 부작용이 있는 경우에는 전문의 등과 상담할 것   나. 상처가 있는 부위 등에는 사용을 자제할 것   다. 보관 및 취급 시 주의사항   1) 어린이의 손이 닿지 않는 곳에 보관할 것   2) 직사광선을 피해서 보관할 것   라. 눈 주위를 피하여 사용할 것",본 제품에 이상이 있을 경우 공정거래위원회 고시 소비자분쟁해결기준에 의거하여 보상해 드립니다.,080-890-6000,normal,네이처리퍼블릭,콜드 쥬이시 프레시 겔 마스크 [자몽리파이닝],2065666,57744,
25ml*2매,모든피부,"제조일로부터 36개월, 개봉 후 즉시 *제품의 개봉 후 사용기간은 제조일로부터 사용기한을 초과하지 않습니다.",상품상세참조,코바스 / 네이처리퍼블릭,대한민국,해당있음,"정제수, 다이프로필렌글라이콜, 글리세린, 부틸렌글라이콜, 카프릴릭/카프릭트라이글리세라이드, 베타인, 1,2-헥산다이올, 펜틸렌글라이콜, 다이메티콘, 하이드록시아세토페논, 구주소나무잎추출물, 알지닌, 스타아니스추출물, 판테놀, 카프릴릴글라이콜, 폴리글리세릴-10아이소스테아레이트, 아크릴레이트/C10-30알킬아크릴레이트크로스폴리머, 폴리글리세릴-10올리에이트, 황금추출물, 오렌지추출물(100ppm), 다이소듐이디티에이, 소듐하이알루로네이트, 향료, 탱자추출물, 복분자딸기열매추출물, 토마토추출물, 다이포타슘글리시리제이트, 나이아신아마이드, 소듐아스코빌포스페이트, 티아민에이치씨엘, 사이아노코발아민, 바이오틴, 아스코빅애씨드, 피리독신, 폴릭애씨드, 리보플라빈","가. 화장품 사용 시 또는 사용 후 직사광선에 의하여 사용부위가 붉은 반점, 부어오름 또는 가려움증 등의 이상 증상이나 부작용이 있는 경우에는 전문의 등과 상담할 것   나. 상처가 있는 부위 등에는 사용을 자제할 것   다. 보관 및 취급 시 주의사항   1) 어린이의 손이 닿지 않는 곳에 보관할 것   2) 직사광선을 피해서 보관할 것   라. 눈 주위를 피하여 사용할 것",본 제품에 이상이 있을 경우 공정거래위원회 고시 소비자분쟁해결기준에 의거하여 보상해 드립니다.,080-890-6000,normal,네이처리퍼블릭,콜드 쥬이시 프레시 겔 마스크 [오렌지에너자이징],2065663,57867,
30ml*2,모든피부,"제조일로부터 36개월, 개봉 후 12개월 *제품의 개봉 후 사용기간은 제조일로부터 사용기한을 초과하지 않습니다.",상품상세참조,한국콜마(주)/네이처리퍼블릭,한국,해당있음,상품상세참조,"가. 화장품 사용 시 또는 사용 후 직사광선에 의하여 사용부위가 붉은 반점, 부어오름 또는 가려움증 등의 이상 증상이나 부작용이 있는 경우에는 전문의 등과 상담할 것 나. 상처가 있는 부위 등에는 사용을 자제할 것 다. 보관 및 취급 시 주의사항 1) 어린이의 손이 닿지 않는 곳에 보관할 것 2) 직사광선을 피해서 보관할 것",본 제품에 이상이 있을 경우 공정거래위원회 고시 소비자분쟁해결기준에 의거하여 보상해 드립니다.,080-890-6000,detail,네이처리퍼블릭,핸드 앤 네이처 핸드크림 [버베나],2127193,67672,img/핸드 앤 네이처 핸드크림 [버베나]_0.jpg;img/핸드 앤 네이처 핸드크림 [버베나]_1.jpg;img/핸드 앤 네이처 핸드크림 [버베나]_2.jpg;img/핸드 앤 네이처 핸드크림 [버베나]_3.jpg;img/핸드 앤 네이처 핸드크림 [버베나]_4.jpg;img/핸드 앤 네이처 핸드크림 [버베나]_5.jpg;img/핸드 앤 네이처 핸드크림 [버베나]_6.jpg;img/핸드 앤 네이처 핸드크림 [버베나]_7.jpg;img/핸드 앤 네이처 핸드크림 [버베나]_8.jpg;img/핸드 앤 네이처 핸드크림 [버베나]_9.jpg;img/핸드 앤 네이처 핸드크림 [버베나]_10.jpg;img/핸드 앤 네이처 핸드크림 [버베나]_11.jpg;img/핸드 앤 네이처 핸드크림 [버베나]_12.jpg;img/핸드 앤 네이처 핸드크림 [버베나]_13.jpg;img/핸드 앤 네이처 핸드크림 [버베나]_14.jpg;img/핸드 앤 네이처 핸드크림 [버베나]_15.jpg;img/핸드 앤 네이처 핸드크림 [버베나]_16.jpg;img/핸드 앤 네이처 핸드크림 [버베나]_17.jpg
23ml * 20매,모든피부,"제조일로부터 36개월, 개봉 후 즉시 *제품의 개봉 후 사용기간은 제조일로부터 사용기한을 초과하지 않습니다.",상품상세참조,(주)이미인 / 네이처리퍼블릭,대한민국,해당있음,"정제수, 글리세린, 다이프로필렌글라이콜, 에탄올, 하이드록시에틸셀룰로오스, 부틸렌글라이콜, 1,2-헥산다이올, 모란뿌리추출물, 병풀추출물, 트레할로오스, 다마스크장미추출물, 마트리카리아꽃추출물, 피이지-60하이드로제네이티드캐스터오일, 글리세릴카프릴레이트, 알지닌, 카보머, 에틸헥실글리세린, 소듐하이알루로네이트, 글리세릴아크릴레이트/아크릴릭애씨드코폴리머, 피브이엠/엠에이코폴리머, 녹차추출물, 도둑놈의지팡이뿌리추출물, 인동덩굴꽃출물, 복사나무잎추출물, 작약뿌리추출물, 은행나무잎추출물, 황금추출물, 다이소듐이디티에이, 향료, 시트로넬올","1. 화장품 사용 시 또는 사용 후 직사광선에 의하여 사용부위가 붉은 반점, 부어오름 또는  가려움증 등의 증상이나 부작용이 있는 경우 전문의 등과 상담할 것    2. 상처가 있는 부위 등에는 사용을 자제할 것    3. 보관 및 취급 시의 주의 사항  가) 어린이의 손이 닿지 않는 곳에 보관할 것  나) 직사광선을 피해서 보관할 것    4. 눈 주위를 피하여 사용할 것    * 개봉 후에 제품이 건조되므로 즉시 사용하고, 한번 사용한 제품은 다시 사용하지 말 것  ※ 사용 전에 반드시 사용방법 및 사용 시의 주의사항을 숙지하신 후 사용하십시오",본 제품에 이상이 있을 경우 공정거래위원회 고시 소비자분쟁해결기준에 의거하여 보상해 드립니다.,080-890-6000,normal,네이처리퍼블릭,리얼 네이처 마스크 시트 [장미],1904894,57599,
30ml*2,모든피부,"제조일로부터 36개월, 개봉 후 12개월 *제품의 개봉 후 사용기간은 제조일로부터 사용기한을 초과하지 않습니다.",상품상세참조,한국콜마(주)/네이처리퍼블릭,한국,해당있음,상품상세참조,"가. 화장품 사용 시 또는 사용 후 직사광선에 의하여 사용부위가 붉은 반점, 부어오름 또는 가려움증 등의 이상 증상이나 부작용이 있는 경우에는 전문의 등과 상담할 것 나. 상처가 있는 부위 등에는 사용을 자제할 것 다. 보관 및 취급 시 주의사항 1) 어린이의 손이 닿지 않는 곳에 보관할 것 2) 직사광선을 피해서 보관할 것",본 제품에 이상이 있을 경우 공정거래위원회 고시 소비자분쟁해결기준에 의거하여 보상해 드립니다.,080-890-6000,detail,네이처리퍼블릭,핸드 앤 네이처 핸드크림 [피오니],2127187,67668,img/핸드 앤 네이처 핸드크림 [피오니]_0.jpg;img/핸드 앤 네이처 핸드크림 [피오니]_1.jpg;img/핸드 앤 네이처 핸드크림 [피오니]_2.jpg;img/핸드 앤 네이처 핸드크림 [피오니]_3.jpg;img/핸드 앤 네이처 핸드크림 [피오니]_4.jpg;img/핸드 앤 네이처 핸드크림 [피오니]_5.jpg;img/핸드 앤 네이처 핸드크림 [피오니]_6.jpg;img/핸드 앤 네이처 핸드크림 [피오니]_7.jpg;img/핸드 앤 네이처 핸드크림 [피오니]_8.jpg;img/핸드 앤 네이처 핸드크림 [피오니]_9.jpg;img/핸드 앤 네이처 핸드크림 [피오니]_10.jpg;img/핸드 앤 네이처 핸드크림 [피오니]_11.jpg;img/핸드 앤 네이처 핸드크림 [피오니]_12.jpg;img/핸드 앤 네이처 핸드크림 [피오니]_13.jpg;img/핸드 앤 네이처 핸드크림 [피오니]_14.jpg;img/핸드 앤 네이처 핸드크림 [피오니]_15.jpg;img/핸드 앤 네이처 핸드크림 [피오니]_16.jpg;img/핸드 앤 네이처 핸드크림 [피오니]_17.jpg
130ml,모든피부,"제조일로부터 30개월, 개봉 후 12개월 *제품의 개봉 후 사용기간은 제조일로부터 사용기한을 초과하지 않습니다.",상품상세참조,한국콜마(주)/네이처리퍼블릭,대한민국,해당있음,"해수, 글리세린, 부틸렌글라이콜, 하이드로제네이티드폴리(C6-14올레핀), 솔비탄스테아레이트, 1,2-헥산다이올, 에틸헥실스테아레이트, 세틸알코올, 감태추출물, 개청각추출물, 겔리듐 카르틸라기네움추출물, 납작파래추출물, 다시마추출물, 두날리엘라 살리나추출물, 록샘파이어추출물, 모자반추출물, 미역추출물, 바다포도추출물, 방사무늬돌김추출물, 블래더랙추출물, 슈가켈프추출물, 슈도알테로모나스발효추출물, 스피룰리나 막시마추출물, 스피룰리나 플라텐시스추출물, 아이리쉬모스추출물, 야니아 루벤스추출물, 오카무라큰실말추출물, 자이언트켈프추출물, 참갈파래추출물, 참미역추출물, 청각추출물, 클로렐라 미누티시마추출물, 클로렐라 불가리스추출물, 톳추출물, 퉁퉁마디추출물, 플랑크톤추출물, 해마토코쿠스 플루비알리스추출물, 호스테일켈프추출물, 스페인감초뿌리추출물, 작약뿌리추출물, 천궁뿌리추출물, 칡뿌리추출물, 쇠비름추출물, 수용성콜라겐, 알로에베라잎즙, 소듐하이알루로네이트, 정제수, 다이에톡시에틸석시네이트, 비닐다이메티콘, 팔미틱애씨드, 스테아릭애씨드, 수크로오스코코에이트, 하이드록시아세토페논, 폴리글리세릴-2스테아레이트, 카보머, 글리세릴스테아레이트, 트로메타민, 스테아릴알코올, 에틸헥실글리세린, 소듐스테아로일글루타메이트, 다이소듐이디티에이, 씨솔트, 토코페롤, 잔탄검, 카프릴릴글라이콜, 노나펩타이드-1, 아세틸헥사펩타이드-8, 카퍼트라이펩타이드-1, 트라이펩타이드-1, 팔미토일테트라펩타이드-7, 팔미토일트라이펩타이드-1, 팔미토일펜타펩타이드-4, 헥사펩타이드-9, 향료, 개다시마추출물, 거머리말추출물","가. 화장품 사용 시 또는 사용 후 직사광선에 의하여 사용부위가 붉은 반점, 부어오름 또는 가려움증 등의 이상 증상이나 부작용이 있는 경우에는 전문의 등과 상담할 것  나. 상처가 있는 부위 등에는 사용을 자제할 것  다. 보관 및 취급 시 주의사항     1) 어린이의 손이 닿지 않는 곳에 보관할 것     2) 직사광선을 피해서 보관할 것",본 제품에 이상이 있을 경우 공정거래위원회 고시 소비자분쟁해결기준에 의거하여 보상해 드립니다.,080-890-6000,normal,네이처리퍼블릭,슈퍼 아쿠아 맥스 수분 에멀젼,2086882,34316,
,,,,,,,,,,,missing,네이처리퍼블릭,바이플라워 블러셔 [03 자몽솜사탕],2003651,23656,
40ml,모든피부,"제조일로부터 36개월, 개봉 후 12개월 *제품의 개봉 후 사용기간은 제조일로부터 사용기한을 초과하지 않습니다.",상품상세참조,한국콜마(주)/네이처리퍼블릭,한국,해당있음,상품상세참조,"가. 화장품 사용 시 또는 사용 후 직사광선에 의하여 사용부위가 붉은 반점, 부어오름 또는 가려움증 등의 이상 증상이나 부작용이 있는 경우에는 전문의 등과 상담할 것 나. 상처가 있는 부위 등에는 사용을 자제할 것 다. 보관 및 취급 시 주의사항 1) 어린이의 손이 닿지 않는 곳에 보관할 것 2) 직사광선을 피해서 보관할 것",본 제품에 이상이 있을 경우 공정거래위원회 고시 소비자분쟁해결기준에 의거하여 보상해 드립니다.,080-890-6000,detail,네이처리퍼블릭,핸드 앤 네이처 퍼퓸 핸드크림 [시트러스브리즈],2104625,63604,img/핸드 앤 네이처 퍼퓸 핸드크림 [시트러스브리즈]_0.jpg;img/핸드 앤 네이처 퍼퓸 핸드크림 [시트러스브리즈]_1.jpg;img/핸드 앤 네이처 퍼퓸 핸드크림 [시트러스브리즈]_2.jpg;img/핸드 앤 네이처 퍼퓸 핸드크림 [시트러스브리즈]_3.jpg;img/핸드 앤 네이처 퍼퓸 핸드크림 [시트러스브리즈]_4.jpg;img/핸드 앤 네이처 퍼퓸 핸드크림 [시트러스브리즈]_5.jpg;img/핸드 앤 네이처 퍼퓸 핸드크림 [시트러스브리즈]_6.jpg;img/핸드 앤 네이처 퍼퓸 핸드크림 [시트러스브리즈]_7.jpg;img/핸드 앤 네이처 퍼퓸 핸드크림 [시트러스브리즈]_8.jpg;img/핸드 앤 네이처 퍼퓸 핸드크림 [시트러스브리즈]_9.jpg;img/핸드 앤 네이처 퍼퓸 핸드크림 [시트러스브리즈]_10.jpg;img/핸드 앤 네이처 퍼퓸 핸드크림 [시트러스브리즈]_11.jpg
32ml,모든 피부,"발송일로부터 18개월 이내 제조, 개봉 후 12개월",상품상세참조,(주)코스맥스 / 네이처리퍼블릭,한국,해당있음,"정제수;사이클로펜타실록세인;CI 77891;에틸헥실팔미테이트;부틸렌글라이콜;에칠헥실메톡시신나메이트;페닐트라이메티콘;아이소도데케인;폴리글리세릴-2다이아이소스테아레이트;아크릴레이트/폴리트라이메틸실록시메타크릴레이트코폴리머;다이페닐실록시페닐트라이메티콘;나이아신아마이드;펜틸렌글라이콜;CI 77492;히비스커스꽃추출물;로즈힙열매추출물;라벤더꽃추출물;레몬버베나잎추출물;레몬밤추출물;페퍼민트잎추출물;다마스크장미꽃추출물;로즈마리잎추출물;세이지잎추출물(구명칭);선백리향잎추출물(구명칭);린덴꽃추출물(구명칭);글리세린;합성플루오르플로고파이트;마그네슘스테아레이트;라우릴피이지-9폴리다이메틸실록시에틸다이메티콘;마그네슘설페이트;다이스테아다이모늄헥토라이트;피이지-30다이폴리하이드록시스테아레이트;비스-피이지/피피지-14/14다이메티콘;비즈왁스;트라이에톡시카프릴릴실레인;알루미늄하이드록사이드;프로필렌카보네이트;다이메티콘/비닐다이메티콘크로스폴리머;스테아릭애씨드;에틸헥실글리세린;아데노신;다이메티콘;1,2-헥산다이올;토코페롤;다이소듐이디티에이;페녹시에탄올;향료;리날룰;리모넨;시트로넬올;제라니올;CI 77947;CI 77491;CI 77499",상품상세참조,본 제품에 이상이 있을 경우 공정거래위원회 고시 소비자분쟁해결기준에 의거하여 보상해 드립니다.,080-890-6000,normal,네이처리퍼블릭,프로방스 에어 스킨 핏 원데이 래스팅 파운데이션 [SPF30/PA++] [Y21 퓨어바닐라],1991439,30316,
150ml,모든피부,"제조일로부터 30개월, 개봉 후 12개월 *제품의 개봉 후 사용기간은 제조일로부터 사용기한을 초과하지 않습니다.",상품상세참조,㈜한국콜마/네이처리퍼블릭,한국,해당있음,상품상세참조,상품상세참조,본 제품에 이상이 있을 경우 공정거래위원회 고시 소비자분쟁해결기준에 의거하여 보상해 드립니다.,080-890-6000,detail,네이처리퍼블릭,아프리카 버드 옴므 올인원 모이스처라이저,2083757,33985,img/아프리카 버드 옴므 올인원 모이스처라이저_0.jpg;img/아프리카 버드 옴므 올인원 모이스처라이저_1.jpg;img/아프리카 버드 옴므 올인원 모이스처라이저_2.jpg;img/아프리카 버드 옴므 올인원 모이스처라이저_3.jpg;img/아프리카 버드 옴므 올인원 모이스처라이저_4.jpg;img/아프리카 버드 옴므 올인원 모이스처라이저_5.jpg;img/아프리카 버드 옴므 올인원 모이스처라이저_6.jpg;img/아프리카 버드 옴므 올인원 모이스처라이저_7.jpg;img/아프리카 버드 옴므 올인원 모이스처라이저_8.jpg
12.8g,모든피부,"제조일로부터 36개월, 개봉 후 12개월 *제품의 개봉 후 사용기간은 제조일로부터 사용기한을 초과하지 않습니다.",상품상세참조,코스맥스(주)/네이처리퍼블릭,한국,해당있음,"01 웜 샤이닝 #1 허니 쉬어 마이카 (CI 77019), 티타늄디옥사이드 (CI 77891), 폴리메틸실세스퀴옥세인, 합성플루오르플로고파이트, 칼슘알루미늄보로실리케이트, 다이메티콘, 옥틸도데칸올, 에이치디아이/트라이메틸올헥실락톤크로스폴리머, 글리세린, 실리카, 마그네슘미리스테이트, 아이소프로필팔미테이트, 펜틸렌글라이콜, 마그네슘스테아레이트, 폴리솔베이트20, 옥틸도데실스테아로일스테아레이트, 트라이에톡시카프릴릴실레인, 아크릴아마이드/소듐아크릴로일다이메틸타우레이트코폴리머, 마그네슘알루미늄실리케이트, 솔비탄올리베이트, 솔비탄스테아레이트, 아이소헥사데칸, 에틸헥실글리세린, 폴리솔베이트80, 솔비탄올리에이트, 토코페롤, 틴옥사이드 (CI 77861), 페녹시에탄올, 포타슘솔베이트, 소듐데하이드로아세테이트, 적색산화철 (CI 77491), 흑색산화철 (CI 77499)  #2 로맨틱 빔 칼슘알루미늄보로실리케이트, 마이카 (CI 77019), 폴리메틸실세스퀴옥세인, 티타늄디옥사이드 (CI 77891), 다이메티콘, 옥틸도데칸올, 에이치디아이/트라이메틸올헥실락톤크로스폴리머, 실리카, 글리세린, 마그네슘미리스테이트, 합성플루오르플로고파이트, 아이소프로필팔미테이트, 적색산화철 (CI 77491), 펜틸렌글라이콜, 마그네슘스테아레이트, 폴리솔베이트20, 옥틸도데실스테아로일스테아레이트, 아크릴아마이드/소듐아크릴로일다이메틸타우레이트코폴리머, 트라이에톡시카프릴릴실레인, 마그네슘알루미늄실리케이트, 솔비탄올리베이트, 솔비탄스테아레이트, 아이소헥사데칸, 에틸헥실글리세린, 폴리솔베이트80, 솔비탄올리에이트, 메티콘, 토코페롤, 틴옥사이드 (CI 77861), 페녹시에탄올, 포타슘솔베이트, 소듐데하이드로아세테이트, 적색226호 (CI 73360), 울트라마린 (CI 77007), 흑색산화철 (CI 77499)  #3 피치 쏠트 합성플루오르플로고파이트, 마이카 (CI 77019), 티타늄디옥사이드 (CI 77891), 폴리메틸실세스퀴옥세인, 옥틸도데칸올, 에이치디아이/트라이메틸올헥실락톤크로스폴리머, 다이메티콘, 칼슘티타늄보로실리케이트, 글리세린, 마그네슘미리스테이트, 아이소프로필팔미테이트, 실리카, 펜틸렌글라이콜, 마그네슘스테아레이트, 폴리솔베이트20, 옥틸도데실스테아로일스테아레이트, 트라이에톡시카프릴릴실레인, 아크릴아마이드/소듐아크릴로일다이메틸타우레이트코폴리머, 마그네슘알루미늄실리케이트, 솔비탄올리베이트, 솔비탄스테아레이트, 아이소헥사데칸, 에틸헥실글리세린, 폴리솔베이트80, 솔비탄올리에이트, 토코페롤, 틴옥사이드 (CI 77861), 페녹시에탄올, 포타슘솔베이트, 소듐데하이드로아세테이트, 적색산화철 (CI 77491)  #4 샴페인 베이 마이카 (CI 77019), 티타늄디옥사이드 (CI 77891), 칼슘티타늄보로실리케이트, 폴리메틸실세스퀴옥세인, 합성플루오르플로고파이트, 옥틸도데칸올, 에이치디아이/트라이메틸올헥실락톤크로스폴리머, 다이메티콘, 칼슘소듐보로실리케이트, 글리세린, 마그네슘미리스테이트, 아이소프로필팔미테이트, 적색산화철 (CI 77491), 펜틸렌글라이콜, 마그네슘스테아레이트, 폴리솔베이트20, 트라이에톡시카프릴릴실레인, 옥틸도데실스테아로일스테아레이트, 아크릴아마이드/소듐아크릴로일다이메틸타우레이트코폴리머, 마그네슘알루미늄실리케이트, 솔비탄올리베이트, 솔비탄스테아레이트, 아이소헥사데칸, 에틸헥실글리세린, 실리카, 폴리솔베이트80, 솔비탄올리에이트, 토코페롤, 틴옥사이드 (CI 77861), 페녹시에탄올, 포타슘솔베이트, 소듐데하이드로아세테이트","가. 화장품 사용 시 또는 사용 후 직사광선에 의하여 사용부위가 붉은 반점, 부어오름 또는 가려움증 등의 이상 증상이나 부작용이 있는 경우에는 전문의 등과 상담할 것  나. 상처가 있는 부위 등에는 사용을 자제할 것  다. 보관 및 취급 시 주의사항  1) 어린이의 손이 닿지 않는 곳에 보관할 것  2) 직사광선을 피해서 보관할 것  라. 눈에 들어갔을 때에는 즉시 씻어낼 것  * 용기 낙하 시, 파손 주의",본 제품에 이상이 있을 경우 공정거래위원회 고시 소비자분쟁해결기준에 의거하여 보상해 드립니다.,080-890-6000,normal,네이처리퍼블릭,글로이 하이라이터 [01 웜샤이닝],2041839,52993,
12.8g,모든피부,"제조일로부터 36개월, 개봉 후 12개월 *제품의 개봉 후 사용기간은 제조일로부터 사용기한을 초과하지 않습니다.",상품상세참조,코스맥스(주)/네이처리퍼블릭,한국,해당있음,"02 쿨 샤이닝 #1 밀키 듀 마이카 (CI 77019), 티타늄디옥사이드 (CI 77891), 칼슘알루미늄보로실리케이트, 폴리메틸실세스퀴옥세인, 다이메티콘, 옥틸도데칸올, 에이치디아이/트라이메틸올헥실락톤크로스폴리머, 합성플루오르플로고파이트, 글리세린, 마그네슘미리스테이트, 아이소프로필팔미테이트, 실리카, 펜틸렌글라이콜, 마그네슘스테아레이트, 폴리솔베이트20, 트라이에톡시카프릴릴실레인, 옥틸도데실스테아로일스테아레이트, 아크릴아마이드/소듐아크릴로일다이메틸타우레이트코폴리머, 마그네슘알루미늄실리케이트, 솔비탄올리베이트, 솔비탄스테아레이트, 아이소헥사데칸, 에틸헥실글리세린, 폴리솔베이트80, 솔비탄올리에이트, 토코페롤, 틴옥사이드 (CI 77861), 페녹시에탄올, 포타슘솔베이트, 소듐데하이드로아세테이트  #2 발레 핑크 마이카 (CI 77019), 티타늄디옥사이드 (CI 77891), 합성플루오르플로고파이트, 폴리메틸실세스퀴옥세인, 다이메티콘, 옥틸도데칸올, 에이치디아이/트라이메틸올헥실락톤크로스폴리머, 칼슘알루미늄보로실리케이트, 글리세린, 마그네슘미리스테이트, 아이소프로필팔미테이트, 펜틸렌글라이콜, 마그네슘스테아레이트, 실리카, 폴리솔베이트20, 옥틸도데실스테아로일스테아레이트, 아크릴아마이드/소듐아크릴로일다이메틸타우레이트코폴리머, 트라이에톡시카프릴릴실레인, 마그네슘알루미늄실리케이트, 솔비탄올리베이트, 솔비탄스테아레이트, 아이소헥사데칸, 에틸헥실글리세린, 폴리솔베이트80, 솔비탄올리에이트, 토코페롤, 틴옥사이드 (CI 77861), 페녹시에탄올, 포타슘솔베이트, 소듐데하이드로아세테이트, 황색산화철 (CI 77492), 적색226호 (CI 73360), 적색산화철 (CI 77491), 흑색산화철 (CI 77499)  #3 아이시 핑크 마이카 (CI 77019), 티타늄디옥사이드 (CI 77891), 합성플루오르플로고파이트, 폴리메틸실세스퀴옥세인, 칼슘티타늄보로실리케이트, 다이메티콘, 옥틸도데칸올, 에이치디아이/트라이메틸올헥실락톤크로스폴리머, 글리세린, 마그네슘미리스테이트, 아이소프로필팔미테이트, 펜틸렌글라이콜, 마그네슘스테아레이트, 폴리솔베이트20, 옥틸도데실스테아로일스테아레이트, 아크릴아마이드/소듐아크릴로일다이메틸타우레이트코폴리머, 트라이에톡시카프릴릴실레인, 마그네슘알루미늄실리케이트, 솔비탄올리베이트, 솔비탄스테아레이트, 아이소헥사데칸, 에틸헥실글리세린, 실리카, 카올린, 폴리솔베이트80, 솔비탄올리에이트, 토코페롤, 틴옥사이드 (CI 77861), 페녹시에탄올, 포타슘솔베이트, 소듐데하이드로아세테이트, 울트라마린 (CI 77007), 적색226호 (CI 73360), 적색산화철 (CI 77491), 흑색산화철 (CI 77499)  #4 자스민 캔디 마이카 (CI 77019), 티타늄디옥사이드 (CI 77891), 합성플루오르플로고파이트, 폴리메틸실세스퀴옥세인, 다이메티콘, 옥틸도데칸올, 에이치디아이/트라이메틸올헥실락톤크로스폴리머, 칼슘알루미늄보로실리케이트, 글리세린, 마그네슘미리스테이트, 아이소프로필팔미테이트, 펜틸렌글라이콜, 마그네슘스테아레이트, 폴리솔베이트20, 옥틸도데실스테아로일스테아레이트, 트라이에톡시카프릴릴실레인, 실리카, 아크릴아마이드/소듐아크릴로일다이메틸타우레이트코폴리머, 마그네슘알루미늄실리케이트, 솔비탄올리베이트, 솔비탄스테아레이트, 아이소헥사데칸, 에틸헥실글리세린, 폴리솔베이트80, 솔비탄올리에이트, 토코페롤, 틴옥사이드 (CI 77861), 페녹시에탄올, 포타슘솔베이트, 소듐데하이드로아세테이트, 울트라마린 (CI 77007), 적색226호 (CI 73360), 적색산화철 (CI 77491), 흑색산화철 (CI 77499)","가. 화장품 사용 시 또는 사용 후 직사광선에 의하여 사용부위가 붉은 반점, 부어오름 또는 가려움증 등의 이상 증상이나 부작용이 있는 경우에는 전문의 등과 상담할 것  나. 상처가 있는 부위 등에는 사용을 자제할 것  다. 보관 및 취급 시 주의사항  1) 어린이의 손이 닿지 않는 곳에 보관할 것  2) 직사광선을 피해서 보관할 것  라. 눈에 들어갔을 때에는 즉시 씻어낼 것  * 용기 낙하 시, 파손 주의",본 제품에 이상이 있을 경우 공정거래위원회 고시 소비자분쟁해결기준에 의거하여 보상해 드립니다.,080-890-6000,normal,네이처리퍼블릭,글로이 하이라이터 [02 쿨샤이닝],2041840,52994,
23ml * 20매,모든피부,"제조일로부터 36개월, 개봉 후 즉시 *제품의 개봉 후 사용기간은 제조일로부터 사용기한을 초과하지 않습니다.",상품상세참조,(주)이미인 / 네이처리퍼블릭,대한민국,해당있음,"정제수, 글리세린, 다이프로필렌글라이콜, 에탄올, 하이드록시에틸셀룰로오스, 부틸렌글라이콜, 1,2-헥산다이올, 모란뿌리추출물, 병풀추출물, 트레할로오스, 오렌지추출물, 피이지-60하이드로제네이티드캐스터오일, 마트리카리아꽃추출물, 글리세릴카프릴레이트, 알지닌, 카보머, 에틸헥실글리세린, 소듐하이알루로네이트, 글리세릴아크릴레이트/아크릴릭애씨드코폴리머, 피브이엠/엠에이코폴리머, 라임추출물, 레몬추출물, 사과추출물, 포도추출물, 다이소듐이디티에이, 향료","1. 화장품 사용 시 또는 사용 후 직사광선에 의하여 사용부위가 붉은 반점, 부어오름 또는  가려움증 등의 증상이나 부작용이 있는 경우 전문의 등과 상담할 것    2. 상처가 있는 부위 등에는 사용을 자제할 것    3. 보관 및 취급 시의 주의 사항  가) 어린이의 손이 닿지 않는 곳에 보관할 것  나) 직사광선을 피해서 보관할 것    4. 눈 주위를 피하여 사용할 것    * 개봉 후에 제품이 건조되므로 즉시 사용하고, 한번 사용한 제품은 다시 사용하지 말 것  ※ 사용 전에 반드시 사용방법 및 사용 시의 주의사항을 숙지하신 후 사용하십시오",본 제품에 이상이 있을 경우 공정거래위원회 고시 소비자분쟁해결기준에 의거하여 보상해 드립니다.,080-890-6000,normal,네이처리퍼블릭,리얼 네이처 마스크 시트 [오렌지],1819415,57591,
80ml,모든피부,"제조일로부터 30개월, 개봉 후 12개월 *제품의 개봉 후 사용기간은 제조일로부터 사용기한을 초과하지 않습니다.",상품상세참조,한국콜마(주)/네이처리퍼블릭,한국,해당있음,상품상세참조,상품상세참조,본 제품에 이상이 있을 경우 공정거래위원회 고시 소비자분쟁해결기준에 의거하여 보상해 드립니다.,080-890-6000,detail,네이처리퍼블릭,슈퍼 아쿠아 맥스 프레시 수분크림,2104608,33856,img/슈퍼 아쿠아 맥스 프레시 수분크림_0.jpg;img/슈퍼 아쿠아 맥스 프레시 수분크림_1.jpg;img/슈퍼 아쿠아 맥스 프레시 수분크림_2.jpg;img/슈퍼 아쿠아 맥스 프레시 수분크림_3.jpg;img/슈퍼 아쿠아 맥스 프레시 수분크림_4.jpg;img/슈퍼 아쿠아 맥스 프레시 수분크림_5.jpg;img/슈퍼 아쿠아 맥스 프레시 수분크림_6.jpg;img/슈퍼 아쿠아 맥스 프레시 수분크림_7.jpg;img/슈퍼 아쿠아 맥스 프레시 수분크림_8.jpg;img/슈퍼 아쿠아 맥스 프레시 수분크림_9.jpg;img/슈퍼 아쿠아 맥스 프레시 수분크림_10.jpg;img/슈퍼 아쿠아 맥스 프레시 수분크림_11.jpg
23ml * 20매,모든피부,"제조일로부터 36개월, 개봉 후 즉시 *제품의 개봉 후 사용기간은 제조일로부터 사용기한을 초과하지 않습니다.",상품상세참조,(주)이미인/네이처리퍼블릭,한국,해당있음,"정제수, 글리세린, 다이프로필렌글라이콜, 에탄올, 하이드록시에틸셀룰로오스, 부틸렌글라이콜, 1,2-헥산다이올, 모란뿌리추출물, 병풀추출물, 트레할로오스, 피이지-60하이드로제네이티드캐스터오일, 마트리카리아꽃추출물, 캐모마일꽃추출물, 글리세릴카프릴레이트, 알지닌, 카보머, 에틸헥실글리세린, 소듐하이알루로네이트, 글리세릴아크릴레이트/아크릴릭애씨드코폴리머, 피브이엠/엠에이코폴리머, 녹차추출물, 도둑놈의지팡이뿌리추출물, 인동덩굴꽃추출물, 복사나무잎추출물, 작약뿌리추출물, 은행나무잎추출물, 황금추출물, 다이소듐이디티에이, 향료","1. 화장품 사용 시 또는 사용 후 직사광선에 의하여 사용부위가 붉은 반점, 부어오름 또는  가려움증 등의 증상이나 부작용이 있는 경우 전문의 등과 상담할 것    2. 상처가 있는 부위 등에는 사용을 자제할 것    3. 보관 및 취급 시의 주의 사항  가) 어린이의 손이 닿지 않는 곳에 보관할 것  나) 직사광선을 피해서 보관할 것    4. 눈 주위를 피하여 사용할 것    * 개봉 후에 제품이 건조되므로 즉시 사용하고, 한번 사용한 제품은 다시 사용하지 말 것  ※ 사용 전에 반드시 사용방법 및 사용 시의 주의사항을 숙지하신 후 사용하십시오",본 제품에 이상이 있을 경우 공정거래위원회 고시 소비자분쟁해결기준에 의거하여 보상해 드립니다.,1668-1756,normal,네이처리퍼블릭,리얼 네이처 마스크 시트 [캐모마일],1904926,46362,
3g,모든피부,"제조일로부터 30개월, 개봉 후 12개월 *제품의 개봉 후 사용기간은 제조일로부터 사용기한을 초과하지 않습니다.",상품상세참조,한국콜마(주)/네이처리퍼블릭,한국,해당있음,"비스-베헤닐/아이소스테아릴/피토스테릴다이머다이리놀레일다이머다이리놀리에이트,비스-다이글리세릴폴리아실아디페이트-2,다이아이소스테아릴말레이트,하이드로제네이티드폴리아이소부텐,마이크로크리스탈린왁스,멘톤글리세린아세탈,파라핀,꿀추출물,망고추출물,프로방스장미꽃추출물,로즈힙열매추출물,달맞이꽃오일,동백나무씨오일,살구씨오일,스위트아몬드오일,아르간커넬오일,올리브오일,호호바씨오일,바닐릴부틸에터,토코페릴아세테이트,폴리하이드록시스테아릭애씨드,레시틴,아이소스테아릭애씨드,아이소프로필미리스테이트,에틸헥실팔미테이트,폴리글리세릴-2트라이아이소스테아레이트,티타늄/티타늄다이옥사이드,티타늄디옥사이드,폴리글리세릴-3폴리리시놀리에이트,정제수,글리세린,1,2-헥산다이올,글루코닉애씨드,시어버터,부틸렌글라이콜,향료,데하이드로아세틱애씨드,적색202호","가. 화장품 사용 시 또는 사용 후 직사광선에 의하여 사용부위가 붉은 반점, 부어오름 또는 가려움증 등의 이상 증상이나 부작용이 있는 경우에는 전문의 등과 상담할 것  나. 상처가 있는 부위 등에는 사용을 자제할 것  다. 보관 및 취급 시 주의사항     1) 어린이의 손이 닿지 않는 곳에 보관할 것     2) 직사광선을 피해서 보관할 것  *일시적으로 입술이 화할 수 있으나 이는 플럼핑 효과로 인한 정상적인 반응입니다.",본 제품에 이상이 있을 경우 공정거래위원회 고시 소비자분쟁해결기준에 의거하여 보상해 드립니다.,080-890-6000,normal,네이처리퍼블릭,허니 멜팅 립 [12 무드플럼핑],2090157,61192,
80ml,모든피부,"제조일로부터 36개월, 개봉 후 12개월 *제품의 개봉 후 사용기간은 제조일로부터 사용기한을 초과하지 않습니다.",상품상세참조,코스맥스(주)/네이처리퍼블릭,한국,해당있음,상품상세참조,"1. 화장품 사용 시 또는 사용 후 직사광선에 의하여 사용부위가 붉은 반점, 부어오름 또는 가려움증 등의 이상 증상이나 부작용이 있는 경우 전문의 등과 상담할 것  2. 상처가 있는 부위 등에는 사용을 자제할 것  3. 보관 및 취급 시의 주의사항     가) 어린이의 손이 닿지 않는 곳에 보관할 것     나) 직사광선을 피해서 보관할 것",본 제품에 이상이 있을 경우 공정거래위원회 고시 소비자분쟁해결기준에 의거하여 보상해 드립니다.,080-890-6000,detail,네이처리퍼블릭,비타페어C 블랜딩 세럼 미스트,2018015,47894,img/비타페어C 블랜딩 세럼 미스트_0.jpg;img/비타페어C 블랜딩 세럼 미스트_1.jpg;img/비타페어C 블랜딩 세럼 미스트_2.jpg;img/비타페어C 블랜딩 세럼 미스트_3.jpg;img/비타페어C 블랜딩 세럼 미스트_4.jpg;img/비타페어C 블랜딩 세럼 미스트_5.jpg;img/비타페어C 블랜딩 세럼 미스트_6.jpg;img/비타페어C 블랜딩 세럼 미스트_7.jpg;img/비타페어C 블랜딩 세럼 미스트_8.jpg;img/비타페어C 블랜딩 세럼 미스트_9.jpg;img/비타페어C 블랜딩 세럼 미스트_10.jpg;img/비타페어C 블랜딩 세럼 미스트_11.jpg;img/비타페어C 블랜딩 세럼 미스트_12.jpg
300ml,모든피부,"제조일로부터 30개월, 개봉 후 12개월 *제품의 개봉 후 사용기간은 제조일로부터 사용기한을 초과하지 않습니다.",상품상세참조,(주)서울화장품 / 네이처리퍼블릭,한국,해당있음,"정제수,에탄올,프로필렌글라이콜,다이프로필렌글라이콜,카보머,알로에베라잎즙,트로메타민,C12-14파레스-12,1,2-헥산다이올,부틸렌글라이콜,카프릴릴글라이콜,펜틸렌글라이콜,베타인,하이드록시아세토페논,향료,글리세린,다이소듐이디티에이,글리세릴폴리아크릴레이트,소듐하이알루로네이트,폴리글루타믹애씨드,스피어민트추출물,레몬밤추출물,포트마리골드꽃추출물,에틸헥실글리세린,리날룰,리모넨","가. 화장품 사용 시 또는 사용 후 직사광선에 의하여 사용부위가 붉은 반점, 부어오름 또는 가려움증 등의 이상 증상이나 부작용이 있는 경우에는 전문의 등과 상담할 것  나. 상처가 있는 부위 등에는 사용을 자제할 것  다. 보관 및 취급 시 주의사항     1) 어린이의 손이 닿지 않는 곳에 보관할 것     2) 직사광선을 피해서 보관할 것",본 제품에 이상이 있을 경우 공정거래위원회 고시 소비자분쟁해결기준에 의거하여 보상해 드립니다.,080-890-6000,normal,네이처리퍼블릭,수딩 앤 모이스처 알로에베라 수딩젤,2154262,73555,
200ml,모든피부,"제조일로부터 24개월, 개봉 후 12개월 *제품의 개봉 후 사용기간은 제조일로부터 사용기한을 초과하지 않습니다.",상품상세참조,(주)서울화장품/네이처리퍼블릭,한국,해당있음,"변성알코올, 다이메틸에터, 아크릴레이트/옥틸아크릴아마이드코폴리머, 아미노메틸프로판올, 정제수, 페퍼민트잎추출물, 로즈마리잎추출물, 프리지아추출물, 마트리카리아꽃추출물, 라벤더추출물, 베르가못잎추출물, 부틸렌글라이콜, 1,2-헥산다이올, 에틸헥실글리세린, 향료, 리날룰, 리모넨, 시트로넬롤, 하이드록시시트로넬알","가. 화장품 사용 시 또는 사용 후 직사광선에 의하여 사용부위가 붉은 반점, 부어오름 또는 가려움증 등의 이상 증상이나 부작용이 있는 경우에는 전문의 등과 상담할 것  나. 상처가 있는 부위 등에는 사용을 자제할 것  다. 보관 및 취급 시 주의사항  1) 어린이의 손이 닿지 않는 곳에 보관할 것  2) 직사광선을 피해서 보관할 것  라. 눈에 들어갔을 때에는 즉시 씻어낼 것  마. 고압가스를 사용한 가연성제품으로서 위험하므로 다음의 주의를 지킬 것  1) 불꽃을 향하여 사용하지 말 것  2) 난로, 풍로등 화기부근에서 사용하지 말 것  3) 화기를 사용하고 있는 실내에서 사용하지 말 것  4) 온도 40°C 이상의 장소에 보관하지 말 것  5) 밀폐된 실내에서 사용한 후에는 반드시 환기를 실시할 것  6) 불 속에 버리지 말 것  7)사용후 잔 가스가 없도록하여 버릴 것  8) 밀폐된 장소에 보관하지 말 것  9) 특정부위에 계속하여 장기간 사용하지 말 것  10) 가능한 한 인체에서 0.2m이상 떨어져서 사용할 것  바. 눈 주위 또는 점막등에 분사하지 말 것  다만 자외선 차단제의 경우 얼굴에 직접 분사하지 말고 손에 덜어 얼굴에 바를 것  사. 분사가스는 직접 흡입하지 않도록 주의할 것",본 제품에 이상이 있을 경우 공정거래위원회 고시 소비자분쟁해결기준에 의거하여 보상해 드립니다.,080-890-6000,normal,네이처리퍼블릭,헤어 앤 네이처 퍼펙트 스타일링 헤어 스프레이,2020066,48324,
5g,모든피부,"제조일로부터 36개월, 개봉 후 12개월 *제품의 개봉 후 사용기간은 제조일로부터 사용기한을 초과하지 않습니다.",상품상세참조,코스맥스(주)/네이처리퍼블릭,한국,해당있음,"마이카 (CI 77019), 합성플루오르플로고파이트, 티타늄디옥사이드 (CI 77891), 옥틸도데실스테아로일스테아레이트, 에이치디아이/트라이메틸올헥실락톤크로스폴리머, 탤크, 다이메티콘, 실리카, 알루미늄전분옥테닐석시네이트, 글리세린, 적색산화철 (CI 77491), 아이소프로필팔미테이트, 사라수씨버터, 동백나무꽃추출물, 연꽃꽃추출물, 알바수련꽃추출물, 세룰라타벚나무꽃추출물, 장미꽃추출물, 복사나무꽃추출물, 마그네슘미리스테이트, 펜틸렌글라이콜, 폴리솔베이트20, 트라이에톡시카프릴릴실레인, 아크릴아마이드/소듐아크릴로일다이메틸타우레이트코폴리머, 마그네슘알루미늄실리케이트, 솔비탄올리베이트, 솔비탄스테아레이트, 비닐다이메티콘/메티콘실세스퀴옥세인크로스폴리머, 아이소헥사데칸, 에틸헥실글리세린, 폴리솔베이트80, 알루미늄하이드록사이드, 메티콘, 아이소프로필티타늄트라이아이소스테아레이트, 솔비탄올리에이트, 부틸렌글라이콜, 토코페롤, 틴옥사이드 (CI 77861), 세테아릴알코올, 페녹시에탄올, 포타슘솔베이트, 소듐데하이드로아세테이트, 향료, 적색226호 (CI 73360), 황색산화철 (CI 77492), 울트라마린 (CI 77007), 흑색산화철 (CI 77499)","1. 화장품 사용 시 또는 사용 후 직사광선에 의하여 사용부위가 붉은 반점, 부어오름 또는 가려움증 등의 이상 증상이나 부작용이 있는 경우 전문의 등과 상담할 것 2. 상처가 있는 부위 등에는 사용을 자제할 것 3. 보관 및 취급 시의 주의사항 가) 어린이의 손이 닿지 않는 곳에 보관할 것 나) 직사광선을 피해서 보관할 것 4. 눈에 들어갔을 때에는 즉시 씻어낼 것.",본 제품에 이상이 있을 경우 공정거래위원회 고시 소비자분쟁해결기준에 의거하여 보상해 드립니다.,080-890-6000,normal,네이처리퍼블릭,베이크드 블러셔 [02 러블리튤립],2028503,50492,
23ml * 20매,모든피부,"제조일로부터 36개월, 개봉 후 즉시 *제품의 개봉 후 사용기간은 제조일로부터 사용기한을 초과하지 않습니다.",상품상세참조,(주)이미인 / 네이처리퍼블릭,대한민국,해당있음,"정제수, 다이프로필렌글라이콜, 세틸에틸헥사노에이트, 글리세린, 폴리글리세릴-3메틸글루코오스다이스테아레이트, 다이메티콘, 글리세릴스테아레이트, 피이지-100스테아레이트, 부틸렌글라이콜, 모란뿌리추출물, 병풀추출물, 1,2-헥산다이올, 카보머, 하이드록시에틸셀룰로오스, 아보카도열매추출물, 마트리카리아꽃추출물, 글리세릴카프릴레이트, 포타슘하이드록사이드, 에틸헥실글리세린, 겐티아나뿌리추출물, 서양톱풀추출물, 쓴쑥추출물, 아르니카 몬타나꽃추출물, 다이소듐이디티에이, 향료, 부틸페닐메틸프로피오날, 헥실신남알, 하이드록시시트로넬알, 리날룰","1. 화장품 사용 시 또는 사용 후 직사광선에 의하여 사용부위가 붉은 반점, 부어오름 또는  　가려움증 등의 증상이나 부작용이 있는 경우 전문의 등과 상담할 것    2. 상처가 있는 부위 등에는 사용을 자제할 것    3. 보관 및 취급 시의 주의 사항  　가) 어린이의 손이 닿지 않는 곳에 보관할 것  　나) 직사광선을 피해서 보관할 것    4. 눈 주위를 피하여 사용할 것    * 개봉 후에 제품이 건조되므로 즉시 사용하고, 한번 사용한 제품은 다시 사용하지 말 것  ※ 사용 전에 반드시 사용방법 및 사용 시의 주의사항을 숙지하신 후 사용하십시오",본 제품에 이상이 있을 경우 공정거래위원회 고시 소비자분쟁해결기준에 의거하여 보상해 드립니다.,080-890-6000,normal,네이처리퍼블릭,리얼 네이처 마스크 시트 [아보카도],1904902,57552,
30ml*2,모든피부,"제조일로부터 36개월, 개봉 후 12개월 *제품의 개봉 후 사용기간은 제조일로부터 사용기한을 초과하지 않습니다.",상품상세참조,(주)코스맥스/네이처리퍼블릭,한국,해당있음,"정제수, 글리세린, 시어버터, 에틸헥실스테아레이트, 폴리메틸실세스퀴옥세인, 1,2-헥산다이올, 세테아릴알코올, 글리세릴스테아레이트에스이, 향료, 클로렐라 불가리스추출물, 복숭아추출물, 다이메티콘, 하이드로제네이티드코코-글리세라이즈, 글리세릴스테아레이트, 피이지-100스테아레이트, 부틸렌글라이콜, 아크릴레이트/C10-30알킬아크릴레이트크로스폴리머, 카프릴릴글라이콜, 글루코오스, 트로메타민, 팔미틱애씨드, 프룩토올리고사카라이드, 프룩토오스, 스테아릭애씨드, 카프릴릭/카프릭트라이글리세라이드, 에틸헥실글리세린, 하이드로제네이티드레시틴, 소듐파이테이트, 하이드록시에틸아크릴레이트/소듐아크릴로일다이메틸타우레이트코폴리머, 세라마이드엔피, 베타-글루칸, 토코페롤, 리모넨, 제라니올","가. 화장품 사용 시 또는 사용 후 직사광선에 의하여 사용부위가 붉은 반점, 부어오름 또는 가려움증 등의 이상 증상이나 부작용이 있는 경우에는 전문의 등과 상담할 것 나. 상처가 있는 부위 등에는 사용을 자제할 것 다. 보관 및 취급 시 주의사항 1) 어린이의 손이 닿지 않는 곳에 보관할 것 2) 직사광선을 피해서 보관할 것",본 제품에 이상이 있을 경우 공정거래위원회 고시 소비자분쟁해결기준에 의거하여 보상해 드립니다.,080-890-6000,normal,네이처리퍼블릭,핸드 앤 네이처 핸드크림 [피치 리퀴어],2082989,59651,
150ml,모든피부,"제조일로부터 30개월, 개봉 후 12개월 *제품의 개봉 후 사용기간은 제조일로부터 사용기한을 초과하지 않습니다.",상품상세참조,(주)서울화장품/네이처리퍼블릭,한국,해당있음,"정제수, 글리세린, 미리스틱애씨드, 스테아릭애씨드, 포타슘하이드록사이드, 라우릭애씨드, 다이프로필렌글라이콜, 팔미틱애씨드, 하이드레이티드실리카, 피이지-8, 피이지-32, 코카마이드엠이에이, 코카미도프로필베타인, 솔비톨, 피이지-100스테아레이트, 글리세릴스테아레이트, 탄산수, 페녹시에탄올, 향료, 소듐클로라이드, 폴리글리세릴-6폴리리시놀리에이트, 폴리쿼터늄-7, 일라이트, 아라키딕애씨드, 에칠헥실메톡시신나메이트, 다이소듐이디티에이, 몬모릴로나이트, 크로뮴옥사이드그린, 흑색산화철, 카올린, 올레익애씨드, 황색산화철, 1,2-헥산다이올, 다마스크장미꽃추출물, 소듐벤조에이트, 부틸렌글라이콜, 로즈마리꽃추출물, 자이언트켈프추출물, 다시마추출물, 납작파래추출물, 겔리듐 카르틸라기네움추출물, 개청각추출물, 트라이에톡시카프릴릴실레인, 에틸헥실글리세린, 라벤더꽃추출물, 헥실신남알","가. 화장품 사용 시 또는 사용 후 직사광선에 의하여 사용부위가 붉은 반점, 부어오름 또는 가려움증 등의 이상 증상이나 부작용이 있는 경우에는 전문의 등과 상담할 것  나. 상처가 있는 부위 등에는 사용을 자제할 것  다. 보관 및 취급 시 주의사항     1) 어린이의 손이 닿지 않는 곳에 보관할 것     2) 직사광선을 피해서 보관할 것  다. 사용 시 알갱이가 눈에 들어가지 않도록 할 것  라. 헹굴 때 눈을 감고 눈에 들어가지 않도록 할 것  마. 알갱이가 눈에 들어갔을 때에는 비비지 말고 물로 씻어내고 그대로 남아 있는 경우에는 전문의를 찾아 상담할 것",본 제품에 이상이 있을 경우 공정거래위원회 고시 소비자분쟁해결기준에 의거하여 보상해 드립니다.,080-890-6000,normal,네이처리퍼블릭,제주 탄산 머드 폼클렌징,2033614,71734,
80ml,모든피부,"제조일로부터 30개월, 개봉 후 12개월 *제품의 개봉 후 사용기간은 제조일로부터 사용기한을 초과하지 않습니다.",상품상세참조,한국콜마(주)/네이처리퍼블릭,한국,해당있음,상품상세참조,상품상세참조,본 제품에 이상이 있을 경우 공정거래위원회 고시 소비자분쟁해결기준에 의거하여 보상해 드립니다.,080-890-6000,detail,네이처리퍼블릭,슈퍼 아쿠아 맥스 모이스처 수분크림,2109701,33857,img/슈퍼 아쿠아 맥스 모이스처 수분크림_0.jpg;img/슈퍼 아쿠아 맥스 모이스처 수분크림_1.jpg;img/슈퍼 아쿠아 맥스 모이스처 수분크림_2.jpg;img/슈퍼 아쿠아 맥스 모이스처 수분크림_3.jpg;img/슈퍼 아쿠아 맥스 모이스처 수분크림_4.jpg;img/슈퍼 아쿠아 맥스 모이스처 수분크림_5.jpg;img/슈퍼 아쿠아 맥스 모이스처 수분크림_6.jpg;img/슈퍼 아쿠아 맥스 모이스처 수분크림_7.jpg;img/슈퍼 아쿠아 맥스 모이스처 수분크림_8.jpg;img/슈퍼 아쿠아 맥스 모이스처 수분크림_9.jpg;img/슈퍼 아쿠아 맥스 모이스처 수분크림_10.jpg;img/슈퍼 아쿠아 맥스 모이스처 수분크림_11.jpg
130ml,모든피부,"제조일로부터 36개월, 개봉 후 12개월 *제품의 개봉 후 사용기간은 제조일로부터 사용기한을 초과하지 않습니다.",상품상세참조,코스맥스(주)/네이처리퍼블릭,한국,해당있음,상품상세참조,상품상세참조,본 제품에 이상이 있을 경우 공정거래위원회 고시 소비자분쟁해결기준에 의거하여 보상해 드립니다.,080-890-6000,detail,네이처리퍼블릭,스네일 솔루션 스킨 부스터,2071881,33164,img/스네일 솔루션 스킨 부스터_0.jpg;img/스네일 솔루션 스킨 부스터_1.jpg;img/스네일 솔루션 스킨 부스터_2.jpg;img/스네일 솔루션 스킨 부스터_3.jpg;img/스네일 솔루션 스킨 부스터_4.jpg;img/스네일 솔루션 스킨 부스터_5.jpg;img/스네일 솔루션 스킨 부스터_6.jpg;img/스네일 솔루션 스킨 부스터_7.jpg;img/스네일 솔루션 스킨 부스터_8.jpg;img/스네일 솔루션 스킨 부스터_9.jpg;img/스네일 솔루션 스킨 부스터_10.jpg;img/스네일 솔루션 스킨 부스터_11.jpg
5g,상품상세참조,"제조일로부터 24개월, 개봉 후 12개월 *제품의 개봉 후 사용기간은 제조일로부터 사용기한을 초과하지 않습니다.",상품상세참조,코스맥스(주),한국,해당있음,상품상세참조,"1. 화장품 사용 시 또는 사용 후 직사광선에 의하여 사용부위가 붉은 반점, 부어오름 또는 가려움증 등의 이상 증상이나 부작용이 있는 경우 전문의 등과 상담할 것 2. 상처가 있는 부위 등에는 사용을 자제할 것 3. 보관 및 취급 시의 주의사항 가) 어린이의 손이 닿지 않는 곳에 보관할 것 나) 직사광선을 피해서 보관할 것",본 제품에 이상이 있을 경우 공정거래위원회 고시 소비자분쟁해결기준에 의거하여 보상해 드립니다.,080-890-6000,detail,네이처리퍼블릭,바이플라워 컨투어링 [02 바닐라라떼],2003163,66578,img/바이플라워 컨투어링 [02 바닐라라떼]_0.jpg;img/바이플라워 컨투어링 [02 바닐라라떼]_1.jpg;img/바이플라워 컨투어링 [02 바닐라라떼]_2.jpg;img/바이플라워 컨투어링 [02 바닐라라떼]_3.jpg;img/바이플라워 컨투어링 [02 바닐라라떼]_4.jpg;img/바이플라워 컨투어링 [02 바닐라라떼]_5.jpg;img/바이플라워 컨투어링 [02 바닐라라떼]_6.jpg;img/바이플라워 컨투어링 [02 바닐라라떼]_7.jpg
220ml,모든피부,"제조일로부터 24개월, 개봉 후 12개월 *제품의 개봉 후 사용기간은 제조일로부터 사용기한을 초과하지 않습니다.",상품상세참조,(주)서울화장품/네이처리퍼블릭,한국,해당있음,"정제수, 사이클로펜타실록세인, 다이프로필렌글라이콜, 아르간커넬오일, 피이지-12다이메티콘, 페녹시에탄올, 메틸파라벤, 폴리쿼터늄-6, 다이메티콘, 폴리쿼터늄-16, 창포뿌리추출물, 부틸렌글라이콜, 하이드록시프로필트라이모늄하이드롤라이즈드케라틴, 달맞이꽃오일, 올리브오일, 락틱애씨드, 1,2-헥산다이올, 콘민트잎추출물, 산구절초추출물, 에틸헥실글리세린, 스페인감초뿌리추출물, 석창포뿌리/줄기추출물, 구기자추출물, 서양측백나무잎추출물, 뽕나무뿌리추출물, 인삼추출물, 도꼬마리열매추출물, 향료, 시트로넬올, 리모넨, 제라니올, 헥실신남알, 하이드록시시트로넬알, 리날룰",상품상세참조,본 제품에 이상이 있을 경우 공정거래위원회 고시 소비자분쟁해결기준에 의거하여 보상해 드립니다.,080-890-6000,normal,네이처리퍼블릭,아르간 에센셜 수분 헤어 미스트,2015591,46366,
350ml*2,모든피부,"제조일로부터 36개월, 개봉 후 12개월 *제품의 개봉 후 사용기간은 제조일로부터 사용기한을 초과하지 않습니다.",상품상세참조,코스맥스(주)/네이처리퍼블릭,한국,해당있음,상품상세참조,"1. 화장품 사용 시 또는 사용 후 직사광선에 의하여 사용부위가 붉은 반점, 부어오름 또는 가려움증 등의 이상 증상이나 부작용이 있는 경우 전문의 등과 상담할 것  2. 상처가 있는 부위 등에는 사용을 자제할 것  3. 보관 및 취급 시의 주의사항     가) 어린이의 손이 닿지 않는 곳에 보관할 것     나) 직사광선을 피해서 보관할 것",본 제품에 이상이 있을 경우 공정거래위원회 고시 소비자분쟁해결기준에 의거하여 보상해 드립니다.,080-890-6000,detail,네이처리퍼블릭,맨 인 블루 올인원 워시,2081537,59000,img/맨 인 블루 올인원 워시_0.jpg;img/맨 인 블루 올인원 워시_1.jpg;img/맨 인 블루 올인원 워시_2.jpg;img/맨 인 블루 올인원 워시_3.jpg;img/맨 인 블루 올인원 워시_4.jpg;img/맨 인 블루 올인원 워시_5.jpg;img/맨 인 블루 올인원 워시_6.jpg;img/맨 인 블루 올인원 워시_7.jpg;img/맨 인 블루 올인원 워시_8.jpg;img/맨 인 블루 올인원 워시_9.jpg
40ml X 2,모든피부,"제조일로부터 36개월, 개봉 후 12개월 *제품의 개봉 후 사용기간은 제조일로부터 사용기한을 초과하지 않습니다.",상품상세참조,코스맥스/네이처리퍼블릭,한국,해당있음,"정제수,옥토크릴렌,티타늄디옥사이드 (CI 77891),호모살레이트,에칠헥실살리실레이트,글리세린,하이드로제네이티드폴리(C6-14올레핀),페닐벤즈이미다졸설포닉애씨드,부틸옥틸살리실레이트,나이아신아마이드,프로판다이올,다이카프릴릴에터,세테아릴알코올,트로메타민,부틸렌글라이콜,스핑고모나스발효추출물,바오밥나무잎추출물,락토바실러스/석류발효추출물,자몽추출물,하이알루로닉애씨드,류코노스톡/무발효여과물,비치스트로베리추출물,하이드롤라이즈드하이알루로닉애씨드,소듐하이알루로네이트,비닐다이메티콘,1,2-헥산다이올,펜틸렌글라이콜,C13-15알케인,폴리글리세릴-3다이스테아레이트,다이메티콘/비닐다이메티콘크로스폴리머,비스-에칠헥실옥시페놀메톡시페닐트리아진,폴리하이드록시스테아릭애씨드,알루미늄하이드록사이드,소듐아크릴레이트/소듐아크릴로일다이메틸타우레이트코폴리머,다이프로필렌글라이콜,스테아릭애씨드,소듐폴리아크릴로일다이메틸타우레이트,다이메티콘올,트라이실록세인,폴리메틸메타크릴레이트,폴리아이소부텐,하이드록시아세토페논,소듐스테아로일글루타메이트,폴리프로필실세스퀴옥세인,글리세릴스테아레이트시트레이트,마이크로크리스탈린셀룰로오스,아데노신,카프릴릴/카프릴글루코사이드,솔비탄올리에이트,트라이에톡시카프릴릴실레인,사이아노코발아민,셀룰로오스검,토코페롤,카프릴릭/카프릭트라이글리세라이드,하이드로제네이티드레시틴,세라마이드엔피,에틸헥실글리세린,메틸프로판다이올,향료","가. 화장품 사용 시 또는 사용 후 직사광선에 의하여 사용부위가 붉은 반점, 부어오름 또는 가려움증 등의 이상 증상이나 부작용이 있는 경우에는 전문의 등과 상담할 것  나. 상처가 있는 부위 등에는 사용을 자제할 것  다. 보관 및 취급 시 주의사항     1) 어린이의 손이 닿지 않는 곳에 보관할 것     2) 직사광선을 피해서 보관할 것",본 제품에 이상이 있을 경우 공정거래위원회 고시 소비자분쟁해결기준에 의거하여 보상해 드립니다.,080-890-6000,normal,네이처리퍼블릭,유브이컷 바오밥 선크림 [SPF50+/PA++++] [톤업],2148045,71973,
120ml,모든피부,"제조일로부터 36개월, 개봉 후 12개월 *제품의 개봉 후 사용기간은 제조일로부터 사용기한을 초과하지 않습니다.",상품상세참조,코스맥스(주)/네이처리퍼블릭,대한민국,해당있음,상품상세참조,상품상세참조,본 제품에 이상이 있을 경우 공정거래위원회 고시 소비자분쟁해결기준에 의거하여 보상해 드립니다.,080-890-6000,detail,네이처리퍼블릭,진생 로얄 실크 에멀전,2082844,34360,img/진생 로얄 실크 에멀전_0.jpg;img/진생 로얄 실크 에멀전_1.jpg;img/진생 로얄 실크 에멀전_2.jpg;img/진생 로얄 실크 에멀전_3.jpg;img/진생 로얄 실크 에멀전_4.jpg;img/진생 로얄 실크 에멀전_5.jpg;img/진생 로얄 실크 에멀전_6.jpg;img/진생 로얄 실크 에멀전_7.jpg;img/진생 로얄 실크 에멀전_8.jpg;img/진생 로얄 실크 에멀전_9.jpg;img/진생 로얄 실크 에멀전_10.jpg
150ml,모든피부,"제조일로부터 30개월, 개봉 후 12개월 *제품의 개봉 후 사용기간은 제조일로부터 사용기한을 초과하지 않습니다.",상품상세참조,한국콜마(주)/네이처리퍼블릭,대한민국,해당있음,"정제수, 소듐코코일이세티오네이트, 글리세린, 소듐메틸코코일타우레이트, 메틸프로판다이올, 포타슘코코에이트, 글라이콜다이스테아레이트, 글라이콜스테아레이트, 병풀추출물, 프로폴리스추출물, 한련초잎추출물, 다시마추출물, 무화과추출물, 줄맨드라미씨추출물, 당느릅나무뿌리추출물, 티트리추출물, 티트리꽃/잎/줄기추출물, 라벤더오일, 티트리잎수, 오렌지오일, 필리핀오렌지껍질오일, 리씨열매오일, 캐모마일꽃오일, 하이드로제네이티드레시틴, 소듐클로라이드, 살리실릭애씨드, 시트릭애씨드, 데실렌글라이콜, 다이소듐이디티에이, 부틸렌글라이콜, 다이프로필렌글라이콜, 토코페롤, 프룩토올리고사카라이드, 베타-글루칸, 하이드롤라이즈드하이알루로닉애씨드, 세라마이드엔피, 드럼스틱씨오일, 글루코노락톤, 4-터피네올, 마데카소사이드, 마데카식애씨드, 아시아티코사이드, 아시아틱애씨드, 1,2-헥산다이올, 피토스핑고신, 하이드록시아세토페논, 에틸헥실글리세린, 리모넨, 리날룰, 시트랄","1. 화장품 사용 시 또는 사용 후 직사광선에 의하여 사용부위가 붉은 반점, 부어오름 또는 가려움증 등의 이상 증상이나 부작용이 있는 경우 전문의 등과 상담할 것  2. 상처가 있는 부위 등에는 사용을 자제할 것  3. 보관 및 취급 시의 주의사항 가) 어린이의 손이 닿지 않는 곳에 보관할 것 나) 직사광선을 피해서 보관할 것",본 제품에 이상이 있을 경우 공정거래위원회 고시 소비자분쟁해결기준에 의거하여 보상해 드립니다.,080-890-6000,normal,네이처리퍼블릭,그린더마 티트리 시카 아크네 폼클렌징,1980860,34446,
300ml,모든피부,"제조일로부터 30개월, 개봉 후 12개월 *제품의 개봉 후 사용기간은 제조일로부터 사용기한을 초과하지 않습니다.",상품상세참조,(주)코스맥스/네이처리퍼블릭,한국,해당있음,상품상세참조,"1. 화장품 사용 시 또는 사용 후 직사광선에 의하여 사용부위가 붉은 반점, 부어오름 또는 가려움증 등의 이상 증상이나 부작용이 있는 경우 전문의 등과 상담할 것  2. 상처가 있는 부위 등에는 사용을 자제할 것  3. 보관 및 취급 시의 주의사항     가) 어린이의 손이 닿지 않는 곳에 보관할 것     나) 직사광선을 피해서 보관할 것",본 제품에 이상이 있을 경우 공정거래위원회 고시 소비자분쟁해결기준에 의거하여 보상해 드립니다.,080-890-6000,detail,네이처리퍼블릭,매끈매끈 때샤워 [복숭아],1943077,47644,img/매끈매끈 때샤워 [복숭아]_0.jpg;img/매끈매끈 때샤워 [복숭아]_1.jpg;img/매끈매끈 때샤워 [복숭아]_2.jpg;img/매끈매끈 때샤워 [복숭아]_3.jpg;img/매끈매끈 때샤워 [복숭아]_4.jpg;img/매끈매끈 때샤워 [복숭아]_5.jpg;img/매끈매끈 때샤워 [복숭아]_6.jpg;img/매끈매끈 때샤워 [복숭아]_7.jpg;img/매끈매끈 때샤워 [복숭아]_8.jpg;img/매끈매끈 때샤워 [복숭아]_9.jpg
100ml,모든피부,"제조일로부터 24개월, 개봉 후 12개월 *제품의 개봉 후 사용기간은 제조일로부터 사용기한을 초과하지 않습니다.",상품상세참조,(주)서울화장품/네이처리퍼블릭,한국,해당있음,"정제수, 사이클로펜타실록세인, 프로필렌글라이콜, 다이메티콘, 글리세린, 브이피/브이에이코폴리머, 폴리아크릴아마이드, 사이클로헥사실록세인, 아르간커넬오일, C13-14아이소파라핀, 아모다이메티콘, 브이피/메타크릴아마이드/비닐이미다졸코폴리머, 아크릴레이트/스테아레스-20이타코네이트코폴리머, 페녹시에탄올, 트로메타민, 솔비탄이소스테아레이트, 라우레스-7, 카프릴릴글라이콜, 1,2-헥산다이올, 호호바씨오일, 세트리모늄클로라이드, 트라이데세스 -3, 트라이데세스-15, 다이소듐이디티에이, 에탄올, 페닐프로판올, 프로판다이올, 아세틱애씨드, 토코페롤, 부틸렌글라이콜, 라벤더추출물, 프리지어추출물, 로즈마리잎추출물, 마트리카리아꽃추출물, 베르가못잎추출물, 페퍼민트잎추출물, 하이드롤라이즈드콜라겐, 하이드롤라이즈드케라틴, 피브이피, 에틸헥실글리세린, 드럼스틱씨추출물, 다이소듐포스페이트, 에틸헥산다이올, 시트릭애씨드, 하이드롤라이즈드옥수수단백질, 하이드롤라이즈드콩단백질, 하이드롤라이즈드밀단백질, 향료, 시트로넬올, 리모넨, 제라니올, 헥실신남알, 하이드록시시트로넬알, 리날룰",상품상세참조,본 제품에 이상이 있을 경우 공정거래위원회 고시 소비자분쟁해결기준에 의거하여 보상해 드립니다.,080-890-6000,normal,네이처리퍼블릭,아르간 에센셜 컬링 에센스,1908931,46367,
57ml * 2EA,상품상세참조,"제조일로부터 36개월, 개봉 후 12개월 *제품의 개봉 후 사용기간은 제조일로부터 사용기한을 초과하지 않습니다.",상품상세참조,코스맥스(주) / 네이처리퍼블릭,대한민국,해당있음,상품상세참조,"가. 화장품 사용 시 또는 사용 후 직사광선에 의하여 사용부위가 붉은 반점, 부어오름 또는 가려움증 등의 이상 증상이나 부작용이 있는 경우에는 전문의 등과 상담할 것  나. 상처가 있는 부위 등에는 사용을 자제할 것  다. 보관 및 취급 시 주의사항     1) 어린이의 손이 닿지 않는 곳에 보관할 것     2) 직사광선을 피해서 보관할 것  * 내용물이 섬유 및 의류 등에 묻을 경우 세탁으로 완전 제거가 어려우니 의류에 묻지않도록 주의해 주십시오.",본 제품에 이상이 있을 경우 공정거래위원회 고시 소비자분쟁해결기준에 의거하여 보상해 드립니다.,080-890-6000,detail,네이처리퍼블릭,캘리포니아 알로에 데일리 선블럭 [SPF50+/PA++++],1785538,34070,img/캘리포니아 알로에 데일리 선블럭 [SPF50+PA++++]_0.jpg;img/캘리포니아 알로에 데일리 선블럭 [SPF50+PA++++]_1.jpg;img/캘리포니아 알로에 데일리 선블럭 [SPF50+PA++++]_2.jpg;img/캘리포니아 알로에 데일리 선블럭 [SPF50+PA++++]_3.jpg;img/캘리포니아 알로에 데일리 선블럭 [SPF50+PA++++]_4.jpg;img/캘리포니아 알로에 데일리 선블럭 [SPF50+PA++++]_5.jpg;img/캘리포니아 알로에 데일리 선블럭 [SPF50+PA++++]_6.jpg;img/캘리포니아 알로에 데일리 선블럭 [SPF50+PA++++]_7.jpg;img/캘리포니아 알로에 데일리 선블럭 [SPF50+PA++++]_8.jpg;img/캘리포니아 알로에 데일리 선블럭 [SPF50+PA++++]_9.jpg;img/캘리포니아 알로에 데일리 선블럭 [SPF50+PA++++]_10.jpg;img/캘리포니아 알로에 데일리 선블럭 [SPF50+PA++++]_11.jpg;img/캘리포니아 알로에 데일리 선블럭 [SPF50+PA++++]_12.jpg
12g,모든피부,"제조일로부터 36개월, 개봉 후 12개월 *제품의 개봉 후 사용기간은 제조일로부터 사용기한을 초과하지 않습니다.",상품상세참조,(주)코스맥스/네이처리퍼블릭,한국,해당있음,"탤크, 폴리메틸실세스퀴옥세인, 옥틸도데실스테아로일스테아레이트, 다이메티콘, 카프릴릭/카프릭트라이글리세라이드, 다이페닐다이메티콘/비닐다이페닐다이메티콘/실세스퀴옥세인크로스폴리머, 카프릴릴글라이콜, 에틸헥실글리세린, 알란토인, 라우로일라이신, 트라이에톡시카프릴릴실레인, 나일론-12, 메티콘, 토코페롤, 향료, 적색산화철 (CI 77491), 황색산화철 (CI 77492), 마이카 (CI 77019), 흑색산화철 (CI 77499)","1. 화장품 사용 시 또는 사용 후 직사광선에 의하여 사용부위가 붉은 반점, 부어오름 또는 가려움증 등의 이상 증상이나 부작용이 있는 경우 전문의 등과 상담할 것 2. 상처가 있는 부위 등에는 사용을 자제할 것 3. 보관 및 취급 시의 주의사항    가) 어린이의 손이 닿지 않는 곳에 보관할 것    나) 직사광선을 피해서 보관할 것",본 제품에 이상이 있을 경우 공정거래위원회 고시 소비자분쟁해결기준에 의거하여 보상해 드립니다.,080-890-6000,normal,네이처리퍼블릭,프로방스 픽서 팩트 [01 핑크],2012904,49268,
50매(205g),모든피부,"제조일로부터 24개월, 개봉 후 12개월 *제품의 개봉 후 사용기간은 제조일로부터 사용기한을 초과하지 않습니다.",상품상세참조,(주)제일참 / 네이처리퍼블릭,대한민국,해당있음,"정제수, 부틸렌글라이콜, 피이지-7글리세릴코코에이트, 사이클로펜타실록세인, 사이클로헥사실록세인, 피이지-8, 세틸에틸헥사노에이트, 피이지-15글리세릴아이소스테아레이트, 피이지-40하이드로제네이티드캐스터오일, 폴록사머184, 올리브오일, 탄산수, 하이드록시에틸아크릴레이트/소듐아크릴로일다이메틸타우레이트코폴리머, 알란토인, 다이소듐이디티에이, 클로페네신, 소듐벤조에이트, 시트릭애씨드, 향료","가. 화장품 사용 시 또는 사용 후 직사광선에 의하여 사용부위가 붉은 반점, 부어오름 또는 가려움증 등의 이상 증상이나 부작용이 있는 경우에는 전문의 등과 상담할 것     1) 사용 중 붉은 반점, 부어오름, 가려움증, 자극 등의 이상이 있는 경우.     2) 적용 부위가 직사광선에 의하여 위와 같은 이상이 있는 경우.  나. 상처가 있는 부위, 습진 및 피부염등의 이상이 있는 부위에는 사용을 하지 말 것  다. 보관 및 취급 시 주의사항     1) 사용 후에는 반드시 마개를 닫아둘 것.     2) 유아•소아의 손이 닿지 않는 곳에 보관할 것.     3) 고온 또는 저온의 장소 및 직사광선이 닿는 곳에는 보관하지 말 것.  라. 눈에 들어갔을 경우 즉시 씻어내십시오.  마. 클로스는 1회만 사용하시고 세안 이외에 다른 용도로 사용하지 마십시오.  바. 사용 후에는 반드시 캡을 꼭 닫아 주십시오.",본 제품에 이상이 있을 경우 공정거래위원회 고시 소비자분쟁해결기준에 의거하여 보상해 드립니다.,080-890-6000,normal,네이처리퍼블릭,제주 탄산 클렌징 티슈,1752165,57724,
150ml,모든피부,"제조일로부터 30개월, 개봉 후 12개월 *제품의 개봉 후 사용기간은 제조일로부터 사용기한을 초과하지 않습니다.",상품상세참조,한국콜마(주)/네이처리퍼블릭,대한민국,해당있음,"해수, 프로판다이올, 다이프로필렌글라이콜, 베타인, 1,2-헥산다이올, 펜틸렌글라이콜, 무화과추출물, 병풀추출물, 감태추출물, 개청각추출물, 겔리듐 카르틸라기네움추출물, 납작파래추출물, 다시마추출물, 두날리엘라 살리나추출물, 록샘파이어추출물, 모자반추출물, 미역추출물, 바다포도추출물, 방사무늬돌김추출물, 블래더랙추출물, 슈가켈프추출물, 슈도알테로모나스발효추출물, 스피룰리나 막시마추출물, 스피룰리나 플라텐시스추출물, 아이리쉬모스추출물, 야니아 루벤스추출물, 오카무라큰실말추출물, 자이언트켈프추출물, 참갈파래추출물, 참미역추출물, 청각추출물, 클로렐라 미누티시마추출물, 클로렐라 불가리스추출물, 톳추출물, 퉁퉁마디추출물, 플랑크톤추출물, 해마토코쿠스 플루비알리스추출물, 호스테일켈프추출물, 스페인감초뿌리추출물, 작약뿌리추출물, 천궁뿌리추출물, 칡뿌리추출물, 쇠비름추출물, 하이드로제네이티드레시틴, 수용성콜라겐, 알로에베라잎즙, 소듐하이알루로네이트, 정제수, 옥틸도데세스-16, 글리세린, 하이드록시아세토페논, 아크릴레이트/C10-30알킬아크릴레이트크로스폴리머, 트로메타민, 에틸헥실글리세린, 부틸렌글라이콜, 다이소듐이디티에이, 세라마이드엔피, 씨솔트, 토코페롤, 잔탄검, 카프릴릴글라이콜, 노나펩타이드-1, 아세틸헥사펩타이드-8, 카퍼트라이펩타이드-1, 트라이펩타이드-1, 팔미토일테트라펩타이드-7, 팔미토일트라이펩타이드-1, 팔미토일펜타펩타이드-4, 헥사펩타이드-9, 향료, 개다시마추출물, 거머리말추출물","가. 화장품 사용 시 또는 사용 후 직사광선에 의하여 사용부위가 붉은 반점, 부어오름 또는 가려움증 등의 이상 증상이나 부작용이 있는 경우에는 전문의 등과 상담할 것  나. 상처가 있는 부위 등에는 사용을 자제할 것  다. 보관 및 취급 시 주의사항     1) 어린이의 손이 닿지 않는 곳에 보관할 것     2) 직사광선을 피해서 보관할 것",본 제품에 이상이 있을 경우 공정거래위원회 고시 소비자분쟁해결기준에 의거하여 보상해 드립니다.,080-890-6000,normal,네이처리퍼블릭,슈퍼 아쿠아 맥스 수분 토너,2086880,34315,
300ml,모든피부,"제조일로부터 30개월, 개봉 후 12개월 *제품의 개봉 후 사용기간은 제조일로부터 사용기한을 초과하지 않습니다.",상품상세참조,(주)코스맥스/네이처리퍼블릭,한국,해당있음,상품상세참조,"1. 화장품 사용 시 또는 사용 후 직사광선에 의하여 사용부위가 붉은 반점, 부어오름 또는 가려움증 등의 이상 증상이나 부작용이 있는 경우 전문의 등과 상담할 것  2. 상처가 있는 부위 등에는 사용을 자제할 것  3. 보관 및 취급 시의 주의사항     가) 어린이의 손이 닿지 않는 곳에 보관할 것     나) 직사광선을 피해서 보관할 것",본 제품에 이상이 있을 경우 공정거래위원회 고시 소비자분쟁해결기준에 의거하여 보상해 드립니다.,080-890-6000,detail,네이처리퍼블릭,매끈매끈 때샤워 [코튼],1943079,47645,img/매끈매끈 때샤워 [코튼]_0.jpg;img/매끈매끈 때샤워 [코튼]_1.jpg;img/매끈매끈 때샤워 [코튼]_2.jpg;img/매끈매끈 때샤워 [코튼]_3.jpg;img/매끈매끈 때샤워 [코튼]_4.jpg;img/매끈매끈 때샤워 [코튼]_5.jpg;img/매끈매끈 때샤워 [코튼]_6.jpg;img/매끈매끈 때샤워 [코튼]_7.jpg;img/매끈매끈 때샤워 [코튼]_8.jpg;img/매끈매끈 때샤워 [코튼]_9.jpg
40ml X 2,모든피부,"제조일로부터 36개월, 개봉 후 12개월 *제품의 개봉 후 사용기간은 제조일로부터 사용기한을 초과하지 않습니다.",상품상세참조,코스맥스/네이처리퍼블릭,한국,해당있음,"정제수,에틸헥실팔미테이트,티타늄디옥사이드 (CI 77891),사이클로펜타실록세인,부틸옥틸살리실레이트,글리세린,다이부틸아디페이트,디에칠아미노하이드록시벤조일헥실벤조에이트,나이아신아마이드,펜틸렌글라이콜,1,2-헥산다이올,바오밥나무잎추출물,하이알루로닉애씨드,하이드롤라이즈드하이알루로닉애씨드,소듐하이알루로네이트,에칠헥실트리아존,페닐트라이메티콘,트라이세테아레스-4포스페이트,글라이콜스테아레이트,포타슘세틸포스페이트,글리세릴스테아레이트,피이지-100스테아레이트,알루미늄하이드록사이드,피이지-2스테아레이트,메칠렌비스-벤조트리아졸릴테트라메칠부틸페놀,스테아릭애씨드,폴리하이드록시스테아릭애씨드,폴리솔베이트60,아크릴레이트/C10-30알킬아크릴레이트크로스폴리머,실리카,트로메타민,소듐폴리아크릴로일다이메틸타우레이트,네오펜틸글라이콜다이에틸헥사노에이트,아이소도데케인,옥틸도데칸올,데실글루코사이드,소듐아크릴레이트/소듐아크릴로일다이메틸타우레이트코폴리머,에틸헥실글리세린,아이소헥사데칸,아데노신,트라이소듐에틸렌다이아민다이석시네이트,트라이에톡시카프릴릴실레인,폴리솔베이트80,폴리글리세릴-4아이소스테아레이트,아이소프로필티타늄트라이아이소스테아레이트,솔비탄올리에이트,토코페롤,카프릴릭/카프릭트라이글리세라이드,부틸렌글라이콜,하이드로제네이티드레시틴,세라마이드엔피,카보머,잔탄검,향료,황색산화철 (CI 77492),적색산화철 (CI 77491),흑색산화철 (CI 77499)","가. 화장품 사용 시 또는 사용 후 직사광선에 의하여 사용부위가 붉은 반점, 부어오름 또는 가려움증 등의 이상 증상이나 부작용이 있는 경우에는 전문의 등과 상담할 것  나. 상처가 있는 부위 등에는 사용을 자제할 것  다. 보관 및 취급 시 주의사항     1) 어린이의 손이 닿지 않는 곳에 보관할 것     2) 직사광선을 피해서 보관할 것",본 제품에 이상이 있을 경우 공정거래위원회 고시 소비자분쟁해결기준에 의거하여 보상해 드립니다.,080-890-6000,normal,네이처리퍼블릭,유브이컷 바오밥 선크림 [SPF50+/PA++++] [파데프리],2148050,71974,
28g X 2EA,모든피부,"제조일로부터 36개월, 개봉 후 12개월 *제품의 개봉 후 사용기간은 제조일로부터 사용기한을 초과하지 않습니다.",상품상세참조,코스맥스 / 네이처리퍼블릭,한국,해당있음,"징크옥사이드 (CI 77947),카프릴릴메티콘,합성왁스,코코-카프릴레이트/카프레이트,부틸렌글라이콜다이카프릴레이트/다이카프레이트,아이소노닐아이소노나노에이트,메틸메타크릴레이트크로스폴리머,부틸옥틸살리실레이트,아크릴레이트코폴리머,마이크로크리스탈린왁스,폴리메틸메타크릴레이트,비닐다이메티콘/메티콘실세스퀴옥세인크로스폴리머,아이소프로필팔미테이트,폴리하이드록시스테아릭애씨드,동백나무씨오일,로즈마리잎오일,알로에베라잎추출물,클레리오일,호호바씨오일,쑥잎추출물,락토바실러스발효용해물,페닐트라이메티콘,실리카,트라이에톡시카프릴릴실레인,폴리글리세릴-4다이아이소스테아레이트/폴리하이드록시스테아레이트/세바케이트,폴리글리세릴-2다이폴리하이드록시스테아레이트,글리세릴카프릴레이트,정제수,부틸렌글라이콜,토코페롤,마데카소사이드,글리세린,베타-시토스테롤,1,2-헥산다이올,폴리글리세릴-10스테아레이트,하이드로제네이티드레시틴,에틸헥실글리세린,잔탄검,아틀라스시다나무껍질오일","가. 화장품 사용 시 또는 사용 후 직사광선에 의하여 사용부위가 붉은 반점, 부어오름 또는 가려움증 등의 이상 증상이나 부작용이 있는 경우 전문의 등과 상담할 것 나. 상처가 있는 부위 등에는 사용을 자제할 것 다. 보관 및 취급 시의 주의사항    1) 어린이의 손이 닿지 않는 곳에 보관할 것    2) 직사광선을 피해서 보관할 것  * 내용물이 섬유 및 의류 등에 묻을 경우 세탁으로 완전 제거가 어려우니 의류에 묻지 않도록 주의해 주십시오",본 제품에 이상이 있을 경우 공정거래위원회 고시 소비자분쟁해결기준에 의거하여 보상해 드립니다.,080-890-6000,normal,네이처리퍼블릭,캘리포니아 알로에 진정 선스틱 [SPF50+/PA++++],2199530,77679,
150ml,모든피부,"제조일로부터 36개월, 개봉 후 12개월 *제품의 개봉 후 사용기간은 제조일로부터 사용기한을 초과하지 않습니다.",상품상세참조,코스맥스(주)/네이처리퍼블릭,한국,해당있음,"정제수, 다이프로필렌글라이콜, 피이지-8, 변성알코올, 피이지-7글리세릴코코에이트, C12-14알케스-12, 아이소프로필미리스테이트, 글리세린, 메틸프로판다이올, 알로에베라잎즙, 비스-에톡시다이글라이콜사이클로헥산1,4-다이카복실레이트, 아크릴레이트/C10-30알킬아크릴레이트크로스폴리머, 피이지-6카프릴릭/카프릭글리세라이즈, 트로메타민, 카프릴릴글라이콜, 에틸헥산다이올, 아이소프로필팔미테이트, 부틸렌글라이콜, 페녹시에탄올, 향료, 리모넨, 리날룰","1. 화장품 사용 시 또는 사용 후 직사광선에 의하여 사용부위가 붉은 반점, 부어오름 또는 가려움증 등의 이상 증상이나 부작용이 있는 경우 전문의 등과 상담할 것  2. 상처가 있는 부위 등에는 사용을 자제할 것  3. 보관 및 취급 시의 주의사항     가) 어린이의 손이 닿지 않는 곳에 보관할 것     나) 직사광선을 피해서 보관할 것",본 제품에 이상이 있을 경우 공정거래위원회 고시 소비자분쟁해결기준에 의거하여 보상해 드립니다.,080-890-6000,normal,네이처리퍼블릭,수딩 앤 모이스처 알로에베라 클렌징 젤 크림,2032370,50889,
50ml,모든피부,"제조일로부터 36개월, 개봉 후 12개월 *제품의 개봉 후 사용기간은 제조일로부터 사용기한을 초과하지 않습니다.",상품상세참조,코스맥스(주)/네이처리퍼블릭,한국,해당있음,상품상세참조,"정제수, 티타늄디옥사이드 (CI 77891), 에틸헥실팔미테이트, 에칠헥실메톡시신나메이트, 징크옥사이드 (CI 77947), 네오펜틸글라이콜다이에틸헥사노에이트, 글리세린, 사이클로펜타실록세인, 부틸렌글라이콜, 피이지-30다이폴리하이드록시스테아레이트, 다이메티콘, 카프릴릭/카프릭트라이글리세라이드, 다이아이소스테아릴말레이트, 나이아신아마이드, 펜틸렌글라이콜, 다이스테아다이모늄헥토라이트, 하이드로제네이티드폴리데센, 클로렐라 불가리스추출물, 홍삼추출물, 하이드롤라이즈드식물성단백질, 인삼열매추출물, 흰목이버섯추출물, 로얄젤리추출물, 소듐하이알루로네이트, 수용성콜라겐, 지모뿌리추출물, 하이드롤라이즈드하이알루로닉애씨드, 하이알루로닉애씨드, 세틸피이지/피피지-10/1다이메티콘, 마그네슘설페이트, 솔비탄올리베이트, 보론나이트라이드, 알루미늄하이드록사이드, 합성플루오르플로고파이트, 트라이에톡시카프릴릴실레인, 스테아릭애씨드, 글루코오스, 다이메티콘/비닐다이메티콘크로스폴리머, 프룩토올리고사카라이드, 프룩토오스, 비닐다이메티콘/메티콘실세스퀴옥세인크로스폴리머, 에틸헥실글리세린, 아데노신, 트라이소듐에틸렌다이아민다이석시네이트, 1,2-헥산다이올, 에틸헥산다이올, 하이드로제네이티드폴리아이소부텐, 말토덱스트린, 펜타에리스리틸테트라-다이-t-부틸하이드록시하이드로신나메이트, 메틸프로판다이올, 팔미토일트라이펩타이드-5, 하이드록시프로필트라이모늄하이알루로네이트, 소듐아세틸레이티드하이알루로네이트, 토코페롤, 하이드롤라이즈드소듐하이알루로네이트, 소듐하이알루로네이트크로스폴리머, 포타슘하이알루로네이트, 페녹시에탄올, 향료, 헥실신남알, 리날룰, 벤질벤조에이트, 알파-아이소메틸아이오논, 리모넨, 황색산화철 (CI 77492), 적색산화철 (CI 77491), 흑색산화철 (CI 77499), 마이카 (CI 77019), 금 (CI 77480)",본 제품에 이상이 있을 경우 공정거래위원회 고시 소비자분쟁해결기준에 의거하여 보상해 드립니다.,080-890-6000,detail,네이처리퍼블릭,진생 앰플 비비크림 [SPF30/PA++] [내추럴베이지],2019130,48155,img/진생 앰플 비비크림 [SPF30PA++] [내추럴베이지]_0.jpg;img/진생 앰플 비비크림 [SPF30PA++] [내추럴베이지]_1.jpg;img/진생 앰플 비비크림 [SPF30PA++] [내추럴베이지]_2.jpg;img/진생 앰플 비비크림 [SPF30PA++] [내추럴베이지]_3.jpg;img/진생 앰플 비비크림 [SPF30PA++] [내추럴베이지]_4.jpg;img/진생 앰플 비비크림 [SPF30PA++] [내추럴베이지]_5.jpg;img/진생 앰플 비비크림 [SPF30PA++] [내추럴베이지]_6.jpg;img/진생 앰플 비비크림 [SPF30PA++] [내추럴베이지]_7.jpg;img/진생 앰플 비비크림 [SPF30PA++] [내추럴베이지]_8.jpg;img/진생 앰플 비비크림 [SPF30PA++] [내추럴베이지]_9.jpg;img/진생 앰플 비비크림 [SPF30PA++] [내추럴베이지]_10.jpg;img/진생 앰플 비비크림 [SPF30PA++] [내추럴베이지]_11.jpg
30매(350ml),모든피부,"제조일로부터 24개월, 개봉 후 12개월 *제품의 개봉 후 사용기간은 제조일로부터 사용기한을 초과하지 않습니다.",상품상세참조,(주)엠엘에스 / 네이처리퍼블릭,대한민국,해당있음,"정제수,프로판다이올,다이프로필렌글라이콜,글리세레스-26,1,2-헥산다이올,하이드록시아세토페논,베타인,해수,알란토인,알지닌,카보머,폴리글리세릴-10라우레이트,폴리글리세릴-4라우레이트,아데노신,셀룰로오스검,잔탄검,부틸렌글라이콜,다이소듐이디티에이,향료,소듐하이알루로네이트,모란뿌리추출물,에틸헥실글리세린,하이드롤라이즈드하이알루로닉애씨드,소듐디엔에이,카퍼트라이펩타이드-1,아세틸헥사펩타이드-8,팔미토일펜타펩타이드-4,소듐아세틸레이티드하이알루로네이트,팔미토일테트라펩타이드-7,팔미토일트라이펩타이드-1","가. 화장품 사용 시 또는 사용 후 직사광선에 의하여 사용부위가 붉은 반점, 부어오름 또는 가려움증 등의 이상 증상이나 부작용이 있는 경우에는 전문의 등과 상담할 것 나. 상처가 있는 부위 등에는 사용을 자제할 것 다. 보관 및 취급 시 주의사항 1) 어린이의 손이 닿지 않는 곳에 보관할 것 2) 직사광선을 피해서 보관할 것 라. 눈 주위를 피하여 사용할 것",본 제품에 이상이 있을 경우 공정거래위원회 고시 소비자분쟁해결기준에 의거하여 보상해 드립니다.,080-890-6000,normal,네이처리퍼블릭,인텐스 멀티 마린 피디알엔 뽑아쓰는 데일리 마스크팩,2133812,69205,
250ml,모든피부,"제조일로부터 30개월, 개봉 후 12개월 *제품의 개봉 후 사용기간은 제조일로부터 사용기한을 초과하지 않습니다.",상품상세참조,(주)서울화장품 / 네이처리퍼블릭,한국,해당있음,"수딩 앤 모이스처 알로에베라 수딩젤(튜브)  정제수,에탄올,프로필렌글라이콜,다이프로필렌글라이콜,카보머,알로에베라잎즙,트로메타민,C12-14파레스-12,1,2-헥산다이올,부틸렌글라이콜,카프릴릴글라이콜,펜틸렌글라이콜,베타인,하이드록시아세토페논,향료,글리세린,다이소듐이디티에이,글리세릴폴리아크릴레이트,소듐하이알루로네이트,폴리글루타믹애씨드,스피어민트추출물,레몬밤추출물,포트마리골드꽃추출물,에틸헥실글리세린,리날룰,리모넨","가. 화장품 사용 시 또는 사용 후 직사광선에 의하여 사용부위가 붉은 반점, 부어오름 또는 가려움증 등의 이상 증상이나 부작용이 있는 경우에는 전문의 등과 상담할 것  나. 상처가 있는 부위 등에는 사용을 자제할 것  다. 보관 및 취급 시 주의사항     1) 어린이의 손이 닿지 않는 곳에 보관할 것     2) 직사광선을 피해서 보관할 것",본 제품에 이상이 있을 경우 공정거래위원회 고시 소비자분쟁해결기준에 의거하여 보상해 드립니다.,080-890-6000,normal,네이처리퍼블릭,수딩 앤 모이스처 알로에베라 수딩젤,2164612,73553,
150ml,모든피부,"제조일로부터 36개월, 개봉 후 12개월 *제품의 개봉 후 사용기간은 제조일로부터 사용기한을 초과하지 않습니다.",상품상세참조,코스맥스(주)/네이처리퍼블릭,한국,해당있음,"정제수, 글리세린, 스테아릭애씨드, 미리스틱애씨드, 포타슘하이드록사이드, 하이드로제네이티드팜애씨드, 팔미틱애씨드, 라우릭애씨드, 돌콩추출물, 퀼라자껍질추출물, 맥아추출물, 글리세릴스테아레이트에스이, 코코-글루코사이드, 아크릴레이트/C10-30알킬아크릴레이트크로스폴리머, 소듐코코일이세티오네이트, 폴리쿼터늄-7, 소듐파이테이트, 1,2-헥산다이올, 알로에베라잎폴리사카라이드, 부틸렌글라이콜, 에틸헥산다이올, 펜틸렌글라이콜, 시트릭애씨드, 옥탄다이올, 에틸헥실글리세린, 카프릴릴글라이콜, 소듐벤조에이트, 향료, 리날룰, 헥실신남알, 황색4호 (CI 19140), 청색1호 (CI 42090)","가. 화장품 사용 시 또는 사용 후 직사광선에 의하여 사용부위가 붉은 반점, 부어오름 또는 가려움증 등의 이상 증상이나 부작용이 있는 경우에는 전문의 등과 상담할 것  나. 상처가 있는 부위 등에는 사용을 자제할 것  다. 보관 및 취급 시 주의사항     1) 어린이의 손이 닿지 않는 곳에 보관할 것     2) 직사광선을 피해서 보관할 것",본 제품에 이상이 있을 경우 공정거래위원회 고시 소비자분쟁해결기준에 의거하여 보상해 드립니다.,080-890-6000,normal,네이처리퍼블릭,수딩 앤 모이스처 알로에베라 폼클렌징,2057851,45270,
50ml,모든피부,"제조일로부터 36개월, 개봉 후 12개월 *제품의 개봉 후 사용기간은 제조일로부터 사용기한을 초과하지 않습니다.",상품상세참조,코스맥스/네이처리퍼블릭,한국,해당있음,"정제수, 티타늄디옥사이드 (CI 77891), 에틸헥실팔미테이트, 에칠헥실메톡시신나메이트, 징크옥사이드 (CI 77947), 네오펜틸글라이콜다이에틸헥사노에이트, 글리세린, 사이클로펜타실록세인, 부틸렌글라이콜, 피이지-30다이폴리하이드록시스테아레이트, 다이메티콘, 카프릴릭/카프릭트라이글리세라이드, 다이아이소스테아릴말레이트, 나이아신아마이드, 펜틸렌글라이콜, 다이스테아다이모늄헥토라이트, 하이드로제네이티드폴리데센, 클로렐라 불가리스추출물, 홍삼추출물, 하이드롤라이즈드식물성단백질, 인삼열매추출물, 흰목이버섯추출물, 로얄젤리추출물, 소듐하이알루로네이트, 수용성콜라겐, 지모뿌리추출물, 하이드롤라이즈드하이알루로닉애씨드, 하이알루로닉애씨드, 세틸피이지/피피지-10/1다이메티콘, 마그네슘설페이트, 솔비탄올리베이트, 합성플루오르플로고파이트, 보론나이트라이드, 알루미늄하이드록사이드, 트라이에톡시카프릴릴실레인, 스테아릭애씨드, 글루코오스, 다이메티콘/비닐다이메티콘크로스폴리머, 프룩토올리고사카라이드, 프룩토오스, 비닐다이메티콘/메티콘실세스퀴옥세인크로스폴리머, 에틸헥실글리세린, 아데노신, 트라이소듐에틸렌다이아민다이석시네이트, 1,2-헥산다이올, 에틸헥산다이올, 하이드로제네이티드폴리아이소부텐, 말토덱스트린, 펜타에리스리틸테트라-다이-t-부틸하이드록시하이드로신나메이트, 메틸프로판다이올, 팔미토일트라이펩타이드-5, 하이드록시프로필트라이모늄하이알루로네이트, 소듐아세틸레이티드하이알루로네이트, 토코페롤, 하이드롤라이즈드소듐하이알루로네이트, 소듐하이알루로네이트크로스폴리머, 포타슘하이알루로네이트, 페녹시에탄올, 향료, 헥실신남알, 리날룰, 벤질벤조에이트, 알파-아이소메틸아이오논, 리모넨, 황색산화철 (CI 77492), 적색산화철 (CI 77491), 마이카 (CI 77019), 흑색산화철 (CI 77499), 금 (CI 77480)","가. 화장품 사용 시 또는 사용 후 직사광선에 의하여 사용부위가 붉은 반점, 부어오름 또는 가려움증 등의 이상 증상이나 부작용이 있는 경우에는 전문의 등과 상담할 것  나. 상처가 있는 부위 등에는 사용을 자제할 것  다. 보관 및 취급 시 주의사항     1) 어린이의 손이 닿지 않는 곳에 보관할 것     2) 직사광선을 피해서 보관할 것",본 제품에 이상이 있을 경우 공정거래위원회 고시 소비자분쟁해결기준에 의거하여 보상해 드립니다.,080-890-6000,normal,네이처리퍼블릭,진생 앰플 비비크림 [SPF30/PA++] [라이트베이지],2019131,48154,
130ml,모든피부,"제조일로부터 36개월, 개봉 후 12개월 *제품의 개봉 후 사용기간은 제조일로부터 사용기한을 초과하지 않습니다.",상품상세참조,코스맥스(주)/네이처리퍼블릭,대한민국,해당있음,상품상세참조,상품상세참조,본 제품에 이상이 있을 경우 공정거래위원회 고시 소비자분쟁해결기준에 의거하여 보상해 드립니다.,080-890-6000,detail,네이처리퍼블릭,진생 로얄 실크 토너,2082846,69555,img/진생 로얄 실크 토너_0.jpg;img/진생 로얄 실크 토너_1.jpg;img/진생 로얄 실크 토너_2.jpg;img/진생 로얄 실크 토너_3.jpg;img/진생 로얄 실크 토너_4.jpg;img/진생 로얄 실크 토너_5.jpg;img/진생 로얄 실크 토너_6.jpg;img/진생 로얄 실크 토너_7.jpg;img/진생 로얄 실크 토너_8.jpg;img/진생 로얄 실크 토너_9.jpg
9g,모든피부,"제조일로부터 36개월, 개봉 후 12개월 *제품의 개봉 후 사용기간은 제조일로부터 사용기한을 초과하지 않습니다.",상품상세참조,코스맥스(주)/네이처리퍼블릭,한국,해당있음,"마이카 (CI 77019), 티타늄디옥사이드 (CI 77891), 탤크, 실리카, 나일론-12, 에칠헥실메톡시신나메이트, 징크옥사이드 (CI 77947), 다이아이소스테아릴말레이트, 네오펜틸글라이콜다이에틸헥사노에이트, 황색산화철 (CI 77492), 알로에베라잎추출물, 코코넛야자오일, 아르간커넬오일, 드럼스틱씨추출물, 포트마리골드꽃추출물, 히비스커스꽃추출물, 로즈힙열매추출물, 라벤더꽃추출물, 레몬버베나잎추출물, 레몬밤추출물, 페퍼민트잎추출물, 다마스크장미꽃추출물, 로즈마리잎추출물, 살비아잎추출물, 타임잎추출물, 유럽피나무꽃추출물, 하이드로제네이티드폴리(C6-14올레핀), 마그네슘미리스테이트, 메티콘, 카프릴릭/카프릭트라이글리세라이드, 다이메티콘, 하이드로제네이티드레시틴, 카프릴릴글라이콜, 에틸헥실글리세린, 라우로일라이신, 알루미늄하이드록사이드, 트라이에톡시카프릴릴실레인, 정제수, 말토덱스트린, 토코페롤, 부틸렌글라이콜, 1,2-헥산다이올, 향료, 리모넨, 리날룰, 헥실신남알, 적색산화철 (CI 77491), 흑색산화철 (CI 77499), 울트라마린 (CI 77007)","가. 화장품 사용 시 또는 사용 후 직사광선에 의하여 사용부위가 붉은 반점, 부어오름 또는 가려움증 등의 이상 증상이나 부작용이 있는 경우에는 전문의 등과 상담할 것  나. 상처가 있는 부위 등에는 사용을 자제할 것  다. 보관 및 취급 시 주의사항     1) 어린이의 손이 닿지 않는 곳에 보관할 것     2) 직사광선을 피해서 보관할 것  라. 눈에 들어갔을 때에는 즉시 씻어낼 것",본 제품에 이상이 있을 경우 공정거래위원회 고시 소비자분쟁해결기준에 의거하여 보상해 드립니다.,080-890-6000,normal,네이처리퍼블릭,네이처 오리진 커버 투웨이 팩트 [SPF30/PA+++] [1호 라이트베이지],1991489,58611,
5g,상품상세참조,"제조일로부터 24개월, 개봉 후 12개월 *제품의 개봉 후 사용기간은 제조일로부터 사용기한을 초과하지 않습니다.",상품상세참조,코스맥스(주),한국,해당있음,상품상세참조,"1. 화장품 사용 시 또는 사용 후 직사광선에 의하여 사용부위가 붉은 반점, 부어오름 또는 가려움증 등의 이상 증상이나 부작용이 있는 경우 전문의 등과 상담할 것 2. 상처가 있는 부위 등에는 사용을 자제할 것 3. 보관 및 취급 시의 주의사항 가) 어린이의 손이 닿지 않는 곳에 보관할 것 나) 직사광선을 피해서 보관할 것",본 제품에 이상이 있을 경우 공정거래위원회 고시 소비자분쟁해결기준에 의거하여 보상해 드립니다.,080-890-6000,detail,네이처리퍼블릭,바이플라워 컨투어링 [01 새틴드레스],2003161,66577,img/바이플라워 컨투어링 [01 새틴드레스]_0.jpg;img/바이플라워 컨투어링 [01 새틴드레스]_1.jpg;img/바이플라워 컨투어링 [01 새틴드레스]_2.jpg;img/바이플라워 컨투어링 [01 새틴드레스]_3.jpg;img/바이플라워 컨투어링 [01 새틴드레스]_4.jpg;img/바이플라워 컨투어링 [01 새틴드레스]_5.jpg;img/바이플라워 컨투어링 [01 새틴드레스]_6.jpg;img/바이플라워 컨투어링 [01 새틴드레스]_7.jpg
7.5g,모든피부,"제조일로부터 30개월, 개봉 후 12개월 *제품의 개봉 후 사용기간은 제조일로부터 사용기한을 초과하지 않습니다.",상품상세참조,화성코스메틱 / 네이처리퍼블릭,한국,해당있음,"아이소데실아이소노나노에이트,실리카,옥틸도데실스테아로일스테아레이트,합성왁스,펜타에리스리틸테트라아이소스테아레이트,C12-15알킬벤조에이트,카프릴릭/카프릭트라이글리세라이드,일라이트,합성플루오르플로고파이트,솔비탄아이소스테아레이트,바륨설페이트,페녹시에탄올,토코페릴아세테이트,솔비탄세스퀴올리에이트,라우릴폴리글리세릴-3폴리다이메틸실록시에틸다이메티콘,스테아랄코늄헥토라이트,카프릴릴글라이콜,아이소프로필티타늄트라이아이소스테아레이트,프로필렌카보네이트,알루미늄하이드록사이드,향료,에틸헥실글리세린,트라이에톡시카프릴릴실레인,정제수,시어버터,부틸렌글라이콜,글리세린,토코페롤,1,2-헥산다이올,소듐하이알루로네이트,낫토검,비치스트로베리추출물,크랜베리추출물,서양산딸기추출물,로우스위트블루베리추출물,티타늄디옥사이드,적색104호의(1),황색4호,적색산화철,황색산화철,흑색산화철,청색1호","가. 화장품 사용 시 또는 사용 후 직사광선에 의하여 사용부위가 붉은 반점, 부어오름 또는 가려움증 등의 이상 증상이나 부작용이 있는 경우에는 전문의 등과 상담할 것  나. 상처가 있는 부위 등에는 사용을 자제할 것  다. 보관 및 취급 시 주의사항     1) 어린이의 손이 닿지 않는 곳에 보관할 것     2) 직사광선을 피해서 보관할 것",본 제품에 이상이 있을 경우 공정거래위원회 고시 소비자분쟁해결기준에 의거하여 보상해 드립니다.,080-890-6000,normal,네이처리퍼블릭,멜팅 스틱 블러셔 [04 리치 버터],2169855,73983,
50ml,모든피부,"제조일로부터 30개월, 개봉 후 12개월 *제품의 개봉 후 사용기간은 제조일로부터 사용기한을 초과하지 않습니다.",상품상세참조,(주)코스맥스,한국,해당있음,상품상세참조,"가. 화장품 사용 시 또는 사용 후 직사광선에 의하여 사용부위가 붉은 반점, 부어오름 또는 가려움증 등의 이상 증상이나 부작용이 있는 경우에는 전문의 등과 상담할 것 나. 상처가 있는 부위 등에는 사용을 자제할 것 다. 보관 및 취급 시 주의사항 1) 어린이의 손이 닿지 않는 곳에 보관할 것 2) 직사광선을 피해서 보관할 것",본 제품에 이상이 있을 경우 공정거래위원회 고시 소비자분쟁해결기준에 의거하여 보상해 드립니다.,080-890-6000,detail,네이처리퍼블릭,콜라겐 드림 50 올인원 래디언스 톤 업 크림,2126716,52384,img/콜라겐 드림 50 올인원 래디언스 톤 업 크림_0.jpg;img/콜라겐 드림 50 올인원 래디언스 톤 업 크림_1.jpg;img/콜라겐 드림 50 올인원 래디언스 톤 업 크림_2.jpg;img/콜라겐 드림 50 올인원 래디언스 톤 업 크림_3.jpg;img/콜라겐 드림 50 올인원 래디언스 톤 업 크림_4.jpg;img/콜라겐 드림 50 올인원 래디언스 톤 업 크림_5.jpg;img/콜라겐 드림 50 올인원 래디언스 톤 업 크림_6.jpg;img/콜라겐 드림 50 올인원 래디언스 톤 업 크림_7.jpg
15g*2 (리필포함),모든피부,"제조일로부터 24개월, 개봉 후 12개월 *제품의 개봉 후 사용기간은 제조일로부터 사용기한을 초과하지 않습니다.",상품상세참조,코스맥스 / 네이처리퍼블릭,한국,해당있음,"정제수,티타늄디옥사이드 (CI 77891),사이클로펜타실록세인,에칠헥실메톡시신나메이트,에칠헥실살리실레이트,메틸트라이메티콘,프로판다이올,트라이메틸실록시실리케이트,아이소도데케인,나이아신아마이드,페닐프로필트라이메티콘,라우릴피이지-10트리스(트라이메틸실록시)실릴에틸다이메티콘,바륨설페이트,합성플루오르플로고파이트,1,2-헥산다이올,C12-15알킬벤조에이트,황색산화철 (CI 77492),글리세린,홍삼추출물,로얄젤리추출물,하이드롤라이즈드식물성단백질,인삼열매추출물,흰목이버섯추출물,소듐하이알루로네이트,수용성콜라겐,지모뿌리추출물,하이드롤라이즈드하이알루로닉애씨드,하이알루로닉애씨드,세틸피이지/피피지-10/1다이메티콘,비닐다이메티콘/메티콘실세스퀴옥세인크로스폴리머,아크릴레이트/스테아릴아크릴레이트/다이메티콘메타크릴레이트코폴리머,실리카,다이스테아다이모늄헥토라이트,마그네슘설페이트,폴리하이드록시스테아릭애씨드,솔비탄아이소스테아레이트,스테아릭애씨드,트라이에톡시카프릴릴실레인,부틸렌글라이콜,알루미나,알루미늄하이드록사이드,글리세릴카프릴레이트,실리카다이메틸실릴레이트,아데노신,트라이소듐에틸렌다이아민다이석시네이트,마그네슘미리스테이트,에틸헥산다이올,토코페롤,하이드로제네이티드폴리아이소부텐,말토덱스트린,메틸프로판다이올,팔미토일트라이펩타이드-5,하이드록시프로필트라이모늄하이알루로네이트,에틸헥실글리세린,소듐아세틸레이티드하이알루로네이트,하이드롤라이즈드소듐하이알루로네이트,소듐하이알루로네이트크로스폴리머,포타슘하이알루로네이트,향료,헥실신남알,리날룰,벤질벤조에이트,알파-아이소메틸아이오논,리모넨,적색산화철 (CI 77491),흑색산화철 (CI 77499),금 (CI 77480)","가. 화장품 사용 시 또는 사용 후 직사광선에 의하여 사용부위가 붉은 반점, 부어오름 또는 가려움증 등의 이상 증상이나 부작용이 있는 경우에는 전문의 등과 상담할 것  나. 상처가 있는 부위 등에는 사용을 자제할 것  다. 보관 및 취급 시 주의사항     1) 어린이의 손이 닿지 않는 곳에 보관할 것     2) 직사광선을 피해서 보관할 것",본 제품에 이상이 있을 경우 공정거래위원회 고시 소비자분쟁해결기준에 의거하여 보상해 드립니다.,080-890-6000,normal,네이처리퍼블릭,진생 앰플 쿠션 [SPF50+/PA+++] [N23 내추럴베이지],2151784,72298,
50ml,모든피부,"제조일로부터 36개월, 개봉 후 12개월 *제품의 개봉 후 사용기간은 제조일로부터 사용기한을 초과하지 않습니다.",상품상세참조,코스맥스 / 네이처리퍼블릭,한국,해당있음,"정제수,다이부틸아디페이트,프로판다이올,디에칠아미노하이드록시벤조일헥실벤조에이트,펜틸렌글라이콜,폴리메틸실세스퀴옥세인,에칠헥실트리아존,메칠렌비스-벤조트리아졸릴테트라메칠부틸페놀,코코-카프릴레이트/카프레이트,카프릴릴메티콘,디에칠헥실부타미도트리아존,부틸렌글라이콜,글리세린,로즈마리잎오일,알로에베라잎추출물,클레리오일,쑥잎추출물,폴리C10-30알킬아크릴레이트,폴리글리세릴-3메틸글루코오스다이스테아레이트,마이크로크리스탈린셀룰로오스,데실글루코사이드,트로메타민,아크릴레이트/C10-30알킬아크릴레이트크로스폴리머,카프릴릴글라이콜,하이드록시아세토페논,소듐스테아로일글루타메이트,토코페롤,마데카소사이드,하이드로제네이티드레시틴,스테아릭애씨드,세라마이드엔피,콜레스테롤,피토스핑고신,세라마이드엔지,세라마이드엔에스,세라마이드에이피,세라마이드에이에스,세라마이드이오피,베헤닐알코올,카보머,잔탄검,세테아릴알코올,아틀라스시다나무껍질오일","가. 화장품 사용 시 또는 사용 후 직사광선에 의하여 사용부위가 붉은 반점, 부어오름 또는 가려움증 등의 이상 증상이나 부작용이 있는 경우에는 전문의 등과 상담할 것  나. 상처가 있는 부위 등에는 사용을 자제할 것  다. 보관 및 취급 시 주의사항     1) 어린이의 손이 닿지 않는 곳에 보관할 것     2) 직사광선을 피해서 보관할 것",본 제품에 이상이 있을 경우 공정거래위원회 고시 소비자분쟁해결기준에 의거하여 보상해 드립니다.,080-890-6000,normal,네이처리퍼블릭,캘리포니아 알로에 진정 수분 선크림 [SPF50+/PA++++],2199532,77680,
2.7g,모든피부,"제조일로부터 24개월, 개봉 후 12개월 *제품의 개봉 후 사용기간은 제조일로부터 사용기한을 초과하지 않습니다.",(주) 씨엔씨 인터네셔널/네이처리퍼블릭,한국,한국,해당있음,상품상세참조,"​1. 화장품 사용 시 또는 사용 후 직사광선에 의하여 사용부위가 붉은 반점, 부어오름 또는 가려움증 등의 이상 증상이나 부작용이 있는 경우 전문의 등과 상담할 것 2. 상처가 있는 부위 등에는 사용을 자제할 것 3. 보관 및 취급 시의 주의사항 가) 어린이의 손이 닿지 않는 곳에 보관할 것 나) 직사광선을 피해서 보관할 것 4. 눈에 들어갔을 때에는 즉시 씻어낼 것",본 제품에 이상이 있을 경우 공정거래위원회 고시 소비자분쟁해결기준에 의거하여 보상해 드립니다.,080-890-6000,detail,네이처리퍼블릭,허니 멜팅 립 [15 크리스탈스파클],2130079,68394,img/허니 멜팅 립 [15 크리스탈스파클]_0.jpg;img/허니 멜팅 립 [15 크리스탈스파클]_1.jpg;img/허니 멜팅 립 [15 크리스탈스파클]_2.jpg;img/허니 멜팅 립 [15 크리스탈스파클]_3.jpg;img/허니 멜팅 립 [15 크리스탈스파클]_4.jpg;img/허니 멜팅 립 [15 크리스탈스파클]_5.jpg;img/허니 멜팅 립 [15 크리스탈스파클]_6.jpg;img/허니 멜팅 립 [15 크리스탈스파클]_7.jpg;img/허니 멜팅 립 [15 크리스탈스파클]_8.jpg;img/허니 멜팅 립 [15 크리스탈스파클]_9.jpg;img/허니 멜팅 립 [15 크리스탈스파클]_10.jpg;img/허니 멜팅 립 [15 크리스탈스파클]_11.jpg;img/허니 멜팅 립 [15 크리스탈스파클]_12.jpg;img/허니 멜팅 립 [15 크리스탈스파클]_13.jpg;img/허니 멜팅 립 [15 크리스탈스파클]_14.jpg;img/허니 멜팅 립 [15 크리스탈스파클]_15.jpg;img/허니 멜팅 립 [15 크리스탈스파클]_16.jpg;img/허니 멜팅 립 [15 크리스탈스파클]_17.jpg;img/허니 멜팅 립 [15 크리스탈스파클]_18.jpg;img/허니 멜팅 립 [15 크리스탈스파클]_19.jpg;img/허니 멜팅 립 [15 크리스탈스파클]_20.jpg;img/허니 멜팅 립 [15 크리스탈스파클]_21.jpg
7.5g,모든피부,"제조일로부터 30개월, 개봉 후 12개월 *제품의 개봉 후 사용기간은 제조일로부터 사용기한을 초과하지 않습니다.",상품상세참조,화성코스메틱 / 네이처리퍼블릭,한국,해당있음,"아이소데실아이소노나노에이트,실리카,옥틸도데실스테아로일스테아레이트,합성왁스,펜타에리스리틸테트라아이소스테아레이트,C12-15알킬벤조에이트,카프릴릭/카프릭트라이글리세라이드,일라이트,합성플루오르플로고파이트,솔비탄아이소스테아레이트,바륨설페이트,페녹시에탄올,토코페릴아세테이트,솔비탄세스퀴올리에이트,라우릴폴리글리세릴-3폴리다이메틸실록시에틸다이메티콘,스테아랄코늄헥토라이트,카프릴릴글라이콜,아이소프로필티타늄트라이아이소스테아레이트,알루미늄하이드록사이드,프로필렌카보네이트,향료,에틸헥실글리세린,트라이에톡시카프릴릴실레인,정제수,시어버터,부틸렌글라이콜,글리세린,토코페롤,1,2-헥산다이올,소듐하이알루로네이트,낫토검,비치스트로베리추출물,크랜베리추출물,서양산딸기추출물,로우스위트블루베리추출물,티타늄디옥사이드,적색104호의(1),황색4호,적색산화철,황색산화철,흑색산화철,청색1호","가. 화장품 사용 시 또는 사용 후 직사광선에 의하여 사용부위가 붉은 반점, 부어오름 또는 가려움증 등의 이상 증상이나 부작용이 있는 경우에는 전문의 등과 상담할 것  나. 상처가 있는 부위 등에는 사용을 자제할 것  다. 보관 및 취급 시 주의사항     1) 어린이의 손이 닿지 않는 곳에 보관할 것     2) 직사광선을 피해서 보관할 것",본 제품에 이상이 있을 경우 공정거래위원회 고시 소비자분쟁해결기준에 의거하여 보상해 드립니다.,080-890-6000,normal,네이처리퍼블릭,멜팅 스틱 블러셔 [02 베리 버터],2169852,73981,
2.7g,모든피부,"제조일로부터 24개월, 개봉 후 12개월 *제품의 개봉 후 사용기간은 제조일로부터 사용기한을 초과하지 않습니다.",(주) 씨엔씨 인터네셔널/네이처리퍼블릭,한국,한국,해당있음,상품상세참조,"​1. 화장품 사용 시 또는 사용 후 직사광선에 의하여 사용부위가 붉은 반점, 부어오름 또는 가려움증 등의 이상 증상이나 부작용이 있는 경우 전문의 등과 상담할 것 2. 상처가 있는 부위 등에는 사용을 자제할 것 3. 보관 및 취급 시의 주의사항 가) 어린이의 손이 닿지 않는 곳에 보관할 것 나) 직사광선을 피해서 보관할 것 4. 눈에 들어갔을 때에는 즉시 씻어낼 것",본 제품에 이상이 있을 경우 공정거래위원회 고시 소비자분쟁해결기준에 의거하여 보상해 드립니다.,080-890-6000,detail,네이처리퍼블릭,허니 멜팅 립 [16 미드나잇스파클],2130080,68395,img/허니 멜팅 립 [16 미드나잇스파클]_0.jpg;img/허니 멜팅 립 [16 미드나잇스파클]_1.jpg;img/허니 멜팅 립 [16 미드나잇스파클]_2.jpg;img/허니 멜팅 립 [16 미드나잇스파클]_3.jpg;img/허니 멜팅 립 [16 미드나잇스파클]_4.jpg;img/허니 멜팅 립 [16 미드나잇스파클]_5.jpg;img/허니 멜팅 립 [16 미드나잇스파클]_6.jpg;img/허니 멜팅 립 [16 미드나잇스파클]_7.jpg;img/허니 멜팅 립 [16 미드나잇스파클]_8.jpg;img/허니 멜팅 립 [16 미드나잇스파클]_9.jpg;img/허니 멜팅 립 [16 미드나잇스파클]_10.jpg;img/허니 멜팅 립 [16 미드나잇스파클]_11.jpg;img/허니 멜팅 립 [16 미드나잇스파클]_12.jpg;img/허니 멜팅 립 [16 미드나잇스파클]_13.jpg;img/허니 멜팅 립 [16 미드나잇스파클]_14.jpg;img/허니 멜팅 립 [16 미드나잇스파클]_15.jpg;img/허니 멜팅 립 [16 미드나잇스파클]_16.jpg;img/허니 멜팅 립 [16 미드나잇스파클]_17.jpg;img/허니 멜팅 립 [16 미드나잇스파클]_18.jpg;img/허니 멜팅 립 [16 미드나잇스파클]_19.jpg;img/허니 멜팅 립 [16 미드나잇스파클]_20.jpg;img/허니 멜팅 립 [16 미드나잇스파클]_21.jpg
55ml,모든피부,"제조일로부터 30개월, 개봉 후 12개월 *제품의 개봉 후 사용기간은 제조일로부터 사용기한을 초과하지 않습니다.",상품상세참조,코스맥스(주)/네이처리퍼블릭,대한민구,해당있음,상품상세참조,"가. 화장품 사용 시 또는 사용 후 직사광선에 의하여 사용부위가 붉은 반점, 부어오름 또는 가려움증 등의 이상 증상이나 부작용이 있는 경우에는 전문의 등과 상담할 것  나. 상처가 있는 부위 등에는 사용을 자제할 것  다. 보관 및 취급 시 주의사항     1) 어린이의 손이 닿지 않는 곳에 보관할 것     2) 직사광선을 피해서 보관할 것",본 제품에 이상이 있을 경우 공정거래위원회 고시 소비자분쟁해결기준에 의거하여 보상해 드립니다.,080-890-6000,detail,네이처리퍼블릭,리얼 스퀴즈 알로에베라 크림,2055102,58608,img/리얼 스퀴즈 알로에베라 크림_0.jpg;img/리얼 스퀴즈 알로에베라 크림_1.jpg;img/리얼 스퀴즈 알로에베라 크림_2.jpg;img/리얼 스퀴즈 알로에베라 크림_3.jpg;img/리얼 스퀴즈 알로에베라 크림_4.jpg;img/리얼 스퀴즈 알로에베라 크림_5.jpg;img/리얼 스퀴즈 알로에베라 크림_6.jpg;img/리얼 스퀴즈 알로에베라 크림_7.jpg;img/리얼 스퀴즈 알로에베라 크림_8.jpg;img/리얼 스퀴즈 알로에베라 크림_9.jpg;img/리얼 스퀴즈 알로에베라 크림_10.jpg;img/리얼 스퀴즈 알로에베라 크림_11.jpg;img/리얼 스퀴즈 알로에베라 크림_12.jpg;img/리얼 스퀴즈 알로에베라 크림_13.jpg
2.7g,모든피부,"제조일로부터 24개월, 개봉 후 12개월 *제품의 개봉 후 사용기간은 제조일로부터 사용기한을 초과하지 않습니다.",(주) 씨엔씨 인터네셔널/네이처리퍼블릭,한국,한국,해당있음,상품상세참조,"​1. 화장품 사용 시 또는 사용 후 직사광선에 의하여 사용부위가 붉은 반점, 부어오름 또는 가려움증 등의 이상 증상이나 부작용이 있는 경우 전문의 등과 상담할 것 2. 상처가 있는 부위 등에는 사용을 자제할 것 3. 보관 및 취급 시의 주의사항 가) 어린이의 손이 닿지 않는 곳에 보관할 것 나) 직사광선을 피해서 보관할 것 4. 눈에 들어갔을 때에는 즉시 씻어낼 것",본 제품에 이상이 있을 경우 공정거래위원회 고시 소비자분쟁해결기준에 의거하여 보상해 드립니다.,080-890-6000,detail,네이처리퍼블릭,허니 멜팅 립 [14 메이플글리터],2109707,64591,img/허니 멜팅 립 [14 메이플글리터]_0.jpg;img/허니 멜팅 립 [14 메이플글리터]_1.jpg;img/허니 멜팅 립 [14 메이플글리터]_2.jpg;img/허니 멜팅 립 [14 메이플글리터]_3.jpg;img/허니 멜팅 립 [14 메이플글리터]_4.jpg;img/허니 멜팅 립 [14 메이플글리터]_5.jpg;img/허니 멜팅 립 [14 메이플글리터]_6.jpg;img/허니 멜팅 립 [14 메이플글리터]_7.jpg;img/허니 멜팅 립 [14 메이플글리터]_8.jpg;img/허니 멜팅 립 [14 메이플글리터]_9.jpg;img/허니 멜팅 립 [14 메이플글리터]_10.jpg;img/허니 멜팅 립 [14 메이플글리터]_11.jpg;img/허니 멜팅 립 [14 메이플글리터]_12.jpg;img/허니 멜팅 립 [14 메이플글리터]_13.jpg;img/허니 멜팅 립 [14 메이플글리터]_14.jpg;img/허니 멜팅 립 [14 메이플글리터]_15.jpg;img/허니 멜팅 립 [14 메이플글리터]_16.jpg;img/허니 멜팅 립 [14 메이플글리터]_17.jpg;img/허니 멜팅 립 [14 메이플글리터]_18.jpg;img/허니 멜팅 립 [14 메이플글리터]_19.jpg;img/허니 멜팅 립 [14 메이플글리터]_20.jpg;img/허니 멜팅 립 [14 메이플글리터]_21.jpg
50ml,모든피부,"제조일로부터 30개월, 개봉 후 12개월 *제품의 개봉 후 사용기간은 제조일로부터 사용기한을 초과하지 않습니다.",상품상세참조,한국콜마(주)/네이처리퍼블릭,대한민국,해당있음,"해수, 글리세린, 1,2-헥산다이올, 프로판다이올, 부틸렌글라이콜, 정제수, 나이아신아마이드, 다이펜타에리스리틸헥사C5-9애씨드에스터, 메틸프로판다이올, 카프릴릭/카프릭트라이글리세라이드, 다이프로필렌글라이콜, 코코-카프릴레이트/카프레이트, 다시마추출물, 한련초잎추출물, 스페인감초뿌리추출물, 작약뿌리추출물, 천궁뿌리추출물, 칡뿌리추출물, 쇠비름추출물, 감태추출물, 개청각추출물, 겔리듐 카르틸라기네움추출물, 납작파래추출물, 두날리엘라 살리나추출물, 록샘파이어추출물, 모자반추출물, 미역추출물, 바다포도추출물, 방사무늬돌김추출물, 블래더랙추출물, 슈가켈프추출물, 슈도알테로모나스발효추출물, 스피룰리나 막시마추출물, 스피룰리나 플라텐시스추출물, 아이리쉬모스추출물, 야니아 루벤스추출물, 오카무라큰실말추출물, 자이언트켈프추출물, 참갈파래추출물, 참미역추출물, 청각추출물, 클로렐라 미누티시마추출물, 클로렐라 불가리스추출물, 톳추출물, 퉁퉁마디추출물, 플랑크톤추출물, 해마토코쿠스 플루비알리스추출물, 호스테일켈프추출물, 하이드로제네이티드레시틴, 소듐하이알루로네이트, 수용성콜라겐, 알로에베라잎즙, 세테아릴올리베이트, 솔비탄올리베이트, 폴리메틸실세스퀴옥세인, 글리세릴스테아레이트, 세틸에틸헥사노에이트, 폴리글리세릴-2스테아레이트, 카보머, 트로메타민, 스테아릴알코올, 암모늄아크릴로일다이메틸타우레이트/브이피코폴리머, 에틸헥실글리세린, 아데노신, 프룩토올리고사카라이드, 다이소듐이디티에이, 베타-글루칸, 하이드롤라이즈드하이알루로닉애씨드, 잔탄검, 카프릴릴글라이콜, 씨솔트, 토코페롤, 노나펩타이드-1, 아세틸헥사펩타이드-8, 카퍼트라이펩타이드-1, 트라이펩타이드-1, 팔미토일테트라펩타이드-7, 팔미토일트라이펩타이드-1, 팔미토일펜타펩타이드-4, 헥사펩타이드-9, 향료, 개다시마추출물, 거머리말추출물","가. 화장품 사용 시 또는 사용 후 직사광선에 의하여 사용부위가 붉은 반점, 부어오름 또는 가려움증 등의 이상 증상이나 부작용이 있는 경우에는 전문의 등과 상담할 것  나. 상처가 있는 부위 등에는 사용을 자제할 것  다. 보관 및 취급 시 주의사항     1) 어린이의 손이 닿지 않는 곳에 보관할 것     2) 직사광선을 피해서 보관할 것",본 제품에 이상이 있을 경우 공정거래위원회 고시 소비자분쟁해결기준에 의거하여 보상해 드립니다.,080-890-6000,normal,네이처리퍼블릭,슈퍼 아쿠아 맥스 수분 에센스,2086879,34317,
30ml*2,모든피부,"제조일로부터 36개월, 개봉 후 12개월 *제품의 개봉 후 사용기간은 제조일로부터 사용기한을 초과하지 않습니다.",상품상세참조,(주)코스맥스/네이처리퍼블릭,한국,해당있음,"정제수, 글리세린, 부틸렌글라이콜, 변성알코올, 다이메티콘, 클로렐라 불가리스추출물, 페퍼민트추출물, 시어버터, 암모늄아크릴로일다이메틸타우레이트/베헤네스-25메타크라일레이트크로스폴리머, 하이드록시에틸아크릴레이트/소듐아크릴로일다이메틸타우레이트코폴리머, 폴리메틸실세스퀴옥세인, 폴리솔베이트20, 하이드록시아세토페논, 카프릴릴글라이콜, 글루코오스, 프룩토올리고사카라이드, 프룩토오스, 에틸헥실글리세린, 1,2-헥산다이올, 피브이엠/엠에이코폴리머, 베타-글루칸, 카프릴릭/카프릭트라이글리세라이드, 하이드로제네이티드레시틴, 세라마이드엔피, 토코페롤, 다이소듐이디티에이, 카보머, 향료, 리모넨, 시트랄, 리날룰","가. 화장품 사용 시 또는 사용 후 직사광선에 의하여 사용부위가 붉은 반점, 부어오름 또는 가려움증 등의 이상 증상이나 부작용이 있는 경우에는 전문의 등과 상담할 것 나. 상처가 있는 부위 등에는 사용을 자제할 것 다. 보관 및 취급 시 주의사항 1) 어린이의 손이 닿지 않는 곳에 보관할 것 2) 직사광선을 피해서 보관할 것",본 제품에 이상이 있을 경우 공정거래위원회 고시 소비자분쟁해결기준에 의거하여 보상해 드립니다.,080-890-6000,normal,네이처리퍼블릭,핸드 앤 네이처 핸드크림 [가드니아민티],2082988,59650,
2.7g,모든피부,"제조일로부터 24개월, 개봉 후 12개월 *제품의 개봉 후 사용기간은 제조일로부터 사용기한을 초과하지 않습니다.",상품상세참조,(주) 씨엔씨 인터네셔널,한국,해당있음,상품상세참조,"​1. 화장품 사용 시 또는 사용 후 직사광선에 의하여 사용부위가 붉은 반점, 부어오름 또는 가려움증 등의 이상 증상이나 부작용이 있는 경우 전문의 등과 상담할 것 2. 상처가 있는 부위 등에는 사용을 자제할 것 3. 보관 및 취급 시의 주의사항 가) 어린이의 손이 닿지 않는 곳에 보관할 것 나) 직사광선을 피해서 보관할 것 4. 눈에 들어갔을 때에는 즉시 씻어낼 것",본 제품에 이상이 있을 경우 공정거래위원회 고시 소비자분쟁해결기준에 의거하여 보상해 드립니다.,080-890-6000,detail,네이처리퍼블릭,허니 멜팅 립 [13 오로라글리터],2109704,64588,img/허니 멜팅 립 [13 오로라글리터]_0.jpg;img/허니 멜팅 립 [13 오로라글리터]_1.jpg;img/허니 멜팅 립 [13 오로라글리터]_2.jpg;img/허니 멜팅 립 [13 오로라글리터]_3.jpg;img/허니 멜팅 립 [13 오로라글리터]_4.jpg;img/허니 멜팅 립 [13 오로라글리터]_5.jpg;img/허니 멜팅 립 [13 오로라글리터]_6.jpg;img/허니 멜팅 립 [13 오로라글리터]_7.jpg;img/허니 멜팅 립 [13 오로라글리터]_8.jpg;img/허니 멜팅 립 [13 오로라글리터]_9.jpg;img/허니 멜팅 립 [13 오로라글리터]_10.jpg;img/허니 멜팅 립 [13 오로라글리터]_11.jpg;img/허니 멜팅 립 [13 오로라글리터]_12.jpg;img/허니 멜팅 립 [13 오로라글리터]_13.jpg;img/허니 멜팅 립 [13 오로라글리터]_14.jpg;img/허니 멜팅 립 [13 오로라글리터]_15.jpg;img/허니 멜팅 립 [13 오로라글리터]_16.jpg;img/허니 멜팅 립 [13 오로라글리터]_17.jpg;img/허니 멜팅 립 [13 오로라글리터]_18.jpg;img/허니 멜팅 립 [13 오로라글리터]_19.jpg;img/허니 멜팅 립 [13 오로라글리터]_20.jpg;img/허니 멜팅 립 [13 오로라글리터]_21.jpg
9.5g,모든피부,"제조일로부터 25개월, 개봉 후 12개월 *제품의 개봉 후 사용기간은 제조일로부터 사용기한을 초과하지 않습니다.",상품상세참조,씨앤씨 / 네이처리퍼블릭,한국,해당있음,"정제수,칼슘알루미늄보로실리케이트,칼슘티타늄보로실리케이트,부틸렌글라이콜,글리세린,1,2-헥산다이올,칼슘락테이트,티타늄디옥사이드,실리카,아이리쉬모스,페녹시에탄올,캐롭검,마이카,잔탄검,틴옥사이드,덱스트린,에틸헥실글리세린,향료,벤질벤조에이트,카민,다마스크장미꽃수,소듐하이알루로네이트,소듐하이알루로네이트크로스폴리머,포타슘하이알루로네이트,하이알루로닉애씨드,하이드롤라이즈드하이알루로닉애씨드,하이드롤라이즈드소듐하이알루로네이트,하이드록시프로필트라이모늄하이알루로네이트,카카두플럼추출물,노니열매추출물,까무까무열매추출물,패션프룻열매추출물,인디안구스베리열매추출물,비타민나무열매추출물,소듐아세틸레이티드하이알루로네이트","가. 화장품 사용 시 또는 사용 후 직사광선에 의하여 사용부위가 붉은 반점, 부어오름 또는 가려움증 등의 이상 증상이나 부작용이 있는 경우에는 전문의 등과 상담할 것  나. 상처가 있는 부위 등에는 사용을 자제할 것  다. 보관 및 취급 시 주의사항     1) 어린이의 손이 닿지 않는 곳에 보관할 것     2) 직사광선을 피해서 보관할 것",본 제품에 이상이 있을 경우 공정거래위원회 고시 소비자분쟁해결기준에 의거하여 보상해 드립니다.,080-890-6000,normal,네이처리퍼블릭,멜팅 스틱 글리터 [01 타로 쿼츠],2169859,73985,
50ml,모든피부,"제조일로부터 30개월, 개봉 후 12개월 *제품의 개봉 후 사용기간은 제조일로부터 사용기한을 초과하지 않습니다.",상품상세참조,코스맥스(주) / 네이처리퍼블릭,대한민국,해당있음,"정제수, 글리세린, 부틸렌글라이콜, 글리세레스-26, 프로판다이올, 1,2-헥산다이올, 펜틸렌글라이콜, 카프릴릭/카프릭트라이글리세라이드, 아이리쉬모스추출물, 클로렐라 불가리스추출물, 사탕수수추출물, 인도멀구슬나무잎추출물, 인도멀구슬나무꽃추출물, 아이비고드열매추출물, 호박가루, 가지열매추출물, 울금뿌리추출물, 홀리바질잎추출물, 참산호말추출물, 드럼스틱씨오일, 알로에베라잎추출물, 락토바실러스/석류발효추출물, 알로에베라꽃추출물, 라임추출물, 류코노스톡/무발효여과물, 포도추출물, 베타인, 판테놀, 폴리글리세릴-10라우레이트, 덱스트린팔미테이트/에틸헥사노에이트, 글루코오스, 프룩토올리고사카라이드, 프룩토오스, 트로메타민, 글리세릴글루코사이드, 폴리아크릴레이트크로스폴리머-6, 에틸헥실글리세린, 소듐파이테이트, 알지닌, 베타-글루칸, 말토덱스트린, 토코페롤, 알로에베라잎폴리사카라이드, 에틸헥산다이올, 카보머, 향료, 하이드록시시트로넬알, 제라니올, 리날룰","가. 화장품 사용 시 또는 사용 후 직사광선에 의하여 사용부위가 붉은 반점, 부어오름 또는 가려움증 등의 이상 증상이나 부작용이 있는 경우에는 전문의 등과 상담할 것  나. 상처가 있는 부위 등에는 사용을 자제할 것  다. 보관 및 취급 시 주의사항     1) 어린이의 손이 닿지 않는 곳에 보관할 것     2) 직사광선을 피해서 보관할 것",본 제품에 이상이 있을 경우 공정거래위원회 고시 소비자분쟁해결기준에 의거하여 보상해 드립니다.,080-890-6000,normal,네이처리퍼블릭,리얼 스퀴즈 알로에베라 에센스,2055099,57669,
15g X 2 (리필 포함),상품상세참조,"제조일로부터 24개월, 개봉 후 12개월 *제품의 개봉 후 사용기간은 제조일로부터 사용기한을 초과하지 않습니다.",상품상세참조,코스맥스(주) / 네이처리퍼블릭,대한민국,해당있음,"티타늄디옥사이드 (CI 77891),사이클로펜타실록산,에칠헥실메톡시신나메이트,에칠헥실살리실레이트,메칠트리메치콘,프로판디올,트리메칠실록시실리케이트,아이소도데케인,합성플루오르플로고파이트,나이아신아마이드,페닐프로필트라이메티콘,라우릴피이지-10트리스(트리메칠실록시)실릴에칠디메치콘,바륨설페이트,1,2-헥산디올,C12-15알킬벤조에이트,글리세린,홍삼추출물,로얄젤리추출물,하이드롤라이즈드식물성단백질,인삼열매추출물,흰목이버섯추출물,소듐하이알루로네이트,수용성콜라겐,지모추출물,하이드롤라이즈드하이알루로닉애씨드,하이알루로닉애씨드,세틸피이지/피피지-10/1디메치콘,비닐디메치콘/메치콘실세스퀴옥산크로스폴리머,아크릴레이트/스테아릴아크릴레이트/디메치콘메타크릴레이트코폴리머,실리카,디스테아디모늄헥토라이트,마그네슘설페이트,폴리하이드록시스테아릭애씨드,소르비탄이소스테아레이트,스테아릭애씨드,트리에톡시카프릴릴실란,부틸렌글라이콜,알루미나,알루미늄하이드록사이드,글리세릴카프릴레이트,실리카디메칠실릴레이트,아데노신,트리소듐에칠렌디아민디석시네이트,마그네슘미리스테이트,에칠헥산디올,토코페롤,하이드로제네이티드폴리이소부텐,말토덱스트린,메칠프로판디올,팔미토일트라이펩타이드-5,하이드록시프로필트리모늄하이알루로네이트,에칠헥실글리세린,소듐아세틸레이티드하이알루로네이트,하이드롤라이즈드소듐하이알루로네이트,소듐하이알루로네이트크로스폴리머,포타슘하이알루로네이트,향료,헥실신남알,리날룰,벤질벤조에이트,알파-아이소메틸아이오논,리모넨,황색산화철 (CI 77492),적색산화철 (CI 77491),흑색산화철 (CI 77499),금 (CI 77480)","1. 화장품 사용 시 또는 사용 후 직사광선에 의하여 사용부위가 붉은 반점, 부어오름 또는 가려움증 등의 이상 증상이나 부작용이 있는 경우 전문의 등과 상담할 것 2. 상처가 있는 부위 등에는 사용을 자제할 것 3. 보관 및 취급 시의 주의사항 가) 어린이의 손이 닿지 않는 곳에 보관할 것 나) 직사광선을 피해서 보관할 것 4. 눈에 들어갔을 때에는 즉시 씻어낼 것",본 제품에 이상이 있을 경우 공정거래위원회 고시 소비자분쟁해결기준에 의거하여 보상해 드립니다.,080-890-6000,normal,네이처리퍼블릭,진생 앰플 쿠션 [SPF50+/PA+++] [N21 라이트베이지],2003148,34189,
52ml,모든피부,"제조일로부터 36개월, 개봉 후 12개월 *제품의 개봉 후 사용기간은 제조일로부터 사용기한을 초과하지 않습니다.",상품상세참조,코스맥스(주) / 네이처리퍼블릭,한국,해당있음,"정제수, 글리세린, 세틸에틸헥사노에이트, 다이프로필렌글라이콜, 다이메티콘, 세테아릴알코올, 다이 아이소스테아릴말레이트, 나이아신아마이드, 1,2-헥산다이올, 하이드로제네이티드올리브오일, 시어버터, 폴리솔베이트60, 하이드로제네이티드식물성오일, 올리브오일, 올리브오일불검화물, 소듐하이알루로네이트, 병풀잎추출물, 병풀추출물, 카카오추출물, 달팽이점액여과물(0.6376 ppm), 비즈왁스, 판테놀, 글리세릴 스테아레이트,.피이지-100스테아레이트, 암모늄아크릴로일다이메틸타우레이트/브이피코폴리머, 팔미틱애 씨드, 솔비탄세스퀴올리에이트, 스테아릭애씨드, 카프릴릴글라이콜, 소듐폴리아크릴레이트, 소듐파이테이트, 트로메타민, 에틸헥실글리세린, 부틸렌글라이콜, 아데노신, 레시틴, 덱스트린, 세라마이드엔피, 토코페롤, 펜틸렌글라이콜, 마데카소사이드, 카보머, 카라멜, 향료, 리날룰, 시트로넬올","가. 화장품 사용 시 또는 사용 후 직사광선에 의하여 사용부위가 붉은 반점, 부어오름 또는 가려움증 등의 이상 증상이나 부작용이 있는 경우에는 전문의 등과 상담할 것  나. 상처가 있는 부위 등에는 사용을 자제할 것  다. 보관 및 취급 시 주의사항     1) 어린이의 손이 닿지 않는 곳에 보관할 것     2) 직사광선을 피해서 보관할 것",본 제품에 이상이 있을 경우 공정거래위원회 고시 소비자분쟁해결기준에 의거하여 보상해 드립니다.,080-890-6000,normal,네이처리퍼블릭,스네일 솔루션 크림,2152136,72352,
상품상세참조,상품상세참조,상품상세참조,상품상세참조,상품상세참조,상품상세참조,해당있음,상품상세참조,상품상세참조,상품상세참조,상품상세참조,detail,네이처리퍼블릭,콜라겐드림 에센스,2151775,72300,img/콜라겐드림 에센스_0.jpg;img/콜라겐드림 에센스_1.jpg;img/콜라겐드림 에센스_2.jpg;img/콜라겐드림 에센스_3.jpg;img/콜라겐드림 에센스_4.jpg;img/콜라겐드림 에센스_5.jpg;img/콜라겐드림 에센스_6.jpg;img/콜라겐드림 에센스_7.jpg
1.4g,모든피부,"제조일로부터 24개월, 개봉 후 12개월 *제품의 개봉 후 사용기간은 제조일로부터 사용기한을 초과하지 않습니다.",상품상세참조,씨앤씨,한국,해당있음,상품상세참조,"​1. 화장품 사용 시 또는 사용 후 직사광선에 의하여 사용부위가 붉은 반점, 부어오름 또는 가려움증 등의 이상 증상이나 부작용이 있는 경우 전문의 등과 상담할 것 2. 상처가 있는 부위 등에는 사용을 자제할 것 3. 보관 및 취급 시의 주의사항 가) 어린이의 손이 닿지 않는 곳에 보관할 것 나) 직사광선을 피해서 보관할 것 4. 눈에 들어갔을 때에는 즉시 씻어낼 것",본 제품에 이상이 있을 경우 공정거래위원회 고시 소비자분쟁해결기준에 의거하여 보상해 드립니다.,080-890-6000,detail,네이처리퍼블릭,코튼 멜팅 립 [02 뽀용코랄],2120213,66923,img/코튼 멜팅 립 [02 뽀용코랄]_0.jpg;img/코튼 멜팅 립 [02 뽀용코랄]_1.jpg;img/코튼 멜팅 립 [02 뽀용코랄]_2.jpg;img/코튼 멜팅 립 [02 뽀용코랄]_3.jpg;img/코튼 멜팅 립 [02 뽀용코랄]_4.jpg;img/코튼 멜팅 립 [02 뽀용코랄]_5.jpg;img/코튼 멜팅 립 [02 뽀용코랄]_6.jpg;img/코튼 멜팅 립 [02 뽀용코랄]_7.jpg;img/코튼 멜팅 립 [02 뽀용코랄]_8.jpg;img/코튼 멜팅 립 [02 뽀용코랄]_9.jpg;img/코튼 멜팅 립 [02 뽀용코랄]_10.jpg;img/코튼 멜팅 립 [02 뽀용코랄]_11.jpg;img/코튼 멜팅 립 [02 뽀용코랄]_12.jpg;img/코튼 멜팅 립 [02 뽀용코랄]_13.jpg;img/코튼 멜팅 립 [02 뽀용코랄]_14.jpg;img/코튼 멜팅 립 [02 뽀용코랄]_15.jpg;img/코튼 멜팅 립 [02 뽀용코랄]_16.jpg;img/코튼 멜팅 립 [02 뽀용코랄]_17.jpg;img/코튼 멜팅 립 [02 뽀용코랄]_18.jpg;img/코튼 멜팅 립 [02 뽀용코랄]_19.jpg;img/코튼 멜팅 립 [02 뽀용코랄]_20.jpg
7.5g,모든피부,"제조일로부터 30개월, 개봉 후 12개월 *제품의 개봉 후 사용기간은 제조일로부터 사용기한을 초과하지 않습니다.",상품상세참조,화성코스메틱 / 네이처리퍼블릭,한국,해당있음,"아이소데실아이소노나노에이트,실리카,옥틸도데실스테아로일스테아레이트,합성왁스,펜타에리스리틸테트라아이소스테아레이트,C12-15알킬벤조에이트,카프릴릭/카프릭트라이글리세라이드,일라이트,합성플루오르플로고파이트,솔비탄아이소스테아레이트,바륨설페이트,페녹시에탄올,라우릴폴리글리세릴-3폴리다이메틸실록시에틸다이메티콘,토코페릴아세테이트,솔비탄세스퀴올리에이트,스테아랄코늄헥토라이트,카프릴릴글라이콜,프로필렌카보네이트,아이소프로필티타늄트라이아이소스테아레이트,알루미늄하이드록사이드,향료,에틸헥실글리세린,트라이에톡시카프릴릴실레인,정제수,시어버터,부틸렌글라이콜,글리세린,토코페롤,1,2-헥산다이올,소듐하이알루로네이트,낫토검,비치스트로베리추출물,크랜베리추출물,서양산딸기추출물,로우스위트블루베리추출물,티타늄디옥사이드,황색4호,적색201호,적색202호,적색226호,적색104호의(1)","가. 화장품 사용 시 또는 사용 후 직사광선에 의하여 사용부위가 붉은 반점, 부어오름 또는 가려움증 등의 이상 증상이나 부작용이 있는 경우에는 전문의 등과 상담할 것  나. 상처가 있는 부위 등에는 사용을 자제할 것  다. 보관 및 취급 시 주의사항     1) 어린이의 손이 닿지 않는 곳에 보관할 것     2) 직사광선을 피해서 보관할 것",본 제품에 이상이 있을 경우 공정거래위원회 고시 소비자분쟁해결기준에 의거하여 보상해 드립니다.,080-890-6000,normal,네이처리퍼블릭,멜팅 스틱 블러셔 [03 토마토 버터],2169854,73982,
7.5g,모든피부,"제조일로부터 30개월, 개봉 후 12개월 *제품의 개봉 후 사용기간은 제조일로부터 사용기한을 초과하지 않습니다.",상품상세참조,화성코스메틱 / 네이처리퍼블릭,한국,해당있음,"아이소데실아이소노나노에이트,실리카,옥틸도데실스테아로일스테아레이트,합성왁스,펜타에리스리틸테트라아이소스테아레이트,C12-15알킬벤조에이트,카프릴릭/카프릭트라이글리세라이드,일라이트,솔비탄아이소스테아레이트,바륨설페이트,합성플루오르플로고파이트,페녹시에탄올,토코페릴아세테이트,솔비탄세스퀴올리에이트,라우릴폴리글리세릴-3폴리다이메틸실록시에틸다이메티콘,스테아랄코늄헥토라이트,카프릴릴글라이콜,아이소프로필티타늄트라이아이소스테아레이트,알루미늄하이드록사이드,프로필렌카보네이트,향료,에틸헥실글리세린,트라이에톡시카프릴릴실레인,정제수,시어버터,부틸렌글라이콜,글리세린,토코페롤,1,2-헥산다이올,소듐하이알루로네이트,낫토검,비치스트로베리추출물,크랜베리추출물,서양산딸기추출물,로우스위트블루베리추출물,티타늄디옥사이드,황색4호,적색104호의(1),적색201호,청색1호","가. 화장품 사용 시 또는 사용 후 직사광선에 의하여 사용부위가 붉은 반점, 부어오름 또는 가려움증 등의 이상 증상이나 부작용이 있는 경우에는 전문의 등과 상담할 것  나. 상처가 있는 부위 등에는 사용을 자제할 것  다. 보관 및 취급 시 주의사항     1) 어린이의 손이 닿지 않는 곳에 보관할 것     2) 직사광선을 피해서 보관할 것",본 제품에 이상이 있을 경우 공정거래위원회 고시 소비자분쟁해결기준에 의거하여 보상해 드립니다.,080-890-6000,normal,네이처리퍼블릭,멜팅 스틱 블러셔 [01 피치 버터],2169851,73980,
50ml,모든피부,"제조일로부터 30개월, 개봉 후 12개월 *제품의 개봉 후 사용기간은 제조일로부터 사용기한을 초과하지 않습니다.",상품상세참조,코스맥스,한국,해당있음,"정제수,다이프로필렌글라이콜,부틸렌글라이콜,글리세린,카프릴릴메티콘,세테아릴알코올,비닐다이메티콘,1,2-헥산다이올,카프릴릭/카프릭트라이글리세라이드,트라이에틸헥사노인,녹차씨오일,하이드로제네이티드식물성오일,효모발효추출물,리치추출물,칸디다 봄비콜라/글루코오스/메틸레이프씨데이트발효물,소듐하이알루로네이트,수용성콜라겐,펜틸렌글라이콜,세테아릴올리베이트,합성비즈왁스,하이드록시에틸아크릴레이트/소듐아크릴로일다이메틸타우레이트코폴리머,솔비탄올리베이트,다이메티콘올,글리세릴스테아레이트,트로메타민,암모늄아크릴로일다이메틸타우레이트/브이피코폴리머,소듐아크릴레이트/소듐아크릴로일다이메틸타우레이트코폴리머,글라이콜다이스테아레이트,팔미틱애씨드,폴리아이소부텐,세테아릴글루코사이드,스테아릭애씨드,에틸헥실글리세린,아데노신,다이포타슘글리시리제이트,소듐파이테이트,카프릴릴/카프릴글루코사이드,솔비탄올리에이트,셀룰로오스,폴리글루타믹애씨드,토코페롤,아세틸헥사펩타이드-8,아스코빅애씨드폴리펩타이드,아세틸옥타펩타이드-3,아세틸테트라펩타이드-2,아세틸테트라펩타이드-3,아세틸테트라펩타이드-5,아세틸테트라펩타이드-9,카르노신,카퍼트라이펩타이드-1,노나펩타이드-1,팔미토일펜타펩타이드-4,팔미토일트라이펩타이드-1,팔미토일트라이펩타이드-5,카보머,잔탄검,향료","가. 화장품 사용 시 또는 사용 후 직사광선에 의하여 사용부위가 붉은 반점, 부어오름 또는 가려움증 등의 이상 증상이나 부작용이 있는 경우에는 전문의 등과 상담할 것  나. 상처가 있는 부위 등에는 사용을 자제할 것  다. 보관 및 취급 시 주의사항     1) 어린이의 손이 닿지 않는 곳에 보관할 것     2) 직사광선을 피해서 보관할 것",본 제품에 이상이 있을 경우 공정거래위원회 고시 소비자분쟁해결기준에 의거하여 보상해 드립니다.,080-890-6000,normal,네이처리퍼블릭,콜라겐 드림 크림,2149915,72104,
1.4g,모든피부,"제조일로부터 24개월, 개봉 후 12개월 *제품의 개봉 후 사용기간은 제조일로부터 사용기한을 초과하지 않습니다.",상품상세참조,씨앤씨,한국,해당있음,상품상세참조,"​1. 화장품 사용 시 또는 사용 후 직사광선에 의하여 사용부위가 붉은 반점, 부어오름 또는 가려움증 등의 이상 증상이나 부작용이 있는 경우 전문의 등과 상담할 것 2. 상처가 있는 부위 등에는 사용을 자제할 것 3. 보관 및 취급 시의 주의사항 가) 어린이의 손이 닿지 않는 곳에 보관할 것 나) 직사광선을 피해서 보관할 것 4. 눈에 들어갔을 때에는 즉시 씻어낼 것",본 제품에 이상이 있을 경우 공정거래위원회 고시 소비자분쟁해결기준에 의거하여 보상해 드립니다.,080-890-6000,detail,네이처리퍼블릭,코튼 멜팅 립 [06 몽롱모브],2120217,66927,img/코튼 멜팅 립 [06 몽롱모브]_0.jpg;img/코튼 멜팅 립 [06 몽롱모브]_1.jpg;img/코튼 멜팅 립 [06 몽롱모브]_2.jpg;img/코튼 멜팅 립 [06 몽롱모브]_3.jpg;img/코튼 멜팅 립 [06 몽롱모브]_4.jpg;img/코튼 멜팅 립 [06 몽롱모브]_5.jpg;img/코튼 멜팅 립 [06 몽롱모브]_6.jpg;img/코튼 멜팅 립 [06 몽롱모브]_7.jpg;img/코튼 멜팅 립 [06 몽롱모브]_8.jpg;img/코튼 멜팅 립 [06 몽롱모브]_9.jpg;img/코튼 멜팅 립 [06 몽롱모브]_10.jpg;img/코튼 멜팅 립 [06 몽롱모브]_11.jpg;img/코튼 멜팅 립 [06 몽롱모브]_12.jpg;img/코튼 멜팅 립 [06 몽롱모브]_13.jpg;img/코튼 멜팅 립 [06 몽롱모브]_14.jpg;img/코튼 멜팅 립 [06 몽롱모브]_15.jpg;img/코튼 멜팅 립 [06 몽롱모브]_16.jpg;img/코튼 멜팅 립 [06 몽롱모브]_17.jpg;img/코튼 멜팅 립 [06 몽롱모브]_18.jpg;img/코튼 멜팅 립 [06 몽롱모브]_19.jpg;img/코튼 멜팅 립 [06 몽롱모브]_20.jpg
1.4g,모든피부,"제조일로부터 24개월, 개봉 후 12개월 *제품의 개봉 후 사용기간은 제조일로부터 사용기한을 초과하지 않습니다.",상품상세참조,씨앤씨,한국,해당있음,상품상세참조,"​1. 화장품 사용 시 또는 사용 후 직사광선에 의하여 사용부위가 붉은 반점, 부어오름 또는 가려움증 등의 이상 증상이나 부작용이 있는 경우 전문의 등과 상담할 것 2. 상처가 있는 부위 등에는 사용을 자제할 것 3. 보관 및 취급 시의 주의사항 가) 어린이의 손이 닿지 않는 곳에 보관할 것 나) 직사광선을 피해서 보관할 것 4. 눈에 들어갔을 때에는 즉시 씻어낼 것",본 제품에 이상이 있을 경우 공정거래위원회 고시 소비자분쟁해결기준에 의거하여 보상해 드립니다.,080-890-6000,detail,네이처리퍼블릭,코튼 멜팅 립 [04 버니핑크],2120215,66925,img/코튼 멜팅 립 [04 버니핑크]_0.jpg;img/코튼 멜팅 립 [04 버니핑크]_1.jpg;img/코튼 멜팅 립 [04 버니핑크]_2.jpg;img/코튼 멜팅 립 [04 버니핑크]_3.jpg;img/코튼 멜팅 립 [04 버니핑크]_4.jpg;img/코튼 멜팅 립 [04 버니핑크]_5.jpg;img/코튼 멜팅 립 [04 버니핑크]_6.jpg;img/코튼 멜팅 립 [04 버니핑크]_7.jpg;img/코튼 멜팅 립 [04 버니핑크]_8.jpg;img/코튼 멜팅 립 [04 버니핑크]_9.jpg;img/코튼 멜팅 립 [04 버니핑크]_10.jpg;img/코튼 멜팅 립 [04 버니핑크]_11.jpg;img/코튼 멜팅 립 [04 버니핑크]_12.jpg;img/코튼 멜팅 립 [04 버니핑크]_13.jpg;img/코튼 멜팅 립 [04 버니핑크]_14.jpg;img/코튼 멜팅 립 [04 버니핑크]_15.jpg;img/코튼 멜팅 립 [04 버니핑크]_16.jpg;img/코튼 멜팅 립 [04 버니핑크]_17.jpg;img/코튼 멜팅 립 [04 버니핑크]_18.jpg;img/코튼 멜팅 립 [04 버니핑크]_19.jpg;img/코튼 멜팅 립 [04 버니핑크]_20.jpg
150ml,모든피부,"제조일로부터 36개월, 개봉 후 12개월 *제품의 개봉 후 사용기간은 제조일로부터 사용기한을 초과하지 않습니다.",상품상세참조,한국콜마(주) / 네이처리퍼블릭,대한민국,해당있음,"편백수, 메틸프로판다이올, 글리세린, 1,2-헥산다이올, 네오펜틸글라이콜다이헵타노에이트, 메틸트라이메티콘, 폴리글리세릴-3메틸글루코오스다이스테아레이트, 프로판다이올, 베헤닐알코올, 글리세릴스테아레이트, 베타인, 편백잎추출물, 다시마추출물, 한련초잎추출물, 병풀추출물, 불가리스쑥추출물, 무화과추출물, 티트리잎추출물, 소나무잎추출물, 하이드로제네이티드레시틴, 라벤더오일, 녹차수, 소듐하이알루로네이트, 자작나무수액, 폴리메틸실세스퀴옥세인, 정제수, 팔미틱애씨드, 스테아릭애씨드, 카보머, 세테아릴알코올, 마이크로크리스탈린셀룰로오스, 다이프로필렌글라이콜, 트로메타민, 글리세릴스테아레이트에스이, 소듐스테아로일글루타메이트, 부틸렌글라이콜, 다이소듐이디티에이, 콜레스테롤, 셀룰로오스검, 프룩토올리고사카라이드, 베타-글루칸, 세라마이드엔피, 하이드롤라이즈드하이알루로닉애씨드, 토코페롤, 팔미토일펜타펩타이드-4, 에틸헥실글리세린, 리모넨, 리날룰","가. 화장품 사용 시 또는 사용 후 직사광선에 의하여 사용부위가 붉은 반점, 부어오름 또는 가려움증 등의 이상 증상이나 부작용이 있는 경우에는 전문의 등과 상담할 것  나. 상처가 있는 부위 등에는 사용을 자제할 것  다. 보관 및 취급 시 주의사항     1) 어린이의 손이 닿지 않는 곳에 보관할 것     2) 직사광선을 피해서 보관할 것",본 제품에 이상이 있을 경우 공정거래위원회 고시 소비자분쟁해결기준에 의거하여 보상해 드립니다.,080-890-6000,normal,네이처리퍼블릭,포레스트 릴리프 포 맨 에멀젼,2082860,59376,
25ml*2매,모든피부,"제조일로부터 36개월, 개봉 후 즉시 *제품의 개봉 후 사용기간은 제조일로부터 사용기한을 초과하지 않습니다.",상품상세참조,코바스 / 네이처리퍼블릭,대한민국,해당있음,"정제수, 다이프로필렌글라이콜, 글리세린, 부틸렌글라이콜, 카프릴릭/카프릭트라이글리세라이드, 나이아신아마이드, 베타인, 1,2-헥산다이올, 펜틸렌글라이콜, 다이메티콘, 하이드록시아세토페논, 구주소나무잎추출물, 알지닌, 스타아니스추출물, 판테놀, 카프릴릴글라이콜, 폴리글리세릴-10아이소스테아레이트, 아크릴레이트/C10-30알킬아크릴레이트크로스폴리머, 폴리글리세릴-10올리에이트, 황금추출물, 다이소듐이디티에이, 소듐하이알루로네이트, 향료, 유자추출물(100ppm), 탱자추출물, 복분자딸기열매추출물, 토마토추출물, 다이포타슘글리시리제이트, 소듐아스코빌포스페이트, 티아민에이치씨엘, 사이아노코발아민, 바이오틴, 아스코빅애씨드, 피리독신, 폴릭애씨드, 리보플라빈","가. 화장품 사용 시 또는 사용 후 직사광선에 의하여 사용부위가 붉은 반점, 부어오름 또는 가려움증 등의 이상 증상이나 부작용이 있는 경우에는 전문의 등과 상담할 것   나. 상처가 있는 부위 등에는 사용을 자제할 것   다. 보관 및 취급 시 주의사항   1) 어린이의 손이 닿지 않는 곳에 보관할 것   2) 직사광선을 피해서 보관할 것   라. 눈 주위를 피하여 사용할 것",본 제품에 이상이 있을 경우 공정거래위원회 고시 소비자분쟁해결기준에 의거하여 보상해 드립니다.,080-890-6000,normal,네이처리퍼블릭,콜드 쥬이시 프레시 겔 마스크 [유자브라이트닝],2065664,57865,
4.2g,모든피부,"제조일로부터 24개월, 개봉 후 12개월 *제품의 개봉 후 사용기간은 제조일로부터 사용기한을 초과하지 않습니다.",상품상세참조,(주)코스맥스 / 네이처리퍼블릭,한국,해당있음,"다이아이소스테아릴말레이트,다이페닐실록시페닐트라이메티콘,비스-다이글리세릴폴리아실아디페이트-2,정제수,하이드로제네이티드폴리아이소부텐,다이페닐다이메티콘,세틸피이지/피피지-10/1다이메티콘,폴리솔베이트60,펜틸렌글라이콜,솔비탄아이소스테아레이트,글리세린,폴리글리세릴-4아이소스테아레이트,페녹시에탄올,1,2-헥산다이올,세테아레스-20,하이드록시에틸아크릴레이트/소듐아크릴로일다이메틸타우레이트코폴리머,스쿠알란,티타늄디옥사이드(CI 77891),소듐다이라우미도글루타미드라이신,향료,적색227호,에틸헥실글리세린,황색5호,트라이소듐에틸렌다이아민다이석시네이트,황색4호,알루미늄하이드록사이드,암모늄폴리아크릴레이트,청색1호,부틸렌글라이콜,라즈베리씨오일/토코페릴석시네이트아미노프로판다이올에스터,에틸헥실팔미테이트,호호바씨오일,말토덱스트린,아보카도열매추출물,트라이베헤닌,석류나무꽃추출물,폴리글리세릴-3다이아이소스테아레이트,메틸니코티네이트,꿀추출물,락틱애씨드,생강오일,카놀라오일,고추열매추출물,팔미토일트라이펩타이드-1","가. 화장품 사용 시 또는 사용 후 직사광선에 의하여 사용부위가 붉은 반점, 부어오름 또는 가려움증 등의 이상 증상이나 부작용이 있는 경우에는 전문의 등과 상담할 것  나. 상처가 있는 부위 등에는 사용을 자제할 것  다. 보관 및 취급 시 주의사항     1) 어린이의 손이 닿지 않는 곳에 보관할 것     2) 직사광선을 피해서 보관할 것",본 제품에 이상이 있을 경우 공정거래위원회 고시 소비자분쟁해결기준에 의거하여 보상해 드립니다.,080-890-6000,normal,네이처리퍼블릭,허니 멜팅 꿀광 글로이 틴트 [05 듀이플럼],2164007,74017,
4.2g,모든피부,"제조일로부터 24개월, 개봉 후 12개월 *제품의 개봉 후 사용기간은 제조일로부터 사용기한을 초과하지 않습니다.",상품상세참조,(주)코스맥스 / 네이처리퍼블릭,한국,해당있음,"다이아이소스테아릴말레이트,다이페닐실록시페닐트라이메티콘,비스-다이글리세릴폴리아실아디페이트-2,정제수,하이드로제네이티드폴리아이소부텐,다이페닐다이메티콘,세틸피이지/피피지-10/1다이메티콘,폴리솔베이트60,펜틸렌글라이콜,솔비탄아이소스테아레이트,글리세린,폴리글리세릴-4아이소스테아레이트,페녹시에탄올,1,2-헥산다이올,세테아레스-20,하이드록시에틸아크릴레이트/소듐아크릴로일다이메틸타우레이트코폴리머,스쿠알란,소듐다이라우미도글루타미드라이신,향료,황색5호,에틸헥실글리세린,적색227호,티타늄디옥사이드(CI 77891),트라이소듐에틸렌다이아민다이석시네이트,적색104호의(1),황색4호,알루미늄하이드록사이드,암모늄폴리아크릴레이트,청색1호,부틸렌글라이콜,라즈베리씨오일/토코페릴석시네이트아미노프로판다이올에스터,에틸헥실팔미테이트,호호바씨오일,말토덱스트린,아보카도열매추출물,트라이베헤닌,석류나무꽃추출물,폴리글리세릴-3다이아이소스테아레이트,메틸니코티네이트,꿀추출물,락틱애씨드,생강오일,카놀라오일,고추열매추출물,팔미토일트라이펩타이드-1","가. 화장품 사용 시 또는 사용 후 직사광선에 의하여 사용부위가 붉은 반점, 부어오름 또는 가려움증 등의 이상 증상이나 부작용이 있는 경우에는 전문의 등과 상담할 것  나. 상처가 있는 부위 등에는 사용을 자제할 것  다. 보관 및 취급 시 주의사항     1) 어린이의 손이 닿지 않는 곳에 보관할 것     2) 직사광선을 피해서 보관할 것",본 제품에 이상이 있을 경우 공정거래위원회 고시 소비자분쟁해결기준에 의거하여 보상해 드립니다.,080-890-6000,normal,네이처리퍼블릭,허니 멜팅 꿀광 글로이 틴트 [03 플러팅체리],2164003,74015,
1.4g,모든피부,"제조일로부터 24개월, 개봉 후 12개월 *제품의 개봉 후 사용기간은 제조일로부터 사용기한을 초과하지 않습니다.",상품상세참조,씨앤씨,한국,해당있음,상품상세참조,"​1. 화장품 사용 시 또는 사용 후 직사광선에 의하여 사용부위가 붉은 반점, 부어오름 또는 가려움증 등의 이상 증상이나 부작용이 있는 경우 전문의 등과 상담할 것 2. 상처가 있는 부위 등에는 사용을 자제할 것 3. 보관 및 취급 시의 주의사항 가) 어린이의 손이 닿지 않는 곳에 보관할 것 나) 직사광선을 피해서 보관할 것 4. 눈에 들어갔을 때에는 즉시 씻어낼 것",본 제품에 이상이 있을 경우 공정거래위원회 고시 소비자분쟁해결기준에 의거하여 보상해 드립니다.,080-890-6000,detail,네이처리퍼블릭,코튼 멜팅 립 [05 퍼지로즈],2120216,66926,img/코튼 멜팅 립 [05 퍼지로즈]_0.jpg;img/코튼 멜팅 립 [05 퍼지로즈]_1.jpg;img/코튼 멜팅 립 [05 퍼지로즈]_2.jpg;img/코튼 멜팅 립 [05 퍼지로즈]_3.jpg;img/코튼 멜팅 립 [05 퍼지로즈]_4.jpg;img/코튼 멜팅 립 [05 퍼지로즈]_5.jpg;img/코튼 멜팅 립 [05 퍼지로즈]_6.jpg;img/코튼 멜팅 립 [05 퍼지로즈]_7.jpg;img/코튼 멜팅 립 [05 퍼지로즈]_8.jpg;img/코튼 멜팅 립 [05 퍼지로즈]_9.jpg;img/코튼 멜팅 립 [05 퍼지로즈]_10.jpg;img/코튼 멜팅 립 [05 퍼지로즈]_11.jpg;img/코튼 멜팅 립 [05 퍼지로즈]_12.jpg;img/코튼 멜팅 립 [05 퍼지로즈]_13.jpg;img/코튼 멜팅 립 [05 퍼지로즈]_14.jpg;img/코튼 멜팅 립 [05 퍼지로즈]_15.jpg;img/코튼 멜팅 립 [05 퍼지로즈]_16.jpg;img/코튼 멜팅 립 [05 퍼지로즈]_17.jpg;img/코튼 멜팅 립 [05 퍼지로즈]_18.jpg;img/코튼 멜팅 립 [05 퍼지로즈]_19.jpg;img/코튼 멜팅 립 [05 퍼지로즈]_20.jpg
150ml,모든피부,"제조일로부터 36개월, 개봉 후 12개월 *제품의 개봉 후 사용기간은 제조일로부터 사용기한을 초과하지 않습니다.",상품상세참조,코스맥스 / 네이처리퍼블릭,한국,해당있음,"정제수,글리세린,하이드로제네이티드팜애씨드,포타슘하이드록사이드,홍삼추출물,로얄젤리추출물,실크아미노산,시어버터,드럼스틱씨오일,하이드롤라이즈드홍삼사포닌,포타슘코코일글리시네이트,글리세릴스테아레이트,폴리쿼터늄-7,아크릴레이트/C10-30알킬아크릴레이트크로스폴리머,사이클로헥사실록세인,부틸렌글라이콜,소듐파이테이트,1,2-헥산다이올,에틸헥산다이올,에틸헥실글리세린,스쿠알란,다이프로필렌글라이콜,폴리글리세릴-10라우레이트,포스파티딜콜린,토코페롤,소듐벤조에이트,향료,헥실신남알,리날룰,황색5호 (CI 15985),황색4호 (CI 19140),금 (CI 77480)","가. 화장품 사용 시 또는 사용 후 직사광선에 의하여 사용부위가 붉은 반점, 부어오름 또는 가려움증 등의 이상 증상이나 부작용이 있는 경우에는 전문의 등과 상담할 것  나. 상처가 있는 부위 등에는 사용을 자제할 것  다. 보관 및 취급 시 주의사항     1) 어린이의 손이 닿지 않는 곳에 보관할 것     2) 직사광선을 피해서 보관할 것",본 제품에 이상이 있을 경우 공정거래위원회 고시 소비자분쟁해결기준에 의거하여 보상해 드립니다.,080-890-6000,normal,네이처리퍼블릭,진생 로얄 실크 폼 클렌저,2193546,76799,
120ml,모든피부,"제조일로부터 36개월, 개봉 후 12개월 *제품의 개봉 후 사용기간은 제조일로부터 사용기한을 초과하지 않습니다.",상품상세참조,코스맥스㈜/네이처리퍼블릭,한국,해당있음,"자작나무수액, 글리세린, 변성알코올, 메틸글루세스-20, 나이아신아마이드, 펜틸렌글라이콜, 메틸프로판다이올, 정제수, 만주자작나무수액, 클로렐라 불가리스추출물, 소듐하이알루로네이트, 마카뿌리추출물, 수용성콜라겐, 야니아 루벤스추출물, C12-14알케스-12, 글루코오스, 판테놀, 카프릴릴글라이콜, 아크릴레이트/C10-30알킬아크릴레이트크로스폴리머, 부틸렌글라이콜, 프룩토올리고사카라이드, 프룩토오스, 옥틸도데세스-16, 소듐폴리아크릴레이트, 트로메타민, 아데노신, 1,2-헥산다이올, 다이페닐다이메티콘, 트라이에틸헥사노인, 폴리쿼터늄-51, 하이드로제네이티드레시틴, 베타-글루칸, 에틸헥실글리세린, 말토덱스트린, 소듐카라기난, 다이소듐이디티에이, 페네틸알코올, 향료, 리날룰","가. 화장품 사용 시 또는 사용 후 직사광선에 의하여 사용부위가 붉은 반점, 부어오름 또는 가려움증 등의 이상 증상이나 부작용이 있는 경우에는 전문의 등과 상담할 것  나. 상처가 있는 부위 등에는 사용을 자제할 것  다. 보관 및 취급 시 주의사항  1) 어린이의 손이 닿지 않는 곳에 보관할 것  2) 직사광선을 피해서 보관할 것",본 제품에 이상이 있을 경우 공정거래위원회 고시 소비자분쟁해결기준에 의거하여 보상해 드립니다.,080-890-6000,normal,네이처리퍼블릭,버치 모이스트 포 맨 토너,2075537,58594,
160ml (60매),모든피부,"제조일로부터 36개월, 개봉 후 12개월 *제품의 개봉 후 사용기간은 제조일로부터 사용기한을 초과하지 않습니다.",상품상세참조,코스맥스(주)/네이처리퍼블릭,한국,해당있음,상품상세참조,"※ 실링지 개봉 후, 용기를 뒤집거나 눕힐 경우 에센스가 흐를 수 있으니 가급적 평평한 곳에 용기를 바르게 거치하여 사용해 주세요.  ※ 내장되어 있는 집게를 이용하여 한 장씩 덜어서 사용해주시고, 사용 후 뚜껑을 닫아 보관해 주세요. 가. 화장품 사용 시 또는 사용 후 직사광선에 의하여 사용부위가 붉은 반점, 부어오름 또는 가려움증 등의 이상 증상이나 부작용이 있는 경우에는 전문의 등과 상담할 것  나. 상처가 있는 부위 등에는 사용을 자제할 것  다. 보관 및 취급 시 주의사항     1) 어린이의 손이 닿지 않는 곳에 보관할 것     2) 직사광선을 피해서 보관할 것  라. 눈 주위를 피하여 사용할 것",본 제품에 이상이 있을 경우 공정거래위원회 고시 소비자분쟁해결기준에 의거하여 보상해 드립니다.,080-890-6000,detail,네이처리퍼블릭,비타페어C 화이트닝 패드,2092144,61451,img/비타페어C 화이트닝 패드_0.jpg;img/비타페어C 화이트닝 패드_1.jpg;img/비타페어C 화이트닝 패드_2.jpg;img/비타페어C 화이트닝 패드_3.jpg;img/비타페어C 화이트닝 패드_4.jpg;img/비타페어C 화이트닝 패드_5.jpg;img/비타페어C 화이트닝 패드_6.jpg;img/비타페어C 화이트닝 패드_7.jpg;img/비타페어C 화이트닝 패드_8.jpg;img/비타페어C 화이트닝 패드_9.jpg
30ml*2,모든피부,"제조일로부터 36개월, 개봉 후 12개월 *제품의 개봉 후 사용기간은 제조일로부터 사용기한을 초과하지 않습니다.",상품상세참조,한국콜마(주)/네이처리퍼블릭,한국,해당있음,상품상세참조,"가. 화장품 사용 시 또는 사용 후 직사광선에 의하여 사용부위가 붉은 반점, 부어오름 또는 가려움증 등의 이상 증상이나 부작용이 있는 경우에는 전문의 등과 상담할 것 나. 상처가 있는 부위 등에는 사용을 자제할 것 다. 보관 및 취급 시 주의사항 1) 어린이의 손이 닿지 않는 곳에 보관할 것 2) 직사광선을 피해서 보관할 것",본 제품에 이상이 있을 경우 공정거래위원회 고시 소비자분쟁해결기준에 의거하여 보상해 드립니다.,080-890-6000,detail,네이처리퍼블릭,핸드 앤 네이처 핸드크림 [모링가],2127194,67674,img/핸드 앤 네이처 핸드크림 [모링가]_0.jpg;img/핸드 앤 네이처 핸드크림 [모링가]_1.jpg;img/핸드 앤 네이처 핸드크림 [모링가]_2.jpg;img/핸드 앤 네이처 핸드크림 [모링가]_3.jpg;img/핸드 앤 네이처 핸드크림 [모링가]_4.jpg;img/핸드 앤 네이처 핸드크림 [모링가]_5.jpg;img/핸드 앤 네이처 핸드크림 [모링가]_6.jpg;img/핸드 앤 네이처 핸드크림 [모링가]_7.jpg;img/핸드 앤 네이처 핸드크림 [모링가]_8.jpg;img/핸드 앤 네이처 핸드크림 [모링가]_9.jpg;img/핸드 앤 네이처 핸드크림 [모링가]_10.jpg;img/핸드 앤 네이처 핸드크림 [모링가]_11.jpg;img/핸드 앤 네이처 핸드크림 [모링가]_12.jpg;img/핸드 앤 네이처 핸드크림 [모링가]_13.jpg;img/핸드 앤 네이처 핸드크림 [모링가]_14.jpg;img/핸드 앤 네이처 핸드크림 [모링가]_15.jpg;img/핸드 앤 네이처 핸드크림 [모링가]_16.jpg;img/핸드 앤 네이처 핸드크림 [모링가]_17.jpg
30ml*2,모든피부,"제조일로부터 36개월, 개봉 후 12개월 *제품의 개봉 후 사용기간은 제조일로부터 사용기한을 초과하지 않습니다.",상품상세참조,한국콜마(주)/네이처리퍼블릭,한국,해당있음,상품상세참조,"가. 화장품 사용 시 또는 사용 후 직사광선에 의하여 사용부위가 붉은 반점, 부어오름 또는 가려움증 등의 이상 증상이나 부작용이 있는 경우에는 전문의 등과 상담할 것 나. 상처가 있는 부위 등에는 사용을 자제할 것 다. 보관 및 취급 시 주의사항 1) 어린이의 손이 닿지 않는 곳에 보관할 것 2) 직사광선을 피해서 보관할 것",본 제품에 이상이 있을 경우 공정거래위원회 고시 소비자분쟁해결기준에 의거하여 보상해 드립니다.,080-890-6000,detail,네이처리퍼블릭,핸드 앤 네이처 핸드크림 [아몬드],2131487,68620,img/핸드 앤 네이처 핸드크림 [아몬드]_0.jpg;img/핸드 앤 네이처 핸드크림 [아몬드]_1.jpg;img/핸드 앤 네이처 핸드크림 [아몬드]_2.jpg;img/핸드 앤 네이처 핸드크림 [아몬드]_3.jpg;img/핸드 앤 네이처 핸드크림 [아몬드]_4.jpg;img/핸드 앤 네이처 핸드크림 [아몬드]_5.jpg;img/핸드 앤 네이처 핸드크림 [아몬드]_6.jpg;img/핸드 앤 네이처 핸드크림 [아몬드]_7.jpg;img/핸드 앤 네이처 핸드크림 [아몬드]_8.jpg;img/핸드 앤 네이처 핸드크림 [아몬드]_9.jpg;img/핸드 앤 네이처 핸드크림 [아몬드]_10.jpg;img/핸드 앤 네이처 핸드크림 [아몬드]_11.jpg;img/핸드 앤 네이처 핸드크림 [아몬드]_12.jpg;img/핸드 앤 네이처 핸드크림 [아몬드]_13.jpg;img/핸드 앤 네이처 핸드크림 [아몬드]_14.jpg;img/핸드 앤 네이처 핸드크림 [아몬드]_15.jpg;img/핸드 앤 네이처 핸드크림 [아몬드]_16.jpg;img/핸드 앤 네이처 핸드크림 [아몬드]_17.jpg
1.4g,모든피부,"제조일로부터 24개월, 개봉 후 12개월 *제품의 개봉 후 사용기간은 제조일로부터 사용기한을 초과하지 않습니다.",상품상세참조,씨앤씨,한국,해당있음,상품상세참조,"​1. 화장품 사용 시 또는 사용 후 직사광선에 의하여 사용부위가 붉은 반점, 부어오름 또는 가려움증 등의 이상 증상이나 부작용이 있는 경우 전문의 등과 상담할 것 2. 상처가 있는 부위 등에는 사용을 자제할 것 3. 보관 및 취급 시의 주의사항 가) 어린이의 손이 닿지 않는 곳에 보관할 것 나) 직사광선을 피해서 보관할 것 4. 눈에 들어갔을 때에는 즉시 씻어낼 것",본 제품에 이상이 있을 경우 공정거래위원회 고시 소비자분쟁해결기준에 의거하여 보상해 드립니다.,080-890-6000,detail,네이처리퍼블릭,코튼 멜팅 립 [03 포그브라운],2120214,66924,img/코튼 멜팅 립 [03 포그브라운]_0.jpg;img/코튼 멜팅 립 [03 포그브라운]_1.jpg;img/코튼 멜팅 립 [03 포그브라운]_2.jpg;img/코튼 멜팅 립 [03 포그브라운]_3.jpg;img/코튼 멜팅 립 [03 포그브라운]_4.jpg;img/코튼 멜팅 립 [03 포그브라운]_5.jpg;img/코튼 멜팅 립 [03 포그브라운]_6.jpg;img/코튼 멜팅 립 [03 포그브라운]_7.jpg;img/코튼 멜팅 립 [03 포그브라운]_8.jpg;img/코튼 멜팅 립 [03 포그브라운]_9.jpg;img/코튼 멜팅 립 [03 포그브라운]_10.jpg;img/코튼 멜팅 립 [03 포그브라운]_11.jpg;img/코튼 멜팅 립 [03 포그브라운]_12.jpg;img/코튼 멜팅 립 [03 포그브라운]_13.jpg;img/코튼 멜팅 립 [03 포그브라운]_14.jpg;img/코튼 멜팅 립 [03 포그브라운]_15.jpg;img/코튼 멜팅 립 [03 포그브라운]_16.jpg;img/코튼 멜팅 립 [03 포그브라운]_17.jpg;img/코튼 멜팅 립 [03 포그브라운]_18.jpg;img/코튼 멜팅 립 [03 포그브라운]_19.jpg;img/코튼 멜팅 립 [03 포그브라운]_20.jpg
30ml*2,모든피부,"제조일로부터 36개월, 개봉 후 12개월 *제품의 개봉 후 사용기간은 제조일로부터 사용기한을 초과하지 않습니다.",상품상세참조,한국콜마(주)/네이처리퍼블릭,한국,해당있음,상품상세참조,"가. 화장품 사용 시 또는 사용 후 직사광선에 의하여 사용부위가 붉은 반점, 부어오름 또는 가려움증 등의 이상 증상이나 부작용이 있는 경우에는 전문의 등과 상담할 것 나. 상처가 있는 부위 등에는 사용을 자제할 것 다. 보관 및 취급 시 주의사항 1) 어린이의 손이 닿지 않는 곳에 보관할 것 2) 직사광선을 피해서 보관할 것",본 제품에 이상이 있을 경우 공정거래위원회 고시 소비자분쟁해결기준에 의거하여 보상해 드립니다.,080-890-6000,detail,네이처리퍼블릭,핸드 앤 네이처 핸드크림 [라벤더],2127192,67669,img/핸드 앤 네이처 핸드크림 [라벤더]_0.jpg;img/핸드 앤 네이처 핸드크림 [라벤더]_1.jpg;img/핸드 앤 네이처 핸드크림 [라벤더]_2.jpg;img/핸드 앤 네이처 핸드크림 [라벤더]_3.jpg;img/핸드 앤 네이처 핸드크림 [라벤더]_4.jpg;img/핸드 앤 네이처 핸드크림 [라벤더]_5.jpg;img/핸드 앤 네이처 핸드크림 [라벤더]_6.jpg;img/핸드 앤 네이처 핸드크림 [라벤더]_7.jpg;img/핸드 앤 네이처 핸드크림 [라벤더]_8.jpg;img/핸드 앤 네이처 핸드크림 [라벤더]_9.jpg;img/핸드 앤 네이처 핸드크림 [라벤더]_10.jpg;img/핸드 앤 네이처 핸드크림 [라벤더]_11.jpg;img/핸드 앤 네이처 핸드크림 [라벤더]_12.jpg;img/핸드 앤 네이처 핸드크림 [라벤더]_13.jpg;img/핸드 앤 네이처 핸드크림 [라벤더]_14.jpg;img/핸드 앤 네이처 핸드크림 [라벤더]_15.jpg;img/핸드 앤 네이처 핸드크림 [라벤더]_16.jpg;img/핸드 앤 네이처 핸드크림 [라벤더]_17.jpg
3.2g,모든피부,"제조일로부터 36개월, 개봉 후 12개월 *제품의 개봉 후 사용기간은 제조일로부터 사용기한을 초과하지 않습니다.",상품상세참조,씨앤씨인터내셔널 / 네이처리퍼블릭,한국,해당있음,"아이소노닐아이소노나노에이트,폴리글리세릴-2트라이아이소스테아레이트,폴리아이소부텐,카프릴릭/카프릭트라이글리세라이드,합성왁스,칸데릴라왁스,아이소트라이데실아이소노나노에이트,마이크로크리스탈린왁스,실리카,세틸에틸헥사노에이트,옥틸도데칸올,적색202호,티타늄디옥사이드,1,2-헥산다이올,황색4호,실리카다이메틸실릴레이트,토코페릴아세테이트,황색5호,다이스테아다이모늄헥토라이트,흑색산화철,벤질벤조에이트,프로필렌카보네이트,에틸헥실글리세린,향료,정제수,적색산화철,황색산화철,적색104호의(1),연꽃꽃추출물,알바수련꽃추출물,마트리카리아꽃추출물,포트마리골드꽃추출물,동백나무꽃추출물,세룰라타벚나무꽃추출물,장미꽃추출물,스노우로투스추출물","가. 화장품 사용 시 또는 사용 후 직사광선에 의하여 사용부위가 붉은 반점, 부어오름 또는 가려움증 등의 이상 증상이나 부작용이 있는 경우에는 전문의 등과 상담할 것 나. 상처가 있는 부위 등에는 사용을 자제할 것 다. 보관 및 취급 시 주의사항 1) 어린이의 손이 닿지 않는 곳에 보관할 것 2) 직사광선을 피해서 보관할 것",본 제품에 이상이 있을 경우 공정거래위원회 고시 소비자분쟁해결기준에 의거하여 보상해 드립니다.,080-890-9000,normal,네이처리퍼블릭,립 스튜디오 인텐스 새틴 립스틱 뉴블랙 [03 비바마젠타],2190321,76890,
4.2g,모든피부,"제조일로부터 24개월, 개봉 후 12개월 *제품의 개봉 후 사용기간은 제조일로부터 사용기한을 초과하지 않습니다.",상품상세참조,(주)코스맥스 / 네이처리퍼블릭,한국,해당있음,"다이아이소스테아릴말레이트,다이페닐실록시페닐트라이메티콘,비스-다이글리세릴폴리아실아디페이트-2,정제수,하이드로제네이티드폴리아이소부텐,다이페닐다이메티콘,세틸피이지/피피지-10/1다이메티콘,폴리솔베이트60,펜틸렌글라이콜,솔비탄아이소스테아레이트,글리세린,폴리글리세릴-4아이소스테아레이트,페녹시에탄올,1,2-헥산다이올,세테아레스-20,하이드록시에틸아크릴레이트/소듐아크릴로일다이메틸타우레이트코폴리머,티타늄디옥사이드(CI 77891),스쿠알란,소듐다이라우미도글루타미드라이신,향료,황색5호,에틸헥실글리세린,적색227호,트라이소듐에틸렌다이아민다이석시네이트,황색4호,알루미늄하이드록사이드,암모늄폴리아크릴레이트,부틸렌글라이콜,청색1호,라즈베리씨오일/토코페릴석시네이트아미노프로판다이올에스터,에틸헥실팔미테이트,호호바씨오일,말토덱스트린,아보카도열매추출물,트라이베헤닌,석류나무꽃추출물,폴리글리세릴-3다이아이소스테아레이트,메틸니코티네이트,꿀추출물,락틱애씨드,생강오일,카놀라오일,고추열매추출물,팔미토일트라이펩타이드-1","가. 화장품 사용 시 또는 사용 후 직사광선에 의하여 사용부위가 붉은 반점, 부어오름 또는 가려움증 등의 이상 증상이나 부작용이 있는 경우에는 전문의 등과 상담할 것  나. 상처가 있는 부위 등에는 사용을 자제할 것  다. 보관 및 취급 시 주의사항     1) 어린이의 손이 닿지 않는 곳에 보관할 것     2) 직사광선을 피해서 보관할 것",본 제품에 이상이 있을 경우 공정거래위원회 고시 소비자분쟁해결기준에 의거하여 보상해 드립니다.,080-890-6000,normal,네이처리퍼블릭,허니 멜팅 꿀광 글로이 틴트 [02 멜로우피그],2164001,74014,
3.2g,모든피부,"제조일로부터 36개월, 개봉 후 12개월 *제품의 개봉 후 사용기간은 제조일로부터 사용기한을 초과하지 않습니다.",상품상세참조,씨앤씨인터내셔널 / 네이처리퍼블릭,한국,해당있음,"아이소노닐아이소노나노에이트,폴리글리세릴-2트라이아이소스테아레이트,폴리아이소부텐,카프릴릭/카프릭트라이글리세라이드,합성왁스,칸데릴라왁스,아이소트라이데실아이소노나노에이트,티타늄디옥사이드,실리카,마이크로크리스탈린왁스,세틸에틸헥사노에이트,옥틸도데칸올,1,2-헥산다이올,황색5호,황색4호,실리카다이메틸실릴레이트,적색202호,토코페릴아세테이트,다이스테아다이모늄헥토라이트,청색1호,벤질벤조에이트,프로필렌카보네이트,에틸헥실글리세린,향료,정제수,적색산화철,적색104호의(1),장미꽃추출물,스노우로투스추출물,마트리카리아꽃추출물,포트마리골드꽃추출물,동백나무꽃추출물,세룰라타벚나무꽃추출물,연꽃꽃추출물,알바수련꽃추출물","가. 화장품 사용 시 또는 사용 후 직사광선에 의하여 사용부위가 붉은 반점, 부어오름 또는 가려움증 등의 이상 증상이나 부작용이 있는 경우에는 전문의 등과 상담할 것  나. 상처가 있는 부위 등에는 사용을 자제할 것  다. 보관 및 취급 시 주의사항  1) 어린이의 손이 닿지 않는 곳에 보관할 것  2) 직사광선을 피해서 보관할 것",본 제품에 이상이 있을 경우 공정거래위원회 고시 소비자분쟁해결기준에 의거하여 보상해 드립니다.,080-890-9000,normal,네이처리퍼블릭,립 스튜디오 인텐스 새틴 립스틱 뉴블랙 [01 크레마핑크],2190319,76888,
150ml,모든피부,"제조일로부터 36개월, 개봉 후 12개월 *제품의 개봉 후 사용기간은 제조일로부터 사용기한을 초과하지 않습니다.",상품상세참조,한국콜마(주) / 네이처리퍼블릭,대한민국,해당있음,"정제수, 미리스틱애씨드, 글리세린, 메틸프로판다이올, 포타슘하이드록사이드, 코코-글루코사이드, 라우릭애씨드, 팔미틱애씨드, 스테아릭애씨드, 글리세릴스테아레이트, 편백수, 편백잎추출물, 병풀추출물, 티트리추출물, 무환자추출물, 불가리스쑥추출물, 비누풀잎추출물, 파스향나무잎추출물, 소나무잎추출물, 라벤더오일, 자작나무수액, 솔비탄올리베이트, 에틸헥실글리세린, 소듐파이테이트, 1,2-헥산다이올, 부틸렌글라이콜, 베타-글루칸, 토코페롤, 살리실릭애씨드, 리모넨, 리날룰","가. 화장품 사용 시 또는 사용 후 직사광선에 의하여 사용부위가 붉은 반점, 부어오름 또는 가려움증 등의 이상 증상이나 부작용이 있는 경우에는 전문의 등과 상담할 것  나. 상처가 있는 부위 등에는 사용을 자제할 것  다. 보관 및 취급 시 주의사항     1) 어린이의 손이 닿지 않는 곳에 보관할 것     2) 직사광선을 피해서 보관할 것",본 제품에 이상이 있을 경우 공정거래위원회 고시 소비자분쟁해결기준에 의거하여 보상해 드립니다.,080-890-6000,normal,네이처리퍼블릭,포레스트 릴리프 포 맨 폼클렌징,2082855,59622,
30ml*2,모든피부,"제조일로부터 36개월, 개봉 후 12개월 *제품의 개봉 후 사용기간은 제조일로부터 사용기한을 초과하지 않습니다.",상품상세참조,한국콜마(주)/네이처리퍼블릭,한국,해당있음,상품상세참조,"가. 화장품 사용 시 또는 사용 후 직사광선에 의하여 사용부위가 붉은 반점, 부어오름 또는 가려움증 등의 이상 증상이나 부작용이 있는 경우에는 전문의 등과 상담할 것 나. 상처가 있는 부위 등에는 사용을 자제할 것 다. 보관 및 취급 시 주의사항 1) 어린이의 손이 닿지 않는 곳에 보관할 것 2) 직사광선을 피해서 보관할 것",본 제품에 이상이 있을 경우 공정거래위원회 고시 소비자분쟁해결기준에 의거하여 보상해 드립니다.,080-890-6000,detail,네이처리퍼블릭,핸드 앤 네이처 핸드크림 [허니],2131488,68623,img/핸드 앤 네이처 핸드크림 [허니]_0.jpg;img/핸드 앤 네이처 핸드크림 [허니]_1.jpg;img/핸드 앤 네이처 핸드크림 [허니]_2.jpg;img/핸드 앤 네이처 핸드크림 [허니]_3.jpg;img/핸드 앤 네이처 핸드크림 [허니]_4.jpg;img/핸드 앤 네이처 핸드크림 [허니]_5.jpg;img/핸드 앤 네이처 핸드크림 [허니]_6.jpg;img/핸드 앤 네이처 핸드크림 [허니]_7.jpg;img/핸드 앤 네이처 핸드크림 [허니]_8.jpg;img/핸드 앤 네이처 핸드크림 [허니]_9.jpg;img/핸드 앤 네이처 핸드크림 [허니]_10.jpg;img/핸드 앤 네이처 핸드크림 [허니]_11.jpg;img/핸드 앤 네이처 핸드크림 [허니]_12.jpg;img/핸드 앤 네이처 핸드크림 [허니]_13.jpg;img/핸드 앤 네이처 핸드크림 [허니]_14.jpg;img/핸드 앤 네이처 핸드크림 [허니]_15.jpg;img/핸드 앤 네이처 핸드크림 [허니]_16.jpg;img/핸드 앤 네이처 핸드크림 [허니]_17.jpg
3.3g,모든피부,"제조일로부터 24개월, 개봉 후 12개월 *제품의 개봉 후 사용기간은 제조일로부터 사용기한을 초과하지 않습니다.",상품상세참조,씨앤씨,한국,해당있음,상품상세참조,"​1. 화장품 사용 시 또는 사용 후 직사광선에 의하여 사용부위가 붉은 반점, 부어오름 또는 가려움증 등의 이상 증상이나 부작용이 있는 경우 전문의 등과 상담할 것 2. 상처가 있는 부위 등에는 사용을 자제할 것 3. 보관 및 취급 시의 주의사항 가) 어린이의 손이 닿지 않는 곳에 보관할 것 나) 직사광선을 피해서 보관할 것 4. 눈에 들어갔을 때에는 즉시 씻어낼 것",본 제품에 이상이 있을 경우 공정거래위원회 고시 소비자분쟁해결기준에 의거하여 보상해 드립니다.,080-890-6000,detail,네이처리퍼블릭,라이트 온 벨벳 틴트 [06 무드플럼],2103642,66982,img/라이트 온 벨벳 틴트 [06 무드플럼]_0.jpg;img/라이트 온 벨벳 틴트 [06 무드플럼]_1.jpg;img/라이트 온 벨벳 틴트 [06 무드플럼]_2.jpg;img/라이트 온 벨벳 틴트 [06 무드플럼]_3.jpg;img/라이트 온 벨벳 틴트 [06 무드플럼]_4.jpg;img/라이트 온 벨벳 틴트 [06 무드플럼]_5.jpg;img/라이트 온 벨벳 틴트 [06 무드플럼]_6.jpg;img/라이트 온 벨벳 틴트 [06 무드플럼]_7.jpg;img/라이트 온 벨벳 틴트 [06 무드플럼]_8.jpg;img/라이트 온 벨벳 틴트 [06 무드플럼]_9.jpg;img/라이트 온 벨벳 틴트 [06 무드플럼]_10.jpg;img/라이트 온 벨벳 틴트 [06 무드플럼]_11.jpg;img/라이트 온 벨벳 틴트 [06 무드플럼]_12.jpg;img/라이트 온 벨벳 틴트 [06 무드플럼]_13.jpg;img/라이트 온 벨벳 틴트 [06 무드플럼]_14.jpg;img/라이트 온 벨벳 틴트 [06 무드플럼]_15.jpg;img/라이트 온 벨벳 틴트 [06 무드플럼]_16.jpg;img/라이트 온 벨벳 틴트 [06 무드플럼]_17.jpg;img/라이트 온 벨벳 틴트 [06 무드플럼]_18.jpg;img/라이트 온 벨벳 틴트 [06 무드플럼]_19.jpg;img/라이트 온 벨벳 틴트 [06 무드플럼]_20.jpg;img/라이트 온 벨벳 틴트 [06 무드플럼]_21.jpg;img/라이트 온 벨벳 틴트 [06 무드플럼]_22.jpg;img/라이트 온 벨벳 틴트 [06 무드플럼]_23.jpg;img/라이트 온 벨벳 틴트 [06 무드플럼]_24.jpg;img/라이트 온 벨벳 틴트 [06 무드플럼]_25.jpg;img/라이트 온 벨벳 틴트 [06 무드플럼]_26.jpg;img/라이트 온 벨벳 틴트 [06 무드플럼]_27.jpg
4.2g,모든피부,"제조일로부터 24개월, 개봉 후 12개월 *제품의 개봉 후 사용기간은 제조일로부터 사용기한을 초과하지 않습니다.",상품상세참조,(주)코스맥스 / 네이처리퍼블릭,한국,해당있음,"다이아이소스테아릴말레이트,다이페닐실록시페닐트라이메티콘,비스-다이글리세릴폴리아실아디페이트-2,정제수,하이드로제네이티드폴리아이소부텐,다이페닐다이메티콘,세틸피이지/피피지-10/1다이메티콘,폴리솔베이트60,펜틸렌글라이콜,솔비탄아이소스테아레이트,글리세린,폴리글리세릴-4아이소스테아레이트,페녹시에탄올,1,2-헥산다이올,세테아레스-20,하이드록시에틸아크릴레이트/소듐아크릴로일다이메틸타우레이트코폴리머,스쿠알란,소듐다이라우미도글루타미드라이신,향료,황색5호,에틸헥실글리세린,적색227호,티타늄디옥사이드(CI 77891),트라이소듐에틸렌다이아민다이석시네이트,황색4호,알루미늄하이드록사이드,암모늄폴리아크릴레이트,청색1호,부틸렌글라이콜,라즈베리씨오일/토코페릴석시네이트아미노프로판다이올에스터,에틸헥실팔미테이트,호호바씨오일,말토덱스트린,아보카도열매추출물,트라이베헤닌,석류나무꽃추출물,폴리글리세릴-3다이아이소스테아레이트,메틸니코티네이트,꿀추출물,락틱애씨드,생강오일,카놀라오일,고추열매추출물,팔미토일트라이펩타이드-1","가. 화장품 사용 시 또는 사용 후 직사광선에 의하여 사용부위가 붉은 반점, 부어오름 또는 가려움증 등의 이상 증상이나 부작용이 있는 경우에는 전문의 등과 상담할 것  나. 상처가 있는 부위 등에는 사용을 자제할 것  다. 보관 및 취급 시 주의사항     1) 어린이의 손이 닿지 않는 곳에 보관할 것     2) 직사광선을 피해서 보관할 것",본 제품에 이상이 있을 경우 공정거래위원회 고시 소비자분쟁해결기준에 의거하여 보상해 드립니다.,080-890-6000,normal,네이처리퍼블릭,허니 멜팅 꿀광 글로이 틴트 [04 블러쉬드애플],2164005,74016,
30ml,모든피부,"제조일로부터 36개월, 개봉 후 12개월 *제품의 개봉 후 사용기간은 제조일로부터 사용기한을 초과하지 않습니다.",상품상세참조,한국콜마 / 네이처리퍼블릭,한국,해당있음,"정제수, 글리세린, 다이프로필렌글라이콜, 세테아릴알코올, 하이드로제네이티드폴리데센, 카프릴릭/카프릭트라이글리세라이드, 하이드로제네이티드 폴리(C6-14올레핀), 1, 2-헥산다이올, 나이아신아마이드, 베타인, 사이클로헥사실록세인, 판테놀, 다이카프릴릴에터, 시어버터, 글리세릴스테아레이트에스이, 다시마추출물, 한련초잎추출물, 맥아추출물, 홍차추출물(100 ppm), 갈랑가갈랑갈추출물, 하이드로제네이티드레시틴, 베르가모트오일, 오렌지껍질오일, 자몽껍질오일, 소듐하이알루로네이트, 세테아릴올리베이트, 베헤닐알코올,솔비탄올리베이트, 마이크로크리스탈린셀룰로오스, 암모늄아크릴로일다이메틸타우레이트/브이피코폴리머, 세테아릴글루코사이드, 에틸헥실글리세린, 하이드로제네이티드채종유, 콜레스테롤,셀룰로오스검, 아데노신, 프룩토올리고사카라이드, 부틸렌글라이콜, 다이소듐이디티에이, 베타-글루칸, 세라마이드엔피, 수크로오스(100 ppm), 효모발효여과물(100 ppm), 하이드롤라이즈드하이알루로닉애씨드, 글루코오스, 토코페롤, 펜틸렌글라이콜, 잔탄검, 리모넨, 리날룰","가. 화장품 사용 시 또는 사용 후 직사광선에 의하여 사용부위가 붉은 반점, 부어오름 또는 가려움증 등의 이상 증상이나 부작용이 있는 경우에는 전문의 등과 상담할 것  나. 상처가 있는 부위 등에는 사용을 자제할 것  다. 보관 및 취급 시 주의사항     1) 어린이의 손이 닿지 않는 곳에 보관할 것     2) 직사광선을 피해서 보관할 것",본 제품에 이상이 있을 경우 공정거래위원회 고시 소비자분쟁해결기준에 의거하여 보상해 드립니다.,080-890-6000,normal,네이처리퍼블릭,콤부차 아이크림 [블랙티],2152142,72353,
40ml,모든피부,"제조일로부터 36개월, 개봉 후 12개월 *제품의 개봉 후 사용기간은 제조일로부터 사용기한을 초과하지 않습니다.",상품상세참조,한국콜마(주)/네이처리퍼블릭,한국,해당있음,상품상세참조,"상품상세참조 가. 화장품 사용 시 또는 사용 후 직사광선에 의하여 사용부위가 붉은 반점, 부어오름 또는 가려움증 등의 이상 증상이나 부작용이 있는 경우에는 전문의 등과 상담할 것 나. 상처가 있는 부위 등에는 사용을 자제할 것 다. 보관 및 취급 시 주의사항 1) 어린이의 손이 닿지 않는 곳에 보관할 것 2) 직사광선을 피해서 보관할 것",본 제품에 이상이 있을 경우 공정거래위원회 고시 소비자분쟁해결기준에 의거하여 보상해 드립니다.,080-890-6000,detail,네이처리퍼블릭,핸드 앤 네이처 퍼퓸 핸드크림 [허거블블룸],2104620,63603,img/핸드 앤 네이처 퍼퓸 핸드크림 [허거블블룸]_0.jpg;img/핸드 앤 네이처 퍼퓸 핸드크림 [허거블블룸]_1.jpg;img/핸드 앤 네이처 퍼퓸 핸드크림 [허거블블룸]_2.jpg;img/핸드 앤 네이처 퍼퓸 핸드크림 [허거블블룸]_3.jpg;img/핸드 앤 네이처 퍼퓸 핸드크림 [허거블블룸]_4.jpg;img/핸드 앤 네이처 퍼퓸 핸드크림 [허거블블룸]_5.jpg;img/핸드 앤 네이처 퍼퓸 핸드크림 [허거블블룸]_6.jpg;img/핸드 앤 네이처 퍼퓸 핸드크림 [허거블블룸]_7.jpg;img/핸드 앤 네이처 퍼퓸 핸드크림 [허거블블룸]_8.jpg;img/핸드 앤 네이처 퍼퓸 핸드크림 [허거블블룸]_9.jpg;img/핸드 앤 네이처 퍼퓸 핸드크림 [허거블블룸]_10.jpg;img/핸드 앤 네이처 퍼퓸 핸드크림 [허거블블룸]_11.jpg
3.2g,모든피부,"제조일로부터 36개월, 개봉 후 12개월 *제품의 개봉 후 사용기간은 제조일로부터 사용기한을 초과하지 않습니다.",상품상세참조,씨앤씨인터내셔널 / 네이처리퍼블릭,한국,해당있음,"아이소노닐아이소노나노에이트,폴리글리세릴-2트라이아이소스테아레이트,폴리아이소부텐,카프릴릭/카프릭트라이글리세라이드,합성왁스,칸데릴라왁스,아이소트라이데실아이소노나노에이트,티타늄디옥사이드,실리카,마이크로크리스탈린왁스,세틸에틸헥사노에이트,옥틸도데칸올,적색산화철,황색5호,1,2-헥산다이올,실리카다이메틸실릴레이트,토코페릴아세테이트,적색202호,흑색산화철,다이스테아다이모늄헥토라이트,벤질벤조에이트,프로필렌카보네이트,에틸헥실글리세린,향료,정제수,황색산화철,적색104호의(1),황색4호,세룰라타벚나무꽃추출물,장미꽃추출물,스노우로투스추출물,연꽃꽃추출물,알바수련꽃추출물,마트리카리아꽃추출물,포트마리골드꽃추출물,동백나무꽃추출물","가. 화장품 사용 시 또는 사용 후 직사광선에 의하여 사용부위가 붉은 반점, 부어오름 또는 가려움증 등의 이상 증상이나 부작용이 있는 경우에는 전문의 등과 상담할 것 나. 상처가 있는 부위 등에는 사용을 자제할 것 다. 보관 및 취급 시 주의사항 1) 어린이의 손이 닿지 않는 곳에 보관할 것 2) 직사광선을 피해서 보관할 것",본 제품에 이상이 있을 경우 공정거래위원회 고시 소비자분쟁해결기준에 의거하여 보상해 드립니다.,080-890-9000,normal,네이처리퍼블릭,립 스튜디오 인텐스 새틴 립스틱 뉴블랙 [07 누코랄],2190328,76894,
3.2g,모든피부,"제조일로부터 36개월, 개봉 후 12개월 *제품의 개봉 후 사용기간은 제조일로부터 사용기한을 초과하지 않습니다.",상품상세참조,씨앤씨인터내셔널 / 네이처리퍼블릭,한국,해당있음,"아이소노닐아이소노나노에이트,폴리글리세릴-2트라이아이소스테아레이트,폴리아이소부텐,카프릴릭/카프릭트라이글리세라이드,합성왁스,칸데릴라왁스,아이소트라이데실아이소노나노에이트,황색5호,실리카,마이크로크리스탈린왁스,세틸에틸헥사노에이트,옥틸도데칸올,적색202호,1,2-헥산다이올,실리카다이메틸실릴레이트,적색104호의(1),토코페릴아세테이트,다이스테아다이모늄헥토라이트,황색4호,벤질벤조에이트,프로필렌카보네이트,에틸헥실글리세린,향료,정제수,티타늄디옥사이드,적색산화철,황색산화철,흑색산화철,연꽃꽃추출물,알바수련꽃추출물,마트리카리아꽃추출물,포트마리골드꽃추출물,동백나무꽃추출물,세룰라타벚나무꽃추출물,장미꽃추출물,스노우로투스추출물","가. 화장품 사용 시 또는 사용 후 직사광선에 의하여 사용부위가 붉은 반점, 부어오름 또는 가려움증 등의 이상 증상이나 부작용이 있는 경우에는 전문의 등과 상담할 것 나. 상처가 있는 부위 등에는 사용을 자제할 것 다. 보관 및 취급 시 주의사항 1) 어린이의 손이 닿지 않는 곳에 보관할 것 2) 직사광선을 피해서 보관할 것",본 제품에 이상이 있을 경우 공정거래위원회 고시 소비자분쟁해결기준에 의거하여 보상해 드립니다.,080-890-9000,normal,네이처리퍼블릭,립 스튜디오 인텐스 새틴 립스틱 뉴블랙 [04 탠저린레드],2190322,76891,
3.2g,모든피부,"제조일로부터 36개월, 개봉 후 12개월 *제품의 개봉 후 사용기간은 제조일로부터 사용기한을 초과하지 않습니다.",상품상세참조,씨앤씨인터내셔널 / 네이처리퍼블릭,한국,해당있음,"아이소노닐아이소노나노에이트,폴리글리세릴-2트라이아이소스테아레이트,폴리아이소부텐,카프릴릭/카프릭트라이글리세라이드,합성왁스,칸데릴라왁스,아이소트라이데실아이소노나노에이트,티타늄디옥사이드,실리카,마이크로크리스탈린왁스,세틸에틸헥사노에이트,옥틸도데칸올,황색4호,1,2-헥산다이올,황색5호,실리카다이메틸실릴레이트,적색202호,토코페릴아세테이트,흑색산화철,다이스테아다이모늄헥토라이트,벤질벤조에이트,프로필렌카보네이트,에틸헥실글리세린,향료,정제수,적색산화철,황색산화철,적색104호의(1),연꽃꽃추출물,알바수련꽃추출물,마트리카리아꽃추출물,포트마리골드꽃추출물,동백나무꽃추출물,세룰라타벚나무꽃추출물,장미꽃추출물,스노우로투스추출물","가. 화장품 사용 시 또는 사용 후 직사광선에 의하여 사용부위가 붉은 반점, 부어오름 또는 가려움증 등의 이상 증상이나 부작용이 있는 경우에는 전문의 등과 상담할 것 나. 상처가 있는 부위 등에는 사용을 자제할 것 다. 보관 및 취급 시 주의사항 1) 어린이의 손이 닿지 않는 곳에 보관할 것 2) 직사광선을 피해서 보관할 것",본 제품에 이상이 있을 경우 공정거래위원회 고시 소비자분쟁해결기준에 의거하여 보상해 드립니다.,080-890-9000,normal,네이처리퍼블릭,립 스튜디오 인텐스 새틴 립스틱 뉴블랙 [06 레어베이지],2190327,76893,
3.2g,모든피부,"제조일로부터 36개월, 개봉 후 12개월 *제품의 개봉 후 사용기간은 제조일로부터 사용기한을 초과하지 않습니다.",상품상세참조,씨앤씨인터내셔널 / 네이처리퍼블릭,한국,해당있음,"아이소노닐아이소노나노에이트,폴리글리세릴-2트라이아이소스테아레이트,폴리아이소부텐,카프릴릭/카프릭트라이글리세라이드,합성왁스,칸데릴라왁스,아이소트라이데실아이소노나노에이트,마이크로크리스탈린왁스,티타늄디옥사이드,실리카,황색5호,세틸에틸헥사노에이트,옥틸도데칸올,1,2-헥산다이올,실리카다이메틸실릴레이트,적색104호의(1),토코페릴아세테이트,적색202호,다이스테아다이모늄헥토라이트,벤질벤조에이트,프로필렌카보네이트,에틸헥실글리세린,향료,정제수,적색산화철,황색산화철,흑색산화철,황색4호,세룰라타벚나무꽃추출물,장미꽃추출물,스노우로투스추출물,연꽃꽃추출물,알바수련꽃추출물,마트리카리아꽃추출물,포트마리골드꽃추출물,동백나무꽃추출물","가. 화장품 사용 시 또는 사용 후 직사광선에 의하여 사용부위가 붉은 반점, 부어오름 또는 가려움증 등의 이상 증상이나 부작용이 있는 경우에는 전문의 등과 상담할 것 나. 상처가 있는 부위 등에는 사용을 자제할 것 다. 보관 및 취급 시 주의사항 1) 어린이의 손이 닿지 않는 곳에 보관할 것 2) 직사광선을 피해서 보관할 것",본 제품에 이상이 있을 경우 공정거래위원회 고시 소비자분쟁해결기준에 의거하여 보상해 드립니다.,080-890-9000,normal,네이처리퍼블릭,립 스튜디오 인텐스 새틴 립스틱 뉴블랙 [05 쏠코랄],2190325,76892,
3.2g,모든피부,"제조일로부터 36개월, 개봉 후 12개월 *제품의 개봉 후 사용기간은 제조일로부터 사용기한을 초과하지 않습니다.",상품상세참조,씨앤씨인터내셔널 / 네이처리퍼블릭,한국,해당있음,"아이소노닐아이소노나노에이트,폴리글리세릴-2트라이아이소스테아레이트,폴리아이소부텐,카프릴릭/카프릭트라이글리세라이드,합성왁스,칸데릴라왁스,아이소트라이데실아이소노나노에이트,마이크로크리스탈린왁스,실리카,티타늄디옥사이드,세틸에틸헥사노에이트,옥틸도데칸올,적색202호,황색5호,1,2-헥산다이올,실리카다이메틸실릴레이트,황색4호,토코페릴아세테이트,다이스테아다이모늄헥토라이트,벤질벤조에이트,프로필렌카보네이트,에틸헥실글리세린,향료,흑색산화철,정제수,적색산화철,황색산화철,적색104호의(1),장미꽃추출물,스노우로투스추출물,세룰라타벚나무꽃추출물,연꽃꽃추출물,알바수련꽃추출물,마트리카리아꽃추출물,포트마리골드꽃추출물,동백나무꽃추출물","가. 화장품 사용 시 또는 사용 후 직사광선에 의하여 사용부위가 붉은 반점, 부어오름 또는 가려움증 등의 이상 증상이나 부작용이 있는 경우에는 전문의 등과 상담할 것 나. 상처가 있는 부위 등에는 사용을 자제할 것 다. 보관 및 취급 시 주의사항 1) 어린이의 손이 닿지 않는 곳에 보관할 것 2) 직사광선을 피해서 보관할 것",본 제품에 이상이 있을 경우 공정거래위원회 고시 소비자분쟁해결기준에 의거하여 보상해 드립니다.,080-890-9000,normal,네이처리퍼블릭,립 스튜디오 인텐스 새틴 립스틱 뉴블랙 [02 핑크티],2190320,76889,
150ml,모든피부,"제조일로부터 24개월, 개봉 후 12개월 *제품의 개봉 후 사용기간은 제조일로부터 사용기한을 초과하지 않습니다.",상품상세참조,한국콜마(주)/네이처리퍼블릭,한국,해당있음,"정제수, 글리세린, 변성알코올, 1,2-헥산다이올, 나이아신아마이드, 펜틸렌글라이콜, 메틸글루세스-20, 클로렐라 불가리스추출물, 소듐하이알루로네이트, 백미꽃추출물, 병풀잎추출물, 접시꽃추출물, 병풀추출물, 달팽이점액여과물, 피이지-60하이드로제네이티드캐스터오일, 피이지-32, 피이지-6, 글루코오스, 옥틸도데세스-16, 부틸렌글라이콜, 아크릴레이트/C10-30알킬아크릴레이트크로스폴리머, 카프릴릴글라이콜, 프룩토올리고사카라이드, 프룩토오스, 판테놀, 레시틴, 소듐폴리아크릴레이트, 에틸헥실글리세린, 트로메타민, 프로판다이올, 아데노신, 폴리글리세릴-10아이소스테아레이트, 다이페닐다이메티콘, 트라이에틸헥사노인, 폴리글리세릴-10올리에이트, 하이드로제네이티드레시틴, 카프릴릭/카프릭트라이글리세라이드, 토코페롤, 세라마이드엔피, 마데카소사이드, 다이소듐이디티에이, 향료, 리날룰",상품상세참조,본 제품에 이상이 있을 경우 공정거래위원회 고시 소비자분쟁해결기준에 의거하여 보상해 드립니다.,080-890-6000,normal,네이처리퍼블릭,스네일 솔루션 폼클렌징,2096869,62178,
2.7g,모든피부,"제조일로부터 24개월, 개봉 후 12개월 *제품의 개봉 후 사용기간은 제조일로부터 사용기한을 초과하지 않습니다.",상품상세참조,(주)씨엔씨 인터네셔널/네이처리퍼블릭,한국,해당있음,상품상세참조,"​1. 화장품 사용 시 또는 사용 후 직사광선에 의하여 사용부위가 붉은 반점, 부어오름 또는 가려움증 등의 이상 증상이나 부작용이 있는 경우 전문의 등과 상담할 것  2. 상처가 있는 부위 등에는 사용을 자제할 것  3. 보관 및 취급 시의 주의사항     가) 어린이의 손이 닿지 않는 곳에 보관할 것     나) 직사광선을 피해서 보관할 것  4. 눈에 들어갔을 때에는 즉시 씻어낼 것",본 제품에 이상이 있을 경우 공정거래위원회 고시 소비자분쟁해결기준에 의거하여 보상해 드립니다.,080-890-6000,detail,네이처리퍼블릭,허니 멜팅 립 [05 잘익은자두],2028425,50466,img/허니 멜팅 립 [05 잘익은자두]_0.jpg;img/허니 멜팅 립 [05 잘익은자두]_1.jpg;img/허니 멜팅 립 [05 잘익은자두]_2.jpg;img/허니 멜팅 립 [05 잘익은자두]_3.jpg;img/허니 멜팅 립 [05 잘익은자두]_4.jpg;img/허니 멜팅 립 [05 잘익은자두]_5.jpg;img/허니 멜팅 립 [05 잘익은자두]_6.jpg;img/허니 멜팅 립 [05 잘익은자두]_7.jpg;img/허니 멜팅 립 [05 잘익은자두]_8.jpg;img/허니 멜팅 립 [05 잘익은자두]_9.jpg;img/허니 멜팅 립 [05 잘익은자두]_10.jpg;img/허니 멜팅 립 [05 잘익은자두]_11.jpg;img/허니 멜팅 립 [05 잘익은자두]_12.jpg;img/허니 멜팅 립 [05 잘익은자두]_13.jpg;img/허니 멜팅 립 [05 잘익은자두]_14.jpg;img/허니 멜팅 립 [05 잘익은자두]_15.jpg;img/허니 멜팅 립 [05 잘익은자두]_16.jpg;img/허니 멜팅 립 [05 잘익은자두]_17.jpg;img/허니 멜팅 립 [05 잘익은자두]_18.jpg;img/허니 멜팅 립 [05 잘익은자두]_19.jpg;img/허니 멜팅 립 [05 잘익은자두]_20.jpg;img/허니 멜팅 립 [05 잘익은자두]_21.jpg
2.7g,모든피부,"제조일로부터 24개월, 개봉 후 12개월 *제품의 개봉 후 사용기간은 제조일로부터 사용기한을 초과하지 않습니다.",상품상세참조,(주)씨엔씨 인터네셔널/네이처리퍼블릭,한국,해당있음,상품상세참조,"​1. 화장품 사용 시 또는 사용 후 직사광선에 의하여 사용부위가 붉은 반점, 부어오름 또는 가려움증 등의 이상 증상이나 부작용이 있는 경우 전문의 등과 상담할 것  2. 상처가 있는 부위 등에는 사용을 자제할 것  3. 보관 및 취급 시의 주의사항     가) 어린이의 손이 닿지 않는 곳에 보관할 것     나) 직사광선을 피해서 보관할 것  4. 눈에 들어갔을 때에는 즉시 씻어낼 것",본 제품에 이상이 있을 경우 공정거래위원회 고시 소비자분쟁해결기준에 의거하여 보상해 드립니다.,080-890-6000,detail,네이처리퍼블릭,허니 멜팅 립 [03 여리베리],2028182,50463,img/허니 멜팅 립 [03 여리베리]_0.jpg;img/허니 멜팅 립 [03 여리베리]_1.jpg;img/허니 멜팅 립 [03 여리베리]_2.jpg;img/허니 멜팅 립 [03 여리베리]_3.jpg;img/허니 멜팅 립 [03 여리베리]_4.jpg;img/허니 멜팅 립 [03 여리베리]_5.jpg;img/허니 멜팅 립 [03 여리베리]_6.jpg;img/허니 멜팅 립 [03 여리베리]_7.jpg;img/허니 멜팅 립 [03 여리베리]_8.jpg;img/허니 멜팅 립 [03 여리베리]_9.jpg;img/허니 멜팅 립 [03 여리베리]_10.jpg;img/허니 멜팅 립 [03 여리베리]_11.jpg;img/허니 멜팅 립 [03 여리베리]_12.jpg;img/허니 멜팅 립 [03 여리베리]_13.jpg;img/허니 멜팅 립 [03 여리베리]_14.jpg;img/허니 멜팅 립 [03 여리베리]_15.jpg;img/허니 멜팅 립 [03 여리베리]_16.jpg;img/허니 멜팅 립 [03 여리베리]_17.jpg;img/허니 멜팅 립 [03 여리베리]_18.jpg;img/허니 멜팅 립 [03 여리베리]_19.jpg;img/허니 멜팅 립 [03 여리베리]_20.jpg;img/허니 멜팅 립 [03 여리베리]_21.jpg
2.7g,모든피부,"제조일로부터 24개월, 개봉 후 12개월 *제품의 개봉 후 사용기간은 제조일로부터 사용기한을 초과하지 않습니다.",상품상세참조,(주)씨엔씨 인터네셔널/네이처리퍼블릭,한국,해당있음,상품상세참조,"​1. 화장품 사용 시 또는 사용 후 직사광선에 의하여 사용부위가 붉은 반점, 부어오름 또는 가려움증 등의 이상 증상이나 부작용이 있는 경우 전문의 등과 상담할 것  2. 상처가 있는 부위 등에는 사용을 자제할 것  3. 보관 및 취급 시의 주의사항     가) 어린이의 손이 닿지 않는 곳에 보관할 것     나) 직사광선을 피해서 보관할 것  4. 눈에 들어갔을 때에는 즉시 씻어낼 것",본 제품에 이상이 있을 경우 공정거래위원회 고시 소비자분쟁해결기준에 의거하여 보상해 드립니다.,080-890-6000,detail,네이처리퍼블릭,허니 멜팅 립 [02 무화과한스푼],2028181,50462,img/허니 멜팅 립 [02 무화과한스푼]_0.jpg;img/허니 멜팅 립 [02 무화과한스푼]_1.jpg;img/허니 멜팅 립 [02 무화과한스푼]_2.jpg;img/허니 멜팅 립 [02 무화과한스푼]_3.jpg;img/허니 멜팅 립 [02 무화과한스푼]_4.jpg;img/허니 멜팅 립 [02 무화과한스푼]_5.jpg;img/허니 멜팅 립 [02 무화과한스푼]_6.jpg;img/허니 멜팅 립 [02 무화과한스푼]_7.jpg;img/허니 멜팅 립 [02 무화과한스푼]_8.jpg;img/허니 멜팅 립 [02 무화과한스푼]_9.jpg;img/허니 멜팅 립 [02 무화과한스푼]_10.jpg;img/허니 멜팅 립 [02 무화과한스푼]_11.jpg;img/허니 멜팅 립 [02 무화과한스푼]_12.jpg;img/허니 멜팅 립 [02 무화과한스푼]_13.jpg;img/허니 멜팅 립 [02 무화과한스푼]_14.jpg;img/허니 멜팅 립 [02 무화과한스푼]_15.jpg;img/허니 멜팅 립 [02 무화과한스푼]_16.jpg;img/허니 멜팅 립 [02 무화과한스푼]_17.jpg;img/허니 멜팅 립 [02 무화과한스푼]_18.jpg;img/허니 멜팅 립 [02 무화과한스푼]_19.jpg;img/허니 멜팅 립 [02 무화과한스푼]_20.jpg;img/허니 멜팅 립 [02 무화과한스푼]_21.jpg
300ml,모든피부,"제조일로부터 24개월, 개봉 후 12개월 *제품의 개봉 후 사용기간은 제조일로부터 사용기한을 초과하지 않습니다.",상품상세참조,(주)서울화장품/네이처리퍼블릭,한국,해당있음,"정제수, 프로필렌글라이콜, 다이메티콘, 글리세린, 비스(C13-15알콕시)피지-아모다이메티콘, 세테아릴알코올, 세틸알코올, 베헨트라이모늄클로라이드, 베헨트라이모늄메토설페이트, 페녹시에탄올, 피씨에이, 베타인, 아르간커넬오일, 알지닌, 락틱애씨드, 크레아틴, 라벤더추출물, 베르가못잎추출물, 페퍼민트잎추출물, 프리지어추출물, 마트리카리아꽃추출물, 로즈마리잎추출물, 달맞이꽃오일, 로즈힙열매오일, 향료, 리날룰, 하이드록시시트로넬알, 리모넨",상품상세참조,본 제품에 이상이 있을 경우 공정거래위원회 고시 소비자분쟁해결기준에 의거하여 보상해 드립니다.,080-890-6000,normal,네이처리퍼블릭,아르간 에센셜 딥케어 컨디셔너,2022931,44717,
80ml,모든피부,"제조일로부터 24개월, 개봉 후 12개월 *제품의 개봉 후 사용기간은 제조일로부터 사용기한을 초과하지 않습니다.",상품상세참조,(주)서울화장품/네이처리퍼블릭,한국,해당있음,"사이클로펜타실록세인, 세틸에틸헥사노에이트, C12-15알킬벤조에이트, 다이메티콘, 아르간커넬오일, 토코페릴아세테이트, 동백나무씨오일, 달맞이꽃오일, 로즈힙열매오일, 하이드롤라이즈드실크, 소듐클로라이드, 향료, 시트로넬올, 리모넨, 제라니올, 헥실신남알, 하이드록시시트로넬알, 리날룰",상품상세참조,본 제품에 이상이 있을 경우 공정거래위원회 고시 소비자분쟁해결기준에 의거하여 보상해 드립니다.,080-890-6000,normal,네이처리퍼블릭,아르간 에센셜 딥케어 헤어 에센스,2015896,46752,
50ml,모든피부,"제조일로부터 30개월, 개봉 후 12개월 *제품의 개봉 후 사용기간은 제조일로부터 사용기한을 초과하지 않습니다.",상품상세참조,주식회사 정코스/네이처리퍼블릭,한국,해당있음,"정제수, 다이메티콘, 메틸프로판다이올, 글리세린, 사이클로헥사실록세인, 나이아신아마이드, 1,2-헥산다이올, 암모늄아크릴로일다이메틸타우레이트/브이피코폴리머, 판테놀, 부틸렌글라이콜, 하이드록시아세토페논, 폴리솔베이트80, 아크릴레이트/C10-30알킬아크릴레이트크로스폴리머, 향료, 라피노오스, 오크라열매추출물, 트로메타민, 버지니아풍년화추출물, 에틸헥실글리세린, 소듐하이알루로네이트, 아데노신, 다이소듐이디티에이, 글리세릴폴리메타크릴레이트, 하이드로제네이티드레시틴, 소듐스테아로일글루타메이트, 타마린드씨추출물, 병풀추출물, 무화과추출물, 세라마이드엔피, 마트리카리아꽃추출물, 덱스트린, 하이드롤라이즈드식물성단백질, 말토덱스트린, 치자추출물, 소듐아세테이트, 다이펩타이드-2","1. 화장품 사용 시 또는 사용 후 직사광선에 의하여 사용부위가 붉은 반점, 부어오름 또는 가려움증 등의 이상 증상이나 부작용이 있는 경우 전문의 등과 상담할 것 2. 상처가 있는 부위 등에는 사용을 자제할 것 3. 보관 및 취급 시의 주의사항    가) 어린이의 손이 닿지 않는 곳에 보관할 것    나) 직사광선을 피해서 보관할 것",본 제품에 이상이 있을 경우 공정거래위원회 고시 소비자분쟁해결기준에 의거하여 보상해 드립니다.,1668-1756,normal,네이처리퍼블릭,히아테놀 하이드라 크림,2011703,45175,
50ml,모든피부,"제조일로부터 30개월, 개봉 후 12개월 *제품의 개봉 후 사용기간은 제조일로부터 사용기한을 초과하지 않습니다.",상품상세참조,주식회사 정코스/네이처리퍼블릭,한국,해당있음,상품상세참조,"1. 화장품 사용 시 또는 사용 후 직사광선에 의하여 사용부위가 붉은 반점, 부어오름 또는 가려움증 등의 이상 증상이나 부작용이 있는 경우 전문의 등과 상담할 것 2. 상처가 있는 부위 등에는 사용을 자제할 것 3. 보관 및 취급 시의 주의사항    가) 어린이의 손이 닿지 않는 곳에 보관할 것    나) 직사광선을 피해서 보관할 것",본 제품에 이상이 있을 경우 공정거래위원회 고시 소비자분쟁해결기준에 의거하여 보상해 드립니다.,1668-1756,detail,네이처리퍼블릭,히아테놀 하이드라 캡슐 에센스,2011702,45173,img/히아테놀 하이드라 캡슐 에센스_0.jpg;img/히아테놀 하이드라 캡슐 에센스_1.jpg;img/히아테놀 하이드라 캡슐 에센스_2.jpg;img/히아테놀 하이드라 캡슐 에센스_3.jpg;img/히아테놀 하이드라 캡슐 에센스_4.jpg;img/히아테놀 하이드라 캡슐 에센스_5.jpg;img/히아테놀 하이드라 캡슐 에센스_6.jpg;img/히아테놀 하이드라 캡슐 에센스_7.jpg
150ml,모든피부,"제조일로부터 30개월, 개봉 후 12개월 *제품의 개봉 후 사용기간은 제조일로부터 사용기한을 초과하지 않습니다.",상품상세참조,주식회사 정코스/네이처리퍼블릭,한국,해당있음,상품상세참조,"1. 화장품 사용 시 또는 사용 후 직사광선에 의하여 사용부위가 붉은 반점, 부어오름 또는 가려움증 등의 이상 증상이나 부작용이 있는 경우 전문의 등과 상담할 것 2. 상처가 있는 부위 등에는 사용을 자제할 것 3. 보관 및 취급 시의 주의사항    가) 어린이의 손이 닿지 않는 곳에 보관할 것    나) 직사광선을 피해서 보관할 것",본 제품에 이상이 있을 경우 공정거래위원회 고시 소비자분쟁해결기준에 의거하여 보상해 드립니다.,1668-1756,detail,네이처리퍼블릭,히아테놀 하이드라 토너,2011694,45168,img/히아테놀 하이드라 토너_0.jpg;img/히아테놀 하이드라 토너_1.jpg;img/히아테놀 하이드라 토너_2.jpg;img/히아테놀 하이드라 토너_3.jpg;img/히아테놀 하이드라 토너_4.jpg;img/히아테놀 하이드라 토너_5.jpg;img/히아테놀 하이드라 토너_6.jpg;img/히아테놀 하이드라 토너_7.jpg;img/히아테놀 하이드라 토너_8.jpg;img/히아테놀 하이드라 토너_9.jpg;img/히아테놀 하이드라 토너_10.jpg
150ml,모든피부,"제조일로부터 30개월, 개봉 후 12개월 *제품의 개봉 후 사용기간은 제조일로부터 사용기한을 초과하지 않습니다.",상품상세참조,주식회사 정코스/네이처리퍼블릭,한국,해당있음,"정제수, 미리스틱애씨드, 글리세린, 프로필렌글라이콜, 포타슘하이드록사이드, 라우릭애씨드, 팔미틱애씨드, 포타슘코코일글리시네이트, 스테아릭애씨드, 피이지-40스테아레이트, 코카미도프로필베타인, 글리세릴스테아레이트, 피이지-100스테아레이트, 소듐메틸코코일타우레이트, 향료, 판테놀, 소듐클로라이드, 토코페릴아세테이트, 트라이소듐이디티에이, 소듐하이알루로네이트, 부틸렌글라이콜, 아라키딕애씨드, 1,2-헥산다이올, 피이지-14M, 오크라열매추출물, 타마린드씨추출물, 카프릭애씨드, 올레익애씨드, 마트리카리아꽃추출물, 하이드로제네이티드레시틴, 하이드롤라이즈드식물성단백질, 말토덱스트린, 소듐아세테이트, 다이펩타이드-2","1. 화장품 사용 시 또는 사용 후 직사광선에 의하여 사용부위가 붉은 반점, 부어오름 또는 가려움증 등의 이상 증상이나 부작용이 있는 경우 전문의 등과 상담할 것 2. 상처가 있는 부위 등에는 사용을 자제할 것 3. 보관 및 취급 시의 주의사항    가) 어린이의 손이 닿지 않는 곳에 보관할 것    나) 직사광선을 피해서 보관할 것 닫기",본 제품에 이상이 있을 경우 공정거래위원회 고시 소비자분쟁해결기준에 의거하여 보상해 드립니다.,1668-1756,normal,네이처리퍼블릭,히아테놀 하이드라 폼클렌저,2011690,45178,
30매(350ml),모든피부,"제조일로부터 24개월, 개봉 후 12개월 *제품의 개봉 후 사용기간은 제조일로부터 사용기한을 초과하지 않습니다.",상품상세참조,(주)엠엘에스/네이처리퍼블릭,대한민국,해당있음,"정제수,프로판다이올,다이프로필렌글라이콜,1,2-헥산다이올,부틸렌글라이콜,소듐하이알루로네이트,베타인,하이드록시아세토페논,알란토인,다이포타슘글리시리제이트,프로폴리스추출물,모란뿌리추출물,옥틸도데칸올,하이드로제네이티드레시틴,세라마이드엔피,카프릴릴글라이콜,병풀추출물 (95.2 ppm),포타슘하이알루로네이트,소듐하이알루로네이트크로스폴리머,소듐아세틸레이티드하이알루로네이트,하이알루로닉애씨드,하이드록시프로필트라이모늄하이알루로네이트,하이드롤라이즈드하이알루로닉애씨드,하이드롤라이즈드소듐하이알루로네이트,드럼스틱씨오일,폴리글리세릴-10라우레이트,폴리글리세릴-4라우레이트,하이드로제네이티드포스파티딜콜린,카프릴릭/카프릭트라이글리세라이드,수크로오스스테아레이트,아시아티코사이드 (0.4 ppm),마데카식애씨드 (0.6 ppm),아시아틱애씨드 (0.6 ppm),콜레스테롤,마데카소사이드 (0.1 ppm),아세틸테트라펩타이드-5,아세틸헥사펩타이드-8,헥사펩타이드-9,올리고펩타이드-29,올리고펩타이드-32,트라이펩타이드-1,글리세린,피브이엠/엠에이코폴리머,글리세릴아크릴레이트/아크릴릭애씨드코폴리머,셀룰로오스검,알지닌,카보머,잔탄검,에틸헥실글리세린,다이소듐이디티에이,향료","1. 화장품 사용 시 또는 사용 후 직사광선에 의하여 사용부위가 붉은 반점, 부어오름 또는 가려움증 등의 이상 증상이나 부작용이 있는 경우 전문의 등과 상담할 것  2. 상처가 있는 부위 등에는 사용을 자제할 것  3. 보관 및 취급 시의 주의사항     가) 어린이의 손이 닿지 않는 곳에 보관할 것     나) 직사광선을 피해서 보관할 것",본 제품에 이상이 있을 경우 공정거래위원회 고시 소비자분쟁해결기준에 의거하여 보상해 드립니다.,080-890-6000,normal,네이처리퍼블릭,그린더마 마일드 시카 뽑아쓰는 데일리 마스크팩,1906618,70552,
470ml,모든피부,"제조일로부터 24개월, 개봉 후 12개월 *제품의 개봉 후 사용기간은 제조일로부터 사용기한을 초과하지 않습니다.",상품상세참조,(주)서울화장품/네이처리퍼블릭,한국,해당있음,"정제수, 다이메티콘, 프로필렌글라이콜, 세테아릴알코올, 스테아라미도프로필다이메틸아민, 쿼터늄-18, 베헨트라이모늄클로라이드, 아이소프로필알코올, 하이드록시에틸셀룰로오스, 지황뿌리추출물, 아모다이메티콘, 시트릭애씨드, 부틸렌글라이콜, 아르간커넬오일, 콘민트추출물, 1,2-헥산다이올, 창포뿌리추출물, 측백나무잎추출물, 산구절초추출물, 스페인감초뿌리추출물, 구기자추출물, 뽕나무껍질추출물, 인삼추출물, 도꼬마리열매추출물, 에틸헥실글리세린, 달맞이꽃오일, 로즈힙열매오일, 바이오틴, 하이드롤라이즈드옥수수단백질, 하이드롤라이즈드콩단백질, 하이드롤라이즈드밀단백질, 향료, 리모넨, 하이드록시시트로넬알, 리날룰",상품상세참조,본 제품에 이상이 있을 경우 공정거래위원회 고시 소비자분쟁해결기준에 의거하여 보상해 드립니다.,080-890-6000,normal,네이처리퍼블릭,아르간 에센셜 딥케어 헤어팩,1900634,45766,
5g,모든피부,"제조일로부터 24개월, 개봉 후 12개월 *제품의 개봉 후 사용기간은 제조일로부터 사용기한을 초과하지 않습니다.",상품상세참조,코스맥스(주)/네이처리퍼블릭,한국,해당있음,"탤크, 마이카 (CI 77019), 합성플루오르플로고파이트, 알루미늄전분옥테닐석시네이트, 마이크로크리스탈린셀룰로오스, 마그네슘미리스테이트, 칼슘카보네이트, 세테아릴에틸헥사노에이트, 마그네슘스테아레이트, 페닐트라이메티콘, 티타늄디옥사이드 (CI 77891), 다이메티콘, 실리카, 트라이에톡시카프릴릴실레인, 동백나무꽃추출물, 프로방스장미꽃수, 마트리카리아꽃추출물, 다이아이소스테아릴말레이트, 메틸프로판다이올, 프로판다이올, 정제수, 부틸렌글라이콜, 1,2-헥산다이올, 카프릴릴글라이콜, 에틸헥실글리세린, 울트라마린 (CI 77007), 적색226호 (CI 73360), 적색산화철 (CI 77491), 황색산화철 (CI 77492), 황색4호 (CI 19140)","1. 화장품 사용 시 또는 사용 후 직사광선에 의하여 사용부위가 붉은 반점, 부어오름 또는      가려움증 등의 이상 증상이나 부작용이 있는 경우에는 전문의 등과 상담할 것   2. 상처가 있는 부위 등에는 사용을 자제할 것  3. 보관 및 취급 시 주의사항      가) 어린이의 손이 닿지 않는 곳에 보관할 것      나) 직사광선을 피해서 보관할 것",본 제품에 이상이 있을 경우 공정거래위원회 고시 소비자분쟁해결기준에 의거하여 보상해 드립니다.,1668-1756,normal,네이처리퍼블릭,바이플라워 블러셔 [01 디어핑크],1830264,46847,
23ml*20매,모든피부,"제조일로부터 36개월, 개봉 후 즉시 *제품의 개봉 후 사용기간은 제조일로부터 사용기한을 초과하지 않습니다.",상품상세참조,(주)이미인 / 네이처리퍼블릭,대한민국,해당있음,"정제수, 글리세린, 다이프로필렌글라이콜, 에탄올, 하이드록시에틸셀룰로오스, 부틸렌글라이콜, 1,2-헥산다이올, 모란뿌리추출물, 병풀추출물, 피이지-60하이드로제네이티드캐스터오일, 트레할로오스, 마트리카리아꽃추출물, 오이열매추출물, 글리세릴카프릴레이트, 알지닌, 카보머, 에틸헥실글리세린, 소듐하이알루로네이트, 글리세릴아크릴레이트/아크릴릭애씨드코폴리머, 피브이엠/엠에이코폴리머, 라벤더추출물, 레몬밤잎추출물, 오레가노잎추출물, 센티드제라늄추출물, 유칼립투스잎추출물, 티트리잎추출물, 페퍼민트잎추출물, 다이소듐이디티에이, 향료, 벤질벤조에이트","1. 화장품 사용 시 또는 사용 후 직사광선에 의하여 사용부위가 붉은 반점, 부어오름 또는 가려움증 등의 이상 증상이나 부작용이 있는 경우 전문의 등과 상담할 것  2. 상처가 있는 부위 등에는 사용을 자제할 것  3. 보관 및 취급 시의 주의사항     가) 어린이의 손이 닿지 않는 곳에 보관할 것     나) 직사광선을 피해서 보관할 것",본 제품에 이상이 있을 경우 공정거래위원회 고시 소비자분쟁해결기준에 의거하여 보상해 드립니다.,080-890-6000,normal,네이처리퍼블릭,리얼 네이처 마스크팩 [오이],1819431,57550,
23ml * 20매,모든피부,"제조일로부터 24개월, 개봉 후 즉시 *제품의 개봉 후 사용기간은 제조일로부터 사용기한을 초과하지 않습니다.",상품상세참조,(주)이미인 / 네이처리퍼블릭,대한민국,해당있음,"정제수, 글리세린, 다이프로필렌글라이콜, 나이아신아마이드, 에탄올, 하이드록시에틸셀룰로오스, 부틸렌글라이콜, 1,2-헥산다이올, 모란뿌리추출물, 병풀추출물, 피이지-60하이드로제네이티드캐스터오일, 트레할로오스, 마트리카리아꽃추출물, 토마토추출물, 글리세릴카프릴레이트, 알지닌, 카보머, 에틸헥실글리세린, 소듐하이알루로네이트, 글리세릴아크릴레이트/아크릴릭애씨드코폴리머, 피브이엠/엠에이코폴리머, 라임추출물, 레몬추출물, 사과추출물, 오렌지추출물, 포도추출물, 다이소듐이디티에이, 향료","1. 화장품 사용 시 또는 사용 후 직사광선에 의하여 사용부위가 붉은 반점, 부어오름 또는  가려움증 등의 증상이나 부작용이 있는 경우 전문의 등과 상담할 것    2. 상처가 있는 부위 등에는 사용을 자제할 것    3. 보관 및 취급 시의 주의 사항  가) 어린이의 손이 닿지 않는 곳에 보관할 것  나) 직사광선을 피해서 보관할 것    4. 눈 주위를 피하여 사용할 것    * 개봉 후에 제품이 건조되므로 즉시 사용하고, 한번 사용한 제품은 다시 사용하지 말 것  ※ 사용 전에 반드시 사용방법 및 사용 시의 주의사항을 숙지하신 후 사용하십시오",본 제품에 이상이 있을 경우 공정거래위원회 고시 소비자분쟁해결기준에 의거하여 보상해 드립니다.,080-890-6000,normal,네이처리퍼블릭,리얼 네이처 마스크팩 [토마토],1819420,57603,
23ml * 20매,모든피부,"제조일로부터 24개월, 개봉 후 즉시 *제품의 개봉 후 사용기간은 제조일로부터 사용기한을 초과하지 않습니다.",상품상세참조,(주)이미인 / 네이처리퍼블릭,대한민국,해당있음,"정제수, 다이프로필렌글라이콜, 세틸에틸헥사노에이트, 글리세린, 폴리글리세릴-3메틸글루코오스다이스테아레이트, 다이메티콘, 글리세릴스테아레이트, 피이지-100스테아레이트, 부틸렌글라이콜, 모란뿌리추출물, 병풀추출물, 1,2-헥산다이올, 카보머, 하이드록시에틸셀룰로오스, 아사이팜열매추출물, 마트리카리아꽃추출물, 글리세릴카프릴레이트, 포타슘하이드록사이드, 아데노신, 에틸헥실글리세린, 겐티아나뿌리추출물, 서양톱풀추출물, 쓴쑥추출물, 아르니카 몬타나꽃추출물, 다이소듐이디티에이, 향료, 리모넨","1. 화장품 사용 시 또는 사용 후 직사광선에 의하여 사용부위가 붉은 반점, 부어오름 또는  가려움증 등의 증상이나 부작용이 있는 경우 전문의 등과 상담할 것    2. 상처가 있는 부위 등에는 사용을 자제할 것    3. 보관 및 취급 시의 주의 사항  가) 어린이의 손이 닿지 않는 곳에 보관할 것  나) 직사광선을 피해서 보관할 것    4. 눈 주위를 피하여 사용할 것    * 개봉 후에 제품이 건조되므로 즉시 사용하고, 한번 사용한 제품은 다시 사용하지 말 것  ※ 사용 전에 반드시 사용방법 및 사용 시의 주의사항을 숙지하신 후 사용하십시오",본 제품에 이상이 있을 경우 공정거래위원회 고시 소비자분쟁해결기준에 의거하여 보상해 드립니다.,080-890-6000,normal,네이처리퍼블릭,리얼 네이처 마스크팩 [아사이베리],1819419,57588,
25ml,상품상세참조,"제조일로부터 36개월, 개봉 후 12개월 *제품의 개봉 후 사용기간은 제조일로부터 사용기한을 초과하지 않습니다.",상품상세참조,코스맥스(주) / 네이처리퍼블릭,대한민국,해당있음,"정제수, 미네랄오일, 폴리글리세릴-2다이아이소스테아레이트, 하이드로제네이티드폴리(C6-14올레핀), 글리세린, 부틸렌글라이콜, 페트롤라툼, 나이아신아마이드, 세틸피이지/피피지-10/1다이메티콘, 파라핀, 메틸프로판다이올, 펜틸렌글라이콜, 홍삼추출물, 로얄젤리추출물, 백미꽃추출물, 실크아미노산, 접시꽃추출물, 하이드롤라이즈드홍삼사포닌, 마그네슘설페이트, 1,2-헥산다이올, 합성비즈왁스, 다이스테아다이모늄헥토라이트, 에틸헥실글리세린, 메틸메타크릴레이트크로스폴리머, 마이크로크리스탈린왁스, 합성왁스, 사이클로헥사실록세인, 다이포타슘글리시리제이트, 아데노신, 에틸헥산다이올, 소듐파이테이트, 베타-글루칸, 토코페롤, 다이프로필렌글라이콜, 폴리글리세릴-10라우레이트, 포스파티딜콜린, 펜타에리스리틸테트라-다이-t-부틸하이드록시하이드로신나메이트, 틴옥사이드 (CI 77861), 비에이치티, 향료, 헥실신남알, 리날룰, 벤질벤조에이트, 알파-아이소메틸아이오논, 리모넨, 시트로넬올, 쿠마린, 마이카 (CI 77019), 티타늄디옥사이드 (CI 77891), 금 (CI 77480), 적색산화철 (CI 77491)","1. 화장품 사용 시 또는 사용 후 직사광선에 의하여 사용부위가 붉은 반점, 부어오름 또는 가려움증 등의 이상 증상이나 부작용이 있는 경우 전문의 등과 상담할 것 2. 상처가 있는 부위 등에는 사용을 자제할 것 3. 보관 및 취급 시의 주의사항    가) 어린이의 손이 닿지 않는 곳에 보관할 것    나) 직사광선을 피해서 보관할 것",본 제품에 이상이 있을 경우 공정거래위원회 고시 소비자분쟁해결기준에 의거하여 보상해 드립니다.,1668-1756,normal,네이처리퍼블릭,진생 로얄 실크 아이크림,1789314,34369,
23ml * 20매,모든피부,"제조일로부터 24개월, 개봉 후 즉시 *제품의 개봉 후 사용기간은 제조일로부터 사용기한을 초과하지 않습니다.",상품상세참조,(주)이미인 / 네이처리퍼블릭,대한민국,해당있음,"정제수, 글리세린, 다이프로필렌글라이콜, 에탄올, 하이드록시에틸셀룰로오스, 부틸렌글라이콜, 1,2-헥산다이올, 모란뿌리추출물, 병풀추출물, 트레할로오스, 피이지-60하이드로제네이티드캐스터오일, 마트리카리아꽃추출물, 글리세릴카프릴레이트, 알지닌, 카보머, 아데노신, 에틸헥실글리세린, 소듐하이알루로네이트, 글리세릴아크릴레이트/아크릴릭애씨드코폴리머, 피브이엠/엠에이코폴리머, 로얄젤리추출물, 라임추출물, 레몬추출물, 사과추출물, 오렌지추출물, 포도추출물, 다이소듐이디티에이, 향료","1. 화장품 사용 시 또는 사용 후 직사광선에 의하여 사용부위가 붉은 반점, 부어오름 또는  가려움증 등의 증상이나 부작용이 있는 경우 전문의 등과 상담할 것    2. 상처가 있는 부위 등에는 사용을 자제할 것    3. 보관 및 취급 시의 주의 사항  가) 어린이의 손이 닿지 않는 곳에 보관할 것  나) 직사광선을 피해서 보관할 것    4. 눈 주위를 피하여 사용할 것    * 개봉 후에 제품이 건조되므로 즉시 사용하고, 한번 사용한 제품은 다시 사용하지 말 것  ※ 사용 전에 반드시 사용방법 및 사용 시의 주의사항을 숙지하신 후 사용하십시오",본 제품에 이상이 있을 경우 공정거래위원회 고시 소비자분쟁해결기준에 의거하여 보상해 드립니다.,080-890-6000,normal,네이처리퍼블릭,리얼 네이처 마스크팩 [로얄젤리],1904908,57585,
500ml,상품상세참조,"제조일로부터 30개월, 개봉 후 12개월 *제품의 개봉 후 사용기간은 제조일로부터 사용기한을 초과하지 않습니다.",상품상세참조,한국콜마(주)/네이처리퍼블릭,한국,해당있음,상품상세참조,"1. 화장품 사용 시 또는 사용 후 직사광선에 의하여 사용부위가 붉은 반점, 부어오름 또는 가려움증 등의 이상 증상이나 부작용이 있는 경우 전문의 등과 상담할 것 2. 상처가 있는 부위 등에는 사용을 자제할 것 3. 보관 및 취급 시의 주의사항    가) 어린이의 손이 닿지 않는 곳에 보관할 것    나) 직사광선을 피해서 보관할 것",본 제품에 이상이 있을 경우 공정거래위원회 고시 소비자분쟁해결기준에 의거하여 보상해 드립니다.,080-890-6000,detail,네이처리퍼블릭,그린더마 마일드 시카 빅토너,1926653,22798,img/그린더마 마일드 시카 빅토너_0.jpg;img/그린더마 마일드 시카 빅토너_1.jpg;img/그린더마 마일드 시카 빅토너_2.jpg;img/그린더마 마일드 시카 빅토너_3.jpg;img/그린더마 마일드 시카 빅토너_4.jpg;img/그린더마 마일드 시카 빅토너_5.jpg;img/그린더마 마일드 시카 빅토너_6.jpg;img/그린더마 마일드 시카 빅토너_7.jpg;img/그린더마 마일드 시카 빅토너_8.jpg;img/그린더마 마일드 시카 빅토너_9.jpg;img/그린더마 마일드 시카 빅토너_10.jpg
100ml,모든피부,"제조일로부터 30개월, 개봉 후 12개월 *제품의 개봉 후 사용기간은 제조일로부터 사용기한을 초과하지 않습니다.",상품상세참조,코스맥스(주) / 네이처리퍼블릭,한국,해당있음,상품상세참조,"1. 화장품 사용 시 또는 사용 후 직사광선에 의하여 사용부위가 붉은 반점, 부어오름 또는 가려움증 등의 이상 증상이나 부작용이 있는 경우 전문의 등과 상담할 것 2. 상처가 있는 부위 등에는 사용을 자제할 것 3. 보관 및 취급 시의 주의사항    가) 어린이의 손이 닿지 않는 곳에 보관할 것    나) 직사광선을 피해서 보관할 것",본 제품에 이상이 있을 경우 공정거래위원회 고시 소비자분쟁해결기준에 의거하여 보상해 드립니다.,080-890-6000,detail,네이처리퍼블릭,쉐어버터 스팀크림 [프레시],1717532,33163,img/쉐어버터 스팀크림 [프레시]_0.jpg;img/쉐어버터 스팀크림 [프레시]_1.jpg;img/쉐어버터 스팀크림 [프레시]_2.jpg;img/쉐어버터 스팀크림 [프레시]_3.jpg;img/쉐어버터 스팀크림 [프레시]_4.jpg;img/쉐어버터 스팀크림 [프레시]_5.jpg;img/쉐어버터 스팀크림 [프레시]_6.jpg;img/쉐어버터 스팀크림 [프레시]_7.jpg;img/쉐어버터 스팀크림 [프레시]_8.jpg;img/쉐어버터 스팀크림 [프레시]_9.jpg;img/쉐어버터 스팀크림 [프레시]_10.jpg
50ml,모든 피부용,제품 별도 표기,"매일 아침, 저녁 기초케어 마무리 단계에서 안면과 목 부위에 적당량을 도포하여 부드럽게 마사지하듯 흡수시켜줍니다.",(주)한국생명과학연구소,대한민국,해당있음,"아스퍼질러스/고본뿌리발효추출물,부틸렌글라이콜,글리세린,카프릴릭/카프릭트리글리세라이드,바이오사카라이드검-1,하이드로제네이티드레시틴 ,C12-16알코올, 팔미틱애씨드, 사이클로메티콘, 베타인, 네오펜틸글라이콜다이헵타노에이트, 마치현추출물,컴프리잎추출물,페퍼민트잎추출물,고삼추출물, 세테아릴알코올,나이아신아마이드,쉐어버터,호호바씨오일,동백오일,판테놀 ,황금캘러스세포배양추출물,소듐하이알루로네이트,알로에베라잎즙,비즈왁스,아세틸헥사펩타이드-8,알에이치-올리고펩타이드-1  ,알에이치-폴리펩타이드-3,알에이치-폴리펩타이드-7,알에이치-폴리펩타이드-14,알에이치-폴리펩타이드-62,알란토인,다이포타슘글리시리제이트 ,아데노신,카보머,라벤더오일,유칼립투스잎오일,다이메티콘올,알지닌,1,2-헥산디올,카프릴릴글라이콜,팔각회향추출물","1) 화장품 사용 시 또는 사용 후 직사광선에 의하여 붉은 반점, 부어오름 또는 가려움증 등의 이상 증상이나 부작용이 있는 경우 전문의 등과 상담할 것 2) 상처가 있는 부위 등에는 사용을 자제할 것 3) 보관 및 취급 시의 주의사항 가) 어린이의 손이 닿지 않는 곳에 보관할 것 나) 직사광선을 피해서 보관할 것","본 제품에 이상이 있는 경우, 공정거래위원회 고시 ""소비자분쟁해결기준""에 의해 보상해 드립니다.",070-8803-5231,normal,바닐라코(F&F),가오벤F 크림,1794101,54752,
30ml,모든 피부용,제품 별도 표기,스포이드로 적당량을 취하여 얼굴과 목 부위에 부드럽게 펴발라 줍니다.,(주)한국생명과학연구소,대한민국,해당있음,"아스퍼질러스/고본뿌리발효추출물,부틸렌글라이콜,아세틸헥사펩타이드-8,에톡시다이글라이콜,나이아신아마이드,폴리글루타믹애씨드,판테놀,글리세릴아크릴레이트/아크릴릭애씨드코폴리머,황금캘러스세포배양추출물,소듐하이알루로네이트,알로에베라잎추출물,다이포타슘글리시리제이트,폴리글리세릴-10라우레이트,폴리글리세릴-10미리스테이트,알지닌,카보머,하이드록시에칠셀룰로오스,아데노신,피리독신,쉐어버터,알라닌,글라이신,세린,류신,이소류신,트레할로스,잔탄검,1,2-헥산디올,카프릴릴글라이콜,팔각회향추출물,다이소듐이디티에이,라벤더오일,유칼립투스잎오일","1) 화장품 사용 시 또는 사용 후 직사광선에 의하여 붉은 반점, 부어오름 또는 가려움증 등의 이상 증상이나 부작용이 있는 경우 전문의 등과 상담할 것 2) 상처가 있는 부위 등에는 사용을 자제할 것 3) 보관 및 취급 시의 주의사항 가) 어린이의 손이 닿지 않는 곳에 보관할 것 나) 직사광선을 피해서 보관할 것","본 제품에 이상이 있는 경우, 공정거래위원회 고시 ""소비자분쟁해결기준""에 의해 보상해 드립니다.",070-8803-5231,normal,바닐라코(F&F),가오벤 F 컴플렉스,1794100,54753,
상품상세참조,상품상세참조,상품상세참조,상품상세참조,상품상세참조,상품상세참조,해당있음,상품상세참조,상품상세참조,상품상세참조,상품상세참조,detail,바닐라코(F&F),헤어 미스트-F,1849132,45468,img/헤어 미스트-F_0.jpg;img/헤어 미스트-F_1.jpg;img/헤어 미스트-F_2.jpg;img/헤어 미스트-F_3.jpg;img/헤어 미스트-F_4.jpg;img/헤어 미스트-F_5.jpg;img/헤어 미스트-F_6.jpg;img/헤어 미스트-F_7.jpg;img/헤어 미스트-F_8.jpg;img/헤어 미스트-F_9.jpg;img/헤어 미스트-F_10.jpg;img/헤어 미스트-F_11.jpg;img/헤어 미스트-F_12.jpg;img/헤어 미스트-F_13.jpg;img/헤어 미스트-F_14.jpg;img/헤어 미스트-F_15.jpg;img/헤어 미스트-F_16.jpg;img/헤어 미스트-F_17.jpg;img/헤어 미스트-F_18.jpg;img/헤어 미스트-F_19.jpg;img/헤어 미스트-F_20.jpg;img/헤어 미스트-F_21.jpg
10 ml,모든 피부용,제품 별도 표기 / 제조년월일로부터 3년 이내 사용,세안 후 눈가 부위에 적당량을 도포하여 부드럽게 마사지하듯 롤링하여 흡수시킵니다.,(주)한국생명과학연구소,대한민국,해당있음,"아스퍼질러스/고본뿌리발효추출물,아세틸헥사펩타이드-8,글리세린,부틸렌글라이콜 ,나이아신아마이드 ,아나토씨오일,조류올리고사카라이드,초피나무열매추출물,할미꽃추출물,어스니어추출물,젤란검,하이드로제네이티드레시틴,소듐하이알루로네이트,글리세릴아크릴레이트/아크릴릭애씨드코폴리머,폴리글루타믹애씨드,판테놀,팔각회향추출물,황금캘러스세포배양추출물,다이포타슘글리시리제이트,트레할로스,알라닌,글라이신,세린,류신,이소류신,카프릴릴글라이콜,아데노신,피리독신,쉐어버터,폴리글리세릴-10라우레이트,폴리글리세릴-10미리스테이트,에칠헥실팔미테이트,세틸에칠헥사노에이트,폴리글리세릴-10올리에이트,다이페닐실록시페닐트리메치콘,잔탄검,다이소듐이디티에이,카보머,라벤더오일,유칼립투스잎오일,알지닌,1,2-헥산디올","1) 화장품 사용 시 또는 사용 후 직사광선에 의하여 붉은 반점, 부어오름 또는 가려움증 등의 이상 증상이나 부작용이 있는 경우 전문의 등과 상담할 것 2) 상처가 있는 부위 등에는 사용을 자제할 것 3) 보관 및 취급 시의 주의사항 가) 어린이의 손이 닿지 않는 곳에 보관할 것 나) 직사광선을 피해서 보관할 것","본 제품에 이상이 있는 경우, 공정거래위원회 고시 ""소비자분쟁해결기준""에 의해 보상해 드립니다.",070-8803-5231,normal,바닐라코(F&F),가오벤F 아이캡슐 세럼,1794099,54751,
상품상세참조,상품상세참조,상품상세참조,상품상세참조,상품상세참조,상품상세참조,해당있음,상품상세참조,상품상세참조,상품상세참조,상품상세참조,detail,바닐라코(F&F),센텔라 시카에프 크림 그린홀리데이,2132375,68923,img/센텔라 시카에프 크림 그린홀리데이_0.jpg;img/센텔라 시카에프 크림 그린홀리데이_1.jpg;img/센텔라 시카에프 크림 그린홀리데이_2.jpg;img/센텔라 시카에프 크림 그린홀리데이_3.jpg;img/센텔라 시카에프 크림 그린홀리데이_4.jpg;img/센텔라 시카에프 크림 그린홀리데이_5.jpg;img/센텔라 시카에프 크림 그린홀리데이_6.jpg;img/센텔라 시카에프 크림 그린홀리데이_7.jpg;img/센텔라 시카에프 크림 그린홀리데이_8.jpg;img/센텔라 시카에프 크림 그린홀리데이_9.jpg;img/센텔라 시카에프 크림 그린홀리데이_10.jpg;img/센텔라 시카에프 크림 그린홀리데이_11.jpg;img/센텔라 시카에프 크림 그린홀리데이_12.jpg;img/센텔라 시카에프 크림 그린홀리데이_13.jpg;img/센텔라 시카에프 크림 그린홀리데이_14.jpg;img/센텔라 시카에프 크림 그린홀리데이_15.jpg;img/센텔라 시카에프 크림 그린홀리데이_16.jpg
2.9g,모든피부,개봉전 24개월 개봉후 12개월,적당량을 손가락에 묻혀 볼에 부드럽게 발라 톤온톤 메이크업 연출을 도와줍니다.,코코,대한민국,해당있음,"아이소노닐아이소노나노에이트,실리카,아이소트라이데실아이소노나노에이트,티타늄디옥사이드,폴리글리세릴-2트라이아이소스테아레이트,합성왁스,폴리하이드록시스테아릭애씨드,마이카,해바라기씨왁스,카프릴릭/카프릭트라이글리세라이드,피이지-10다이메티콘,메티콘,레시틴,적색산화철,글리세릴카프릴레이트,에틸헥실팔미테이트,아이소스테아릭애씨드,아이소프로필미리스테이트,다이아이소스테아릴말레이트,흑색산화철,황색산화철,에틸헥실글리세린,폴리글리세릴-3폴리리시놀리에이트,알루미늄하이드록사이드,에틸렌/프로필렌코폴리머,적색202호","1) 화장품 사용 시 또는 사용 후 직사광선에 의하여 사용부위가 붉은 반점, 부어오름 또는 가려움증 등의 이상 증상이나 부작용이 있는 경우에는 전문의 등과 상담할 것 2) 상처가 있는 부위 등에는 사용을 자제할 것 3) 보관 및 취급 시 주의사항 가) 어린이의 손이 닿지 않는 곳에 보관 할 것 나) 직사광선을 피해서 보관할 것",본 제품에 이상이 있을 경우 공정거래위원회 고시 '소비자분쟁해결기준'에 의거 보상해드립니다.,080-080-1510,normal,바닐라코(F&F),톡 블러쉬 키캡 [14 F 폴 인 모브],2170213,74118,
상품상세참조,상품상세참조,상품상세참조,상품상세참조,상품상세참조,상품상세참조,해당있음,상품상세참조,상품상세참조,상품상세참조,상품상세참조,detail,바닐라코(F&F),더블 이펙트 이지에프 E.G.F 어드벤스드 세럼,2113406,65229,img/더블 이펙트 이지에프 E.G.F 어드벤스드 세럼_0.jpg;img/더블 이펙트 이지에프 E.G.F 어드벤스드 세럼_1.jpg;img/더블 이펙트 이지에프 E.G.F 어드벤스드 세럼_2.jpg
상품상세참조,상품상세참조,상품상세참조,상품상세참조,상품상세참조,상품상세참조,해당있음,상품상세참조,상품상세참조,상품상세참조,상품상세참조,detail,바닐라코(F&F),2022 F/W 니트 컬렉션 섀도우 팔레트 [16 바이올렛니트],2013238,46040,img/2022 FW 니트 컬렉션 섀도우 팔레트 [16 바이올렛니트]_0.jpg;img/2022 FW 니트 컬렉션 섀도우 팔레트 [16 바이올렛니트]_1.jpg;img/2022 FW 니트 컬렉션 섀도우 팔레트 [16 바이올렛니트]_2.jpg;img/2022 FW 니트 컬렉션 섀도우 팔레트 [16 바이올렛니트]_3.jpg;img/2022 FW 니트 컬렉션 섀도우 팔레트 [16 바이올렛니트]_4.jpg;img/2022 FW 니트 컬렉션 섀도우 팔레트 [16 바이올렛니트]_5.jpg;img/2022 FW 니트 컬렉션 섀도우 팔레트 [16 바이올렛니트]_6.jpg;img/2022 FW 니트 컬렉션 섀도우 팔레트 [16 바이올렛니트]_7.jpg;img/2022 FW 니트 컬렉션 섀도우 팔레트 [16 바이올렛니트]_8.jpg;img/2022 FW 니트 컬렉션 섀도우 팔레트 [16 바이올렛니트]_9.jpg;img/2022 FW 니트 컬렉션 섀도우 팔레트 [16 바이올렛니트]_10.jpg;img/2022 FW 니트 컬렉션 섀도우 팔레트 [16 바이올렛니트]_11.jpg;img/2022 FW 니트 컬렉션 섀도우 팔레트 [16 바이올렛니트]_12.jpg;img/2022 FW 니트 컬렉션 섀도우 팔레트 [16 바이올렛니트]_13.jpg;img/2022 FW 니트 컬렉션 섀도우 팔레트 [16 바이올렛니트]_14.jpg;img/2022 FW 니트 컬렉션 섀도우 팔레트 [16 바이올렛니트]_15.jpg;img/2022 FW 니트 컬렉션 섀도우 팔레트 [16 바이올렛니트]_16.jpg;img/2022 FW 니트 컬렉션 섀도우 팔레트 [16 바이올렛니트]_17.jpg;img/2022 FW 니트 컬렉션 섀도우 팔레트 [16 바이올렛니트]_18.jpg;img/2022 FW 니트 컬렉션 섀도우 팔레트 [16 바이올렛니트]_19.jpg;img/2022 FW 니트 컬렉션 섀도우 팔레트 [16 바이올렛니트]_20.jpg;img/2022 FW 니트 컬렉션 섀도우 팔레트 [16 바이올렛니트]_21.jpg;img/2022 FW 니트 컬렉션 섀도우 팔레트 [16 바이올렛니트]_22.jpg
8g,모든 피부 타입,개봉전 36개월,상품상세참조,엔프라니㈜,한국,해당있음,"05호 닛니트 01오트 :마이카 (CI 77019), 탤크, 티타늄디옥사이드 (CI 77891), 합성플루오르플로고파이트, 보론나이트라이드, 다이아이소스테아릴말레이트, 마그네슘미리스테이트, 실리카, 나일론-12, 카프릴릭/카프릭트라이글리세라이드, 마카다미아씨오일, 메틸프로판다이올, 다이메티콘, 마그네슘스테아레이트, 프로판다이올, 라우로일라이신, 하이드록시프로필비스팔미타마이드엠이에이, 다이메티콘올스테아레이트, 트라이에톡시카프릴릴실레인, 알루미늄하이드록사이드, 메티콘, 카올린, 정제수, 향료, 헥실신남알, 리날룰, 시트로넬올, 하이드록시시트로넬알, 리모넨, 제라니올, 황색산화철 (CI 77492), 망가니즈바이올렛 (CI 77742), 적색산화철 (CI 77491), 흑색산화철 (CI 77499), 울트라마린 (CI 77007) 02제로:탤크, 마이카 (CI 77019), 티타늄디옥사이드 (CI 77891), 나일론-12, 보론나이트라이드, 마그네슘미리스테이트, 실리카, 네오펜틸글라이콜다이에틸헥사노에이트, 페닐트라이메티콘, 메틸프로판다이올, 다이펜타에리스리틸헥사하이드록시스테아레이트/헥사스테아레이트/헥사로지네이트, 다이아이소스테아릴말레이트, 아이소스테아릴네오펜타노에이트, 옥틸도데실스테아로일스테아레이트, 마그네슘스테아레이트, 프로판다이올, 다이메티콘, 폴리부텐, 하이드로제네이티드레시틴, 트라이에톡시카프릴릴실레인, 알루미늄하이드록사이드, 라우로일라이신, 카올린, 정제수, 향료, 헥실신남알, 리날룰, 시트로넬올, 하이드록시시트로넬알, 리모넨, 제라니올, 황색산화철 (CI 77492), 망가니즈바이올렛 (CI 77742), 적색산화철 (CI 77491), 흑색산화철 (CI 77499), 울트라마린 (CI 77007) 03니트:탤크, 마이카 (CI 77019), 티타늄디옥사이드 (CI 77891), 보론나이트라이드, 실리카, 옥틸도데실스테아로일스테아레이트, 페닐트라이메티콘, 황색산화철 (CI 77492), 다이메티콘, 적색산화철 (CI 77491), 마카다미아씨오일, 사라수씨버터, 마그네슘미리스테이트, 나일론-12, 메틸프로판다이올, 다이펜타에리스리틸헥사하이드록시스테아레이트/헥사스테아레이트/헥사로지네이트, 다이아이소스테아릴말레이트, 알루미늄하이드록사이드, 프로판다이올, 트라이에톡시카프릴릴실레인, 마그네슘스테아레이트, 라우로일라이신, 정제수, 카올린, 향료, 헥실신남알, 리날룰, 시트로넬올, 하이드록시시트로넬알, 리모넨, 제라니올, 흑색산화철 (CI 77499), 망가니즈바이올렛 (CI 77742) 04누가:탤크, 합성플루오르플로고파이트, 마이카 (CI 77019), 실리카, 카프릴릭/카프릭트라이글리세라이드, 마그네슘미리스테이트, 망가니즈바이올렛 (CI 77742), 마그네슘스테아레이트, 황색산화철 (CI 77492), 마카다미아씨오일, 다이메티콘, 메틸프로판다이올, 트라이에톡시카프릴릴실레인, 알루미늄다이미리스테이트, 프로판다이올, 카올린, 알루미늄하이드록사이드, 말토덱스트린, 정제수, 향료, 헥실신남알, 리날룰, 시트로넬올, 하이드록시시트로넬알, 리모넨, 제라니올, 적색산화철 (CI 77491), 티타늄디옥사이드 (CI 77891), 흑색산화철 (CI 77499), 울트라마린 (CI 77007), 카민 (CI 75470) 05노트:마이카 (CI 77019), 칼슘소듐보로실리케이트, 합성플루오르플로고파이트, 칼슘티타늄보로실리케이트, 칼슘알루미늄보로실리케이트, 다이메티콘, 티타늄디옥사이드 (CI 77891), 옥틸도데실스테아로일스테아레이트, 다이아이소스테아릴말레이트, 글리세린, 마그네슘미리스테이트, 아이소프로필팔미테이트, 실리카, 알루미늄전분옥테닐석시네이트, 마그네슘스테아레이트, 펜틸렌글라이콜, 폴리솔베이트20, 트라이에톡시카프릴릴실레인, 아크릴아마이드/소듐아크릴로일다이메틸타우레이트코폴리머, 마그네슘알루미늄실리케이트, 솔비탄올리베이트, 솔비탄스테아레이트, 아이소헥사데칸, 에틸헥실글리세린, 폴리솔베이트80, 솔비탄올리에이트, 토코페롤, 틴옥사이드 (CI 77861), 페녹시에탄올, 포타슘솔베이트, 소듐데하이드로아세테이트, 적색산화철 (CI 77491), 흑색산화철 (CI 77499), 황색산화철 (CI 77492) 06캐슈:탤크, 마이카 (CI 77019), 티타늄디옥사이드 (CI 77891), 보론나이트라이드, 나일론-12, 네오펜틸글라이콜다이에틸헥사노에이트, 실리카, 페닐트라이메티콘, 황색산화철 (CI 77492), 적색산화철 (CI 77491), 흑색산화철 (CI 77499), 마그네슘미리스테이트, 메틸프로판다이올, 다이아이소스테아릴말레이트, 다이펜타에리스리틸헥사하이드록시스테아레이트/헥사스테아레이트/헥사로지네이트, 아이소스테아릴네오펜타노에이트, 옥틸도데실스테아로일스테아레이트, 마그네슘스테아레이트, 프로판다이올, 다이메티콘, 폴리부텐, 하이드로제네이티드레시틴, 라우로일라이신, 알루미늄하이드록사이드, 메티콘, 트라이에톡시카프릴릴실레인, 카올린, 정제수, 향료, 헥실신남알, 리날룰, 시트로넬올, 하이드록시시트로넬알, 리모넨, 제라니올, 망가니즈바이올렛 (CI 77742) 07크로쉐:탤크, 마이카 (CI 77019), 보론나이트라이드, 다이아이소스테아릴말레이트, 나일론-12, 실리카, 마그네슘미리스테이트, 티타늄디옥사이드 (CI 77891), 망가니즈바이올렛 (CI 77742), 카프릴릭/카프릭트라이글리세라이드, 마그네슘스테아레이트, 메틸프로판다이올, 다이메티콘올스테아레이트, 프로판다이올, 다이메티콘, 라우로일라이신, 하이드록시프로필비스팔미타마이드엠이에이, 트라이에톡시카프릴릴실레인, 카올린, 알루미늄하이드록사이드, 메티콘, 정제수, 향료, 헥실신남알, 리날룰, 시트로넬올, 하이드록시시트로넬알, 리모넨, 제라니올, 황색산화철 (CI 77492), 흑색산화철 (CI 77499), 적색산화철 (CI 77491), 울트라마린 (CI 77007) 08버튼:탤크, 마이카 (CI 77019), 실리카, 다이아이소스테아릴말레이트, 보론나이트라이드, 흑색산화철 (CI 77499), 적색산화철 (CI 77491), 황색산화철 (CI 77492), 망가니즈바이올렛 (CI 77742), 나일론-12, 마그네슘미리스테이트, 카프릴릭/카프릭트라이글리세라이드, 티타늄디옥사이드 (CI 77891), 마그네슘스테아레이트, 마카다미아씨오일, 메틸프로판다이올, 다이메티콘, 프로판다이올, 다이메티콘올스테아레이트, 라우로일라이신, 하이드록시프로필비스팔미타마이드엠이에이, 카올린, 트라이에톡시카프릴릴실레인, 알루미늄하이드록사이드, 메티콘, 말토덱스트린, 정제수, 향료, 헥실신남알, 리날룰, 시트로넬올, 하이드록시시트로넬알, 리모넨, 제라니올, 울트라마린 (CI 77007), 카민 (CI 75470), 황색4호 (CI 19140) 09니티드 :탤크, 마이카 (CI 77019), 티타늄디옥사이드 (CI 77891), 실리카, 옥틸도데실스테아로일스테아레이트, 페닐트라이메티콘, 울트라마린 (CI 77007), 망가니즈바이올렛 (CI 77742), 적색산화철 (CI 77491), 황색산화철 (CI 77492), 마카다미아씨오일, 메틸프로판다이올, 다이펜타에리스리틸헥사하이드록시스테아레이트/헥사스테아레이트/헥사로지네이트, 다이메티콘, 다이아이소스테아릴말레이트, 트라이에톡시카프릴릴실레인, 마그네슘미리스테이트, 마그네슘스테아레이트, 프로판다이올, 카올린, 하이드로제네이티드레시틴, 알루미늄하이드록사이드, 메티콘, 정제수, 향료, 헥실신남알, 리날룰, 시트로넬올, 하이드록시시트로넬알, 리모넨, 제라니올, 흑색산화철 (CI 77499), 적색226호 (CI 73360), 황색4호 (CI 19140)","1) 화장품 사용 시 또는 사용 후 직사광선에 의하여 사용부위가 붉은 반점,부어오름 또는 가려움증 등의 이상 증상이나 부작용이 있는 경우 전문의 등과 상담할 것 2) 상처가 있는 부위 등에는 사용을 자제할 것 3) 보관 및 취급 시의 주의사항 가) 어린이의 손이 닿지 않는 곳에 보관할 것 나) 직사광선을 피해서 보관할 것",본 상품의 품질보증 및 피해보상에 관한 사항은 관련 법률 및 공정거래위원회 고시 「소비자분쟁해결기준」에 따릅니다.,070-5014-0324,normal,바닐라코(F&F),22 F/W 잇츠 니트 컬렉션 마이페이브 무드 아이 팔레트 [05 닛니트],2012525,46116,
8g,모든 피부 타입,개봉전 36개월,상품상세참조,엔프라니㈜,한국,해당있음,"06버튼업 01제미:마이카 (CI 77019), 합성플루오르플로고파이트, 티타늄디옥사이드 (CI 77891), 탤크, 네오펜틸글라이콜다이에틸헥사노에이트, 페닐트라이메티콘, 보론나이트라이드, 나일론-12, 실리카, 적색산화철 (CI 77491), 다이펜타에리스리틸헥사하이드록시스테아레이트/헥사스테아레이트/헥사로지네이트, 칼슘티타늄보로실리케이트, 마그네슘미리스테이트, 다이아이소스테아릴말레이트, 아이소스테아릴네오펜타노에이트, 옥틸도데실스테아로일스테아레이트, 메틸프로판다이올, 트라이에톡시카프릴릴실레인, 마그네슘스테아레이트, 폴리부텐, 프로판다이올, 다이메티콘, 하이드로제네이티드레시틴, 알루미늄하이드록사이드, 정제수, 틴옥사이드 (CI 77861), 향료, 헥실신남알, 황색산화철 (CI 77492), 흑색산화철 (CI 77499) 02코지:마이카 (CI 77019), 탤크, 보론나이트라이드, 실리카, 나일론-12, 티타늄디옥사이드 (CI 77891), 옥틸도데실스테아로일스테아레이트, 페닐트라이메티콘, 마그네슘미리스테이트, 메틸프로판다이올, 다이펜타에리스리틸헥사하이드록시스테아레이트/헥사스테아레이트/헥사로지네이트, 다이아이소스테아릴말레이트, 마그네슘스테아레이트, 프로판다이올, 트라이에톡시카프릴릴실레인, 다이메티콘올스테아레이트, 하이드록시프로필비스팔미타마이드엠이에이, 다이메티콘, 알루미늄하이드록사이드, 메티콘, 카올린, 정제수, 향료, 헥실신남알, 황색산화철 (CI 77492), 적색산화철 (CI 77491), 흑색산화철 (CI 77499), 망가니즈바이올렛 (CI 77742) 03언버튼:탤크, 마이카 (CI 77019), 나일론-12, 실리카, 티타늄디옥사이드 (CI 77891), 옥틸도데실스테아로일스테아레이트, 페닐트라이메티콘, 다이메티콘, 합성플루오르플로고파이트, 마카다미아씨오일, 마그네슘미리스테이트, 메틸프로판다이올, 다이펜타에리스리틸헥사하이드록시스테아레이트/헥사스테아레이트/헥사로지네이트, 트라이에톡시카프릴릴실레인, 다이아이소스테아릴말레이트, 마그네슘스테아레이트, 프로판다이올, 알루미늄하이드록사이드, 메티콘, 정제수, 향료, 헥실신남알, 황색산화철 (CI 77492), 적색산화철 (CI 77491), 흑색산화철 (CI 77499), 울트라마린 (CI 77007), 적색226호 (CI 73360), 황색4호 (CI 19140) 04토프:탤크, 마이카 (CI 77019), 흑색산화철 (CI 77499), 실리카, 적색산화철 (CI 77491), 티타늄디옥사이드 (CI 77891), 나일론-12, 옥틸도데실스테아로일스테아레이트, 페닐트라이메티콘, 황색산화철 (CI 77492), 울트라마린 (CI 77007), 마카다미아씨오일, 메틸프로판다이올, 다이펜타에리스리틸헥사하이드록시스테아레이트/헥사스테아레이트/헥사로지네이트, 마그네슘미리스테이트, 다이아이소스테아릴말레이트, 다이메티콘, 마그네슘스테아레이트, 프로판다이올, 다이메티콘올스테아레이트, 하이드로제네이티드레시틴, 라우로일라이신, 트라이에톡시카프릴릴실레인, 알루미늄하이드록사이드, 메티콘, 말토덱스트린, 정제수, 향료헥실신남알, 카민 (CI 75470) 05스터드:마이카 (CI 77019), 칼슘소듐보로실리케이트, 티타늄디옥사이드 (CI 77891), 다이메티콘, 칼슘티타늄보로실리케이트, 합성플루오르플로고파이트, 옥틸도데실스테아로일스테아레이트, 적색산화철 (CI 77491), 다이아이소스테아릴말레이트, 글리세린, 마그네슘미리스테이트, 아이소프로필팔미테이트, 흑색산화철 (CI 77499), 알루미늄전분옥테닐석시네이트, 마그네슘스테아레이트, 실리카, 펜틸렌글라이콜, 폴리솔베이트20, 트라이에톡시카프릴릴실레인, 아크릴아마이드/소듐아크릴로일다이메틸타우레이트코폴리머, 마그네슘알루미늄실리케이트, 솔비탄올리베이트, 솔비탄스테아레이트, 아이소헥사데칸, 에틸헥실글리세린, 폴리솔베이트80, 솔비탄올리에이트, 토코페롤, 틴옥사이드 (CI 77861), 페녹시에탄올, 포타슘솔베이트, 소듐데하이드로아세테이트, 황색산화철 (CI 77492) 06다마스크:탤크, 마이카 (CI 77019), 티타늄디옥사이드 (CI 77891), 망가니즈바이올렛 (CI 77742), 울트라마린 (CI 77007), 적색산화철 (CI 77491), 실리카, 보론나이트라이드, 옥틸도데실스테아로일스테아레이트, 페닐트라이메티콘, 황색산화철 (CI 77492), 흑색산화철 (CI 77499), 다이메티콘, 마카다미아씨오일, 마그네슘미리스테이트, 메틸프로판다이올, 다이펜타에리스리틸헥사하이드록시스테아레이트/헥사스테아레이트/헥사로지네이트, 다이아이소스테아릴말레이트, 트라이에톡시카프릴릴실레인, 마그네슘스테아레이트, 프로판다이올, 하이드로제네이티드레시틴, 카올린, 알루미늄하이드록사이드, 라우로일라이신, 정제수, 향료, 헥실신남알, 적색226호 (CI 73360) 07우디:탤크, 마이카 (CI 77019), 티타늄디옥사이드 (CI 77891), 나일론-12, 보론나이트라이드, 실리카, 적색산화철 (CI 77491), 옥틸도데실스테아로일스테아레이트, 페닐트라이메티콘, 흑색산화철 (CI 77499), 망가니즈바이올렛 (CI 77742), 황색산화철 (CI 77492), 마카다미아씨오일, 메틸프로판다이올, 다이펜타에리스리틸헥사하이드록시스테아레이트/헥사스테아레이트/헥사로지네이트, 마그네슘미리스테이트, 다이메티콘, 다이아이소스테아릴말레이트, 다이메티콘올스테아레이트, 프로판다이올, 트라이에톡시카프릴릴실레인, 마그네슘스테아레이트, 알루미늄하이드록사이드, 라우로일라이신, 메티콘, 카올린, 정제수, 향료, 헥실신남알, 울트라마린 (CI 77007), 황색4호 (CI 19140) 08버틀러:탤크, 마이카 (CI 77019), 흑색산화철 (CI 77499), 적색산화철 (CI 77491), 황색산화철 (CI 77492), 망가니즈바이올렛 (CI 77742), 실리카, 나일론-12, 옥틸도데실스테아로일스테아레이트, 페닐트라이메티콘, 다이메티콘, 마카다미아씨오일, 메틸프로판다이올, 다이펜타에리스리틸헥사하이드록시스테아레이트/헥사스테아레이트/헥사로지네이트, 다이아이소스테아릴말레이트, 마그네슘미리스테이트, 프로판다이올, 트라이에톡시카프릴릴실레인, 카올린, 정제수, 향료, 헥실신남알, 울트라마린 (CI 77007), 적색226호 (CI 73360) 09벨베틴:마이카 (CI 77019), 탤크, 티타늄디옥사이드 (CI 77891), 적색산화철 (CI 77491), 나일론-12, 흑색산화철 (CI 77499), 네오펜틸글라이콜다이에틸헥사노에이트, 실리카, 페닐트라이메티콘, 다이펜타에리스리틸헥사하이드록시스테아레이트/헥사스테아레이트/헥사로지네이트, 다이아이소스테아릴말레이트, 아이소스테아릴네오펜타노에이트, 옥틸도데실스테아로일스테아레이트, 마카다미아씨오일, 마그네슘미리스테이트, 메틸프로판다이올, 다이메티콘, 폴리부텐, 마그네슘스테아레이트, 프로판다이올, 라우로일라이신, 트라이에톡시카프릴릴실레인, 카올린, 정제수, 향료, 헥실신남알, 망가니즈바이올렛 (CI 77742), 황색산화철 (CI 77492), 울트라마린 (CI 77007)","1) 화장품 사용 시 또는 사용 후 직사광선에 의하여 사용부위가 붉은 반점,부어오름 또는 가려움증 등의 이상 증상이나 부작용이 있는 경우 전문의 등과 상담할 것 2) 상처가 있는 부위 등에는 사용을 자제할 것 3) 보관 및 취급 시의 주의사항 가) 어린이의 손이 닿지 않는 곳에 보관할 것 나) 직사광선을 피해서 보관할 것",본 상품의 품질보증 및 피해보상에 관한 사항은 관련 법률 및 공정거래위원회 고시 「소비자분쟁해결기준」에 따릅니다.,070-5014-0324,normal,바닐라코(F&F),22 F/W 잇츠 니트 컬렉션 마이페이브 무드 아이 팔레트 [06 버튼업],2012746,46118,
4g,상품상세참조,상품상세참조,내용물을 적당량 취해 입술 라인 안쪽으로 꼼꼼히 발라줍니다.,(주)코스맥스/(주)토니모리,대한민국,해당있음,"[N13애프리콧쇼킹] 정제수,옥틸도데칸올,부틸렌글라이콜,다이프로필렌글라이콜,사과씨오일,글리세린,펜틸렌글라이콜,베타인,에틸셀룰로오스,클로렐라 불가리스추출물,해바라기씨오일,퀸즈랜드넛오일,올리브오일,호호바씨오일,포도씨오일,빌베리씨오일,폴리솔베이트60,솔비탄스테아레이트,폴리아크릴레이트크로스폴리머-6,암모늄아크릴로일다이메틸타우레이트/브이피코폴리머,하이드록시에틸아크릴레이트/소듐아크릴로일다이메틸타우레이트코폴리머,글루코오스,프룩토올리고사카라이드,프룩토오스,에틸헥실글리세린,소듐다이라우미도글루타미드라이신,알루미늄하이드록사이드,트라이소듐에틸렌다이아민다이석시네이트,암모늄폴리아크릴레이트,1,2-헥산다이올,수크로오스팔미테이트,하이드로제네이티드레시틴,세테아릴알코올,페녹시에탄올,향료,벤질알코올,신나밀알코올,티타늄디옥사이드 (CI 77891),황색5호 (CI 15985),적색227호 (CI 17200),황색4호 (CI 19140),적색104호의(1) (CI 45410),청색1호 (CI 42090)","1. 화장품을 사용하여 다음과 같이 이상이 있을 경우에는 사용을 중지할 것이며, 계속 사용하면 증상을 악화시키므로 피부과 전문의 등에게 상담할 것. 1) 사용 중 붉은 반점, 부어오름, 가려움증, 자극 등의 이상이 있을 경우. 2) 적용부위가 직사광선에 의해 위와 같은 이상이 있을 경우 2. 상처가 있는 곳 또는 습진 및 피부염 등의 이상이 있는 부위에는 사용을 금할 것. 3. 보관 및 취급상의 주의사항 1) 사용 후에는 반드시 마개를 닫아둘 것 2) 유. 소아의 손에 닿지 않는 곳에 보관할 것. 3) 고온 내지 저온의 장소 및 직사광선이 닿는 곳에는 보관하지 말 것.",본 상품의 품질보증 및 피해보상에 관한 사항은 관련 법률 및 공정거래 위원회 고시 [소비자분쟁해결기준]에 따릅니다.,토니모리 고객 상담실 080-356-2222,normal,토니모리,퍼펙트립스 쇼킹립 틴트 [N13 애프리콧쇼킹],2135937,69713,
500ml,모든 피부 타입,"개봉 전 30개월, 개봉 후 12개월",세안 후 손이나 화장솜에 내용물을 적당량 덜어 피부 안쪽에서 바깥쪽으로 피부 결을 따라 누르듯 발라주고 내용물의 흡수를 돕기 위해 손으로 가볍게 두드리며 마무리합니다.,(주)메가코스,한국,해당있음,"정제수;글리세레스-26;1,2-헥산다이올;글리세린;병풀추출물;쇠비름추출물;체이스트트리추출물;마트리카리아꽃추출물;해수;판테놀;소듐하이알루로네이트;하이드록시프로필트라이모늄하이알루로네이트;하이드롤라이즈드하이알루로닉애씨드;소듐아세틸레이티드하이알루로네이트;하이드롤라이즈드소듐하이알루로네이트;하이알루로닉애씨드;소듐하이알루로네이트크로스폴리머;포타슘하이알루로네이트;로즈마리잎오일;멜론추출물;서양송악잎/줄기추출물;오리스뿌리추출물;서양배추출물;다마스크장미꽃수;프로판다이올;부틸렌글라이콜;아이소펜틸다이올;폴리글리세릴-10라우레이트;옥틸도데세스-16;아크릴레이트/C10-30알킬아크릴레이트크로스폴리머;에틸헥실글리세린;알지닌","1. 화장품 사용 시 또는 사용 후 직사광선에 의하여 사용부위가 붉은 반점, 부어오름 또는 가려움증 등의 이상 증상이나 부작용이 있는 경우 전문의 등과 상담할 것 2. 상처가 있는 부위 등에는 사용을 자제할 것 3. 보관 및 취급 시의 주의사항  가) 어린이의 손이 닿지 않는 곳에 보관할 것 나) 직사광선을 피해서 보관할 것.",본 상품의 품질보증 및 피해보상에 관한 사항은 관련 법률 및 공정거래 위원회 고시 [소비자분쟁해결기준]에 따릅니다.,080-356-2222,normal,토니모리,원더 히알루론산 촉촉 토너,1940257,33921,
13g (2 ea),모든 피부 타입,2026-12-12 까지,퍼프에 적당량의 내용물을 덜어 얼굴 전체에 가볍게 두드려 펴 발라줍니다.,(주)코스맥스/ (주)토니모리,한국,해당있음,"[00 포슬린] 정제수, 다이메티콘, 티타늄디옥사이드 (CI 77891), 글리세린, 아이소도데케인, 코코-카프릴레이트/카프레이트, 트라이메틸실록시실리케이트, 메틸트라이메티콘, 피이지-10다이메티콘, 나이아신아마이드, 1,2-헥산다이올, 실리카, 피이지/피피지-18/18다이메티콘, 다이메티콘크로스폴리머, 사과추출물, 동백나무꽃추출물, 소듐하이알루로네이트, 히비스커스꽃추출물, 다마스크장미꽃수, 다마스크장미꽃오일, 작약꽃추출물, 아크릴레이트/폴리트라이메틸실록시메타크릴레이트코폴리머, 카프릴릴메티콘, 다이스테아다이모늄헥토라이트, 마그네슘설페이트, 폴리글리세릴-3폴리다이메틸실록시에틸다이메티콘, 합성플루오르플로고파이트, 옥틸도데칸올, 알루미늄하이드록사이드, 스테아릭애씨드, 알루미나, 트라이에톡시카프릴릴실레인, 헥토라이트, 폴리글리세릴-4아이소스테아레이트, 라우로일라이신, 아데노신, 트라이소듐에틸렌다이아민다이석시네이트, 아이소프로필티타늄트라이아이소스테아레이트, 글리세릴베헤네이트/에이코사디오에이트, 부틸렌글라이콜, 판테놀, 펜틸렌글라이콜, 토코페롤, 프로판다이올, 소듐클로라이드, 에틸헥실글리세린, 소듐바이카보네이트, 칼슘클로라이드, 포타슘클로라이드, 향료, 황색산화철 (CI 77492), 적색산화철 (CI 77491), 흑색산화철 (CI 77499)","1. 화장품 사용 시 또는 사용 후 직사광선에 의하여 사용부위가 붉은 반점, 부어오름 또는 가려움증 등의 이상 증상이나 부작용이 있는 경우에는 전문의 등과 상담할 것. 2. 상처가 있는 부위 등에는 사용을 자제할 것. 3. 보관 및 취급 시 주의사항 가) 어린이의 손이 닿지 않는 곳에 보관할 것. 나) 직사광선을 피해서 보관할 것.",본 상품의 품질보증 및 피해보상에 관한 사항은 관련 법률 및 공정거래 위원회 고시 [소비자분쟁해결기준]에 따릅니다.,토니모리 고객 상담실 080-356-2222,normal,토니모리,스킨톤 픽싱 커버 쿠션 [SPF40/PA++] [00 포슬린],2115807,71951,
45g,"주름개선,미백,자외선차단","개봉 전 24개월, 개봉 후 12개월",루미너스 여신 광채 빔과 여신 광채 비비크림을 1:2 비율로 섞어 얼굴 전체에 가볍게 두드리며 발라줍니다.,코스맥스㈜,한국,해당있음,정제수;CI 77891;에칠헥실메톡시신나메이트;사이클로펜타실록세인;다이프로필렌글라이콜;부틸렌글라이콜다이카프릴레이트/다이카프레이트;페닐트라이메티콘;사이클로헥사실록세인;CI 77947;세틸피이지/피피지-10/1다이메티콘;알부틴;헥실데실미리스토일메틸아미노프로피오네이트;헥실라우레이트;미네랄워터;흰목이버섯추출물;레몬밤잎추출물;말로우추출물(구명칭);서양톱풀추출물;성모초추출물(구명칭);카우슬립추출물(구명칭);페퍼민트잎추출물;꼬리풀추출물(구명칭);산소;글리세린;솔비탄세스퀴올리에이트;마그네슘설페이트;실리카;다이스테아다이모늄헥토라이트;이소아밀p-메톡시신나메이트;트라이베헤닌;알루미늄하이드록사이드;C30-45알킬세테아릴다이메티콘크로스폴리머;스테아릭애씨드;트라이에톡시카프릴릴실레인;글리세릴베헤네이트;칼슘스테아레이트;폴리글리세릴-6옥타스테아레이트;에틸헥실글리세린;다이메티콘;아데노신;부틸렌글라이콜;세라마이드3(구명칭);에틸헥산다이올;다이소듐이디티에이;페녹시에탄올;향료;CI 77492;CI 77491;CI 77499;CI 77019,"1. 화장품을 사용하여 다음과 같이 이상이 있을 경우에는 사용을 중지할 것이며, 계속 사용하면 증상을 악화시키므로 피부과 전문의 등에게 상담할 것. 1) 사용 중 붉은 반점, 부어오름, 가려움증, 자극 등의 이상이 있을 경우. 2) 적용부위가 직사광선에 의해 위와 같은 이상이 있을 경우 2. 상처가 있는 곳 또는 습진 및 피부염 등의 이상이 있는 부위에는 사용을 금할 것. 3. 보관 및 취급상의 주의사항 1) 사용 후에는 반드시 마개를 닫아둘 것 2) 유. 소아의 손에 닿지 않는 곳에 보관할 것. 3) 고온 내지 저온의 장소 및 직사광선이 닿는 곳에는 보관하지 말 것.",본 상품의 품질보증 및 피해보상에 관한 사항은 관련 법률 및 공정거래 위원회 고시 [소비자분쟁해결기준]에 따릅니다.,080-356-2222,normal,토니모리,루미너스 여신 광채 비비 [SPF37/PA++] [01 화사한베이지],1801588,29612,
100매*2ea,상품상세참조,상품상세참조,스티커를 살짝 개봉한 후 티슈를 한 장씩 뽑아 피부 결을 따라 얼굴 안쪽에서 바깥쪽으로 부드럽게 닦아냅니다. (내용물의 건조를 방지하기 위하여 사용 후에는 반드시 스티커를 붙여서 보관하십시오.),씨앤텍(주),한국,해당있음,"정제수,프로필렌글라이콜,글리세린,변성알코올,폴리솔베이트20,페녹시에탄올,피이지-40하이드로제네이티드캐스터오일,세틸피리디늄클로라이드,카프릴릴글라이콜,코카미도프로필피지-다이모늄클로라이드포스페이트,시트릭애씨드,리모넨,리날룰,판테놀,로즈우드오일,레몬껍질오일,소듐시트레이트,소듐바이카보네이트,토코페릴아세테이트,알로에베라잎즙,프로방스장미꽃수,부틸렌글라이콜,1,2-헥산다이올,올리브오일,호호바씨오일,아르간커넬오일,아보카도오일,녹차추출물,라벤더오일,세룰라타벚나무꽃추출물,히비스커스꽃추출물,포트마리골드추출물,포타슘솔베이트,에틸헥실글리세린,소듐벤조에이트","1. 화장품 사용 시 또는 사용 후 직사광선에 의하여 사용부위가 붉은 반점, 부어오름 또는 가려움증 등의 이상 증상이나 부작용이 있는 경우 전문의 등과 상담할 것. 2. 상처가 있는 부위 등에는 사용을 자제할 것. 3. 보관 및 취급 시의 주의사항 가) 어린이의 손이 닿지 않는 곳에 보관할 것. 나) 직사광선을 피해서 보관할 것.",본 상품의 품질보증 및 피해보상에 관한 사항은 관련 법률 및 공정거래 위원회 고시 [소비자분쟁해결기준]에 따릅니다.,토니모리 고객 상담실 080-356-2222,normal,토니모리,더 촉촉 그린티 노-워시 클렌징 티슈,2111145,64821,
4g,상품상세참조,상품상세참조,내용물을 적당량 취해 입술 라인 안쪽으로 꼼꼼히 발라줍니다.,(주)코스맥스,대한민국,해당있음,"[01 루비쇼킹] 정제수, 옥틸도데칸올, 부틸렌글라이콜, 다이프로필렌글라이콜, 사과씨오일, 글리세린, 펜틸렌글라이콜, 베타인, 에틸셀룰로오스, 클로렐라 불가리스추출물, 해바라기씨오일, 퀸즈랜드넛오일, 올리브오일, 호호바씨오일, 포도씨오일, 빌베리씨오일 ,폴리솔베이트60, 솔비탄스테아레이트, 폴리아크릴레이트크로스폴리머-6, 암모늄아크릴로일다이메틸타우레이트/브이피코폴리머, 하이드록시에틸아크릴레이트/소듐아크릴로일다이메틸타우레이트코폴리머, 글루코오스, 프룩토올리고사카라이드, 프룩토오스, 에틸헥실글리세린, 소듐다이라우미도글루타미드라이신, 트라이소듐에틸렌다이아민다이석시네이트, 1,2-헥산다이올, 수크로오스팔미테이트, 하이드로제네이티드레시틴, FN, 페녹시에탄올, 향료, 벤질알코올, 신나밀알코올, 황색4호 (CI 19140), 적색104호의(1) (CI 45410), 황색5호 (CI 15985), 적색223호 (CI 45380), 적색227호 (CI 17200)","1. 화장품을 사용하여 다음과 같이 이상이 있을 경우에는 사용을 중지할 것이며, 계속 사용하면 증상을 악화시키므로 피부과 전문의 등에게 상담할 것. 1) 사용 중 붉은 반점, 부어오름, 가려움증, 자극 등의 이상이 있을 경우. 2) 적용부위가 직사광선에 의해 위와 같은 이상이 있을 경우 2. 상처가 있는 곳 또는 습진 및 피부염 등의 이상이 있는 부위에는 사용을 금할 것. 3. 보관 및 취급상의 주의사항 1) 사용 후에는 반드시 마개를 닫아둘 것 2) 유. 소아의 손에 닿지 않는 곳에 보관할 것. 3) 고온 내지 저온의 장소 및 직사광선이 닿는 곳에는 보관하지 말 것.",본 상품의 품질보증 및 피해보상에 관한 사항은 관련 법률 및 공정거래 위원회 고시 [소비자분쟁해결기준]에 따릅니다.,토니모리 고객 상담실 080-356-2222,normal,토니모리,퍼펙트립스 쇼킹립 틴트 [01 루비쇼킹],2101309,27428,
15 g / 0.52 oz.,모든 피부 타입,개봉 전 24개월 이내 개봉 후 12개월 이내 사용,퍼프에 적당량의 내용물을 덜어 얼굴 전체에 가볍게 두드려 펴 발라줍니다.,코스맥스㈜,한국,해당있음,"정제수,티타늄디옥사이드 (CI 77891),사이클로펜타실록산,글리세린,이소노닐이소노나노에이트,C12-15알킬벤조에이트,디페닐실록시페닐트리메치콘,프로판디올,라우릴폴리글리세릴-3폴리디메칠실록시에칠디메치콘,옥틸도데칸올,트리메칠실록시실리케이트,나이아신아마이드,프로필렌글라이콜디벤조에이트,프로필헵틸카프릴레이트,합성플루오르플로고파이트,이소도데칸,1,2-헥산디올,디스테아디모늄헥토라이트,덱스트린팔미테이트,폴리글리세릴-4이소스테아레이트,드럼스틱씨오일,폴리글리세릴-3폴리디메칠실록시에칠디메치콘,브이피/에이코센코폴리머,마그네슘설페이트,스테아릭애씨드,알루미나,트리에톡시카프릴릴실란,알루미늄하이드록사이드,아데노신,트리소듐에칠렌디아민디석시네이트,에칠셀룰로오스,이소프로필티타늄트리이소스테아레이트,토코페롤,카프릴릭/카프릭트리글리세라이드,하이드로제네이티드레시틴,세라마이드엔피,피토스핑고신 프로필갈레이트,소듐스테아로일글루타메이트,향료,황색산화철 (CI 77492),적색산화철 (CI 77491),흑색산화철 (CI 77499)","1. 화장품 사용 시 또는 사용 후 직사광선에 의하여 사용부위가 붉은 반점, 부어오름 또는 가려움증 등의 이상 증상이나 부작용이 있는 경우에는 전문의 등과 상담할 것. 2. 상처가 있는 부위 등에는 사용을 자제할 것. 3. 보관 및 취급 시 주의사항 가) 어린이의 손이 닿지 않는 곳에 보관할 것.",본 상품의 품질보증 및 피해보상에 관한 사항은 관련 법률 및 공정거래 위원회 고시 [소비자분쟁해결기준]에 따릅니다.,토니모리 고객 상담실 080-356-2222,normal,토니모리,마이 루미너스 젤 글로우 쿠션 [SPF40/PA++] [02 웜베이지],2017836,57014,
250ml(3ea),모든 피부,상품상세참조,본 품 적당량을 취하여 진정 및 수분공급을 원하는 페이스 및 바디 피부에 골고루 펴 바릅니다.,(주)메가코스/(주)토니모리,대한민국,해당있음,"알로에베라잎수(93.68%), 글리세린, 카보머, 트로메타민, 하이드록시아세토페논, 피이지-60하이드로제네이티드캐스터오일, 에틸헥실글리세린, 향료","1. 화장품 사용 시 또는 사용 후 직사광선에 의하여 사용부위가 붉은 반점, 부어오름 또는 가려움증 등의 이상 증상이나 부작용이 있는 경우 전문의 등과 상담할 것. 2. 상처가 있는 부위 등에는 사용을 자제할 것. 3. 보관 및 취급 시의 주의사항 가) 어린이의 손이 닿지 않는 곳에 보관할 것. 나) 직사광선을 피해서 보관할 것.",본 상품의 품질보증 및 피해보상에 관한 사항은 관련 법률 및 공정거래 위원회 고시 [소비자분쟁해결기준]에 따릅니다.,토니모리 고객 상담실 080-356-2222,normal,토니모리,알로에 촉촉 수딩젤,2092064,71929,
50g,모든 피부 타입,"개봉 전 24개월, 개봉 후 12개월","적당량을 취해 피부 전체에 얇게 펴 바른 후, 가볍게 두드려 마무리합니다.",코스맥스㈜,한국,해당있음,"정제수;티타늄다이옥사이드;페닐트라이메티콘;사이클로펜타실록세인;부틸렌글라이콜다이카프릴레이트/다이카프레이트;글리세린;하이드로제네이티드폴리아이소부텐;피이지-10다이메티콘;트라이에틸헥사노인;사이클로헥사실록세인;사이클로메티콘;부틸렌글라이콜;헥실라우레이트;나이아신아마이드;펜틸렌글라이콜;다이카프릴릴카보네이트;황색산화철;실리카;소듐하이알루로네이트;황금추출물;감초뿌리추출물;왜당귀뿌리추출물;타임추출물;산수유열매추출물;녹용추출물;효모발효물;솔비탄세스퀴올리에이트;라우릴피이지-9폴리다이메틸실록시에틸다이메티콘;아이소도데케인;옥틸도데칸올;다이스테아다이모늄헥토라이트;마그네슘설페이트;마이크로크리스탈린왁스;다이메티콘크로스폴리머;글리세릴베헤네이트/에이코사디오에이트;스테아릭애씨드;알루미나;알루미늄하이드록사이드;글리세릴카프릴레이트;폴리글리세릴-4아이소스테아레이트;트라이에톡시카프릴릴실레인;아이소프로필티타늄트라이아이소스테아레이트;아데노신;트라이소듐에틸렌다이아민다이석시네이트;토코페롤;1,2-헥산다이올;에틸헥실글리세린;향료;리날룰;헥실신남알;시트로넬올;벤질살리실레이트;알파-아이소메틸아이오논;적색산화철;흑색산화철","1. 화장품 사용 시 또는 사용 후 직사광선에 의하여 사용 부위가 붉은 반점, 부어오름 또는 가려움증 등의 이상 증상이나 부작용이 있는 경우 전문의 등과 상담할 것.  2. 상처가 있는 부위 등에는 사용을 자제할 것.  3. 보관 및 취급 시의 주의사항 가) 어린이의 손이 닿지 않는 곳에 보관할 것. 나) 직사광선을 피해서 보관할 것.",본 상품의 품질보증 및 피해보상에 관한 사항은 관련 법률 및 공정거래 위원회 고시 [소비자분쟁해결기준]에 따릅니다.,080-356-2222,normal,토니모리,결 고운 세럼 비비크림 [SPF45/PA++][02 자연스러운빛],1998060,32168,
300ml,상품상세참조,상품상세참조,"모찌 토너 사용 후, 적당량을 덜어 얼굴에 부드럽게 펴 발라줍니다.",㈜메가코스,한국,해당있음,"정제수, 글리세린, 하이드로제네이티드폴리(C6-14올레핀), 카프릴릭/카프릭트라이글리세라이드, 글리세릴스테아레이트, 페닐트라이메티콘, 폴리글리세릴-10라우레이트, C14-22알코올, 세테아릴알코올, 하이드록시아세토페논, 트로메타민, 1,2-헥산다이올, 아크릴레이트/C10-30알킬아크릴레이트크로스폴리머, C12-20알킬글루코사이드, 카보머, 에틸헥실글리세린, 소듐하이알루로네이트, 잔탄검, 다이소듐이디티에이, 레몬껍질오일, 하이드로제네이티드레시틴, 로즈우드오일, 피토스테릴/옥틸도데실라우로일글루타메이트, 세라마이드엔피(5,000ppb), 하이드롤라이즈드하이알루로닉애씨드, 소듐아세틸레이티드하이알루로네이트, 시트랄, 리모넨, 리날룰","1. 화장품 사용 시 또는 사용 후 직사광선에 의하여 사용부위가 붉은 반점, 부어오름 또는 가려움증 등의 이상 증상이나 부작용이 있는 경우 전문의 등과 상담할 것 2. 상처가 있는 부위 등에는 사용을 자제할 것 3. 보관 및 취급 시의 주의사항 가) 어린이의 손이 닿지 않는 곳에 보관할 것 나) 직사광선을 피해서 보관할 것",본 상품의 품질보증 및 피해보상에 관한 사항은 관련 법률 및 공정거래 위원회 고시 [소비자분쟁해결기준]에 따릅니다.,토니모리 고객 상담실 080-356-2222,normal,토니모리,원더 세라마이드 모찌 에멀전,2118078,62013,
110 ml / 3.71 fl. oz.,상품상세참조,상품상세참조,"가볍게 흔든 뒤, 사용 부위에서 20~30 cm 떨어진 거리에서 적당량을 분사한 후 톡톡 두드려 흡수시켜 줍니다. 진정이 필요할 때마다 수시로 뿌려주면 수분 영양감을 느낄 수 있습니다.",화장품책임판매업자: ㈜토니모리/ 화장품제조업자: ㈜제이앤제이코스텍,대한민국,해당있음,"정제수, 트라이에틸헥사노인, 하이드로제네이티드폴리(C6-14올레핀), 1,2-헥산다이올, 부틸렌글라이콜, 메틸프로판다이올, 페닐트라이메티콘, 다이에톡시에틸석시네이트, 폴리글리세릴-10미리스테이트, 아이소펜틸다이올, 알란토인, 글리세린, 옥틸도데칸올, 스쿠알란, 서양배추출물, 다마스크장미꽃수, 캐모마일꽃오일, 다이소듐이디티에이, 서양측백나무잎오일, 네오펜틸글라이콜다이헵타노에이트, 세틸에틸헥사노에이트, 복숭아추출물, 약모밀추출물(100 ppm), 커먼자스민꽃수, 로즈마리잎오일, 셀룰로오스검, 양까막까치밥나무씨오일, 하이드로제네이티드포스파티딜콜린, 하이드록시아세토페논, 서양송악잎/줄기추출물, 비터오렌지꽃추출물, 멜론추출물, 광곽향오일, 스테아릭애씨드, 폴리글리세릴-2스테아레이트, 세테아릴알코올, 잇꽃씨오일, 달맞이꽃오일, 해바라기씨오일불검화물, 에틸헥실글리세린, 세라마이드엔피, 폴리쿼터늄-51, 풍선덩굴꽃/잎/덩굴추출물, 해바라기씨오일, 병풀추출물(1 ppm), 병풀잎추출물(1 ppm), 병풀뿌리추출물(1 ppm), 토코페롤, 로즈마리잎추출물, 바실러스발효물, 아시아틱애씨드(10 ppb), 아시아티코사이드(10ppb), 하이드로제네이티드레시틴, 콜레스테롤, 마카다미아씨오일, 마데카식애씨드(1 ppb), 마데카소사이드(1 ppb), 올레익애씨드, 폴리데센, 유채스테롤","1. 화장품 사용 시 또는 사용 후 직사광선에 의하여 사용부위가 붉은 반점, 부어오름 또는 가려움증 등의 이상 증상이나 부작용이 있는 경우에는 전문의 등과 상담할 것. 2. 상처가 있는 부위 등에는 사용을 자제할 것. 3. 보관 및 취급 시 주의사항 가) 어린이의 손이 닿지 않는 곳에 보관할 것. 나) 직사광선을 피해서 보관할 것.",본 상품의 품질보증 및 피해보상에 관한 사항은 관련 법률 및 공정거래 위원회 고시 [소비자분쟁해결기준]에 따릅니다.,토니모리 고객 상담실 080-356-2222,normal,토니모리,어성초시카 크림 미스트,2083311,64629,
300 ml / 10.14 fl. oz.,모든 피부 타입,"개봉 전 30개월, 개봉 후 12개월",적당량을 덜어 얼굴과 바디에 부드럽게 펴 발라 줍니다. 진정이 필요할 때마다 수시로 발라주면 쿨링감을 느낄 수 있습니다. (※냉장 보관 후 사용하시면 더 시원하게 사용할 수 있습니다.),㈜제이앤제이코스텍,한국,해당있음,"정제수;메틸프로판다이올;약모밀추출물;에리스리톨;1,2-헥산다이올;하이드록시아세토페논;폴리글리세릴-10라우레이트;프로판다이올;카보머;소듐아크릴레이트코폴리머;에틸헥실글리세린;트로메타민;세테아릴올리베이트;레시틴;잔탄검;솔비탄올리베이트;부테스-3;소듐하이알루로네이트;소듐벤조트라이아졸릴부틸페놀설포네이트;알란토인;서양배추출물;다마스크장미꽃수;캐모마일꽃오일;서양측백나무잎오일;복숭아추출물;커먼자스민꽃수;로즈마리잎오일;트라이부틸시트레이트;비터오렌지꽃추출물;멜론추출물;서양송악잎/줄기추출물;글리세린;광곽향오일;쓴박하추출물;레몬밤잎추출물;페퍼민트잎추출물;애플민트잎추출물;바실러스발효물;병풀추출물;병풀잎추출물;병풀뿌리추출물;아시아틱애씨드;아시아티코사이드;마데카식애씨드;마데카소사이드;다이소듐이디티에이","1. 화장품 사용 시 또는 사용 후 직사광선에 의하여 사용부위가 붉은 반점, 부어오름 또는 가려움증 등의 이상 증상이나 부작용이 있는 경우 전문의 등과 상담할 것. 2. 상처가 있는 부위 등에는 사용을 자제할 것. 3. 보관 및 취급 시의 주의사항 가) 어린이의 손이 닿지 않는 곳에 보관할 것. 나) 직사광선을 피해서 보관할 것.",본 상품의 품질보증 및 피해보상에 관한 사항은 관련 법률 및 공정거래 위원회 고시 [소비자분쟁해결기준]에 따릅니다.,080-356-2222,normal,토니모리,어성초시카 퀵 카밍 수딩젤,1999466,33114,
110 ml / 3.71 fl. oz.,상품상세참조,상품상세참조,"가볍게 흔든 뒤, 사용 부위에서 20~30 cm 떨어진 거리에서 적당량을 분사한 후 톡톡 두드려 흡수시켜 줍니다. 진정이 필요할 때마다 수시로 뿌려주면 쿨링감을 느낄 수 있습니다. (※냉장 보관 후 사용하시면 더 시원하게 사용할 수 있습니다.)",㈜제이앤제이코스텍,한국,해당있음,"정제수, 메틸프로판다이올, 다이에톡시에틸석시네이트, 베타인, 에리스리톨, 1,2-헥산다이올, 하이드록시아세토페논, 폴리글리세릴-10라우레이트, 프로판다이올, 에틸헥실글리세린, 알란토인, 소듐시트레이트, 시트릭애씨드, 약모밀추출물 (100 ppm), 판테놀, 글리세린, 서양배추출물, 다마스크장미꽃수, 캐모마일꽃오일, 서양측백나무잎오일, 복숭아추출물, 커먼자스민꽃수, 로즈마리잎오일, 광곽향오일, 서양송악잎/줄기추출물, 비터오렌지꽃추출물, 멜론추출물, 병풀뿌리추출물, 병풀추출물 (1 ppm), 병풀잎추출물 (1 ppm), 부틸렌글라이콜, 바실러스발효물, 쓴박하추출물, 레몬밤잎추출물, 페퍼민트잎추출물, 애플민트잎추출물, 아시아틱애씨드 (10 ppb), 아시아티코사이드 (10 ppb), 마데카식애씨드 (1 ppb), 마데카소사이드 (1 ppb), 다이소듐이디티에이","1. 화장품 사용 시 또는 사용 후 직사광선에 의하여 사용부위가 붉은 반점, 부어오름 또는 가려움증 등의 이상 증상이나 부작용이 있는 경우에는 전문의 등과 상담할 것. 2. 상처가 있는 부위 등에는 사용을 자제할 것. 3. 보관 및 취급 시 주의사항 가) 어린이의 손이 닿지 않는 곳에 보관할 것. 나) 직사광선을 피해서 보관할 것.",본 상품의 품질보증 및 피해보상에 관한 사항은 관련 법률 및 공정거래 위원회 고시 [소비자분쟁해결기준]에 따릅니다.,토니모리 고객 상담실 080-356-2222,normal,토니모리,어성초시카 퀵카밍 미스트 세럼,2003075,64630,
4g,상품상세참조,상품상세참조,내용물을 적당량 취해 입술 라인 안쪽으로 꼼꼼히 발라줍니다.,(주)코스맥스,대한민국,해당있음,"[S02브릭쇼킹] 정제수,옥틸도데칸올,부틸렌글라이콜,다이프로필렌글라이콜,사과씨오일,글리세린,펜틸렌글라이콜,베타인,에틸셀룰로오스,클로렐라 불가리스추출물,해바라기씨오일,퀸즈랜드넛오일,올리브오일,호호바씨오일,포도씨오일,빌베리씨오일,폴리솔베이트60,솔비탄스테아레이트,폴리아크릴레이트크로스폴리머-6,암모늄아크릴로일다이메틸타우레이트/브이피코폴리머,하이드록시에틸아크릴레이트/소듐아크릴로일다이메틸타우레이트코폴리머,글루코오스,프룩토올리고사카라이드,프룩토오스,에틸헥실글리세린,소듐다이라우미도글루타미드라이신,알루미늄하이드록사이드,암모늄폴리아크릴레이트,트라이소듐에틸렌다이아민다이석시네이트,1,2-헥산다이올,수크로오스팔미테이트,하이드로제네이티드레시틴,세테아릴알코올,페녹시에탄올,향료,벤질알코올,신나밀알코올,티타늄디옥사이드 (CI 77891),황색4호 (CI 19140),황색5호 (CI 15985),적색227호 (CI 17200),청색1호 (CI 42090),적색223호 (CI 45380)","1. 화장품을 사용하여 다음과 같이 이상이 있을 경우에는 사용을 중지할 것이며, 계속 사용하면 증상을 악화시키므로 피부과 전문의 등에게 상담할 것. 1) 사용 중 붉은 반점, 부어오름, 가려움증, 자극 등의 이상이 있을 경우. 2) 적용부위가 직사광선에 의해 위와 같은 이상이 있을 경우 2. 상처가 있는 곳 또는 습진 및 피부염 등의 이상이 있는 부위에는 사용을 금할 것. 3. 보관 및 취급상의 주의사항 1) 사용 후에는 반드시 마개를 닫아둘 것 2) 유. 소아의 손에 닿지 않는 곳에 보관할 것. 3) 고온 내지 저온의 장소 및 직사광선이 닿는 곳에는 보관하지 말 것.",본 상품의 품질보증 및 피해보상에 관한 사항은 관련 법률 및 공정거래 위원회 고시 [소비자분쟁해결기준]에 따릅니다.,토니모리 고객 상담실 080-356-2222,normal,토니모리,퍼펙트립스 쇼킹립 틴트 [S02 브릭쇼킹],2125852,69083,
4.8 g,상품상세참조,2027-05-12 까지,내장되어 있는 립 브러시를 사용하여 적당량을 묻혀 원하는 부위에 부드럽게 펴 발라줍니다.,(주)코코/(주)토니모리,대한민국,해당있음,"04베이비피치 [촉촉] 올레익/리놀레익/리놀레닉폴리글리세라이즈, 폴리글리세릴-2트라이아이소스테아레이트, 피토스테릴/이소스테아릴/세틸/스테아릴/베헤닐다이머디리놀리에이트, 다이머다이리놀레일다이머다이리놀리에이트, 카프릴릭/카프릭트라이글리세라이드, 세레신, 티타늄디옥사이드, 합성왁스, 폴리하이드록시스테아릭애씨드, 황색산화철, 에틸렌/프로필렌코폴리머, 적색산화철, 글리세릴카프릴레이트, 레시틴, 에틸헥실글리세린, 적색202호, 에틸헥실팔미테이트, 아이소스테아릭애씨드, 아이소프로필미리스테이트, 향료, 폴리글리세릴-3폴리리시놀리에이트, 알루미늄하이드록사이드, 토코페릴아세테이트, 아스코빅애씨드, 글리세린, 정제수, 부틸렌글라이콜, 실크아미노산, 1,2-헥산다이올, 팔미토일헥사펩타이드-12  [벨벳] 다이메티콘, 아이소트라이데실아이소노나노에이트, 메틸메타크릴레이트크로스폴리머, 실리카, 다이메티콘/비닐다이메티콘크로스폴리머, 폴리글리세릴-2트라이아이소스테아레이트, 티타늄디옥사이드, 세레신, 합성왁스, 마이카, 황색산화철, 폴리하이드록시스테아릭애씨드, 적색산화철, 에틸렌/프로필렌코폴리머, 글리세릴카프릴레이트, 레시틴, 에틸헥실글리세린, 적색202호, 알루미늄하이드록사이드, 메티콘, 에틸헥실팔미테이트, 아이소스테아릭애씨드, 아이소프로필미리스테이트, 향료, 폴리글리세릴-3폴리리시놀리에이트, 토코페릴아세테이트, 아스코빅애씨드, 글리세린, 정제수, 부틸렌글라이콜, 실크아미노산, 1,2-헥산다이올, 팔미토일헥사펩타이드-12","1. 화장품을 사용하여 다음과 같이 이상이 있을 경우에는 사용을 중지할 것이며, 계속 사용하면 증상을 악화시키므로 피부과 전문의 등에게 상담할 것. 1) 사용 중 붉은 반점, 부어오름, 가려움증, 자극 등의 이상이 있을 경우. 2) 적용부위가 직사광선에 의해 위와 같은 이상이 있을 경우 2. 상처가 있는 곳 또는 습진 및 피부염 등의 이상이 있는 부위에는 사용을 금할 것. 3. 보관 및 취급상의 주의사항 1) 사용 후에는 반드시 마개를 닫아둘 것 2) 유. 소아의 손에 닿지 않는 곳에 보관할 것. 3) 고온 내지 저온의 장소 및 직사광선이 닿는 곳에는 보관하지 말 것.",본 상품의 품질보증 및 피해보상에 관한 사항은 관련 법률 및 공정거래 위원회 고시 [소비자분쟁해결기준]에 따릅니다.,토니모리 고객 상담실 080-356-2222,normal,토니모리,치크톤 립앤치크 듀오밤 [04 베이비피치],2123720,69087,
4g,상품상세참조,상품상세참조,내용물을 적당량 취해 입술 라인 안쪽으로 꼼꼼히 발라줍니다.,(주)코스맥스,대한민국,해당있음,"[08 로즈쇼킹] 정제수, 옥틸도데칸올, 부틸렌글라이콜, 다이프로필렌글라이콜, 사과씨오일, 글리세린, 펜틸렌글라이콜, 베타인, 에틸셀룰로오스, 클로렐라, 불가리스추출물, 해바라기씨오일, 퀸즈랜드넛오일, 올리브오일, 호호바씨오일, 포도씨오일, 빌베리씨오일, 폴리솔베이트60, 솔비탄스테아레이트, 폴리아크릴레이트크로스폴리머-6, 암모늄아크릴로일다이메틸타우레이트/브이피코폴리머, 하이드록시에틸아크릴레이트/소듐아크릴로일다이메틸타우레이트코폴리머, 글루코오스, 프룩토올리고사카라이드, 프룩토오스, 에틸헥실글리세린, 소듐다이라우미도글루타미드라이신, 알루미늄하이드록사이드, 암모늄폴리아크릴레이트, 트라이소듐에틸렌다이아민다이석시네이트, 1,2-헥산다이올, 수크로오스팔미테이트, 하이드로제네이티드레시틴, 세테아릴알코올, 페녹시에탄올, 향료, 벤질알코올, 신나밀 알코올, 티타늄디옥사이드 (CI 77891), 황색4호 (CI 19140), 황색5호 (CI 15985), 적색227호 (CI 17200), 적색104호의(1) (CI 45410), 청색1호 (CI 42090), 적색223호 (CI 45380)","1. 화장품을 사용하여 다음과 같이 이상이 있을 경우에는 사용을 중지할 것이며, 계속 사용하면 증상을 악화시키므로 피부과 전문의 등에게 상담할 것. 1) 사용 중 붉은 반점, 부어오름, 가려움증, 자극 등의 이상이 있을 경우. 2) 적용부위가 직사광선에 의해 위와 같은 이상이 있을 경우 2. 상처가 있는 곳 또는 습진 및 피부염 등의 이상이 있는 부위에는 사용을 금할 것. 3. 보관 및 취급상의 주의사항 1) 사용 후에는 반드시 마개를 닫아둘 것 2) 유. 소아의 손에 닿지 않는 곳에 보관할 것. 3) 고온 내지 저온의 장소 및 직사광선이 닿는 곳에는 보관하지 말 것.",본 상품의 품질보증 및 피해보상에 관한 사항은 관련 법률 및 공정거래 위원회 고시 [소비자분쟁해결기준]에 따릅니다.,토니모리 고객 상담실 080-356-2222,normal,토니모리,퍼펙트립스 쇼킹립 틴트 [08 로즈쇼킹],2101304,27442,
50 ml / 1.69 fl. oz.,상품상세참조,상품상세참조,스킨케어 마지막 단계에서 적당량을 취해 자외선이 노출되는 부위에 골고루 펴 발라줍니다.,코스맥스㈜,대한민국,해당있음,"정제수, 부틸렌글라이콜, 다이부틸아디페이트, 프로판다이올, 디에칠아미노하이드록시벤조일헥실벤조에이트, 다이아이소프로필세바케이트, 에칠헥실트리아존, 메칠렌비스-벤조트리아졸릴테트라메칠부틸페놀, 디에칠헥실부타미도트리아존, 코코-카프릴레이트/카프레이트, 실리카, 블루아가베잎추출물, 스핑고모나스발효추출물, 병풀추출물, 병풀잎추출물, 병풀뿌리추출물, 아이소도데케인, 1,2-헥산다이올, 펜틸렌글라이콜, 세테아릴올리베이트, 데실글루코사이드, 나일론-12, 솔비탄올리베이트, 트로메타민, C20-22알킬포스페이트, 팔미틱애씨드, 스테아릭애씨드, 다이메틸카프라마이드, 하이드록시아세토페논, 바이오사카라이드검-1, 소듐스테아로일글루타메이트, 글리세린, 메틸프로판다이올, 폴리아크릴레이트크로스폴리머-6, 폴리에터-1, 폴리아마이드-8, 소듐하이알루로네이트크로스폴리머, 마이크로크리스탈린셀룰로오스, 에틸헥실글리세린, 셀룰로오스검, 토코페롤, 카프릴릴글라이콜, 펜타에리스리틸테트라-다이-t-부틸하이드록시하이드로신나메이트, 마데카소사이드, 카보머, C20-22알코올, 잔탄검, 향료","1. 화장품 사용 시 또는 사용 후 직사광선에 의하여 사용부위가 붉은 반점, 부어오름 또는 가려움증 등의 이상 증상이나 부작용이 있는 경우에는 전문의 등과 상담할 것. 2. 상처가 있는 부위 등에는 사용을 자제할 것. 3. 보관 및 취급 시 주의사항 가) 어린이의 손이 닿지 않는 곳에 보관할 것. 나) 직사광선을 피해서 보관할 것.",본 상품의 품질보증 및 피해보상에 관한 사항은 관련 법률 및 공정거래 위원회 고시 [소비자분쟁해결기준]에 따릅니다.,토니모리 고객 상담실 080-356-2222,normal,토니모리,순한 블루아가베 수딩 선 젤 [SPF50+/PA++++],2097049,64617,
13g * 2 ea,모든 피부 타입,2027-04-07 까지,퍼프에 적당량의 내용물을 덜어 얼굴 전체에 가볍게 두드려 펴 발라줍니다.,(주)코스맥스/(주)토니모리,한국,해당있음,"[02 베이지] 정제수, 다이메티콘, 티타늄디옥사이드 (CI 77891), 글리세린, 아이소도데케인, 코코-카프릴레이트/카프레이트, 트라이메틸실록시실리케이트, 메틸트라이메티콘, 피이지-10다이메티콘, 나이아신아마이드, 1,2-헥산다이올, 실리카, 피이지/피피지-18/18다이메티콘, 황색산화철 (CI 77492), 다이메티콘크로스폴리머, 사과추출물, 동백나무꽃추출물, 소듐하이알루로네이트, 히비스커스꽃추출물, 다마스크장미꽃수, 다마스크장미꽃오일, 작약꽃추출물, 아크릴레이트/폴리트라이메틸실록시메타크릴레이트코폴리머, 카프릴릴메티콘, 다이스테아다이모늄헥토라이트, 옥틸도데칸올, 마그네슘설페이트, 폴리글리세릴-3폴리다이메틸실록시에틸다이메티콘, 합성플루오르플로고파이트, 알루미늄하이드록사이드, 스테아릭애씨드, 알루미나, 트라이에톡시카프릴릴실레인, 폴리글리세릴-4아이소스테아레이트, 헥토라이트, 라우로일라이신, 아이소프로필티타늄트라이아이소스테아레이트, 아데노신, 트라이소듐에틸렌다이아민다이석시네이트, 글리세릴베헤네이트/에이코사디오에이트, 부틸렌글라이콜, 판테놀, 펜틸렌글라이콜, 토코페롤, 프로판다이올, 소듐클로라이드, 에틸헥실글리세린, 소듐바이카보네이트, 칼슘클로라이드, 포타슘클로라이드, 향료, 적색산화철 (CI 77491), 흑색산화철 (CI 77499)","1. 화장품 사용 시 또는 사용 후 직사광선에 의하여 사용부위가 붉은 반점, 부어오름 또는 가려움증 등의 이상 증상이나 부작용이 있는 경우에는 전문의 등과 상담할 것. 2. 상처가 있는 부위 등에는 사용을 자제할 것. 3. 보관 및 취급 시 주의사항 가) 어린이의 손이 닿지 않는 곳에 보관할 것. 나) 직사광선을 피해서 보관할 것.",본 상품의 품질보증 및 피해보상에 관한 사항은 관련 법률 및 공정거래 위원회 고시 [소비자분쟁해결기준]에 따릅니다.,토니모리 고객 상담실 080-356-2222,normal,토니모리,스킨톤 픽싱 커버 쿠션 [SPF40/PA++] [02 베이지],2115811,71954,
13g * 2 ea,모든 피부 타입,상품상세참조,퍼프에 적당량의 내용물을 덜어 얼굴 전체에 가볍게 두드려 펴 발라줍니다.,(주)코스맥스/(주)토니모리,한국,해당있음,"[01 아이보리] 정제수, 다이메티콘, 티타늄디옥사이드 (CI 77891), 글리세린, 아이소도데케인, 코코-카프릴레이트/카프레이트, 트라이메틸실록시실리케이트, 메틸트라이메티콘, 피이지-10다이메티콘, 나이아신아마이드, 1,2-헥산다이올, 실리카, 피이지/피피지-18/18다이메티콘, 다이메티콘크로스폴리머, 사과추출물, 동백나무꽃추출물, 소듐하이알루로네이트, 히비스커스꽃추출물, 다마스크장미꽃수, 다마스크장미꽃오일, 작약꽃추출물, 아크릴레이트/폴리트라이메틸실록시메타크릴레이트코폴리머, 카프릴릴메티콘, 다이스테아다이모늄헥토라이트, 마그네슘설페이트, 옥틸도데칸올, 폴리글리세릴-3폴리다이메틸실록시에틸다이메티콘, 합성플루오르플로고파이트, 알루미늄하이드록사이드, 스테아릭애씨드, 알루미나, 트라이에톡시카프릴릴실레인, 폴리글리세릴-4아이소스테아레이트, 헥토라이트, 라우로일라이신, 아데노신, 아이소프로필티타늄트라이아이소스테아레이트, 트라이소듐에틸렌다이아민다이석시네이트, 글리세릴베헤네이트/에이코사디오에이트, 부틸렌글라이콜, 판테놀, 펜틸렌글라이콜, 토코페롤, 프로판다이올, 소듐클로라이드, 에틸헥실글리세린, 소듐바이카보네이트, 칼슘클로라이드, 포타슘클로라이드, 향료, 황색산화철 (CI 77492), 적색산화철 (CI 77491), 흑색산화철 (CI 77499)","1. 화장품 사용 시 또는 사용 후 직사광선에 의하여 사용부위가 붉은 반점, 부어오름 또는 가려움증 등의 이상 증상이나 부작용이 있는 경우에는 전문의 등과 상담할 것. 2. 상처가 있는 부위 등에는 사용을 자제할 것. 3. 보관 및 취급 시 주의사항 가) 어린이의 손이 닿지 않는 곳에 보관할 것. 나) 직사광선을 피해서 보관할 것.",본 상품의 품질보증 및 피해보상에 관한 사항은 관련 법률 및 공정거래 위원회 고시 [소비자분쟁해결기준]에 따릅니다.,토니모리 고객 상담실 080-356-2222,normal,토니모리,스킨톤 픽싱 커버 쿠션 [SPF40/PA++] [01 아이보리],2115810,71952,
5.3 g,모든 피부 타입,개봉 전 24개월 개봉 후 12개월 이내 사용 권장,적당량을 취하여 입술 안쪽부터 부드럽게 펴 발라 줍니다.,(주)씨앤씨인터내셔널/ (주)토니모리,한국,해당있음,"[04 무화과 시럽] 정제수, 다이아이소스테아릴말레이트, 다이페닐다이메티콘, 비스-다이글리세릴폴리아실아디페이트-2, 비스-베헤닐/아이소스테아릴/피토스테릴다이머다이리놀레일다이머다이리놀리에이트, 하이드로제네이티드폴리아이소부텐, 다이글리세린, 옥틸도데칸올, 다이프로필렌글라이콜, 세틸피이지/피피지-10/1다이메티콘, 솔비탄아이소스테아레이트, 폴리솔베이트60, 1,2-헥산다이올, 하이드록시에틸아크릴레이트/소듐아크릴로일다이메틸타우레이트코폴리머, 페녹시에탄올, 세테아레스-20, 티타늄디옥사이드, 스쿠알란, 향료, 에틸헥실글리세린, 황색5호, 적색227호, 황색4호, 알루미늄하이드록사이드, 암모늄폴리아크릴레이트, 부틸렌글라이콜, 청색1호, 아르간커넬오일, 코코넛야자오일, 호호바씨오일, 아보카도오일, 해바라기씨오일, 올리브오일, 판테놀, 펜타에리스리틸테트라-다이-t-부틸하이드록시하이드로신나메이트, 소듐하이알루로네이트, 하이드록시프로필트라이모늄하이알루로네이트, 소듐아세틸레이티드하이알루로네이트, 하이드롤라이즈드하이알루로닉애씨드, 하이알루로닉애씨드, 하이드롤라이즈드소듐하이알루로네이트, 소듐하이알루로네이트크로스폴리머, 포타슘하이알루로네이트, 세라마이드엔피","1. 화장품 사용 시 또는 사용 후 직사광선에 의하여 사용부위가 붉은 반점, 부어오름 또는 가려움증 등의 이상 증상이나 부작용이 있는 경우에는 전문의 등과 상담할 것. 2. 상처가 있는 부위 등에는 사용을 자제할 것. 3. 보관 및 취급 시 주의사항 가) 어린이의 손이 닿지 않는 곳에 보관할 것. 나) 직사광선을 피해서 보관할 것.",본 상품의 품질보증 및 피해보상에 관한 사항은 관련 법률 및 공정거래 위원회 고시 [소비자분쟁해결기준]에 따릅니다.,토니모리 고객 상담실 080-356-2222,normal,토니모리,겟잇 틴트 워터풀 시럽 [04 무화과시럽],2138263,76693,
150 ml / 5.07 fl. oz.,모든 피부 타입,"개봉 전 30개월, 개봉 후 12개월","세안 시 적당량을 취해 충분히 거품을 낸 다음, 얼굴에 마사지하듯 가볍게 손놀림 한 후 미온수로 깨끗하게 헹구어냅니다.",㈜제이앤제이코스텍,한국,해당있음,"정제수;미리스틱애씨드;글리세린;포타슘하이드록사이드;라우라마이드디이에이;라우릭애씨드;비즈왁스;스테아릭애씨드;코카미도프로필베타인;글리세릴스테아레이트;약모밀추출물;글라이콜다이스테아레이트;피이지-200;트라이하이드록시스테아린;피이지-100스테아레이트;폴리솔베이트20;페녹시에탄올;폴리쿼터늄-7;소듐클로라이드;에틸헥실글리세린;서양배추출물;다마스크장미꽃수;캐모마일꽃오일;서양측백나무잎오일;테트라소듐이디티에이;복숭아추출물;커먼자스민꽃수;로즈마리잎오일;판테놀;소듐벤조에이트;비터오렌지꽃추출물;멜론추출물;서양송악잎/줄기추출물;광곽향오일;하이드록시아세토페논;부틸렌글라이콜;1,2-헥산다이올;알란토인;글루코노락톤;토코페릴아세테이트;병풀추출물;병풀잎추출물;병풀뿌리추출물;버지니아풍년화추출물;흰버드나무껍질추출물;소듐하이알루로네이트;바실러스발효물;아시아틱애씨드;아시아티코사이드;마데카식애씨드;마데카소사이드","1. 화장품 사용 시 또는 사용 후 직사광선에 의하여 사용부위가 붉은 반점, 부어오름 또는 가려움증 등의 이상 증상이나 부작용이 있는 경우 전문의 등과 상담할 것. 2. 상처가 있는 부위 등에는 사용을 자제할 것. 3. 보관 및 취급 시의 주의사항 가) 어린이의 손이 닿지 않는 곳에 보관할 것. 나) 직사광선을 피해서 보관할 것.",본 상품의 품질보증 및 피해보상에 관한 사항은 관련 법률 및 공정거래 위원회 고시 [소비자분쟁해결기준]에 따릅니다.,080-356-2222,normal,토니모리,어성초시카 퀵 수딩 클렌징 폼,2097055,33241,
45ml,상품상세참조,개봉 후 12개월,스킨케어 마지막 단계에서 적당량을 취해 자외선이 노출되는 부위에 골고루 펴 발라 줍니다.,(주)한국콜마,대한민국,해당있음,"정제수, 사이클로펜타실록세인, 징크옥사이드, 티타늄디옥사이드, 글리세린, 다이메티콘, 다이카프릴릴카보네이트, 피이지-10다이메티콘, 다이스테아다이모늄헥토라이트, 쇠비름추출물, 알로에베라잎추출물, 접시꽃추출물, 부들레야추출물, 타임추출물, 마그네슘설페이트, 알루미늄하이드록사이드, 알루미늄스테아레이트, 다이메티콘/비닐다이메티콘크로스폴리머, 메티콘, 글리세릴카프릴레이트, 메틸메타크릴레이트크로스폴리머, 카프릴릴글라이콜, 솔비탄세스퀴올리에이트, 폴리글리세릴-6폴리리시놀리에이트, 향료, 시트로넬올, 벤질살리실레이트, 리날룰","1. 화장품 사용 시 또는 사용 후 직사광선에 의하여 사용부위가 붉은 반점, 부어오름 또는 가려움증 등의 이상 증상이나 부작용이 있는 경우 전문의 등과 상담할 것.2. 상처가 있는 부위 등에는 사용을 자제할 것. 3. 보관 및 취급 시의 주의사항 가) 어린이의 손이 닿지 않는 곳에 보관할 것. 나) 직사광선을 피해서 보관할 것.",본 상품의 품질보증 및 피해보상에 관한 사항은 관련 법률 및 공정거래 위원회 고시 [소비자분쟁해결기준]에 따릅니다.,토니모리 고객 상담실 080-356-2222,normal,토니모리,유브이 마스터 키즈앤맘 선크림 [SPF35/PA+++],1800717,64607,
,,,,,,,,,,,missing,토니모리,겟잇 틴트 워터풀 버터 [13 쿨로지],2086429,60646,
4g,상품상세참조,상품상세참조,내용물을 적당량 취해 입술 라인 안쪽으로 꼼꼼히 발라줍니다.,(주)코스맥스,대한민국,해당있음,"[12페어리쇼킹] 정제수, 옥틸도데칸올, 부틸렌글라이콜, 다이프로필렌글라이콜, 사과씨오일, 글리세린, 펜틸렌글라이콜, 베타인, 에틸셀룰로오스, 클로렐라 불가리스추출물, 해바라기씨오일, 퀸즈랜드넛오일, 올리브오일, 호호바씨오일, 포도씨오일, 빌베리씨오일, 폴리솔베이트60, 솔비탄스테아레이트, 폴리아크릴레이트크로스폴리머-6, 암모늄아크릴로일다이메틸타우레이트/브이피코폴리머, 하이드록시에틸아크릴레이트/소듐아크릴로일다이메틸타우레이트코폴리머, 글루코오스, 프룩토올리고사카라이드, 프룩토오스, 에틸헥실글리세린, 소듐다이라우미도글루타미드라이신, 트라이소듐에틸렌다이아민다이석시네이트, 알루미늄하이드록사이드, 암모늄폴리아크릴레이트, 1,2-헥산다이올, 수크로오스팔미테이트, 하이드로제네이티드레시틴, 세테아릴알코올, 페녹시에탄올, 향료, 벤질알코올, 신나밀알코올, 티타늄디옥사이드 (CI 77891), 적색104호의(1) (CI 45410), 황색4호 (CI 19140), 적색227호 (CI 17200), 청색1호 (CI 42090)","1. 화장품을 사용하여 다음과 같이 이상이 있을 경우에는 사용을 중지할 것이며, 계속 사용하면 증상을 악화시키므로 피부과 전문의 등에게 상담할 것. 1) 사용 중 붉은 반점, 부어오름, 가려움증, 자극 등의 이상이 있을 경우. 2) 적용부위가 직사광선에 의해 위와 같은 이상이 있을 경우 2. 상처가 있는 곳 또는 습진 및 피부염 등의 이상이 있는 부위에는 사용을 금할 것. 3. 보관 및 취급상의 주의사항 1) 사용 후에는 반드시 마개를 닫아둘 것 2) 유. 소아의 손에 닿지 않는 곳에 보관할 것. 3) 고온 내지 저온의 장소 및 직사광선이 닿는 곳에는 보관하지 말 것.",본 상품의 품질보증 및 피해보상에 관한 사항은 관련 법률 및 공정거래 위원회 고시 [소비자분쟁해결기준]에 따릅니다.,토니모리 고객 상담실 080-356-2222,normal,토니모리,퍼펙트립스 쇼킹립 틴트 [12 페어리쇼킹],2125865,69081,
4.3 g,상품상세참조,상품상세참조,내용물을 적당량 취해 입술 라인 안쪽으로 꼼꼼히 발라줍니다. 음-파 없이 컬러가 스며들듯 바르면 더욱 깔끔하게 컬러가 연출됩니다.,(주)코스맥스/(주)토니모리,대한민국,해당있음,"[08호 로지 모카] 정제수, 다이메티콘, 카프릴릴메티콘, 글리세린, 다이메티콘/비닐다이메티콘크로스폴리머, 펜틸렌글라이콜, 다이메티콘크로스폴리머, 소듐아크릴레이트크로스폴리머-2, 시어버터, 소듐하이알루로네이트, 1,2-헥산다이올, 세테아레스-20, 세틸피이지/피피지-10/1다이메티콘, 폴리글리세릴-10미리스테이트, 부틸렌글라이콜, 암모늄아크릴로일다이메틸타우레이트/브이피코폴리머, 글리세릴스테아레이트, 피이지-100스테아레이트, 다이페닐실록시페닐트라이메티콘, 폴리아크릴레이트-13, 폴리아이소부텐, 카프릴릭/카프릭트라이글리세라이드, 에틸헥실글리세린, 트라이소듐에틸렌다이아민다이석시네이트, 하이드로제네이티드레시틴, 폴리솔베이트20, 솔비탄아이소스테아레이트, 알지닌, 알루미늄하이드록사이드, 암모늄폴리아크릴레이트, 세라마이드엔피, 카보머, 페녹시에탄올, 벤질벤조에이트, 향료, 티타늄디옥사이드 (CI 77891), 황색5호 (CI 15985), 적색227호 (CI 17200), 황색4호 (CI 19140), 적색104호의(1) (CI 45410), 청색1호 (CI 42090)","1. 화장품 사용 시 또는 사용 후 직사광선에 의하여 사용부위가 붉은 반점, 부어오름 또는 가려움증 등의 이상 증상이나 부작용이 있는 경우 전문의 등과 상담할 것. 2. 상처가 있는 부위 등에는 사용을 자제할 것. 3. 보관 및 취급 시의 주의사항 가. 어린이의 손이 닿지 않는 곳에 보관할 것. 나. 직사광선을 피해서 보관할 것.",본 상품의 품질보증 및 피해보상에 관한 사항은 관련 법률 및 공정거래 위원회 고시 [소비자분쟁해결기준]에 따릅니다.,토니모리 고객 상담실 080-356-2222,normal,토니모리,겟잇 틴트 워터풀 버터 [08 로지모카],2067472,60632,
4.3 g,상품상세참조,상품상세참조,내용물을 적당량 취해 입술 라인 안쪽으로 꼼꼼히 발라줍니다. 음-파 없이 컬러가 스며들듯 바르면 더욱 깔끔하게 컬러가 연출됩니다.,(주)코스맥스,대한민국,해당있음,"[05 모브브루] 정제수, 다이메티콘, 카프릴릴메티콘, 글리세린, 다이메티콘/비닐다이메티콘크로스폴리머, 펜틸렌글라이콜, 다이메티콘크로스폴리머, 소듐아크릴레이트크로스폴리머-2, 시어버터, 소듐하이알루로네이트, 1,2-헥산다이올, 세테아레스-20, 세틸피이지/피피지-10/1다이메티콘, 폴리글리세릴-10미리스테이트, 부틸렌글라이콜, 암모늄아크릴로일다이메틸타우레이트/브이피코폴리머, 글리세릴스테아레이트, 피이지-100스테아레이트, 다이페닐실록시페닐트라이메티콘, 폴리아크릴레이트-13, 폴리아이소부텐 카프릴릭/카프릭트라이글리세라이드, 에틸헥실글리세린, 트라이소듐에틸렌다이아민다이석시네이트, 하이드로제네이티드레시틴, 폴리솔베이트20, 솔비탄아이소스테아레이트, 알루미늄하이드록사이드, 알지닌, 암모늄폴리아크릴레이트, 세라마이드엔피 카보머, 페녹시에탄올, 벤질벤조에이트, 향료, 티타늄디옥사이드 (CI 77891), 적색227호 (CI 17200), 황색4호 (CI 19140), 황색5호 (CI 15985), 적색104호의(1) (CI 45410), 청색1호 (CI 42090)","1. 화장품 사용 시 또는 사용 후 직사광선에 의하여 사용부위가 붉은 반점, 부어오름 또는 가려움증 등의 이상 증상이나 부작용이 있는 경우 전문의 등과 상담할 것. 2. 상처가 있는 부위 등에는 사용을 자제할 것. 3. 보관 및 취급 시의 주의사항 가. 어린이의 손이 닿지 않는 곳에 보관할 것. 나. 직사광선을 피해서 보관할 것.",본 상품의 품질보증 및 피해보상에 관한 사항은 관련 법률 및 공정거래 위원회 고시 [소비자분쟁해결기준]에 따릅니다.,080-356-2222,normal,토니모리,겟잇 틴트 워터풀 버터 [05 모브브루],2023422,60611,
60g,모든피부,개봉 전 24개월 개봉 후 12개월 이내 사용 권장,손에 적당량(100원 동전 크기)을 덜고 물기를 더하여 충분히 거품을 낸 후 얼굴 전체를 마사지하듯 부드럽게 문지르고 미온술로 깨끗이 헹궈줍니다. 파우더 제형의 경우 습기나 물기에 노출되면 눅눅해질 수 있으니 사용 후 뚜껑을 꼭 닫아서 보관해주세요.,(주)코스메카코리아,한국,해당있음,"옥수수전분, 소듐코코일이세티오네이트, 소듐라우로일글루타메이트, 소듐라우로일아스파테이트, 말토덱스트린, 쌀가루, 호두나무열매껍질가루, 알란토인, 파파인, 소듐메타바이설파이트, 프로테아제, 보리추출물, 돌콩추출물, 검은깨추출물, 쌀추출물, 1,2-헥산다이올","1) 화장품 사용 시 또는 사용 후 직사광선에 의하여 사용부위가 붉은 반점, 부어오름 또는 가려움증 등의 이상 증상이나 부작용이 있는 경우 전문의 등과 상담할 것. 2) 상처가 있는 부위 등에는 사용을 자제할 것. 3) 보관 및 취급 시의 주의사항 가) 어린이의 손이 닿지 않는 곳에 보관할 것. 나) 직사광선을 피해서 보관할 것. 4. 미세한 알갱이가 함유되어 있는 스크러브세안제 가) 알갱이가 눈에 들어갔을 때에는 물로 씻어내고 이상이 있는 경우에는 전문의와 상담할 것. 5. 사용 후에는 반드시 마개를 닫아둘 것.","본 상품에 이상이 있을 경우, 공정거래위원회 고시 “소비자분쟁해결기준”에 의해 보상해 드립니다.",080-356-2222,normal,토니모리,프롬해남 까만보리 효소 세안제,1860901,43774,
3.5 g / 0.12 oz.,상품상세참조,2027-07-21 까지,내장되어 있는 퍼프에 적당량을 취하여 볼 주위에 가볍게 두드려줍니다.,(주)한국콜마/(주)토니모리,한국,해당있음,"[06 버블핑크] 마이카,다이메티콘,다이카프릴릴카보네이트,티타늄디옥사이드,다이메티콘/비닐다이메티콘크로스폴리머,페닐트라이메티콘,하이드로제네이티드폴리데센,동백나무꽃추출물,연꽃꽃추출물,히비스커스꽃추출물,비타민나무열매오일,실리카,라우로일라이신,1,2-헥산다이올,알루미늄하이드록사이드,글리세릴카프릴레이트,카올린,토코페롤,정제수,스쿠알란,프로판다이올,부틸렌글라이콜,울트라마린,적색226호,적색202호,적색산화철,황색4호 ]","1. 화장품을 사용하여 다음과 같이 이상이 있을 경우에는 사용을 중지할 것이며, 계속 사용하면 증상을 악화시키므로 피부과 전문의 등에게 상담할 것. 1) 사용 중 붉은 반점, 부어오름, 가려움증, 자극 등의 이상이 있을 경우. 2) 적용부위가 직사광선에 의해 위와 같은 이상이 있을 경우 2. 상처가 있는 곳 또는 습진 및 피부염 등의 이상이 있는 부위에는 사용을 금할 것. 3. 보관 및 취급상의 주의사항 1) 사용 후에는 반드시 마개를 닫아둘 것 2) 유. 소아의 손에 닿지 않는 곳에 보관할 것. 3) 고온 내지 저온의 장소 및 직사광선이 닿는 곳에는 보관하지 말 것.",상품상세참조,토니모리 고객 상담실 080-356-2222,normal,토니모리,치크톤 젤리 블러셔 [06 버블핑크],2094552,62028,
50g,모든 피부 타입,"개봉 전 24개월, 개봉 후 12개월 이내 사용","적당량을 덜어 피부결을 따라 부드럽게 펴 발라 줍니다. 얼굴 이외에도 기미, 주근깨, 색소침착이 고민되는 부위에 집중적으로 발라줍니다.",(주)메가코스,한국,해당있음,"정제수, 글리세린, 다이프로필렌글라이콜, 나이아신아마이드(5 %), 페닐트라이메티콘, 카프릴릭/카프릭트라이글리세라이드, 알부틴(2 %), 세테아릴알코올, 시어버터, 폴리글리세릴-2스테아레이트, 부틸렌글라이콜, 글리세릴스테아레이트, 비사보롤, 스테아릴알코올, 세테아릴올리베이트, 솔비탄올리베이트, 비닐다이메티콘, 세틸알코올, 하이드록시아세토페논, 스쿠알란, 소듐폴리아크릴레이트, 에틸헥실스테아레이트, 세틸에틸헥사노에이트, 카보머, 하이드록시에틸아크릴레이트/소듐아크릴로일다이메틸타우레이트코폴리머, 트로메타민, 에틸헥실글리세린, 잔탄검, 네오펜틸글라이콜다이헵타노에이트, 폴리글리세릴-4올리에이트, 1,2-헥산다이올, 아데노신, 하이드로제네이티드포스파티딜콜린, 하이드로제네이티드레시틴, 서양배추출물, 폴리글리세릴-10미리스테이트, 다이소듐이디티에이, 트라이데세스-6, 인도멀구슬나무잎추출물, 캐모마일꽃오일, 다마스크장미꽃수, 달맞이꽃오일, 잇꽃씨오일, 서양측백나무잎오일, 인도멀구슬나무꽃추출물, 병풀추출물, 울금뿌리추출물, 팔미틱애씨드, 오리스뿌리추출물, 솔비탄아이소스테아레이트, 폴리솔베이트60, 스테아릭애씨드, 멜론추출물, 우엉뿌리추출물, 진흙버섯추출물, 서양송악잎/줄기추출물, 쇠비름추출물, 복숭아추출물, 세라마이드엔피, 비터오렌지꽃추출물, 마트리카리아꽃추출물, 체이스트트리추출물, 바닐라열매추출물, 레인보우랙추출물, 홀리바질잎추출물, 녹차추출물, 참산호말추출물, 폴리쿼터늄-51, 티옥틱애씨드, 트라넥사믹애씨드, 알파-알부틴","1. 화장품 사용 시 또는 사용 후 직사광선에 의하여 사용부위가 붉은 반점, 부어오름 또는 가려움증 등의 이상 증상이나 부작용이 있는 경우 전문의 등과 상담할 것 2. 상처가 있는 부위 등에는 사용을 자제할 것 3. 보관 및 취급 시의 주의사항 가) 어린이의 손이 닿지 않는 곳에 보관할 것 나) 직사광선을 피해서 보관할 것.",본 상품의 품질보증 및 피해보상에 관한 사항은 관련 법률 및 공정거래 위원회 고시 [소비자분쟁해결기준]에 따릅니다.,080-356-2222,normal,토니모리,기미야 미백 크림,1908341,47565,
10g,모든 피부 타입,"개봉 전 18개월, 개봉 후 12개월","스킨케어 마지막 단계에서 페이스부터 바디까지 건조한 부위에 골고루 발라준 후 가볍게 두드려 흡수시켜줍니다. *용기 하단의 다이얼을 돌려 5mm 정도 내용물을 올린 후, 얼굴 안쪽에서 바깥쪽으로 발라줍니다.",(주)메가코스,한국,해당있음,"카프릴릭/카프릭트라이글리세라이드;합성왁스;비닐다이메티콘/메티콘실세스퀴옥세인크로스폴리머;다이아이소스테아릴말레이트;검양옻나무열매왁스;마이카;쌀겨왁스;비스-다이글리세릴폴리아실아디페이트-2;하이드로제네이티드쌀겨오일;실리카;에틸렌/프로필렌코폴리머;다이프로필렌글라이콜;글리세린;알파-비사보롤;실리카다이메틸실릴레이트;정제수;해바라기씨오일;트라이에톡시카프릴릴실레인;하이드로제네이티드레시틴;폴리글리세릴-10올리에이트;데하이드로아세틱애씨드;아데노신;돌콩오일;아나토씨오일;토코페롤;부틸렌글라이콜;아스코빅애씨드;에칠아스코빌에텔;1,2-헥산다이올;하이드롤라이즈드콘키올린단백질;하이드롤라이즈드옥수수단백질;하이드롤라이즈드귀리단백질;하이드롤라이즈드콩단백질;하이드롤라이즈드밀단백질;리모넨;시트랄;리날룰;시트로넬올;향료","1. 화장품 사용 시 또는 사용 후 직사광선에 의하여 사용부위가 붉은 반점, 부어오름 또는 가려움증 등의 이상 증상이나 부작용이 있는 경우 전문의 등과 상담할 것. 2. 상처가 있는 부위 등에는 사용을 자제할 것. 3. 보관 및 취급 시의 주의사항 가. 어린이의 손이 닿지 않는 곳에 보관할 것. 나. 직사광선을 피해서 보관할 것. ※ 1. 고온 또는 저온의 장소 및 직사광선이 닿는 곳에 보관하지 마십시오. 사용 후에는 반드시 캡을 닫고 일광이 비치지 않는 서늘한 곳에 보관하십시오. 2. 제형 특성상 45 ℃ 이상의 고온, 저온 보관 시 내용물 수축, 스웨팅, 승하강 어려움 및 기타 성상 변화가 발생할 수 있으나 품질에는 문제가 없으므로 안심하고 사용하십시오. (15~30 ℃ 실온 보관을 권장)",본 상품의 품질보증 및 피해보상에 관한 사항은 관련 법률 및 공정거래 위원회 고시 [소비자분쟁해결기준]에 따릅니다.,080-356-2222,normal,토니모리,마스터랩 솔루션 멀티밤 [비타민씨],1999998,32937,
200ml,상품상세참조,상품상세참조,내용물을 적당량 덜어 피부 결을 따라 펴 바른 후 가볍게 두드려 흡수시켜 줍니다. (* 제품을 비스듬히 기울여 내용물을 덜어 사용하시면 더욱 편리합니다.),제품 별도 표기 / (주)토니모리,대한민국,해당있음,"정제수, 글리세린, 1,2-헥산다이올, 하이드로제네이티드폴리아이소부텐, 다이카프릴릴카보네이트, C14-22알코올, 프로판다이올, 녹차추출물(8,700 ppm), 사이클로펜타실록세인, 세틸알코올, 하이드록시에틸아크릴레이트/소듐아크릴로일다이메틸타우레이트코폴리머, 사이클로헥사실록세인, C12-20알킬글루코사이드, 암모늄아크릴로일다이메틸타우레이트/브이피코폴리머, 리날룰, 리모넨, 폴리솔베이트60, 솔비탄아이소스테아레이트, 다이소듐이디티에이, 레몬껍질오일, 향료, 시트랄, 에칠아스코빌에텔, 토코페롤","1. 화장품 사용 시 또는 사용 후 직사광선에 의하여 사용부위가 붉은 반점, 부어오름 또는 가려움증 등의 이상 증상이나 부작용이 있는 경우에는 전문의 등과 상담할 것. 2. 상처가 있는 부위 등에는 사용을 자제할 것. 3. 보관 및 취급 시 주의사항 가) 어린이의 손이 닿지 않는 곳에 보관할 것. 나) 직사광선을 피해서 보관할 것",본 상품의 품질보증 및 피해보상에 관한 사항은 관련 법률 및 공정거래 위원회 고시 [소비자분쟁해결기준]에 따릅니다.,토니모리 고객 상담실 080-356-2222,normal,토니모리,그린티 수분 로션,2166086,73625,
3.5 g,상품상세참조,2027-06-13 까지,내장되어 있는 퍼프에 적당량을 취하여 볼 주위에 가볍게 두드려줍니다. 제조자 및 제조판매업자	한국콜마(주),(주)한국콜마/(주)토니모리,한국,해당있음,"[08리본핑크] 마이카,다이메티콘,다이카프릴릴카보네이트,티타늄디옥사이드,다이메티콘/비닐다이메티콘크로스폴리머,폴리아이소부텐,페닐트라이메티콘,하이드로제네이티드폴리데센,라우로일라이신,동백나무꽃추출물,연꽃꽃추출물,히비스커스꽃추출물,비타민나무열매오일,알루미늄하이드록사이드,1,2-헥산다이올,글리세릴카프릴레이트,실리카,토코페롤,정제수,스쿠알란,프로판다이올,부틸렌글라이콜,적색226호,적색202호,황색4호","1. 화장품을 사용하여 다음과 같이 이상이 있을 경우에는 사용을 중지할 것이며, 계속 사용하면 증상을 악화시키므로 피부과 전문의 등에게 상담할 것. 1) 사용 중 붉은 반점, 부어오름, 가려움증, 자극 등의 이상이 있을 경우. 2) 적용부위가 직사광선에 의해 위와 같은 이상이 있을 경우 2. 상처가 있는 곳 또는 습진 및 피부염 등의 이상이 있는 부위에는 사용을 금할 것. 3. 보관 및 취급상의 주의사항 1) 사용 후에는 반드시 마개를 닫아둘 것 2) 유. 소아의 손에 닿지 않는 곳에 보관할 것. 3) 고온 내지 저온의 장소 및 직사광선이 닿는 곳에는 보관하지 말 것.",상품상세참조,토니모리 고객 상담실 080-356-2222,normal,토니모리,치크톤 젤리 블러셔 [08 리본핑크],2116337,69139,
15 g,모든 피부 타입,"개봉 전 24개월, 개봉 후 12개월",퍼프에 적당량의 내용물을 덜어 얼굴 전체에 가볍게 두드려 펴 발라줍니다.,㈜코스맥스,한국,해당있음,"정제수;CI 77891;사이클로펜타실록세인;에칠헥실메톡시신나메이트;에칠헥실살리실레이트;글리세린;페닐트라이메티콘;부틸렌글라이콜다이카프릴레이트/다이카프레이트;라우릴피이지-10트리스(트라이메틸실록시)실릴에틸다이메티콘;다이메티콘;다이아이소스테아릴말레이트;나이아신아마이드;합성플루오르플로고파이트;1,2-헥산다이올;CI 77492;클로렐라 불가리스추출물;황금추출물;감초뿌리추출물;왜당귀뿌리추출물;타임추출물;산수유열매추출물;녹용추출물;효모발효물;아크릴레이트/스테아릴아크릴레이트/다이메티콘메타크릴레이트코폴리머;세틸피이지/피피지-10/1다이메티콘;피토스테릴/아이소스테아릴/세틸/스테아릴/베헤닐다이머디리놀리에이트;다이스테아다이모늄헥토라이트;마그네슘설페이트;라우로일라이신;트라이메틸실록시실리케이트;다이메티콘크로스폴리머;알루미늄하이드록사이드;스테아릭애씨드;알루미나;트라이에톡시카프릴릴실레인;폴리하이드록시스테아릭애씨드;글루코오스;아이소도데케인;옥틸도데칸올;피이지-9폴리다이메틸실록시에틸다이메티콘;부틸렌글라이콜;프룩토올리고사카라이드;프룩토오스;에틸헥실팔미테이트;아이소프로필미리스테이트;아이소스테아릭애씨드;레시틴;아데노신;트라이소듐에틸렌다이아민다이석시네이트;폴리글리세릴-3폴리리시놀리에이트;폴리프로필실세스퀴옥세인;폴리글리세릴-4아이소스테아레이트;아이소프로필티타늄트라이아이소스테아레이트;에틸헥실글리세린;토코페롤;향료;리날룰;헥실신남알;시트로넬올;벤질살리실레이트;알파-아이소메틸아이오논;CI 77491;CI 77499","1. 화장품 사용 시 또는 사용 후 직사광선에 의하여 사용부위가 붉은 반점, 부어오름 또는 가려움증 등의 이상 증상이나 부작용이 있는 경우 전문의 등과 상담할 것. 2. 상처가 있는 부위 등에는 사용을 자제할 것. 3. 보관 및 취급 시의 주의사항 가) 어린이의 손이 닿지 않는 곳에 보관할 것. 나) 직사광선을 피해서 보관할 것.",본 상품의 품질보증 및 피해보상에 관한 사항은 관련 법률 및 공정거래 위원회 고시 [소비자분쟁해결기준]에 따릅니다.,080-356-2222,normal,토니모리,결 고운 세럼 쿠션 [SPF48/PA+++] [02 자연스러운빛],1981171,32128,
5.3 g,모든 피부 타입,개봉 전 24개월 개봉 후 12개월 이내 사용 권장,적당량을 취하여 입술 안쪽부터 부드럽게 펴 발라 줍니다.,(주)씨앤씨인터내셔널/ (주)토니모리,한국,해당있음,"[10 베리 시럽] 정제수, 다이아이소스테아릴말레이트, 다이페닐다이메티콘, 비스-다이글리세릴폴리아실아디페이트-2, 비스-베헤닐/아이소스테아릴/피토스테릴다이머다이리놀레일다이머다이리놀리에이트, 하이드로제네이티드폴리아이소부텐, 다이글리세린, 옥틸도데칸올, 다이프로필렌글라이콜, 세틸피이지/피피지-10/1다이메티콘, 솔비탄아이소스테아레이트, 폴리솔베이트60, 1,2-헥산다이올, 하이드록시에틸아크릴레이트/소듐아크릴로일다이메틸타우레이트코폴리머, 티타늄디옥사이드, 페녹시에탄올, 세테아레스-20, 스쿠알란, 향료, 에틸헥실글리세린, 적색227호, 황색5호, 알루미늄하이드록사이드, 암모늄폴리아크릴레이트, 황색4호, 부틸렌글라이콜, 청색1호, 아르간커넬오일, 코코넛야자오일, 호호바씨오일, 아보카도오일, 해바라기씨오일, 올리브오일, 판테놀, 펜타에리스리틸테트라-다이-t-부틸하이드록시하이드로신나메이트, 소듐하이알루로네이트, 하이드록시프로필트라이모늄하이알루로네이트, 소듐아세틸레이티드하이알루로네이트, 하이드롤라이즈드하이알루로닉애씨드, 하이알루로닉애씨드, 하이드롤라이즈드소듐하이알루로네이트, 소듐하이알루로네이트크로스폴리머, 포타슘하이알루로네이트, 세라마이드엔피","1. 화장품 사용 시 또는 사용 후 직사광선에 의하여 사용부위가 붉은 반점, 부어오름 또는 가려움증 등의 이상 증상이나 부작용이 있는 경우에는 전문의 등과 상담할 것. 2. 상처가 있는 부위 등에는 사용을 자제할 것. 3. 보관 및 취급 시 주의사항 가) 어린이의 손이 닿지 않는 곳에 보관할 것. 나) 직사광선을 피해서 보관할 것.",본 상품의 품질보증 및 피해보상에 관한 사항은 관련 법률 및 공정거래 위원회 고시 [소비자분쟁해결기준]에 따릅니다.,토니모리 고객 상담실 080-356-2222,normal,토니모리,겟잇 틴트 워터풀 시럽 [10 베리시럽],2138276,76696,
300ml,모든피부용,상품상세참조,기초 마지막 단계에서 적당량을 취해 얼굴 안쪽에서 바깥쪽으로 부드럽게 펴 바른 후 흡수시켜 줍니다.,주식회사 메가코스 / 토니모리,한국,해당있음,"정제수, 다이프로필렌글라이콜, 사이클로펜타실록세인, 글리세린, 사이클로헥사실록세인, 빙하수(7,400ppm), 다이메티콘, 베타인, 페녹시에탄올, 암모늄아크릴로일다이메틸타우레이트/브이피코폴리머, 아크릴레이트/C10-30알킬아크릴레이트크로스폴리머, 트로메타민, 자일리톨, 에틸헥실글리세린, 폴리아크릴레이트-13, 폴리아이소부텐, 다이소듐이디티에이, 하이드록시에틸아크릴레이트/소듐아크릴로일다이메틸타우레이트코폴리머, 잔탄검, 소듐하이알루로네이트, 솔비탄아이소스테아레이트, 폴리솔베이트20, 폴리솔베이트60, 청색1호, 밤부사 불가리스수, 페퍼민트잎수, 버지니아풍년화수, 벤질살리실레이트, 향료","1. 화장품을 사용하여 다음과 같은 이상이 있는 경우에는 사용을 중지하여야 하며, 계속 사용하면 증상이 악화되므로 피부과 전문의 등에게 상담할 것. 가. 사용중 붉은 반점, 부어오름, 가려움증, 자극등의 이상이 있는 경우. 나. 적용부위가 직사광선에 의하여 위와 같은 이상이 있는 경우. 2. 상처가 있는 부위, 습진 및 피부염등의 이상이 있는 부위에는 사용을 하지말 것. 3. 보관 및 취급시의 주의사항 가. 사용후에는 반드시 마개를 닫아둘 것. 나. 유아·소아의 손이 닿지 않는 곳에 보관할 것. 다. 고온 또는 저온의 장소 및 직사광선이 닿는 곳에는 보관하지 말 것.",본 상품의 품질보증 및 피해보상에 관한 사항은 관련 법률 및 공정거래 위원회 고시 [소비자분쟁해결기준]에 따릅니다.,토니모리 고객 상담실 080-356-2222,normal,토니모리,원더 아쿠아 수분 크림,2131662,68634,
4.8 g,상품상세참조,2027-03-24 까지,내장되어 있는 립 브러시를 사용하여 적당량을 묻혀 원하는 부위에 부드럽게 펴 발라줍니다.,(주)코코/(주)토니모리,대한민국,해당있음,"01버니핑크 [촉촉] 올레익/리놀레익/리놀레닉폴리글리세라이즈, 폴리글리세릴-2트라이아이소스테아레이트, 다이머다이리놀레일다이머다이리놀리에이트, 피토스테릴/이소스테아릴/세틸/스테아릴/베헤닐다이머디리놀리에이트, 카프릴릭/카프릭트라이글리세라이드, 세레신, 티타늄디옥사이드, 합성왁스, 폴리하이드록시스테아릭애씨드, 에틸렌/프로필렌코폴리머, 글리세릴카프릴레이트, 황색5호, 황색산화철, 적색202호, 에틸헥실글리세린, 레시틴, 적색산화철, 아이소프로필미리스테이트, 에틸헥실팔미테이트, 아이소스테아릭애씨드, 향료, 알루미늄하이드록사이드, 폴리글리세릴-3폴리리시놀리에이트, 흑색산화철, 다이아이소스테아릴말레이트, 아스코빅애씨드, 토코페릴아세테이트, 글리세린, 정제수, 부틸렌글라이콜, 실크아미노산, 1,2-헥산다이올, 팔미토일헥사펩타이드-12  [벨벳] 다이메티콘, 아이소트라이데실아이소노나노에이트, 메틸메타크릴레이트크로스폴리머, 티타늄디옥사이드, 실리카, 다이메티콘/비닐다이메티콘크로스폴리머, 폴리글리세릴-2트라이아이소스테아레이트, 세레신, 합성왁스, 마이카, 폴리하이드록시스테아릭애씨드, 에틸렌/프로필렌코폴리머, 황색5호, 글리세릴카프릴레이트, 황색산화철, 적색산화철, 적색202호, 알루미늄하이드록사이드, 에틸헥실글리세린, 다이아이소스테아릴말레이트, 흑색산화철, 레시틴, 메티콘, 아이소프로필미리스테이트, 에틸헥실팔미테이트, 아이소스테아릭애씨드, 향료, 폴리글리세릴-3폴리리시놀리에이트, 토코페릴아세테이트, 아스코빅애씨드, 글리세린, 정제수, 부틸렌글라이콜, 실크아미노산, 1,2-헥산다이올, 팔미토일헥사펩타이드-12","1. 화장품을 사용하여 다음과 같이 이상이 있을 경우에는 사용을 중지할 것이며, 계속 사용하면 증상을 악화시키므로 피부과 전문의 등에게 상담할 것. 1) 사용 중 붉은 반점, 부어오름, 가려움증, 자극 등의 이상이 있을 경우. 2) 적용부위가 직사광선에 의해 위와 같은 이상이 있을 경우 2. 상처가 있는 곳 또는 습진 및 피부염 등의 이상이 있는 부위에는 사용을 금할 것. 3. 보관 및 취급상의 주의사항 1) 사용 후에는 반드시 마개를 닫아둘 것 2) 유. 소아의 손에 닿지 않는 곳에 보관할 것. 3) 고온 내지 저온의 장소 및 직사광선이 닿는 곳에는 보관하지 말 것.",본 상품의 품질보증 및 피해보상에 관한 사항은 관련 법률 및 공정거래 위원회 고시 [소비자분쟁해결기준]에 따릅니다.,토니모리 고객 상담실 080-356-2222,normal,토니모리,치크톤 립앤치크 듀오밤 [01 버니핑크],2123716,69084,
50 ml / 1.69 fl. oz.,상품상세참조,상품상세참조,스킨케어 마지막 단계에서 적당량을 취해 자외선이 노출되는 부위에 골고루 펴 발라 줍니다.,㈜메가코스,대한민국,해당있음,"티타늄디옥사이드, 에칠헥실메톡시신나메이트, 4-메칠벤질리덴캠퍼, 부틸메톡시디벤조일메탄, 에칠헥실살리실레이트, 옥토크릴렌, 트로메타민, 페녹시에탄올, 페닐벤즈이미다졸설포닉애씨드, 호모살레이트, 벤질살리실레이트, 제라니올, 리모넨, 헥실신남알, 리날룰 [효능성분] 티타늄디옥사이드, 에칠헥실메톡시신나메이트, 4-메칠벤질리덴캠퍼, 부틸메톡시디벤조일메탄, 에칠헥실살리실레이트, 옥토크릴렌","1. 화장품 사용 시 또는 사용 후 직사광선에 의하여 사용부위가 붉은 반점, 부어오름 또는 가려움증 등의 이상 증상이나 부작용이 있는 경우에는 전문의 등과 상담할 것. 2. 상처가 있는 부위 등에는 사용을 자제할 것. 3. 보관 및 취급 시 주의사항 가) 어린이의 손이 닿지 않는 곳에 보관할 것. 나) 직사광선을 피해서 보관할 것.",본 상품의 품질보증 및 피해보상에 관한 사항은 관련 법률 및 공정거래 위원회 고시 [소비자분쟁해결기준]에 따릅니다.,토니모리 고객 상담실 080-356-2222,normal,토니모리,유브이 마스터 올인원 선 [SPF50+/PA+++],2050939,64611,
150 ml,모든 피부 타입,개봉 전 24개월 개봉 후 12개월 이내 사용,"세안 시 적당량을 취해 충분히 거품을 낸 다음, 얼굴에 마사지하듯 가볍게 손놀림 한 후 미온수로 깨끗하게 헹구어냅니다",㈜메가코스,대한민국,해당있음,"정제수, 글리세린, 소듐코코일이세티오네이트, 코코-베타인, 글리세릴스테아레이트, 스테아릴알코올, 코코넛애씨드, 소듐메틸코코일타우레이트, 소듐이세티오네이트, 포타슘코코일글리시네이트, 하이드록시프로필스타치포스페이트, 라우릴하이드록시설테인, 포타슘코코에이트, 하이드록시아세토페논, 라우릴글루코사이드, 레몬추출물(2,000 ppm), 녹차추출물(200 ppm), 소듐클로라이드, 로즈마리잎오일, 시트릭애씨드, 에틸헥실글리세린, 다이소듐이디티에이, 1,2-헥산다이올, 라벤더오일, 오렌지껍질오일, 리씨열매오일, 필리핀오렌지껍질오일, 베르가모트오일, 판테놀, 부틸렌글라이콜, 수레국화꽃추출물, 마트리카리아꽃/잎추출물, 보리지추출물, 히아신스전초추출물, 라벤더꽃수, 클레리추출물, 파파인, 리모넨, 시트랄, 리날룰","1. 화장품 사용 시 또는 사용 후 직사광선에 의하여 사용부위가 붉은 반점, 부어오름 또는 가려움증 등의 이상 증상이나 부작용이 있는 경우에는 전문의 등과 상담할 것. 2. 상처가 있는 부위 등에는 사용을 자제할 것. 3. 보관 및 취급 시 주의사항 가) 어린이의 손이 닿지 않는 곳에 보관할 것. 나) 직사광선을 피해서 보관할 것.   *천연 에센셜 오일이 함유되어 함유되어 보관 방법에 따라 향이 약해지거나 색상이 짙어질 수 있으나, 제품에는 이상이 없으므로 안심하고 사용하셔도 됩니다.",본 상품의 품질보증 및 피해보상에 관한 사항은 관련 법률 및 공정거래 위원회 고시 [소비자분쟁해결기준]에 따릅니다.,토니모리 고객 상담실 080-356-2222,normal,토니모리,더 촉촉 그린티 레몬 저자극 클렌징 폼,2096729,57020,
4g,상품상세참조,상품상세참조,내용물을 적당량 취해 입술 라인 안쪽으로 꼼꼼히 발라줍니다.,(주)코스맥스,대한민국,해당있음,"[07 번트로즈쇼킹] 정제수, 옥틸도데칸올, 부틸렌글라이콜, 다이프로필렌글라이콜, 사과씨오일, 글리세린, 펜틸렌글라이콜, 베타인, 에틸셀룰로오스, 클로렐라, 불가리스추출물, 해바라기씨오일, 퀸즈랜드넛오일, 올리브오일, 호호바씨오일, 포도씨오일, 빌베리씨오일, 폴리솔베이트60, 솔비탄스테아레이트, 폴리아크릴레이트크로스폴리머-6, 암모늄아크릴로일다이메틸타우레이트/브이피코폴리머, 하이드록시에틸아크릴레이트/소듐아크릴로일다이메틸타우레이트코폴리머, 글루코오스, 프룩토올리고사카라이드, 프룩토오스, 에틸헥실글리세린, 소듐다이라우미도글루타미드라이신, 트라이소듐에틸렌다이아민다이석시네이트, 알루미늄하이드록사이드, 암모늄폴리아크릴레이트, 1,2-헥산다이올, 수크로오스팔미테이트, 하이드로제네이티드레시틴, 세테아릴알코올, 페녹시에탄올, 향료, 벤질알코올, 신나밀알코올, 티타늄디옥사이드 (CI 77891), 적색227호 (CI 17200), 황색5호 (CI 15985), 황색4호 (CI 19140), 적색223호 (CI 45380), 청색1호 (CI 42090)","1. 화장품을 사용하여 다음과 같이 이상이 있을 경우에는 사용을 중지할 것이며, 계속 사용하면 증상을 악화시키므로 피부과 전문의 등에게 상담할 것. 1) 사용 중 붉은 반점, 부어오름, 가려움증, 자극 등의 이상이 있을 경우. 2) 적용부위가 직사광선에 의해 위와 같은 이상이 있을 경우 2. 상처가 있는 곳 또는 습진 및 피부염 등의 이상이 있는 부위에는 사용을 금할 것. 3. 보관 및 취급상의 주의사항 1) 사용 후에는 반드시 마개를 닫아둘 것 2) 유. 소아의 손에 닿지 않는 곳에 보관할 것. 3) 고온 내지 저온의 장소 및 직사광선이 닿는 곳에는 보관하지 말 것.",본 상품의 품질보증 및 피해보상에 관한 사항은 관련 법률 및 공정거래 위원회 고시 [소비자분쟁해결기준]에 따릅니다.,토니모리 고객 상담실 080-356-2222,normal,토니모리,퍼펙트립스 쇼킹립 틴트 [07 번트로즈쇼킹],2101315,27495,
3 g,모든 피부 타입,상품상세참조,입술 안쪽에서 바깥 쪽으로 부드럽게 펴 발라줍니다.,코스맥스,한국,해당있음,"[04 레드 핫] 정제수, 부틸렌글라이콜, 글리세린, 다이프로필렌글라이콜, 모란꽃수, 워터민트추출물, 알로에베라잎수, 암모늄아크릴로일다이메틸타우레이트/브이피코폴리머, 폴리아크릴레이트크로스폴리머-6, 다이메티콘, 피이지-60하이드로제네이티드캐스터오일, 레시틴, 스테비오사이드, 에틸헥실글리세린, 페녹시에탄올, 향료, 벤질살리실레이트, 리날룰, 등색205호 (CI 15510), 적색104호의(1) (CI 45410), 적색102호 (CI 16255)","1. 화장품 사용 시 또는 사용 후 직사광선에 의하여 사용부위가 붉은 반점, 부어오름 또는 가려움증 등의 이상 증상이나 부작용이 있는 경우 전문의 등과 상담할 것. 2. 상처가 있는 부위 등에는 사용을 자제할 것. 3. 보관 및 취급 시의 주의사항 가. 어린이의 손이 닿지 않는 곳에 보관할 것. 나. 직사광선을 피해서 보관할 것.",상품상세참조,080-356-2222,normal,토니모리,겟잇 틴트 컬러풀 워터 [04 레드핫],2056781,60661,
150ml,모든 피부,상품상세참조,"세안 시 손에 2-3번 펌핑하여 나온 거품을 얼굴 전체에 부드럽게 마사지해주고, 미온수로 깨끗하게 씻어냅니다.",제품 별도 표기 / (주)토니모리,대한민국,해당있음,"정제수, 글리세린, 포타슘코코일글리시네이트, 프로필렌글라이콜, 프로판다이올, 솔비톨, 다이소듐라우레스설포석시네이트, 코카미도프로필베타인, 코코-글루코사이드, 부틸렌글라이콜, 라우릴하이드록시설테인, 소듐클로라이드, 하이드록시아세토페논, 올리브오일글리세레스-8에스터, 향료, 에틸헥실글리세린, 다이소듐이디티에이, 소듐벤조에이트, 트로메타민, 스쿠알란, 카프릴로일살리실릭애씨드, 시트릭애씨드, 1,2-헥산다이올, 호호바씨오일, 소듐헤파린, 아줄렌 (0.01 ppb), 베타-시토스테롤","1. 화장품 사용 시 또는 사용 후 직사광선에 의하여 사용부위가 붉은 반점, 부어오름 또는 가려움증 등의 이상 증상이나 부작용이 있는 경우에는 전문의 등과 상담할 것. 2. 상처가 있는 부위 등에는 사용을 자제할 것. 3. 보관 및 취급 시 주의사항 가) 어린이의 손이 닿지 않는 곳에 보관할 것. 나) 직사광선을 피해서 보관할 것.",본 상품의 품질보증 및 피해보상에 관한 사항은 관련 법률 및 공정거래 위원회 고시 [소비자분쟁해결기준]에 따릅니다.,토니모리 고객 상담실 080-356-2222,normal,토니모리,아줄렌 안티 블레미쉬 버블 폼 클렌저,2166254,73809,
2g,해당 없음,"개봉 전 36개월, 개봉 후 24개월",1. 내장된 브러쉬를 이요하여 눈썹 결을 따라서 컬러를 믹싱하여 가볍게 발라줍니다. 2. 진한 컬러로 자연스럽게 그라데이션하여 눈썹 꼬리를 정리해줍니다.,코스맥스㈜,한국,해당있음,탤크;마이카;티타늄다이옥사이드;황색산화철;흑색산화철;나일론-12;실리카;적색산화철;네오펜틸글라이콜다이에틸헥사노에이트;페닐트라이메티콘;다이메티콘;다이아이소스테아릴말레이트;다이펜타에리스리틸헥사하이드록시스테아레이트/헥사스테아레이트/헥사로지네이트;옥틸도데실스테아로일스테아레이트;아이소스테아릴네오펜타노에이트;프로판다이올;마그네슘미리스테이트;폴리부텐;하이드로제네이티드레시틴;메티콘;토코페릴아세테이트;판테놀;소듐데하이드로아세테이트;탤크;마이카;흑색산화철;황색산화철;티타늄다이옥사이드;적색산화철;실리카;망가니즈바이올렛;네오펜틸글라이콜다이에틸헥사노에이트;나일론-12;페닐트라이메티콘;다이메티콘;다이아이소스테아릴말레이트;다이펜타에리스리틸헥사하이드록시스테아레이트/헥사스테아레이트/헥사로지네이트;옥틸도데실스테아로일스테아레이트;아이소스테아릴네오펜타노에이트;프로판다이올;마그네슘미리스테이트;폴리부텐;하이드로제네이티드레시틴;메티콘;토코페릴아세테이트;판테놀;소듐데하이드로아세테이트,"1. 본 제품을 사용하여 다음과 같은 이상이 있는 경우에는 사용을 중지하여야 하며, 계속 사용하면 증상을 악화시키므로 피부과 전문의 등에게 상담하여 주십시오. 가. 사용 중 붉은 반점, 부어 오름, 가려움증, 자극 등의 이상이 있는 경우 나. 적용부위가 직사광선에 의하여 위와 같은 이상이 있는 경우 2. 상처가 있는 부위, 습진 및 피부염 등의 이상이 있는 부위에는 사용을 중지하여 주십시오. 3. 보관 및 취급상의 주의사항 가. 사용 후에는 반드시 마개를 닫아 두십시오 나. 유ㆍ소아의 손이 닿지 아니하는 곳에 보관하십시오. 다. 고온 내지 저온의 장소 및 직사광선이 닿는 곳에는 보관하지 마십시오.",본 상품의 품질보증 및 피해보상에 관한 사항은 관련 법률 및 공정거래 위원회 고시 [소비자분쟁해결기준]에 따릅니다.,080-356-2222,normal,토니모리,이지터치 케익 아이브로우 [내추럴브라운],1712049,27391,
4g,상품상세참조,상품상세참조,내용물을 적당량 취해 입술 라인 안쪽으로 꼼꼼히 발라줍니다.,(주)코스맥스,대한민국,해당있음,"[S01오렌지쇼킹] 정제수, 옥틸도데칸올, 부틸렌글라이콜, 다이프로필렌글라이콜, 사과씨오일, 글리세린, 펜틸렌글라이콜, 베타인, 에틸셀룰로오스, 클로렐라 불가리스추출물, 해바라기씨오일, 퀸즈랜드넛오일, 올리브오일, 호호바씨오일, 포도씨오일, 빌베리씨오일, 폴리아크릴레이트크로스폴리머-6, 폴리솔베이트60, 솔비탄스테아레이트, 암모늄아크릴로일다이메틸타우레이트/브이피코폴리머, 하이드록시에틸아크릴레이트/소듐아크릴로일다이메틸타우레이트코폴리머, 글루코오스, 프룩토올리고사카라이드, 프룩토오스, 에틸헥실글리세린, 소듐다이라우미도글루타미드라이신, 트라이소듐에틸렌다이아민다이석시네이트, 알루미늄하이드록사이드, 암모늄폴리아크릴레이트, 1,2-헥산다이올, 수크로오스팔미테이트, 하이드로제네이티드레시틴, 세테아릴알코올, 페녹시에탄올, 향료, 벤질알코올, 신나밀알코올, 황색4호 (CI 19140), 황색5호 (CI 15985), 티타늄디옥사이드 (CI 77891), 적색223호 (CI 45380), 적색104호의(1) (CI 45410), 적색227호 (CI 17200)","1. 화장품을 사용하여 다음과 같이 이상이 있을 경우에는 사용을 중지할 것이며, 계속 사용하면 증상을 악화시키므로 피부과 전문의 등에게 상담할 것. 1) 사용 중 붉은 반점, 부어오름, 가려움증, 자극 등의 이상이 있을 경우. 2) 적용부위가 직사광선에 의해 위와 같은 이상이 있을 경우 2. 상처가 있는 곳 또는 습진 및 피부염 등의 이상이 있는 부위에는 사용을 금할 것. 3. 보관 및 취급상의 주의사항 1) 사용 후에는 반드시 마개를 닫아둘 것 2) 유. 소아의 손에 닿지 않는 곳에 보관할 것. 3) 고온 내지 저온의 장소 및 직사광선이 닿는 곳에는 보관하지 말 것.",본 상품의 품질보증 및 피해보상에 관한 사항은 관련 법률 및 공정거래 위원회 고시 [소비자분쟁해결기준]에 따릅니다.,토니모리 고객 상담실 080-356-2222,normal,토니모리,퍼펙트립스 쇼킹립 틴트 [S01 오렌지쇼킹],2117329,69082,
4g,상품상세참조,상품상세참조,내용물을 적당량 취해 입술 라인 안쪽으로 꼼꼼히 발라줍니다.,(주)코스맥스,대한민국,해당있음,"[04 핑크쇼킹] 정제수, 옥틸도데칸올, 부틸렌글라이콜, 다이프로필렌글라이콜, 사과씨오일, 글리세린, 펜틸렌글라이콜, 베타인, 에틸셀룰로오스, 클로렐라 불가리스추출물, 해바라기씨오일, 퀸즈랜드넛오일, 올리브오일, 호호바씨오일, 포도씨오일, 빌베리씨오일, 폴리솔베이트60, 솔비탄스테아레이트, 폴리아크릴레이트크로스폴리머-6, 암모늄아크릴로일다이메틸타우레이트/브이피코폴리머 ,하이드록시에틸아크릴레이트/소듐아크릴로일다이메틸타우레이트코폴리머, 글루코오스, 프룩토올리고사카라이드, 프룩토오스, 에틸헥실글리세린, 소듐다이라우미도글루타미드라이신, 트라이소듐에틸렌다이아민다이석시네이트, 1,2-헥산다이올, 수크로오스팔미테이트, 하이드로제네이티드레시틴, 세테아릴알코올, 페녹시에탄올, 향료, 벤질알코올, 신나밀알코올, 적색223호 (CI 45380), 적색104호의(1) (CI 45410), 적색227호 (CI 17200), 황색4호 (CI 19140)","1. 화장품을 사용하여 다음과 같이 이상이 있을 경우에는 사용을 중지할 것이며, 계속 사용하면 증상을 악화시키므로 피부과 전문의 등에게 상담할 것. 1) 사용 중 붉은 반점, 부어오름, 가려움증, 자극 등의 이상이 있을 경우. 2) 적용부위가 직사광선에 의해 위와 같은 이상이 있을 경우 2. 상처가 있는 곳 또는 습진 및 피부염 등의 이상이 있는 부위에는 사용을 금할 것. 3. 보관 및 취급상의 주의사항 1) 사용 후에는 반드시 마개를 닫아둘 것 2) 유. 소아의 손에 닿지 않는 곳에 보관할 것. 3) 고온 내지 저온의 장소 및 직사광선이 닿는 곳에는 보관하지 말 것.",본 상품의 품질보증 및 피해보상에 관한 사항은 관련 법률 및 공정거래 위원회 고시 [소비자분쟁해결기준]에 따릅니다.,토니모리 고객 상담실 080-356-2222,normal,토니모리,퍼펙트립스 쇼킹립 [04 핑크쇼킹],2101312,27431,
150ml,모든 피,상품상세참조,"세안 시 적당량을 손에 덜어 물과 함께 거품을 내 피부를 부드럽게 마사지해주고, 미온수로 깨끗하게 씻어냅니다.",제품 별도 표기 / (주)토니모리,대한민국,해당있음,"정제수, 글리세린, 미리스틱애씨드, 포타슘하이드록사이드, 스테아릭애씨드, 글리세릴스테아레이트에스이, 라우릭애씨드, 소듐메틸코코일타우레이트, 살리실릭애씨드, 솔비탄올리베이트, 포타슘코코일글리시네이트, 로즈마리잎오일, 카프릴릴글라이콜, 아크릴레이트/C10-30알킬아크릴레이트크로스폴리머, 포타슘코코에이트, 폴리쿼터늄-7, 다이소듐이디티에이, 티트리잎오일, 소듐벤조에이트, 부틸렌글라이콜, 카프릴로일살리실릭애씨드, 1,2-헥산다이올, 아줄렌(0.3 ppb), 베타-시토스테롤, 소듐헤파린","1. 화장품 사용 시 또는 사용 후 직사광선에 의하여 사용부위가 붉은 반점, 부어오름 또는 가려움증 등의 이상 증상이나 부작용이 있는 경우에는 전문의 등과 상담할 것. 2. 상처가 있는 부위 등에는 사용을 자제할 것. 3. 보관 및 취급 시 주의사항 가) 어린이의 손이 닿지 않는 곳에 보관할 것. 나) 직사광선을 피해서 보관할 것.",본 상품의 품질보증 및 피해보상에 관한 사항은 관련 법률 및 공정거래 위원회 고시 [소비자분쟁해결기준]에 따릅니다.,토니모리 고객 상담실 080-356-2222,normal,토니모리,아줄렌 안티 블레미쉬 아크네 폼 클렌저,2166253,73810,
4g,해당없음,상품상세참조,브러쉬에 적당량의 내용물을 취하여 눈 앞머리에서 꼬리 부분을 따라 라인을 그려줍니다.,㈜ 토니모리,한국,해당있음,트라이메틸실록시실리케이트;CI 77499;아이소도데케인;사이클로펜타실록세인;사이클로헥사실록세인;세레신;CI 77491;CI 77492;탤크;CI 77891;실리카실릴레이트;카프릴릴메티콘;퀸즈랜드넛오일;포도씨오일;트라이에톡시카프릴릴실레인;다이스테아다이모늄헥토라이트;폴리글리세릴-4아이소스테아레이트;프로필렌카보네이트;카프릴릴글라이콜;글리세릴카프릴레이트,"1. 화장품 사용 시 또는 사용 후 직사광선에 의하여 사용부위가 붉은 반점, 부어오름 또는 가려움증 등의 이상 증상이나 부작용이 있는 경우 전문의 등과 상담할 것 2. 상처가 있는 부위 등에는 사용을 자제할 것 3. 보관 및 취급 시의 주의사항 가) 어린이의 손이 닿지 않는 곳에 보관할 것 나) 직사광선을 피해서 보관할 것 4. 눈에 들어갔을 때에는 즉시 씻어낼 것",본 상품의 품질보증 및 피해보상에 관한 사항은 관련 법률 및 공정거래 위원회 고시 [소비자분쟁해결기준]에 따릅니다.,080-356-2222,normal,토니모리,백젤 아이라이너Z [02 브라운],1931481,30239,
4g,상품상세참조,상품상세참조,내용물을 적당량 취해 입술 라인 안쪽으로 꼼꼼히 발라줍니다.,(주)코스맥스/(주)토니모리,대한민국,해당있음,"[N18 베리진 쇼킹] 정제수, 옥틸도데칸올, 부틸렌글라이콜, 다이프로필렌글라이콜, 사과씨오일, 글리세린, 베타인, 펜틸렌글라이콜, 에틸셀룰로오스, 세테아릴알코올, 솔비탄스테아레이트, 폴리솔베이트60, 폴리아크릴레이트크로스폴리머-6, 페녹시에탄올, 1,2-헥산다이올, 암모늄아크릴로일다이메틸타우레이트/브이피코폴리머, 하이드록시에틸아크릴레이트/소듐아크릴로일다이메틸타우레이트코폴리머, 티타늄디옥사이드 (CI 77891), 글루코오스, 클로렐라 불가리스추출물, 적색227호 (CI 17200), 프룩토오스, 프룩토올리고사카라이드, 에틸헥실글리세린, 향료, 황색5호 (CI 15985), 적색104호의(1) (CI 45410), 황색4호 (CI 19140), 소듐다이라우미도글루타미드라이신, 트라이소듐에틸렌다이아민다이석시네이트, 알루미늄하이드록사이드, 암모늄폴리아크릴레이트, 청색1호 (CI 42090), 벤질알코올, 신나밀알코올, 해바라기씨오일, 수크로오스팔미테이트, 하이드로제네이티드레시틴, 올리브오일, 퀸즈랜드넛오일, 포도씨오일, 호호바씨오일, 빌베리씨오일","1. 화장품을 사용하여 다음과 같이 이상이 있을 경우에는 사용을 중지할 것이며, 계속 사용하면 증상을 악화시키므로 피부과 전문의 등에게 상담할 것. 1) 사용 중 붉은 반점, 부어오름, 가려움증, 자극 등의 이상이 있을 경우. 2) 적용부위가 직사광선에 의해 위와 같은 이상이 있을 경우 2. 상처가 있는 곳 또는 습진 및 피부염 등의 이상이 있는 부위에는 사용을 금할 것. 3. 보관 및 취급상의 주의사항 1) 사용 후에는 반드시 마개를 닫아둘 것 2) 유. 소아의 손에 닿지 않는 곳에 보관할 것. 3) 고온 내지 저온의 장소 및 직사광선이 닿는 곳에는 보관하지 말 것.",본 상품의 품질보증 및 피해보상에 관한 사항은 관련 법률 및 공정거래 위원회 고시 [소비자분쟁해결기준]에 따릅니다.,토니모리 고객 상담실 080-356-2222,normal,토니모리,주토피아 에디션 퍼펙트립스 쇼킹립 틴트 [N18 베리진 쇼킹],2177937,74951,
3.2 g,상품상세참조,2027-09-09 까지,내장되어 있는 퍼프에 적당량을 취하여 볼 주위에 가볍게 두드려줍니다.,(주)한국콜마,한국,해당있음,"[09 헤이즐 쿠키] 티타늄디옥사이드, 마이카, 폴리메틸실세스퀴옥세인, 헥실라우레이트, 실리카, 다이메티콘, 다이메티콘/비닐다이메티콘크로스폴리머, 다이아이소스테아릴말레이트, 페닐트라이메티콘, 황색산화철, 탤크, 카프릴릭/카프릭트라이글리세라이드, 울트라마린, 1,2-헥산다이올, 다이메티콘크로스폴리머, 흑색산화철, 적색산화철, 메티콘, 카프릴릴글라이콜, 트라이에톡시카프릴릴실레인, 알루미늄하이드록사이드, 벤질벤조에이트, 세테아릴알코올, 향료, 카카오씨버터, 코코넛야자오일, 토코페롤","1. 화장품을 사용하여 다음과 같이 이상이 있을 경우에는 사용을 중지할 것이며, 계속 사용하면 증상을 악화시키므로 피부과 전문의 등에게 상담할 것. 1) 사용 중 붉은 반점, 부어오름, 가려움증, 자극 등의 이상이 있을 경우. 2) 적용부위가 직사광선에 의해 위와 같은 이상이 있을 경우 2. 상처가 있는 곳 또는 습진 및 피부염 등의 이상이 있는 부위에는 사용을 금할 것. 3. 보관 및 취급상의 주의사항 1) 사용 후에는 반드시 마개를 닫아둘 것 2) 유. 소아의 손에 닿지 않는 곳에 보관할 것. 3) 고온 내지 저온의 장소 및 직사광선이 닿는 곳에는 보관하지 말 것.",상품상세참조,토니모리 고객 상담실 080-356-2222,normal,토니모리,치크톤 젤리 블러셔 [09 헤이즐쿠키],2120589,69140,
300ml,모든 피부,"개봉 전 30개월, 개봉 후 12개월",스킨케어 마지막 단계에서 내용물을 적당량 덜어 피부 결에 따라 골고루 펴 바른 후 가볍게 두드리듯이 흡수시켜줍니다.,(주)메가코스,한국,해당있음,"정제수;글리세린;다이글리세린;베헤닐알코올;에틸헥실팔미테이트;피토스테릴/옥틸도데실라우로일글루타메이트;부틸렌글라이콜;스테아릴알코올;다이메티콘;에틸헥실스테아레이트;폴리글리세릴-10라우레이트;1,2-헥산다이올;알로에베라잎추출물;만주자작나무수액;아사이팜열매추출물;보검선인장줄기추출물;세라마이드엔피;구아바잎추출물;소듐하이알루로네이트;병풀추출물;하이드로제네이티드레시틴;쇠비름추출물;체이스트트리추출물;마트리카리아꽃추출물;폴리글리세린-3;레몬껍질오일;로즈우드오일;잔탄검;소듐폴리아크릴레이트;트라이데세스-6;카보머;토코페롤;에틸헥실글리세린;다이소듐이디티에이;트로메타민;하이드록시아세토페논","1) 화장품 사용 시 또는 사용 후 직사광선에 의하여 사용부위가 붉은 반점, 부어오름 또는 가려움증 등의 이상 증상이나 부작용이 있는 경우 전문의 등과 상담할 것. 2) 상처가 있는 부위 등에는 사용을 자제할 것. 3) 보관 및 취급 시의 주의사항 가) 어린이의 손이 닿지 않는 곳에 보관할 것. 나) 직사광선을 피해서 보관할 것.",본 상품의 품질보증 및 피해보상에 관한 사항은 관련 법률 및 공정거래 위원회 고시 [소비자분쟁해결기준]에 따릅니다.,토니모리 고객 상담실 080-356-2222,normal,토니모리,원더 세라마이드 모찌 수분크림,2126903,27379,
4.3 g,상품상세참조,상품상세참조,내용물을 적당량 취해 입술 라인 안쪽으로 꼼꼼히 발라줍니다. 음-파 없이 컬러가 스며들듯 바르면 더욱 깔끔하게 컬러가 연출됩니다.,(주)코스맥스/(주)토니모리,대한민국,해당있음,"[25 라스트로지] 정제수,다이메티콘,카프릴릴메티콘,글리세린,다이메티콘/비닐다이메티콘크로스폴리머,펜틸렌글라이콜,다이메티콘크로스폴리머,소듐아크릴레이트크로스폴리머-2,시어버터,소듐하이알루로네이트,1,2-헥산다이올,세테아레스-20,세틸피이지/피피지-10/1다이메티콘,폴리글리세릴-10미리스테이트,부틸렌글라이콜,암모늄아크릴로일다이메틸타우레이트/브이피코폴리머,글리세릴스테아레이트,피이지-100스테아레이트,다이페닐실록시페닐트라이메티콘,폴리아크릴레이트-13,폴리아이소부텐,카프릴릭/카프릭트라이글리세라이드,에틸헥실글리세린,트라이소듐에틸렌다이아민다이석시네이트,하이드로제네이티드레시틴,폴리솔베이트20,솔비탄아이소스테아레이트,알루미늄하이드록사이드,암모늄폴리아크릴레이트,알지닌,세라마이드엔피,카보머,페녹시에탄올,벤질벤조에이트,향료,티타늄디옥사이드 (CI 77891),황색5호 (CI 15985),적색227호 (CI 17200),적색104호의(1) (CI 45410),청색1호 (CI 42090)","1. 화장품 사용 시 또는 사용 후 직사광선에 의하여 사용부위가 붉은 반점, 부어오름 또는 가려움증 등의 이상 증상이나 부작용이 있는 경우 전문의 등과 상담할 것. 2. 상처가 있는 부위 등에는 사용을 자제할 것. 3. 보관 및 취급 시의 주의사항 가. 어린이의 손이 닿지 않는 곳에 보관할 것. 나. 직사광선을 피해서 보관할 것.",본 상품의 품질보증 및 피해보상에 관한 사항은 관련 법률 및 공정거래 위원회 고시 [소비자분쟁해결기준]에 따릅니다.,토니모리 고객 상담실 080-356-2222,normal,토니모리,겟잇 틴트 워터풀 버터 [25 라스트로지],2135936,69712,
4g,상품상세참조,상품상세참조,내용물을 적당량 취해 입술 라인 안쪽으로 꼼꼼히 발라줍니다.,(주)코스맥스,대한민국,해당있음,"[10호 모브쇼킹] 정제수, 옥틸도데칸올, 부틸렌글라이콜, 다이프로필렌글라이콜, 사과씨오일, 글리세린, 펜틸렌글라이콜, 베타인, 에틸셀룰로오스, 클로렐라, 불가리스추출물, 해바라기씨오일, 퀸즈랜드넛오일, 올리브오일, 호호바씨오일, 포도씨오일, 빌베리씨오일, 폴리솔베이트60, 솔비탄스테아레이트, 폴리아크릴레이트크로스폴리머-6, 암모늄아크릴로일다이메틸타우레이트/브이피코폴리머, 하이드록시에틸아크릴레이트/소듐아크릴로일다이메틸타우레이트코폴리머, 글루코오스, 프룩토올리고사카라이드, 프룩토오스, 에틸헥실글리세린, 소듐다이라우미도글루타미드라이신, 알루미늄하이드록사이드, 암모늄폴리아크릴레이트, 트라이소듐에틸렌다이아민다이석시네이트, 1,2-헥산다이올, 수크로오스팔미테이트, 하이드로제네이티드레시틴, 세테아릴알코올, 페녹시에탄올, 향료, 벤질알코올, 신나밀알코올, 티타늄디옥사이드 (CI 77891), 적색227호 (CI 17200), 황색4호 (CI 19140), 청색1호 (CI 42090), 적색223호 (CI 45380)","1. 화장품을 사용하여 다음과 같이 이상이 있을 경우에는 사용을 중지할 것이며, 계속 사용하면 증상을 악화시키므로 피부과 전문의 등에게 상담할 것. 1) 사용 중 붉은 반점, 부어오름, 가려움증, 자극 등의 이상이 있을 경우. 2) 적용부위가 직사광선에 의해 위와 같은 이상이 있을 경우 2. 상처가 있는 곳 또는 습진 및 피부염 등의 이상이 있는 부위에는 사용을 금할 것. 3. 보관 및 취급상의 주의사항 1) 사용 후에는 반드시 마개를 닫아둘 것 2) 유. 소아의 손에 닿지 않는 곳에 보관할 것. 3) 고온 내지 저온의 장소 및 직사광선이 닿는 곳에는 보관하지 말 것.",본 상품의 품질보증 및 피해보상에 관한 사항은 관련 법률 및 공정거래 위원회 고시 [소비자분쟁해결기준]에 따릅니다.,토니모리 고객 상담실 080-356-2222,normal,토니모리,퍼펙트립스 쇼킹립 틴트 [10 모브쇼킹],2101307,57224,
10g,모든 피부 타입,"개봉 전 18개월, 개봉 후 12개월","스킨케어 마지막 단계에서 페이스부터 바디까지 건조한 부위에 골고루 발라준 후 가볍게 두드려 흡수시켜줍니다. *용기 하단의 다이얼을 돌려 5mm 정도 내용물을 올린 후, 얼굴 안쪽에서 바깥쪽으로 발라줍니다.",(주)메가코스,한국,해당있음,"해바라기씨오일;카프릴릭/카프릭트라이글리세라이드;펜타에리스리틸테트라아이소스테아레이트;칸데릴라왁스;시어버터;폴리글리세릴-2트라이아이소스테아레이트;다이프로필렌글라이콜;글리세린;알파-비사보롤;정제수;한련초추출물;카프릴릴글라이콜;하이드로제네이티드레시틴;폴리글리세릴-10올리에이트;아데노신;인도멀구슬나무잎추출물;드럼스틱씨오일;부틸렌글라이콜;하이드롤라이즈드콜라겐;1,2-헥산다이올;하이드롤라이즈드엘라스틴;하이드롤라이즈드귀리단백질;하이드롤라이즈드콩단백질;하이드롤라이즈드밀단백질;하이드롤라이즈드콘키올린단백질;하이드롤라이즈드옥수수단백질;향료","1. 화장품 사용 시 또는 사용 후 직사광선에 의하여 사용부위가 붉은 반점, 부어오름 또는 가려움증 등의 이상 증상이나 부작용이 있는 경우 전문의 등과 상담할 것. 2. 상처가 있는 부위 등에는 사용을 자제할 것. 3. 보관 및 취급 시의 주의사항 가. 어린이의 손이 닿지 않는 곳에 보관할 것. 나. 직사광선을 피해서 보관할 것. ※ 1. 고온 또는 저온의 장소 및 직사광선이 닿는 곳에 보관하지 마십시오. 사용 후에는 반드시 캡을 닫고 일광이 비치지 않는 서늘한 곳에 보관하십시오. 2. 제형 특성상 45 ℃ 이상의 고온, 저온 보관 시 내용물 수축, 스웨팅, 승하강 어려움 및 기타 성상 변화가 발생할 수 있으나 품질에는 문제가 없으므로 안심하고 사용하십시오. (15~30 ℃ 실온 보관을 권장)",본 상품의 품질보증 및 피해보상에 관한 사항은 관련 법률 및 공정거래 위원회 고시 [소비자분쟁해결기준]에 따릅니다.,080-356-2222,normal,토니모리,마스터랩 솔루션 멀티밤 [콜라겐],1999997,32936,
4.3 g,상품상세참조,상품상세참조,내용물을 적당량 취해 입술 라인 안쪽으로 꼼꼼히 발라줍니다. 음-파 없이 컬러가 스며들듯 바르면 더욱 깔끔하게 컬러가 연출됩니다.,(주)코스맥스/(주)토니모리,대한민국,해당있음,"[02 너티크림] 정제수, 다이메티콘, 카프릴릴메티콘, 글리세린, 다이메티콘/비닐다이메티콘크로스폴리머, 펜틸렌글라이콜, 다이메티콘크로스폴리머, 소듐아크릴레이트크로스폴리머-2, 시어버터, 소듐하이알루로네이트, 1,2-헥산다이올, 세테아레스-20, 세틸피이지/피피지-10/1다이메티콘, 폴리글리세릴-10미리스테이트, 부틸렌글라이콜, 암모늄아크릴로일다이메틸타우레이트/브이피코폴리머, 글리세릴스테아레이트, 피이지-100스테아레이트, 다이페닐실록시페닐트라이메티콘, 폴리아크릴레이트-13, 폴리아이소부텐, 카프릴릭/카프릭트라이글리세라이드, 에틸헥실글리세린, 트라이소듐에틸렌다이아민다이석시네이트, 하이드로제네이티드레시틴, 폴리솔베이트20, 알루미늄하이드록사이드, 솔비탄아이소스테아레이트, 암모늄폴리아크릴레이트, 알지닌, 세라마이드엔피 카보머, 페녹시에탄올, 벤질벤조에이트, 향료, 티타늄디옥사이드 (CI 77891), 황색5호 (CI 15985), 적색227호 (CI 17200), 황색4호 (CI 19140), 적색104호의(1) (CI 45410), 청색1호 (CI 42090)","1. 화장품 사용 시 또는 사용 후 직사광선에 의하여 사용부위가 붉은 반점, 부어오름 또는 가려움증 등의 이상 증상이나 부작용이 있는 경우 전문의 등과 상담할 것. 2. 상처가 있는 부위 등에는 사용을 자제할 것. 3. 보관 및 취급 시의 주의사항 가. 어린이의 손이 닿지 않는 곳에 보관할 것. 나. 직사광선을 피해서 보관할 것.",본 상품의 품질보증 및 피해보상에 관한 사항은 관련 법률 및 공정거래 위원회 고시 [소비자분쟁해결기준]에 따릅니다.,토니모리 고객 상담실 080-356-2222,normal,토니모리,겟잇 틴트 워터풀 버터 [02 너티크림],2023416,60607,
30 ml,상품상세참조,상품상세참조,세안 후 내용물을 적당량 덜어 눈가와 입가를 피해 피부 결을 따라 부드럽게 펴 발라줍니다.,대한민국,메가코스,해당있음,"[이지에프 스피큘 토닝 앰플] 정제수, 글리세린, 나이아신아마이드, 다이메티콘, 사이클로펜타실록세인, 카프릴릭/카프릭트라이글리세라이드, 부틸렌글라이콜, 사이클로헥사실록세인, 글라이코실트레할로오스, 세테아릴알코올, C14-22알코올, 아크릴레이트/C10-30알킬아크릴레이트크로스폴리머, 트로메타민, 하이드록시아세토페논, 글리세릴스테아레이트, 하이드로제네이티드스타치하이드롤리세이트, 폴리솔베이트80, 카프릴릴글라이콜, 알란토인, C12-20알킬글루코사이드, 하이드롤라이즈드해면(0.07%), 에틸헥실글리세린, 아데노신, 잔탄검, 1,2-헥산다이올, 하이드롤라이즈드콜라겐, 병풀추출물, 병풀잎추출물, 병풀뿌리추출물, 아시아틱애씨드, 아시아티코사이드, 에스에이치-올리고펩타이드-1(1 ppb), 에스에이치-올리고펩타이드-2(1 ppb), 에스에이치-폴리펩타이드-1(1 ppb), 에스에이치-폴리펩타이드-22(1 ppb), 에스에이치-폴리펩타이드-3(1 ppb), 마데카식애씨드, 마데카소사이드, 향료","1. 화장품 사용 시 또는 사용 후 직사광선에 의하여 사용부위가 붉은 반점, 부어오름 또는 가려움증 등의 이상 증상이나 부작용이 있는 경우에는 전문의 등과 상담할 것. 2. 상처가 있는 부위 등에는 사용을 자제할 것. 3. 보관 및 취급 시 주의사항 가) 어린이의 손이 닿지 않는 곳에 보관할 것. 나) 직사광선을 피해서 보관할 것. 화장품제조업자: ㈜메가코스 경기 화성 마도 청원산단5길 37 * 입술에 닿거나 눈 안에 들어가지 않도록 유의해서 사용할 것. * 스피큘이 함유되어 따가움이 느껴질 수 있으며, 피부 컨디션 등에 따라 따끔함에 편차가 있을 수 있음. * 디바이스 병행 사용 & 피부과 시술 직후 & 스크럽 직후 사용을 피할 것.",본 상품의 품질보증 및 피해보상에 관한 사항은 관련 법률 및 공정거래 위원회 고시 [소비자분쟁해결기준]에 따릅니다.,토니모리 고객 상담실 080-356-2222,normal,토니모리,스피큘 앰플 [이지에프토닝],2107183,64442,
4.8 g,상품상세참조,2027-03-27 까지,내장되어 있는 립 브러시를 사용하여 적당량을 묻혀 원하는 부위에 부드럽게 펴 발라줍니다.,(주)코코/(주)토니모리,대한민국,해당있음,"13마리핑크빔 [촉촉] 펜타에리스리틸테트라아이소스테아레이트, 피토스테릴/이소스테아릴/세틸/스테아릴/베헤닐다이머디리놀리에이트, 폴리글리세릴-2트라이아이소스테아레이트, 카프릴릭/카프릭트라이글리세라이드, 아이소노닐아이소노나노에이트, 마이카, 티타늄디옥사이드, 합성플루오르플로고파이트, 아이소트라이데실아이소노나노에이트, 세레신, 합성왁스, 적색산화철, 마이크로크리스탈린왁스, 에틸렌/프로필렌코폴리머, 글리세릴카프릴레이트, 에틸헥실글리세린, 향료, 틴옥사이드, 카민, 토코페릴아세테이트, 아스코빅애씨드, 글리세린, 정제수, 부틸렌글라이콜, 실크아미노산, 1,2-헥산다이올, 팔미토일헥사펩타이드-12  [벨벳] 다이메티콘, 아이소트라이데실아이소노나노에이트, 메틸메타크릴레이트크로스폴리머, 티타늄디옥사이드, 실리카, 다이메티콘/비닐다이메티콘크로스폴리머, 폴리글리세릴-2트라이아이소스테아레이트, 세레신, 합성왁스, 마이카, 폴리하이드록시스테아릭애씨드, 에틸렌/프로필렌코폴리머, 글리세릴카프릴레이트, 알루미늄하이드록사이드, 적색산화철, 레시틴, 에틸헥실글리세린, 메티콘, 아이소프로필미리스테이트, 에틸헥실팔미테이트, 아이소스테아릭애씨드, 향료, 황색5호, 폴리글리세릴-3폴리리시놀리에이트, 적색202호, 토코페릴아세테이트, 아스코빅애씨드, 글리세린, 정제수, 부틸렌글라이콜, 실크아미노산, 1,2-헥산다이올, 팔미토일헥사펩타이드-12","1. 화장품을 사용하여 다음과 같이 이상이 있을 경우에는 사용을 중지할 것이며, 계속 사용하면 증상을 악화시키므로 피부과 전문의 등에게 상담할 것. 1) 사용 중 붉은 반점, 부어오름, 가려움증, 자극 등의 이상이 있을 경우. 2) 적용부위가 직사광선에 의해 위와 같은 이상이 있을 경우 2. 상처가 있는 곳 또는 습진 및 피부염 등의 이상이 있는 부위에는 사용을 금할 것. 3. 보관 및 취급상의 주의사항 1) 사용 후에는 반드시 마개를 닫아둘 것 2) 유. 소아의 손에 닿지 않는 곳에 보관할 것. 3) 고온 내지 저온의 장소 및 직사광선이 닿는 곳에는 보관하지 말 것.",본 상품의 품질보증 및 피해보상에 관한 사항은 관련 법률 및 공정거래 위원회 고시 [소비자분쟁해결기준]에 따릅니다.,토니모리 고객 상담실 080-356-2222,normal,토니모리,디즈니 마리 콜라보 치크톤 립앤치크 듀오밤 [13 마리핑크빔],2145532,71612,
5.3 g,모든 피부 타입,개봉 전 24개월 개봉 후 12개월 이내 사용 권장,적당량을 취하여 입술 안쪽부터 부드럽게 펴 발라 줍니다.,(주)씨앤씨인터내셔널/ (주)토니모리,한국,해당있음,"[12 탱글 포도 시럽] 정제수, 다이아이소스테아릴말레이트, 다이페닐다이메티콘, 비스-다이글리세릴폴리아실아디페이트-2, 비스-베헤닐/아이소스테아릴/피토스테릴다이머다이리놀레일다이머다이리놀리에이트, 하이드로제네이티드폴리아이소부텐, 다이글리세린, 옥틸도데칸올, 다이프로필렌글라이콜, 세틸피이지/피피지-10/1다이메티콘, 솔비탄아이소스테아레이트, 폴리솔베이트60, 1,2-헥산다이올, 하이드록시에틸아크릴레이트/소듐아크릴로일다이메틸타우레이트코폴리머, 페녹시에탄올, 세테아레스-20, 스쿠알란, 티타늄디옥사이드, 향료, 에틸헥실글리세린, 적색227호, 황색5호, 황색4호, 적색104호의(1), 알루미늄하이드록사이드, 암모늄폴리아크릴레이트, 청색1호, 부틸렌글라이콜, 아르간커넬오일, 코코넛야자오일, 아보카도오일, 해바라기씨오일, 올리브오일, 판테놀, 호호바씨오일, 펜타에리스리틸테트라-다이-t-부틸하이드록시하이드로신나메이트, 소듐하이알루로네이트, 하이드록시프로필트라이모늄하이알루로네이트, 소듐아세틸레이티드하이알루로네이트, 하이드롤라이즈드하이알루로닉애씨드, 하이알루로닉애씨드, 소듐하이알루로네이트크로스폴리머, 하이드롤라이즈드소듐하이알루로네이트, 포타슘하이알루로네이트, 세라마이드엔피","1. 화장품 사용 시 또는 사용 후 직사광선에 의하여 사용부위가 붉은 반점, 부어오름 또는 가려움증 등의 이상 증상이나 부작용이 있는 경우에는 전문의 등과 상담할 것. 2. 상처가 있는 부위 등에는 사용을 자제할 것. 3. 보관 및 취급 시 주의사항 가) 어린이의 손이 닿지 않는 곳에 보관할 것. 나) 직사광선을 피해서 보관할 것.",본 상품의 품질보증 및 피해보상에 관한 사항은 관련 법률 및 공정거래 위원회 고시 [소비자분쟁해결기준]에 따릅니다.,토니모리 고객 상담실 080-356-2222,normal,토니모리,주토피아 에디션 겟잇 틴트 워터풀 시럽 [12 탱글 포도 시럽],2170182,76697,
5.3 g,모든 피부 타입,개봉 전 24개월 개봉 후 12개월 이내 사용 권장,적당량을 취하여 입술 안쪽부터 부드럽게 펴 발라 줍니다.,(주)씨앤씨인터내셔널/ (주)토니모리,한국,해당있음,"[08 그레이프 시럽] 정제수, 다이아이소스테아릴말레이트, 다이페닐다이메티콘, 비스-다이글리세릴폴리아실아디페이트-2, 비스-베헤닐/아이소스테아릴/피토스테릴다이머다이리놀레일다이머다이리놀리에이트, 하이드로제네이티드폴리아이소부텐, 다이글리세린, 옥틸도데칸올, 다이프로필렌글라이콜, 세틸피이지/피피지-10/1다이메티콘, 솔비탄아이소스테아레이트, 폴리솔베이트60, 1,2-헥산다이올, 하이드록시에틸아크릴레이트/소듐아크릴로일다이메틸타우레이트코폴리머, 페녹시에탄올, 세테아레스-20, 스쿠알란, 티타늄디옥사이드, 향료, 에틸헥실글리세린, 적색227호, 황색5호, 황색4호, 알루미늄하이드록사이드, 암모늄폴리아크릴레이트, 청색1호, 부틸렌글라이콜, 아르간커넬오일, 코코넛야자오일, 호호바씨오일, 아보카도오일, 해바라기씨오일, 올리브오일, 판테놀, 펜타에리스리틸테트라-다이-t-부틸하이드록시하이드로신나메이트, 소듐하이알루로네이트, 하이드록시프로필트라이모늄하이알루로네이트, 소듐아세틸레이티드하이알루로네이트, 하이드롤라이즈드하이알루로닉애씨드, 하이알루로닉애씨드, 하이드롤라이즈드소듐하이알루로네이트, 소듐하이알루로네이트크로스폴리머, 포타슘하이알루로네이트, 세라마이드엔피","1. 화장품 사용 시 또는 사용 후 직사광선에 의하여 사용부위가 붉은 반점, 부어오름 또는 가려움증 등의 이상 증상이나 부작용이 있는 경우에는 전문의 등과 상담할 것. 2. 상처가 있는 부위 등에는 사용을 자제할 것. 3. 보관 및 취급 시 주의사항 가) 어린이의 손이 닿지 않는 곳에 보관할 것. 나) 직사광선을 피해서 보관할 것.",본 상품의 품질보증 및 피해보상에 관한 사항은 관련 법률 및 공정거래 위원회 고시 [소비자분쟁해결기준]에 따릅니다.,토니모리 고객 상담실 080-356-2222,normal,토니모리,겟잇 틴트 워터풀 시럽 [08 그레이프시럽],2138272,76695,
20 g / 0.70 oz.,상품상세참조,상품상세참조,스킨케어 마지막 단계에서 적당량을 취해 자외선이 노출되는 부위(얼굴 & 바디)에 골고루 펴 발라 줍니다.,㈜메가코스,한국,해당있음,"다이메티콘, 비닐다이메티콘/메티콘실세스퀴옥세인크로스폴리머, 합성왁스, 에틸헥실팔미테이트, 다이페닐실록시페닐트라이메티콘, 호모살레이트, 옥토크릴렌, 에칠헥실살리실레이트, 부틸메톡시디벤조일메탄, 에칠헥실메톡시신나메이트, 폴리실리콘-15, 비스-에칠헥실옥시페놀메톡시페닐트리아진, 마이크로크리스탈린왁스, 폴리C10-30알킬아크릴레이트, 벤조트라이아졸릴도데실p-크레솔, 카프릴릴글라이콜, 토코페릴아세테이트, 한련초추출물, 인도멀구슬나무잎추출물, 드럼스틱씨오일, 비에이치티, 칼라민, 엑토인, 판테놀, 포도주추출물, 글리세린, 하이드록시프로필사이클로덱스트린, 정제수, 1,2-헥산다이올, 7-데하이드로콜레스테롤, 에틸헥실글리세린, 포도씨추출물, 레스베라트롤, 벤질살리실레이트, 제라니올, 헥실신남알, 리모넨, 리날룰, 향료","1. 화장품 사용 시 또는 사용 후 직사광선에 의하여 사용부위가 붉은 반점, 부어오름 또는 가려움증 등의 이상 증상이나 부작용이 있는 경우에는 전문의 등과 상담할 것. 2. 상처가 있는 부위 등에는 사용을 자제할 것. 3. 보관 및 취급 시 주의사항 가) 어린이의 손이 닿지 않는 곳에 보관할 것. 나) 직사광선을 피해서 보관할 것.",본 상품의 품질보증 및 피해보상에 관한 사항은 관련 법률 및 공정거래 위원회 고시 [소비자분쟁해결기준]에 따릅니다.,토니모리 고객 상담실 080-356-2222,normal,토니모리,유브이 마스터 에어리 선스틱 [SPF50+/PA++++],2003065,64619,
0.7g,모든 피부 타입,"개봉 전 24개월, 개봉 후 6개월","내장된 브러쉬를 이용하여 애교살 라인을 따라 부드럽게 그려줍니다. 쌍커플 라인이 짧은 경우, 가볍게 라인을 덧그려 연장하여 줍니다.",화성코스메틱,한국,해당있음,"정제수;부틸렌글라이콜;펜틸렌글라이콜;아크릴레이트코폴리머;폴리솔베이트20;페녹시에탄올;변성알코올;소듐데하이드로아세테이트;글리세린;캐모마일꽃추출물;1,2-헥산다이올;알로에베라잎추출물;황색4호;적색227호;청색1호","1. 화장품 사용 시 또는 사용 후 직사광선에 의하여 사용부위가 붉은 반점, 부어오름 또는 가려움증 등의 이상 증상이나 부작용이 있는 경우 전문의 등과 상담할 것. 2. 상처가 있는 부위 등에는 사용을 자제할 것. 3. 보관 및 취급 시의 주의사항 가) 어린이의 손이 닿지 않는 곳에 보관할 것. 나) 직사광선을 피해서 보관할 것.",본 상품의 품질보증 및 피해보상에 관한 사항은 관련 법률 및 공정거래 위원회 고시 [소비자분쟁해결기준]에 따릅니다.,080-356-2222,normal,토니모리,애교 빔 소프트 라이너 [01밀크브라운],1995640,31712,
50ml,상품상세참조,상품상세참조,내용물을 적당량 덜어 피부 결을 따라 펴 바른 후 가볍게 두드려 흡수시켜 줍니다.,제품 별도 표기 / (주)토니모리,대한민국,해당있음,"정제수, 메틸프로판다이올, 사이클로펜타실록세인, 1,2-헥산다이올, 피피지-14부틸에터, 에탄올, 하이드로제네이티드에틸헥실올리베이트, 사이클로헥사실록세인, 폴리글리세릴-3메틸글루코오스다이스테아레이트, 녹차추출물(8,100 ppm), 다이메티콘/비닐다이메티콘크로스폴리머, 하이드록시에틸아크릴레이트/소듐아크릴로일다이메틸타우레이트코폴리머, 암모늄아크릴로일다이메틸타우레이트/브이피코폴리머, 아크릴레이트/C10-30알킬아크릴레이트크로스폴리머, 하이드로제네이티드올리브오일불검화물, 트로메타민, 리날룰, 리모넨, 폴리솔베이트60, 솔비탄아이소스테아레이트, 다이소듐이디티에이, 레몬껍질오일, 향료, 에칠아스코빌에텔","1. 화장품 사용 시 또는 사용 후 직사광선에 의하여 사용부위가 붉은 반점, 부어오름 또는 가려움증 등의 이상 증상이나 부작용이 있는 경우에는 전문의 등과 상담할 것. 2. 상처가 있는 부위 등에는 사용을 자제할 것. 3. 보관 및 취급 시 주의사항 가) 어린이의 손이 닿지 않는 곳에 보관할 것. 나) 직사광선을 피해서 보관할 것.",본 상품의 품질보증 및 피해보상에 관한 사항은 관련 법률 및 공정거래 위원회 고시 [소비자분쟁해결기준]에 따릅니다.,토니모리 고객 상담실 080-356-2222,normal,토니모리,그린티 수분 세럼,2166098,73626,
4.8g,모든피부,2027-09-23 까지,내장되어 있는 립 브러시를 사용하여 적당량을 묻혀 원하는 부위에 부드럽게 펴 발라줍니다.,(주)코코 / (주)토니모리,대한민국,해당있음,"16 밀키 구아바 [촉촉] 올레익/리놀레익/리놀레닉폴리글리세라이즈, 폴리글리세릴-2트라이아이소스테아레이트, 피토스테릴/이소스테아릴/세틸/스테아릴/베헤닐다이머디리놀리에이트, 다이머다이리놀레일다이머다이리놀리에이트, 카프릴릭/카프릭트라이글리세라이드, 티타늄디옥사이드, 세레신, 합성왁스, 폴리하이드록시스테아릭애씨드, 에틸렌/프로필렌코폴리머, 글리세릴카프릴레이트, 적색104호의(1), 레시틴, 에틸헥실글리세린, 알루미늄하이드록사이드, 황색산화철, 에틸헥실팔미테이트, 아이소스테아릭애씨드, 아이소프로필미리스테이트, 향료, 폴리글리세릴-3폴리리시놀리에이트, 적색201호, 터피네올, 제라닐아세테이트, 리날릴아세테이트, 다이메틸페네틸아세테이트, 아스코빅애씨드, 토코페릴아세테이트, 글리세린, 정제수, 부틸렌글라이콜, 실크아미노산, 1,2-헥산다이올, 팔미토일헥사펩타이드-12  [벨벳] 다이메티콘, 아이소트라이데실아이소노나노에이트, 메틸메타크릴레이트크로스폴리머, 티타늄디옥사이드, 실리카, 폴리글리세릴-2트라이아이소스테아레이트, 다이메티콘/비닐다이메티콘크로스폴리머, 세레신, 합성왁스, 마이카, 폴리하이드록시스테아릭애씨드, 다이메티콘크로스폴리머, 에틸렌/프로필렌코폴리머, 글리세릴카프릴레이트, 알루미늄하이드록사이드, 메티콘, 레시틴, 에틸헥실글리세린, 황색산화철, 에틸헥실팔미테이트, 아이소스테아릭애씨드, 아이소프로필미리스테이트, 향료, 폴리글리세릴-3폴리리시놀리에이트, 적색202호, 터피네올, 제라닐아세테이트, 리날릴아세테이트, 다이메틸페네틸아세테이트, 아스코빅애씨드, 토코페릴아세테이트, 글리세린, 정제수, 부틸렌글라이콜, 실크아미노산, 1,2-헥산다이올, 팔미토일헥사펩타이드-12","1. 화장품을 사용하여 다음과 같이 이상이 있을 경우에는 사용을 중지할 것이며, 계속 사용하면 증상을 악화시키므로 피부과 전문의 등에게 상담할 것. 1) 사용 중 붉은 반점, 부어오름, 가려움증, 자극 등의 이상이 있을 경우. 2) 적용부위가 직사광선에 의해 위와 같은 이상이 있을 경우 2. 상처가 있는 곳 또는 습진 및 피부염 등의 이상이 있는 부위에는 사용을 금할 것. 3. 보관 및 취급상의 주의사항 1) 사용 후에는 반드시 마개를 닫아둘 것 2) 유. 소아의 손에 닿지 않는 곳에 보관할 것. 3) 고온 내지 저온의 장소 및 직사광선이 닿는 곳에는 보관하지 말 것.",본 상품의 품질보증 및 피해보상에 관한 사항은 관련 법률 및 공정거래 위원회 고시 [소비자분쟁해결기준]에 따릅니다.,토니모리 고객 상담실 080-356-2222,normal,토니모리,주토피아 에디션 치크톤 립앤치크 듀오밤 [16 밀키구아바],2170215,74907,
5.3 g,모든 피부 타입,개봉 전 24개월 개봉 후 12개월 이내 사용 권장,적당량을 취하여 입술 안쪽부터 부드럽게 펴 발라 줍니다.,(주)씨앤씨인터내셔널/ (주)토니모리,한국,해당있음,"[02 살구 시럽] 정제수, 다이아이소스테아릴말레이트, 다이페닐다이메티콘, 비스-다이글리세릴폴리아실아디페이트-2, 비스-베헤닐/아이소스테아릴/피토스테릴다이머다이리놀레일다이머다이리놀리에이트, 하이드로제네이티드폴리아이소부텐, 다이글리세린, 옥틸도데칸올, 다이프로필렌글라이콜, 세틸피이지/피피지-10/1다이메티콘, 솔비탄아이소스테아레이트, 폴리솔베이트60, 1,2-헥산다이올, 하이드록시에틸아크릴레이트/소듐아크릴로일다이메틸타우레이트코폴리머, 티타늄디옥사이드, 페녹시에탄올, 세테아레스-20, 스쿠알란, 향료, 에틸헥실글리세린, 황색5호, 황색4호, 적색227호, 알루미늄하이드록사이드, 암모늄폴리아크릴레이트, 적색104호의(1), 부틸렌글라이콜, 청색1호, 아르간커넬오일, 코코넛야자오일, 아보카도오일, 해바라기씨오일, 올리브오일, 판테놀, 호호바씨오일, 펜타에리스리틸테트라-다이-t-부틸하이드록시하이드로신나메이트, 소듐하이알루로네이트, 하이드록시프로필트라이모늄하이알루로네이트, 하이드롤라이즈드하이알루로닉애씨드, 소듐아세틸레이티드하이알루로네이트, 하이알루로닉애씨드, 소듐하이알루로네이트크로스폴리머, 하이드롤라이즈드소듐하이알루로네이트, 포타슘하이알루로네이트,세라마이드엔피","1. 화장품 사용 시 또는 사용 후 직사광선에 의하여 사용부위가 붉은 반점, 부어오름 또는 가려움증 등의 이상 증상이나 부작용이 있는 경우에는 전문의 등과 상담할 것. 2. 상처가 있는 부위 등에는 사용을 자제할 것. 3. 보관 및 취급 시 주의사항 가) 어린이의 손이 닿지 않는 곳에 보관할 것. 나) 직사광선을 피해서 보관할 것.",본 상품의 품질보증 및 피해보상에 관한 사항은 관련 법률 및 공정거래 위원회 고시 [소비자분쟁해결기준]에 따릅니다.,토니모리 고객 상담실 080-356-2222,normal,토니모리,겟잇 틴트 워터풀 시럽 [02 살구시럽],2138260,76691,
4g,상품상세참조,상품상세참조,내용물을 적당량 취해 입술 라인 안쪽으로 꼼꼼히 발라줍니다.,(주)코스맥스,대한민국,해당있음,"[03 코랄쇼킹] 정제수, 옥틸도데칸올,부틸렌글라이콜, 다이프로필렌글라이콜, 사과씨오일, 글리세린, 펜틸렌글라이콜, 베타인,에틸셀룰로오스,클로렐라, 불가리스추출물, 해바라기씨오일,퀸즈랜드넛오일,올리브오일, 호호바씨오일, 포도씨오일, 빌베리씨오일, 폴리솔베이트60, 솔비탄스테아레이트, 폴리아크릴레이트크로스폴리머-6, 암모늄아크릴로일다이메틸타우레이트/브이피코폴리머,하이드록시에틸아크릴레이트/소듐아크릴로일다이메틸타우레이트코폴리머, 글루코오스, 프룩토올리고사카라이드, 프룩토오스, 에틸헥실글리세린, 소듐다이라우미도글루타미드라이신, 트라이소듐에틸렌다이아민다이석시네이트, 1,2-헥산다이올, 알루미늄하이드록사이드, 암모늄폴리아크릴레이트, 수크로오스팔미테이트, 하이드로제네이티드레시틴, 세테아릴알코올, 페녹시에탄올, 향료, 벤질알코올, 신나밀알코올, 적색223호 (CI 45380), 적색104호의(1) (CI 45410), 황색4호 (CI 19140), 티타늄디옥사이드 (CI 77891), 황색5호 (CI 15985),적색227호 (CI 17200)","1. 화장품을 사용하여 다음과 같이 이상이 있을 경우에는 사용을 중지할 것이며, 계속 사용하면 증상을 악화시키므로 피부과 전문의 등에게 상담할 것. 1) 사용 중 붉은 반점, 부어오름, 가려움증, 자극 등의 이상이 있을 경우. 2) 적용부위가 직사광선에 의해 위와 같은 이상이 있을 경우 2. 상처가 있는 곳 또는 습진 및 피부염 등의 이상이 있는 부위에는 사용을 금할 것. 3. 보관 및 취급상의 주의사항 1) 사용 후에는 반드시 마개를 닫아둘 것 2) 유. 소아의 손에 닿지 않는 곳에 보관할 것. 3) 고온 내지 저온의 장소 및 직사광선이 닿는 곳에는 보관하지 말 것.",본 상품의 품질보증 및 피해보상에 관한 사항은 관련 법률 및 공정거래 위원회 고시 [소비자분쟁해결기준]에 따릅니다.,토니모리 고객 상담실 080-356-2222,normal,토니모리,퍼펙트립스 쇼킹립 [03 코랄쇼킹],2101311,27433,
55 ml,모든 피부,"개봉 전 30개월, 개봉 후 12개월",적당량을 손바닥에 덜어 얼굴 전체에 가볍게 펴 발라 준 후 손가락을 이용하여 마사지하듯 가볍게 두드려 흡수시켜 줍니다.,㈜메가코스,한국,해당있음,정제수;세틸에틸헥사노에이트;다이프로필렌글라이콜;글리세레스-26;프로판다이올;피이지/피피지-17/6코폴리머;카프릴릭/카프릭트라이글리세라이드;나이아신아마이드;사이클로펜타실록세인;사이클로헥사실록세인;다이메티콘;금사연둥지추출물;목련나무가지/꽃/잎추출물(구명칭);서양수수꽃다리추출물;황련뿌리추출물;카카오씨추출물;서양민들레뿌리줄기/뿌리추출물;세룰라타벚나무꽃추출물;시어버터;망고씨버터;마카다미아씨오일(구명칭);금;세테아릴올리베이트;솔비탄올리베이트;피토스테릴/옥틸도데실라우로일글루타메이트;폴리솔베이트60;폴리아크릴레이트-13;하이드로제네이티드레시틴;아라키딜알코올;폴리아이소부텐;베헤닐알코올;카보머;팔미틱애씨드;소듐폴리아크릴레이트;C12-16알코올;아라키딜글루코사이드;마이카;티타늄다이옥사이드;트로메타민;에틸헥실글리세린;잔탄검;부틸렌글라이콜;아데노신;폴리솔베이트20;페녹시에탄올;다이소듐이디티에이;적색산화철;향료;부틸페닐메틸프로피오날;리모넨,"1. 화장품 사용 시 또는 사용 후 직사광선에 의하여 사용부위가 붉은 반점, 부어오름 또는 가려움증 등의 이상 증상이나 부작용이 있는 경우 전문의 등과 상담할 것 2. 상처가 있는 부위 등에는 사용을 자제할 것 3. 보관 및 취급 시의 주의사항 가) 어린이의 손이 닿지 않는 곳에 보관할 것 나) 직사광선을 피해서 보관할 것.",본 상품의 품질보증 및 피해보상에 관한 사항은 관련 법률 및 공정거래 위원회 고시 [소비자분쟁해결기준]에 따릅니다.,080-356-2222,normal,토니모리,프리미엄 RX 제비집 에센스,1840259,27463,
4g,"01 숏컷, 02 러브어페어, 03 썬더볼트, 04 핫테이스트, 05 브레이킹뉴스, 06 빌리버, 07 낫투데이, 08 배드라이어","개봉 전 24개월(18개월), 개봉 후 12개월(6개월)",내용물을 적당량 취해 입술라인 안쪽으로 꼼꼼히 발라줍니다.,코스맥스(주),한국,해당있음,"정제수;다이메티콘;다이메티콘/비닐다이메티콘크로스폴리머;펜틸렌글라이콜;폴리글리세릴-10미리스테이트;부틸렌글라이콜;다마스크장미꽃오일;하이드롤라이즈드콜라겐;지모뿌리추출물;암모늄아크릴로일다이메틸타우레이트/브이피코폴리머;폴리아크릴레이트크로스폴리머-6;폴리솔베이트20;에틸헥실글리세린;글리세린;다이페닐다이메티콘;트라이에틸헥사노인;하이드로제네이티드레시틴;알지닌;알루미늄하이드록사이드;암모늄폴리아크릴레이트;알란토인;하이드로제네이티드폴리아이소부텐;1,2-헥산다이올;토코페롤;카보머;페녹시에탄올;향료;CI 15985;CI 17200;CI 77891;CI 19140;CI 42090","1. 화장품 사용 시 또는 사용 후 직사광선에 의하여 사용부위가 붉은 반점, 부어오름 또는 가려움증 등의 이상 증상이나 부작용이 있는 경우 전문의 등과 상담할 것 2. 상처가 있는 부위 등에는 사용을 자제할 것 3. 보관 및 취급 시의 주의사항 가) 어린이의 손이 닿지 않는 곳에 보관할 것 나) 직사광선을 피해서 보관할 것.",본 상품의 품질보증 및 피해보상에 관한 사항은 관련 법률 및 공정거래 위원회 고시 [소비자분쟁해결기준]에 따릅니다.,080-356-2222,normal,토니모리,더 쇼킹 립블러 틴트 [08 배드라이어],1900310,29280,
4.3 g,상품상세참조,상품상세참조,내용물을 적당량 취해 입술 라인 안쪽으로 꼼꼼히 발라줍니다. 음-파 없이 컬러가 스며들듯 바르면 더욱 깔끔하게 컬러가 연출됩니다.,(주)코스맥스/(주)토니모리,대한민국,해당있음,"[12호 애프터 코랄] 정제수, 다이메티콘, 카프릴릴메티콘, 글리세린, 다이메티콘/비닐다이메티콘크로스폴리머, 펜틸렌글라이콜, 다이메티콘크로스폴리머, 소듐아크릴레이트크로스폴리머-2, 시어버터, 소듐하이알루로네이트, 1,2-헥산다이올, 세테아레스-20, 세틸피이지/피피지-10/1다이메티콘, 폴리글리세릴-10미리스테이트, 부틸렌글라이콜, 암모늄아크릴로일다이메틸타우레이트/브이피코폴리머, 글리세릴스테아레이트, 피이지-100스테아레이트, 다이페닐실록시페닐트라이메티콘, 폴리아크릴레이트-13, 폴리아이소부텐, 카프릴릭/카프릭트라이글리세라이드, 에틸헥실글리세린, 트라이소듐에틸렌다이아민다이석시네이트, 하이드로제네이티드레시틴, 폴리솔베이트20, 솔비탄아이소스테아레이트, 알루미늄하이드록사이드, 암모늄폴리아크릴레이트, 알지닌, 세라마이드엔피, 카보머, 페녹시에탄올, 벤질벤조에이트, 향료, 티타늄디옥사이드 (CI 77891), 황색5호 (CI 15985), 적색227호 (CI 17200), 황색4호 (CI 19140), 적색104호의(1) (CI 45410)","1. 화장품 사용 시 또는 사용 후 직사광선에 의하여 사용부위가 붉은 반점, 부어오름 또는 가려움증 등의 이상 증상이나 부작용이 있는 경우 전문의 등과 상담할 것. 2. 상처가 있는 부위 등에는 사용을 자제할 것. 3. 보관 및 취급 시의 주의사항 가. 어린이의 손이 닿지 않는 곳에 보관할 것. 나. 직사광선을 피해서 보관할 것.",본 상품의 품질보증 및 피해보상에 관한 사항은 관련 법률 및 공정거래 위원회 고시 [소비자분쟁해결기준]에 따릅니다.,토니모리 고객 상담실 080-356-2222,normal,토니모리,겟잇 틴트 워터풀 버터 [12 애프터코랄],2086248,60644,
3 g,모든 피부 타입,상품상세참조,입술 안쪽에서 바깥 쪽으로 부드럽게 펴 발라줍니다.,코스맥스,한국,해당있음,"[03 푸시아 판타지] 정제수, 부틸렌글라이콜, 글리세린, 다이프로필렌글라이콜, 모란꽃수, 워터민트추출물, 알로에베라잎수, 암모늄아크릴로일다이메틸타우레이트/브이피코폴리머, 폴리아크릴레이트크로스폴리머-6, 다이메티콘, 피이지-60하이드로제네이티드캐스터오일, 레시틴, 스테비오사이드, 에틸헥실글리세린, 알루미늄하이드록사이드, 암모늄폴리아크릴레이트, 페녹시에탄올, 향료, 벤질살리실레이트, 리날룰, 티타늄디옥사이드 (CI 77891), 황색5호 (CI 15985), 적색104호의(1) (CI 45410), 적색227호 (CI 17200), 적색102호 (CI 16255)","1. 화장품 사용 시 또는 사용 후 직사광선에 의하여 사용부위가 붉은 반점, 부어오름 또는 가려움증 등의 이상 증상이나 부작용이 있는 경우 전문의 등과 상담할 것. 2. 상처가 있는 부위 등에는 사용을 자제할 것. 3. 보관 및 취급 시의 주의사항 가. 어린이의 손이 닿지 않는 곳에 보관할 것. 나. 직사광선을 피해서 보관할 것.",상품상세참조,080-356-2222,normal,토니모리,겟잇 틴트 컬러풀 워터 [03 푸시아판타지],2056778,60660,
3.5 g / 0.12 oz.,상품상세참조,2027-07-21 까지,내장되어 있는 퍼프에 적당량을 취하여 볼 주위에 가볍게 두드려줍니다.,(주)한국콜마/(주)토니모리,한국,해당있음,"[04 퍼지피치] 마이카,다이메티콘,다이카프릴릴카보네이트,티타늄디옥사이드,다이메티콘/비닐다이메티콘크로스폴리머,페닐트라이메티콘,하이드로제네이티드폴리데센,동백나무꽃추출물,연꽃꽃추출물,히비스커스꽃추출물,비타민나무열매오일,실리카,라우로일라이신,1,2-헥산다이올,알루미늄하이드록사이드,글리세릴카프릴레이트,토코페롤,정제수,스쿠알란,프로판다이올,부틸렌글라이콜,황색4호,적색226호,적색산화철","1. 화장품을 사용하여 다음과 같이 이상이 있을 경우에는 사용을 중지할 것이며, 계속 사용하면 증상을 악화시키므로 피부과 전문의 등에게 상담할 것. 1) 사용 중 붉은 반점, 부어오름, 가려움증, 자극 등의 이상이 있을 경우. 2) 적용부위가 직사광선에 의해 위와 같은 이상이 있을 경우 2. 상처가 있는 곳 또는 습진 및 피부염 등의 이상이 있는 부위에는 사용을 금할 것. 3. 보관 및 취급상의 주의사항 1) 사용 후에는 반드시 마개를 닫아둘 것 2) 유. 소아의 손에 닿지 않는 곳에 보관할 것. 3) 고온 내지 저온의 장소 및 직사광선이 닿는 곳에는 보관하지 말 것.",상품상세참조,토니모리 고객 상담실 080-356-2222,normal,토니모리,치크톤 젤리 블러셔 [04 퍼지피치],2094545,62023,
4g,상품상세참조,상품상세참조,내용물을 적당량 취해 입술 라인 안쪽으로 꼼꼼히 발라줍니다.,(주)코스맥스,대한민국,해당있음,"[09 플럼쇼킹] 정제수, 옥틸도데칸올, 부틸렌글라이콜, 다이프로필렌글라이콜, 사과씨오일, 글리세린, 펜틸렌글라이콜, 베타인, 에틸셀룰로오스, 클로렐라, 불가리스추출물, 해바라기씨오일, 퀸즈랜드넛오일, 올리브오일, 호호바씨오일, 포도씨오일, 빌베리씨오일, 폴리솔베이트60, 솔비탄스테아레이트, 폴리아크릴레이트크로스폴리머-6, 암모늄아크릴로일다이메틸타우레이트/브이피코폴리머, 하이드록시에틸아크릴레이트/소듐아크릴로일다이메틸타우레이트코폴리머, 글루코오스, 프룩토올리고사카라이드, 프룩토오스, 에틸헥실글리세린, 소듐다이라우미도글루타미드라이신, 트라이소듐에틸렌다이아민다이석시네이트, 1,2-헥산다이올, 알루미늄하이드록사이드, 암모늄폴리아크릴레이트, 수크로오스팔미테이트, 하이드로제네이티드레시틴, 세테아릴알코올, 페녹시에탄올, 향료, 벤질알코올, 신나밀알코올, 티타늄디옥사이드 (CI 77891), 적색227호 (CI 17200), 황색5호 (CI 15985), 황색4호 (CI 19140), 적색104호의(1) (CI 45410), 청색1호 (CI 42090)","1. 화장품을 사용하여 다음과 같이 이상이 있을 경우에는 사용을 중지할 것이며, 계속 사용하면 증상을 악화시키므로 피부과 전문의 등에게 상담할 것. 1) 사용 중 붉은 반점, 부어오름, 가려움증, 자극 등의 이상이 있을 경우. 2) 적용부위가 직사광선에 의해 위와 같은 이상이 있을 경우 2. 상처가 있는 곳 또는 습진 및 피부염 등의 이상이 있는 부위에는 사용을 금할 것. 3. 보관 및 취급상의 주의사항 1) 사용 후에는 반드시 마개를 닫아둘 것 2) 유. 소아의 손에 닿지 않는 곳에 보관할 것. 3) 고온 내지 저온의 장소 및 직사광선이 닿는 곳에는 보관하지 말 것.",본 상품의 품질보증 및 피해보상에 관한 사항은 관련 법률 및 공정거래 위원회 고시 [소비자분쟁해결기준]에 따릅니다.,토니모리 고객 상담실 080-356-2222,normal,토니모리,퍼펙트립스 쇼킹립 틴트 [09 플럼쇼킹],2101305,60237,
4.8 g,상품상세참조,2026-10-24 까지,내장되어 있는 립 브러시를 사용하여 적당량을 묻혀 원하는 부위에 부드럽게 펴 발라줍니다.,(주)코코/(주)토니모리,대한민국,해당있음,"06앤티스레드 [촉촉] 올레익/리놀레익/리놀레닉폴리글리세라이즈, 폴리글리세릴-2트라이아이소스테아레이트, 다이머다이리놀레일다이머다이리놀리에이트, 피토스테릴/이소스테아릴/세틸/스테아릴/베헤닐다이머디리놀리에이트, 카프릴릭/카프릭트라이글리세라이드, 세레신, 합성왁스, 폴리하이드록시스테아릭애씨드, 티타늄디옥사이드, 에틸렌/프로필렌코폴리머, 적색산화철, 황색5호, 황색산화철, 적색202호, 글리세릴카프릴레이트, 에틸헥실글리세린, 레시틴, 다이아이소스테아릴말레이트, 흑색산화철, 아이소프로필미리스테이트, 에틸헥실팔미테이트, 아이소스테아릭애씨드, 향료, 폴리글리세릴-3폴리리시놀리에이트, 알루미늄하이드록사이드, 아스코빅애씨드, 토코페릴아세테이트, 글리세린, 정제수, 부틸렌글라이콜, 실크아미노산, 1,2-헥산다이올, 팔미토일헥사펩타이드-12  [벨벳] 다이메티콘, 아이소트라이데실아이소노나노에이트, 메틸메타크릴레이트크로스폴리머, 실리카, 폴리글리세릴-2트라이아이소스테아레이트, 다이메티콘/비닐다이메티콘크로스폴리머, 세레신, 티타늄디옥사이드, 합성왁스, 마이카, 황색산화철, 폴리하이드록시스테아릭애씨드, 적색202호, 황색5호, 에틸렌/프로필렌코폴리머, 글리세릴카프릴레이트, 다이아이소스테아릴말레이트, 흑색산화철, 에틸헥실글리세린, 레시틴, 메티콘, 아이소프로필미리스테이트, 에틸헥실팔미테이트, 아이소스테아릭애씨드, 향료, 알루미늄하이드록사이드, 폴리글리세릴-3폴리리시놀리에이트, 아스코빅애씨드, 토코페릴아세테이트, 글리세린, 정제수, 부틸렌글라이콜, 실크아미노산, 1,2-헥산다이올, 팔미토일헥사펩타이드-12","1. 화장품을 사용하여 다음과 같이 이상이 있을 경우에는 사용을 중지할 것이며, 계속 사용하면 증상을 악화시키므로 피부과 전문의 등에게 상담할 것. 1) 사용 중 붉은 반점, 부어오름, 가려움증, 자극 등의 이상이 있을 경우. 2) 적용부위가 직사광선에 의해 위와 같은 이상이 있을 경우 2. 상처가 있는 곳 또는 습진 및 피부염 등의 이상이 있는 부위에는 사용을 금할 것. 3. 보관 및 취급상의 주의사항 1) 사용 후에는 반드시 마개를 닫아둘 것 2) 유. 소아의 손에 닿지 않는 곳에 보관할 것. 3) 고온 내지 저온의 장소 및 직사광선이 닿는 곳에는 보관하지 말 것.",본 상품의 품질보증 및 피해보상에 관한 사항은 관련 법률 및 공정거래 위원회 고시 [소비자분쟁해결기준]에 따릅니다.,토니모리 고객 상담실 080-356-2222,normal,토니모리,치크톤 립앤치크 듀오밤 [06 앤티스레드],2123723,69089,
3 g,모든 피부 타입,상품상세참조,입술 안쪽에서 바깥 쪽으로 부드럽게 펴 발라줍니다.,코스맥스,한국,해당있음,"[05 칠리 페퍼] 정제수, 부틸렌글라이콜, 글리세린, 다이프로필렌글라이콜, 모란꽃수, 워터민트추출물, 알로에베라잎수, 암모늄아크릴로일다이메틸타우레이트/브이피코폴리머, 폴리아크릴레이트크로스폴리머-6, 다이메티콘, 피이지-60하이드로제네이티드캐스터오일, 레시틴, 스테비오사이드, 에틸헥실글리세린, 알루미늄하이드록사이드, 암모늄폴리아크릴레이트, 페녹시에탄올, 향료, 벤질살리실레이트, 리날룰, 황색5호 (CI 15985), 적색104호의(1) (CI 45410), 적색227호 (CI 17200), 티타늄디옥사이드 (CI 77891), 청색1호 (CI 42090)","1. 화장품 사용 시 또는 사용 후 직사광선에 의하여 사용부위가 붉은 반점, 부어오름 또는 가려움증 등의 이상 증상이나 부작용이 있는 경우 전문의 등과 상담할 것. 2. 상처가 있는 부위 등에는 사용을 자제할 것. 3. 보관 및 취급 시의 주의사항 가. 어린이의 손이 닿지 않는 곳에 보관할 것. 나. 직사광선을 피해서 보관할 것.",상품상세참조,080-356-2222,normal,토니모리,겟잇 틴트 컬러풀 워터 [05 칠리페퍼],2056793,60662,
3 g,모든 피부 타입,상품상세참조,입술 안쪽에서 바깥 쪽으로 부드럽게 펴 발라줍니다.,코스맥스,한국,해당있음,"[01 베이비 오렌지] 정제수, 부틸렌글라이콜, 글리세린, 다이프로필렌글라이콜, 모란꽃수, 워터민트추출물, 알로에베라잎수, 암모늄아크릴로일다이메틸타우레이트/브이피코폴리머, 폴리아크릴레이트크로스폴리머-6, 다이메티콘, 피이지-60하이드로제네이티드캐스터오일, 레시틴, 스테비오사이드, 에틸헥실글리세린, 알루미늄하이드록사이드, 암모늄폴리아크릴레이트, 페녹시에탄올, 향료, 벤질살리실레이트, 리날룰, 티타늄디옥사이드 (CI 77891), 황색5호 (CI 15985), 적색227호 (CI 17200), 황색4호 (CI 19140), 적색104호의(1) (CI 45410), 청색1호 (CI 42090)","1. 화장품 사용 시 또는 사용 후 직사광선에 의하여 사용부위가 붉은 반점, 부어오름 또는 가려움증 등의 이상 증상이나 부작용이 있는 경우 전문의 등과 상담할 것. 2. 상처가 있는 부위 등에는 사용을 자제할 것. 3. 보관 및 취급 시의 주의사항 가. 어린이의 손이 닿지 않는 곳에 보관할 것. 나. 직사광선을 피해서 보관할 것.",상품상세참조,080-356-2222,normal,토니모리,겟잇 틴트 컬러풀 워터 [01 베이비오렌지],2056771,60657,
4g,모든 피부,개봉 전 24개월 개봉 후 12개월 이내 사용 권장,브러쉬에 적당량의 젤 아이라이너를 취해 뭉치지 않도록 눈가에 부드럽게 펴 발라줍니다.,(주)코스맥스/(주)토니모리,한국,해당있음,"[07호 라떼브라운] 트리메칠실록시실리케이트,사이클로펜타실록산,이소도데칸,흑색산화철 (CI 77499),황색산화철 (CI 77492),사이클로헥사실록산,세레신,티타늄디옥사이드 (CI 77891),탤크,적색산화철 (CI 77491),메칠트리메치콘,카프릴릴메치콘,실리카실릴레이트,마카다미아씨오일,포도씨오일,디스테아디모늄헥토라이트,폴리에칠렌,트리에톡시카프릴릴실란,프로필렌카보네이트,카프릴릴글라이콜","1. 화장품을 사용하여 다음과 같이 이상이 있을 경우에는 사용을 중지할 것이며, 계속 사용하면 증상을 악화시키므로 피부과 전문의 등에게 상담할 것. 1) 사용 중 붉은 반점, 부어오름, 가려움증, 자극 등의 이상이 있을 경우.2) 적용부위가 직사광선에 의해 위와 같은 이상이 있을 경우 2. 상처가 있는 곳 또는 습진 및 피부염 등의 이상이 있는 부위에는 사용을 금할 것. 3. 보관 및 취급상의 주의사항 1) 사용 후에는 반드시 마개를 닫아둘 것 2) 유. 소아의 손에 닿지 않는 곳에 보관할 것. 3) 고온 내지 저온의 장소 및 직사광선이 닿는 곳에는 보관하지 말 것.",본 상품의 품질보증 및 피해보상에 관한 사항은 관련 법률 및 공정거래 위원회 고시 [소비자분쟁해결기준]에 따릅니다.,토니모리 고객 상담실 080-356-2222,normal,토니모리,백젤 아이라이너 [07 라떼브라운],2083228,77860,
3.5 g / 0.12 oz.,상품상세참조,2027-07-15 까지,내장되어 있는 퍼프에 적당량을 취하여 볼 주위에 가볍게 두드려줍니다.,한국콜마(주),한국,해당있음,"[05 발레핑크] 마이카,다이메티콘,다이카프릴릴카보네이트,티타늄디옥사이드,다이메티콘/비닐다이메티콘크로스폴리머,페닐트라이메티콘,하이드로제네이티드폴리데센,동백나무꽃추출물,연꽃꽃추출물,히비스커스꽃추출물,비타민나무열매오일,실리카,라우로일라이신,1,2-헥산다이올,알루미늄하이드록사이드,글리세릴카프릴레이트,카올린,토코페롤,정제수,트라이에톡시카프릴릴실레인,스쿠알란,프로판다이올,부틸렌글라이콜,울트라마린,적색226호,황색산화철","1. 화장품을 사용하여 다음과 같이 이상이 있을 경우에는 사용을 중지할 것이며, 계속 사용하면 증상을 악화시키므로 피부과 전문의 등에게 상담할 것. 1) 사용 중 붉은 반점, 부어오름, 가려움증, 자극 등의 이상이 있을 경우. 2) 적용부위가 직사광선에 의해 위와 같은 이상이 있을 경우 2. 상처가 있는 곳 또는 습진 및 피부염 등의 이상이 있는 부위에는 사용을 금할 것. 3. 보관 및 취급상의 주의사항 1) 사용 후에는 반드시 마개를 닫아둘 것 2) 유. 소아의 손에 닿지 않는 곳에 보관할 것. 3) 고온 내지 저온의 장소 및 직사광선이 닿는 곳에는 보관하지 말 것.",상품상세참조,토니모리 고객 상담실 080-356-2222,normal,토니모리,치크톤 젤리 블러셔 [05 발레핑크],2094550,62026,
15 g,모든 피부 타입,"개봉 전 24개월, 개봉 후 12개월",퍼프에 적당량의 내용물을 덜어 얼굴 전체에 가볍게 두드려 펴 발라줍니다.,㈜코스맥스,한국,해당있음,"정제수;CI 77891;사이클로펜타실록세인;에칠헥실메톡시신나메이트;에칠헥실살리실레이트;글리세린;페닐트라이메티콘;부틸렌글라이콜다이카프릴레이트/다이카프레이트;라우릴피이지-10트리스(트라이메틸실록시)실릴에틸다이메티콘;다이메티콘;다이아이소스테아릴말레이트;나이아신아마이드;합성플루오르플로고파이트;1,2-헥산다이올;클로렐라 불가리스추출물;황금추출물;감초뿌리추출물;왜당귀뿌리추출물;타임추출물;산수유열매추출물;녹용추출물;효모발효물;아크릴레이트/스테아릴아크릴레이트/다이메티콘메타크릴레이트코폴리머;세틸피이지/피피지-10/1다이메티콘;피토스테릴/아이소스테아릴/세틸/스테아릴/베헤닐다이머디리놀리에이트;다이스테아다이모늄헥토라이트;마그네슘설페이트;라우로일라이신;트라이메틸실록시실리케이트;다이메티콘크로스폴리머;알루미늄하이드록사이드;스테아릭애씨드;알루미나;폴리하이드록시스테아릭애씨드;트라이에톡시카프릴릴실레인;글루코오스;아이소도데케인;옥틸도데칸올;부틸렌글라이콜;프룩토올리고사카라이드;프룩토오스;피이지-9폴리다이메틸실록시에틸다이메티콘;에틸헥실팔미테이트;아이소프로필미리스테이트;아이소스테아릭애씨드;레시틴;아데노신;트라이소듐에틸렌다이아민다이석시네이트;폴리글리세릴-3폴리리시놀리에이트;폴리프로필실세스퀴옥세인;폴리글리세릴-4아이소스테아레이트;아이소프로필티타늄트라이아이소스테아레이트;에틸헥실글리세린;토코페롤;향료;리날룰;헥실신남알;시트로넬올;벤질살리실레이트;알파-아이소메틸아이오논;CI 77492;CI 77491;CI 77499","1. 화장품 사용 시 또는 사용 후 직사광선에 의하여 사용부위가 붉은 반점, 부어오름 또는 가려움증 등의 이상 증상이나 부작용이 있는 경우 전문의 등과 상담할 것. 2. 상처가 있는 부위 등에는 사용을 자제할 것. 3. 보관 및 취급 시의 주의사항 가) 어린이의 손이 닿지 않는 곳에 보관할 것. 나) 직사광선을 피해서 보관할 것.",본 상품의 품질보증 및 피해보상에 관한 사항은 관련 법률 및 공정거래 위원회 고시 [소비자분쟁해결기준]에 따릅니다.,080-356-2222,normal,토니모리,결 고운 세럼 쿠션 [SPF48/PA+++] [01 화사한빛],1981170,32127,
4.8g,모든피부,2027-11-06 까지,내장되어 있는 립 브러시를 사용하여 적당량을 묻혀 원하는 부위에 부드럽게 펴 발라줍니다.,(주)코코/(주)토니모리,대한민국,해당있음,"15 믹스 베리 [촉촉] 피토스테릴/이소스테아릴/세틸/스테아릴/베헤닐다이머디리놀리에이트, 폴리글리세릴-2트라이아이소스테아레이트, 하이드로제네이티드폴리아이소부텐, 다이아이소스테아릴말레이트, 카프릴릭/카프릭트라이글리세라이드, 세레신, 합성왁스, 폴리하이드록시스테아릭애씨드, 에틸렌/프로필렌코폴리머, 마이크로크리스탈린왁스, 글리세릴카프릴레이트, 에틸헥실글리세린, 티타늄디옥사이드, 적색104호의(1), 적색202호, 황색4호, 향료, 적색201호, 터피네올, 알루미늄하이드록사이드, 제라닐아세테이트, 리날릴아세테이트, 다이메틸페네틸아세테이트, 아스코빅애씨드, 토코페릴아세테이트, 글리세린, 정제수, 부틸렌글라이콜, 실크아미노산, 1,2-헥산다이올, 팔미토일헥사펩타이드-12","1. 화장품을 사용하여 다음과 같이 이상이 있을 경우에는 사용을 중지할 것이며, 계속 사용하면 증상을 악화시키므로 피부과 전문의 등에게 상담할 것. 1) 사용 중 붉은 반점, 부어오름, 가려움증, 자극 등의 이상이 있을 경우. 2) 적용부위가 직사광선에 의해 위와 같은 이상이 있을 경우 2. 상처가 있는 곳 또는 습진 및 피부염 등의 이상이 있는 부위에는 사용을 금할 것. 3. 보관 및 취급상의 주의사항 1) 사용 후에는 반드시 마개를 닫아둘 것 2) 유. 소아의 손에 닿지 않는 곳에 보관할 것. 3) 고온 내지 저온의 장소 및 직사광선이 닿는 곳에는 보관하지 말 것.",본 상품의 품질보증 및 피해보상에 관한 사항은 관련 법률 및 공정거래 위원회 고시 [소비자분쟁해결기준]에 따릅니다.,토니모리 고객 상담실 080-356-2222,normal,토니모리,주토피아 에디션 치크톤 립앤치크 듀오밤 [15 믹스베리],2170208,74906,
4g,상품상세참조,상품상세참조,내용물을 적당량 취해 입술 라인 안쪽으로 꼼꼼히 발라줍니다.,(주)코스맥스/(주)토니모리,대한민국,해당있음,"[N14피치쇼킹] 정제수, 옥틸도데칸올, 부틸렌글라이콜, 다이프로필렌글라이콜, 사과씨오일, 글리세린, 펜틸렌글라이콜, 베타인, 에틸셀룰로오스, 클로렐라 불가리스추출물, 해바라기씨오일, 퀸즈랜드넛오일, 올리브오일, 호호바씨오일, 포도씨오일, 빌베리씨오일, 폴리솔베이트60, 솔비탄스테아레이트, 폴리아크릴레이트크로스폴리머-6, 암모늄아크릴로일다이메틸타우레이트/브이피코폴리머, 하이드록시에틸아크릴레이트/소듐아크릴로일다이메틸타우레이트코폴리머, 글루코오스, 프룩토올리고사카라이드, 프룩토오스, 에틸헥실글리세린, 소듐다이라우미도글루타미드라이신, 트라이소듐에틸렌다이아민다이석시네이트, 1,2-헥산다이올, 알루미늄하이드록사이드, 암모늄폴리아크릴레이트, 수크로오스팔미테이트, 하이드로제네이티드레시틴, 세테아릴알코올, 페녹시에탄올, 향료, 벤질알코올, 신나밀알코올, 티타늄디옥사이드 (CI 77891), 적색227호 (CI 17200), 황색5호 (CI 15985), 적색104호의(1) (CI 45410), 황색4호 (CI 19140), 청색1호 (CI 42090)","1. 화장품을 사용하여 다음과 같이 이상이 있을 경우에는 사용을 중지할 것이며, 계속 사용하면 증상을 악화시키므로 피부과 전문의 등에게 상담할 것. 1) 사용 중 붉은 반점, 부어오름, 가려움증, 자극 등의 이상이 있을 경우. 2) 적용부위가 직사광선에 의해 위와 같은 이상이 있을 경우 2. 상처가 있는 곳 또는 습진 및 피부염 등의 이상이 있는 부위에는 사용을 금할 것. 3. 보관 및 취급상의 주의사항 1) 사용 후에는 반드시 마개를 닫아둘 것 2) 유. 소아의 손에 닿지 않는 곳에 보관할 것. 3) 고온 내지 저온의 장소 및 직사광선이 닿는 곳에는 보관하지 말 것.",본 상품의 품질보증 및 피해보상에 관한 사항은 관련 법률 및 공정거래 위원회 고시 [소비자분쟁해결기준]에 따릅니다.,토니모리 고객 상담실 080-356-2222,normal,토니모리,퍼펙트립스 쇼킹립 틴트 [N14 피치쇼킹],2147756,71925,
30ml,모든 피부,"개봉 전 30개월, 개봉 후 12개월","내용물을 적당량 덜어 눈가 혹은 얼굴 전체의 피부 결을 따라 부드럽게 펴 바른 후, 가볍게 두드려 흡수시켜 줍니다.",(주)메가코스,한국,해당있음,"정제수;부틸렌글라이콜;메틸프로판다이올;살구씨오일;1,2-헥산다이올;글리세린;나이아신아마이드;다이메티콘;소듐폴리아크릴레이트;금사연둥지추출물;에틸헥실스테아레이트;사이클로펜타실록세인;C13-15알케인;시어버터;C14-22알코올;세테아릴알코올;글리세레스-26;하이드로제네이티드레시틴;피토스테릴/옥틸도데실라우로일글루타메이트;폴리글리세릴-10라우레이트;C12-20알킬글루코사이드;피이지-20글리세릴아이소스테아레이트;펜틸렌글라이콜;글리세릴스테아레이트;피이지-100스테아레이트;병풀추출물;트라이데세스-6;아데노신;쇠비름추출물;마트리카리아꽃추출물;체이스트트리추출물;토코페릴아세테이트;다이메티콘/비닐다이메티콘크로스폴리머;다이글리세린;테아닌;인도멀구슬나무잎추출물;우유지질;인도멀구슬나무꽃추출물;울금뿌리추출물;글루타티온;덱스트린;우엉뿌리추출물;진흙버섯추출물;카카오추출물;홀리바질잎추출물;금;참산호말추출물;하이드롤라이즈드콜라겐;부틸페닐메틸프로피오날;리모넨;향료","1. 화장품 사용 시 또는 사용 후 직사광선에 의하여 사용부위가 붉은 반점, 부어오름 또는 가려움증 등의 이상 증상이나 부작용이 있는 경우 전문의 등과 상담할 것 2. 상처가 있는 부위 등에는 사용을 자제할 것 3. 보관 및 취급 시의 주의사항 가) 어린이의 손이 닿지 않는 곳에 보관할 것 나) 직사광선을 피해서 보관할 것.",본 상품의 품질보증 및 피해보상에 관한 사항은 관련 법률 및 공정거래 위원회 고시 [소비자분쟁해결기준]에 따릅니다.,080-356-2222,normal,토니모리,프리미엄 RX 제비집 아이크림,1864457,27465,
4.8 g,상품상세참조,2026-10-24 까지,내장되어 있는 립 브러시를 사용하여 적당량을 묻혀 원하는 부위에 부드럽게 펴 발라줍니다.,(주)코코/(주)토니모리,대한민국,해당있음,"08어나더로즈 [촉촉] 올레익/리놀레익/리놀레닉폴리글리세라이즈, 폴리글리세릴-2트라이아이소스테아레이트, 다이머다이리놀레일다이머다이리놀리에이트, 피토스테릴/이소스테아릴/세틸/스테아릴/베헤닐다이머디리놀리에이트, 카프릴릭/카프릭트라이글리세라이드, 세레신, 합성왁스, 폴리하이드록시스테아릭애씨드, 티타늄디옥사이드, 적색산화철, 적색104호의(1), 에틸렌/프로필렌코폴리머, 글리세릴카프릴레이트, 에틸헥실글리세린, 레시틴, 청색1호, 아이소프로필미리스테이트, 에틸헥실팔미테이트, 아이소스테아릭애씨드, 향료, 폴리글리세릴-3폴리리시놀리에이트, 알루미늄하이드록사이드, 황색산화철, 다이아이소스테아릴말레이트, 흑색산화철, 아스코빅애씨드, 토코페릴아세테이트, 글리세린, 정제수, 부틸렌글라이콜, 실크아미노산, 1,2-헥산다이올, 팔미토일헥사펩타이드-12  [벨벳] 다이메티콘, 아이소트라이데실아이소노나노에이트, 메틸메타크릴레이트크로스폴리머, 실리카, 폴리글리세릴-2트라이아이소스테아레이트, 다이메티콘/비닐다이메티콘크로스폴리머, 세레신, 티타늄디옥사이드, 합성왁스, 마이카, 적색산화철, 적색104호의(1), 폴리하이드록시스테아릭애씨드, 에틸렌/프로필렌코폴리머, 글리세릴카프릴레이트, 황색4호, 청색1호, 에틸헥실글리세린, 레시틴, 메티콘, 에틸헥실팔미테이트, 아이소스테아릭애씨드, 아이소프로필미리스테이트, 향료, 알루미늄하이드록사이드, 폴리글리세릴-3폴리리시놀리에이트, 흑색산화철, 다이아이소스테아릴말레이트, 토코페릴아세테이트, 아스코빅애씨드, 글리세린, 정제수, 부틸렌글라이콜, 실크아미노산, 1,2-헥산다이올, 팔미토일헥사펩타이드-12","1. 화장품을 사용하여 다음과 같이 이상이 있을 경우에는 사용을 중지할 것이며, 계속 사용하면 증상을 악화시키므로 피부과 전문의 등에게 상담할 것. 1) 사용 중 붉은 반점, 부어오름, 가려움증, 자극 등의 이상이 있을 경우. 2) 적용부위가 직사광선에 의해 위와 같은 이상이 있을 경우 2. 상처가 있는 곳 또는 습진 및 피부염 등의 이상이 있는 부위에는 사용을 금할 것. 3. 보관 및 취급상의 주의사항 1) 사용 후에는 반드시 마개를 닫아둘 것 2) 유. 소아의 손에 닿지 않는 곳에 보관할 것. 3) 고온 내지 저온의 장소 및 직사광선이 닿는 곳에는 보관하지 말 것.",본 상품의 품질보증 및 피해보상에 관한 사항은 관련 법률 및 공정거래 위원회 고시 [소비자분쟁해결기준]에 따릅니다.,토니모리 고객 상담실 080-356-2222,normal,토니모리,치크톤 립앤치크 듀오밤 [08 어나더로즈],2123725,69091,
4g,상품상세참조,상품상세참조,내용물을 적당량 취해 입술 라인 안쪽으로 꼼꼼히 발라줍니다.,(주)코스맥스,대한민국,해당있음,"02 토마토쇼킹] 정제수, 옥틸도데칸올, 부틸렌글라이콜, 다이프로필렌글라이콜, 사과씨오일, 글리세린 ,펜틸렌글라이콜, 베타인, 에틸셀룰로오스, 클로렐라, 불가리스추출물, 해바라기씨오일, 퀸즈랜드넛오일, 올리브오일,호호바씨오일, 포도오일,빌베리씨오일, 폴리솔베이트60, 솔비탄스테아레이트, 폴리아크릴레이트크로스폴리머-6, 암모늄아크릴로일다이메틸타우레이트/브이피코폴리머, 하이드록시에틸아크릴레이트/소듐아크릴로일다이메틸타우레이트코폴리머,글루코오스,프룩토올리고사카라이드,프룩토오스,에틸헥실글리세린,소듐다이라우미도글루타미드라이신,트라이소듐에틸렌다이아민다이석시네이트,1,2-헥산다이올, 수크로오스팔미테이트, 하이드로제네이티드레시틴, 세테아릴알코올, 페녹시에탄올, 향료, 벤질알코올, 신나밀알코올, 적색104호의(1) (CI 45410), 황색4호 (CI 19140), 황색5호 (CI 15985), 적색223호 (CI 45380), 적색227호 (CI 17200)","1. 화장품을 사용하여 다음과 같이 이상이 있을 경우에는 사용을 중지할 것이며, 계속 사용하면 증상을 악화시키므로 피부과 전문의 등에게 상담할 것. 1) 사용 중 붉은 반점, 부어오름, 가려움증, 자극 등의 이상이 있을 경우. 2) 적용부위가 직사광선에 의해 위와 같은 이상이 있을 경우 2. 상처가 있는 곳 또는 습진 및 피부염 등의 이상이 있는 부위에는 사용을 금할 것. 3. 보관 및 취급상의 주의사항 1) 사용 후에는 반드시 마개를 닫아둘 것 2) 유. 소아의 손에 닿지 않는 곳에 보관할 것. 3) 고온 내지 저온의 장소 및 직사광선이 닿는 곳에는 보관하지 말 것.",본 상품의 품질보증 및 피해보상에 관한 사항은 관련 법률 및 공정거래 위원회 고시 [소비자분쟁해결기준]에 따릅니다.,토니모리 고객 상담실 080-356-2222,normal,토니모리,퍼펙트립스 쇼킹립 틴트 [02 토마토쇼킹],2101310,27432,
4.8 g,상품상세참조,2027-03-28 까지,내장되어 있는 립 브러시를 사용하여 적당량을 묻혀 원하는 부위에 부드럽게 펴 발라줍니다.,(주)코코/(주)토니모리,대한민국,해당있음,"14 캣츠라벤더빔 [촉촉] 펜타에리스리틸테트라아이소스테아레이트, 피토스테릴/이소스테아릴/세틸/스테아릴/베헤닐다이머디리놀리에이트, 카프릴릭/카프릭트라이글리세라이드, 아이소노닐아이소노나노에이트, 폴리글리세릴-2트라이아이소스테아레이트, 티타늄디옥사이드, 마이카, 아이소트라이데실아이소노나노에이트, 세레신, 합성플루오르플로고파이트, 합성왁스, 마이크로크리스탈린왁스, 에틸렌/프로필렌코폴리머, 칼슘티타늄보로실리케이트, 폴리하이드록시스테아릭애씨드, 글리세릴카프릴레이트, 칼슘알루미늄보로실리케이트, 에틸헥실글리세린, 레시틴, 아이소프로필미리스테이트, 에틸헥실팔미테이트, 아이소스테아릭애씨드, 향료, 폴리글리세릴-3폴리리시놀리에이트, 적색104호의(1), 황색4호, 틴옥사이드, 페릭페로시아나이드, 토코페릴아세테이트, 아스코빅애씨드, 글리세린, 정제수, 부틸렌글라이콜, 실크아미노산, 1,2-헥산다이올, 팔미토일헥사펩타이드-12  [벨벳] 다이메티콘, 아이소트라이데실아이소노나노에이트, 메틸메타크릴레이트크로스폴리머, 티타늄디옥사이드, 실리카, 다이메티콘/비닐다이메티콘크로스폴리머, 폴리글리세릴-2트라이아이소스테아레이트, 세레신, 합성왁스, 마이카, 폴리하이드록시스테아릭애씨드, 에틸렌/프로필렌코폴리머, 글리세릴카프릴레이트, 알루미늄하이드록사이드, 적색104호의(1), 에틸헥실글리세린, 레시틴, 메티콘, 아이소프로필미리스테이트, 에틸헥실팔미테이트, 아이소스테아릭애씨드, 향료, 폴리글리세릴-3폴리리시놀리에이트, 청색1호, 흑색산화철, 다이아이소스테아릴말레이트, 황색4호, 아스코빅애씨드, 토코페릴아세테이트, 글리세린, 정제수, 부틸렌글라이콜, 실크아미노산, 1,2-헥산다이올, 팔미토일헥사펩타이드-12","1. 화장품을 사용하여 다음과 같이 이상이 있을 경우에는 사용을 중지할 것이며, 계속 사용하면 증상을 악화시키므로 피부과 전문의 등에게 상담할 것. 1) 사용 중 붉은 반점, 부어오름, 가려움증, 자극 등의 이상이 있을 경우. 2) 적용부위가 직사광선에 의해 위와 같은 이상이 있을 경우 2. 상처가 있는 곳 또는 습진 및 피부염 등의 이상이 있는 부위에는 사용을 금할 것. 3. 보관 및 취급상의 주의사항 1) 사용 후에는 반드시 마개를 닫아둘 것 2) 유. 소아의 손에 닿지 않는 곳에 보관할 것. 3) 고온 내지 저온의 장소 및 직사광선이 닿는 곳에는 보관하지 말 것.",본 상품의 품질보증 및 피해보상에 관한 사항은 관련 법률 및 공정거래 위원회 고시 [소비자분쟁해결기준]에 따릅니다.,토니모리 고객 상담실 080-356-2222,normal,토니모리,디즈니 마리 콜라보 치크톤 립앤치크 듀오밤 [14 캣츠라벤더빔],2145533,71614,
0.25g / 0.008 oz.,상품상세참조,상품상세참조,"입술 라인을 따라 부드럽게 그려준 후, 손가락 또는 브러쉬를 이용해 부드럽게 스머지 해줍니다.",㈜씨앤씨인터네셔널,한국,해당있음,"[05 스윗핑크] 다이메티콘, 합성왁스, 폴리글리세릴-2트라이아이소스테아레이트, 트라이데실트라이멜리테이트, 페닐트라이메티콘, 티타늄디옥사이드, 비닐다이메티콘/메티콘실세스퀴옥세인크로스폴리머, 비스-다이글리세릴폴리아실아디페이트-2, 다이메티콘/비닐다이메티콘크로스폴리머, 세틸피이지/피피지-10/1다이메티콘, 메틸메타크릴레이트크로스폴리머 , 실리카실릴레이트, 황색5호, 적색202호, 흑색산화철, 향료, 리날룰, 정제수, 황색4호, 펜타에리스리틸테트라-다이-t-부틸하이드록시하이드로신나메이트, 1,2-헥산다이올, 연꽃꽃추출물, 알바수련꽃추출물, 마트리카리아꽃추출물, 카렌둘라추출물, 동백나무꽃추출물, 장미꽃추출물, 스노우로투스추출물, 세룰라타벚나무꽃추출물","1. 화장품을 사용하여 다음과 같이 이상이 있을 경우에는 사용을 중지할 것이며, 계속 사용하면 증상을 악화시키므로 피부과 전문의 등에게 상담할 것. 1) 사용 중 붉은 반점, 부어오름, 가려움증, 자극 등의 이상이 있을 경우. 2) 적용부위가 직사광선에 의해 위와 같은 이상이 있을 경우 2. 상처가 있는 곳 또는 습진 및 피부염 등의 이상이 있는 부위에는 사용을 금할 것. 3. 보관 및 취급상의 주의사항 1) 사용 후에는 반드시 마개를 닫아둘 것 2) 유. 소아의 손에 닿지 않는 곳에 보관할 것. 3) 고온 내지 저온의 장소 및 직사광선이 닿는 곳에는 보관하지 말 것.",본 상품의 품질보증 및 피해보상에 관한 사항은 관련 법률 및 공정거래 위원회 고시 [소비자분쟁해결기준]에 따릅니다.,토니모리 고객 상담실 080-356-2222,normal,토니모리,겟잇 틴트 립 라이너 [05 스윗핑크],2112169,65006,
50 ml / 1.69 fl. oz.,모든 피부 타입,"개봉 전 24개월, 개봉 후 12개월 이내 사용",내용물을 적당량 덜어 피부 결을 따라 펴 바른 후 가볍게 두드려 흡수시켜줍니다.,㈜제이앤제이코스텍,한국,해당있음,"정제수, 부틸렌글라이콜, 글리세린, 1,2-헥산다이올, 폴리글리세린-3, 약모밀추출물 (8,200 ppm), 하이드록시아세토페논, 프로판다이올, 다이에톡시에틸석시네이트, 폴리글리세릴-10라우레이트, 카보머, 알란토인, 판테놀, 하이드롤라이즈드호호바에스터, 에리스리톨, 에틸헥실글리세린, 수크로오스팔미테이트, 트로메타민, 하이드로제네이티드레시틴, 부테스-3, 잔탄검, 소듐하이알루로네이트, 마카다미아씨오일, 올리브오일, 호호바씨오일, 포도씨오일, 소듐벤조트라이아졸릴부틸페놀설포네이트, 하이드록시에틸셀룰로오스, 바이오사카라이드검-1, 바실러스발효물, 카카오추출물, 풀루란, 덱스트린, 서양배추출물, 다마스크장미꽃수, 캐모마일꽃오일, 서양측백나무잎오일, 복숭아추출물, 커먼자스민꽃수, 로즈마리잎오일, 트라이부틸시트레이트, 광곽향오일, 서양송악잎/줄기추출물, 비터오렌지꽃추출물, 멜론추출물, 병풀뿌리추출물 (1 ppm), 병풀추출물 (1 ppm), 병풀잎추출물 (1 ppm), 세라마이드엔피, 콜레스테롤, 스테아릭애씨드, 토코페롤, 스쿠알란, 폴리데센, 올레익애씨드, 유채스테롤, 아시아틱애씨드 (10 ppb), 아시아티코사이드 (10 ppb), 마데카식애씨드 (1 ppb), 마데카소사이드 (1 ppb), 다이소듐이디티에이","1. 화장품 사용 시 또는 사용 후 직사광선에 의하여 사용부위가 붉은 반점, 부어오름 또는 가려움증 등의 이상 증상이나 부작용이 있는 경우에는 전문의 등과 상담할 것. 2. 상처가 있는 부위 등에는 사용을 자제할 것. 3. 보관 및 취급 시 주의사항 가) 어린이의 손이 닿지 않는 곳에 보관할 것. 나) 직사광선을 피해서 보관할 것.",본 상품의 품질보증 및 피해보상에 관한 사항은 관련 법률 및 공정거래 위원회 고시 [소비자분쟁해결기준]에 따릅니다.,080-356-2222,normal,토니모리,어성초시카 퀵 카밍 앰플,2011066,45594,
0.5g,모든 피부 타입,"개봉 전 24개월, 개봉 후 6개월","속눈썹 사이를 메워주듯이 눈 앞머리에서 꼬리 부분을 따라 라인을 그려줍니다. *사용 전 꼭 흔들어서 사용해주시고, 내용물이 잘 안 나올 때는 물티슈 등에 부드럽게 닦아주세요. 보관 시에는 원활한 토출을 위해 수평으로 눕혀 주시기 바립니다.",(주)수한,한국,해당있음,"정제수;아크릴레이트/에틸헥실아크릴레이트코폴리머;카본블랙;부틸렌글라이콜;스타이렌/아크릴레이트코폴리머;1,2-헥산다이올;라우레스-20;암모늄하이드록사이드;벤질알코올;시메티콘;에틸헥실글리세린;페녹시에탄올;실리카","1. 화장품 사용 시 또는 사용 후 직사광선에 의하여 사용부위가 붉은 반점, 부어오름 또는 가려움증 등의 이상 증상이나 부작용이 있는 경우 전문의 등과 상담할 것 2. 상처가 있는 부위 등에는 사용을 자제할 것 3. 보관 및 취급 시의 주의사항 가) 어린이의 손이 닿지 않는 곳에 보관할 것 나) 직사광선을 피해서 보관할 것 4. 눈에 들어갔을 때에는 즉시 씻어낼 것",본 상품의 품질보증 및 피해보상에 관한 사항은 관련 법률 및 공정거래 위원회 고시 [소비자분쟁해결기준]에 따릅니다.,080-356-2222,normal,토니모리,더 쇼킹 비건라이너 수퍼픽싱 [01 쇼킹블랙],1946519,33284,
4.3 g,상품상세참조,2026-07-23,내용물을 적당량 취해 입술 라인 안쪽으로 꼼꼼히 발라줍니다. 음-파 없이 컬러가 스며들듯 바르면 더욱 깔끔하게 컬러가 연출됩니다.,(주)코스맥스/(주)토니모리,대한민국,해당있음,"[01 베리슈] 정제수, 다이메티콘, 카프릴릴메티콘, 글리세린, 다이메티콘/비닐다이메티콘크로스폴리머, 펜틸렌글라이콜, 다이메티콘크로스폴리머, 소듐아크릴레이트크로스폴리머-2, 시어버터, 소듐하이알루로네이트, 1,2-헥산다이올, 세테아레스-20, 세틸피이지/피피지-10/1다이메티콘, 폴리글리세릴-10미리스테이트, 부틸렌글라이콜, 암모늄아크릴로일다이메틸타우레이트/브이피코폴리머, 글리세릴스테아레이트, 피이지-100스테아레이트, 다이페닐실록시페닐트라이메티콘, 폴리아크릴레이트-13, 폴리아이소부텐 카프릴릭/카프릭트라이글리세라이드, 에틸헥실글리세린, 트라이소듐에틸렌다이아민다이석시네이트, 하이드로제네이티드레시틴, 폴리솔베이트20, 솔비탄아이소스테아레이트, 알루미늄하이드록사이드, 암모늄폴리아크릴레이트, 알지닌, 세라마이드엔피 카보머, 페녹시에탄올, 벤질벤조에이트, 향료, 티타늄디옥사이드 (CI 77891), 황색5호 (CI 15985), 적색227호 (CI 17200), 적색104호의(1) (CI 45410), 청색1호 (CI 42090)","1. 화장품 사용 시 또는 사용 후 직사광선에 의하여 사용부위가 붉은 반점, 부어오름 또는 가려움증 등의 이상 증상이나 부작용이 있는 경우 전문의 등과 상담할 것. 2. 상처가 있는 부위 등에는 사용을 자제할 것. 3. 보관 및 취급 시의 주의사항 가. 어린이의 손이 닿지 않는 곳에 보관할 것. 나. 직사광선을 피해서 보관할 것.",본 상품의 품질보증 및 피해보상에 관한 사항은 관련 법률 및 공정거래 위원회 고시 [소비자분쟁해결기준]에 따릅니다.,토니모리 고객 상담실 080-356-2222,normal,토니모리,겟잇 틴트 워터풀 버터 [01 베리슈],2023403,60604,
50ml,주름개선,"개봉 전 30개월, 개봉 후 12개월",내용물을 적당량 덜어 피부 결을 따라 부드럽게 펴 발라준 후 가볍게 두드려 흡수시킵니다.,㈜한국콜마,한국,해당있음,"잇꽃꽃추출물;글리세린;하이드로제네이티드폴리데센;다이프로필렌글라이콜;카프릴릭/카프릭트라이글리세라이드;하이드로제네이티드폴리(C6-14올레핀);세테아릴알코올;1,2-헥산다이올;다이메티콘;사이클로메티콘;식물성오일;정제수;글리세릴스테아레이트에스이;다이메티콘올;사이클로펜타실록세인;카바카바잎/뿌리/줄기추출물;우엉뿌리추출물;진흙버섯추출물;미로탐누스 플라벨리폴리아캘러스배양추출물;쇠비름추출물;칡뿌리추출물;스페인감초뿌리추출물;작약뿌리추출물;천궁뿌리추출물;아르간커넬추출물;하이드로제네이티드레시틴;아르간커넬오일;수용성콜라겐;소듐하이알루로네이트;알로에베라잎즙;세테아릴글루코사이드;세테아릴올리베이트;솔비탄올리베이트;C12-16알코올;마이크로크리스탈린셀룰로오스;스쿠알란;하이드록시에틸아크릴레이트/소듐아크릴로일다이메틸타우레이트코폴리머;부틸렌글라이콜;글리세릴스테아레이트;하이드롤라이즈드콜라겐;팔미틱애씨드;붉은누룩곰팡이/아르간트리씨드케이크발효오일;셀룰로오스검;아라비아고무나무검;판테놀;아데노신;솔비탄라우레이트;폴릭애씨드;세라마이드엔피;콜레스테롤;라피노오스;하이드록시에틸셀룰로오스;아세틸다이펩타이드-1세틸에스터;탤크;잔탄검;트로메타민;하이드록시데실유비퀴논;팔미토일펜타펩타이드-4;글라이콜릭애씨드;피이지-100스테아레이트;폴리솔베이트60;향료;펜틸렌글라이콜;황색5호;황색4호","1) 화장품 사용 시 또는 사용 후 직사광선에 의하여 사용부위가 붉은 반점, 부어오름 또는 가려움증 등의 이상 증상이나 부작용이 있는 경우 전문의 등과 상담할 것. 2) 상처가 있는 부위 등에는 사용을 자제할 것. 3) 보관 및 취급 시의 주의사항 가) 어린이의 손이 닿지 않는 곳에 보관할 것. 나) 직사광선을 피해서 보관할 것. 4. 눈 주위를 피하여 상요할 것.",본 상품의 품질보증 및 피해보상에 관한 사항은 관련 법률 및 공정거래 위원회 고시 [소비자분쟁해결기준]에 따릅니다.,080-356-2222,normal,토니모리,플로리아 뉴트라 에너지 100시간 크림,1874215,27468,
4g,해당 사항 없음,"개봉 전 36개월, 개봉 후 24개월 (2024-10-03까지 사용)",피부 톤에 따라 한 가지 컬러 또는 2~3가지 컬러를 믹스하여 윤곽을 주고 싶은 부위에 가볍게 쓸어 발라줍니다.,코스맥스,한국,해당있음,다이메티콘;합성플루오르플로고파이트;CI 77891;CI 77019;메틸메타크릴레이트크로스폴리머;네오펜틸글라이콜다이에틸헥사노에이트;헥실라우레이트;마그네슘미리스테이트;나일론-12;다이메티콘/비닐다이메티콘크로스폴리머;다이글리세릴세바케이트/아이소팔미테이트;솔비탄세스퀴아이소스테아레이트;다이펜타에리스리틸헥사하이드록시스테아레이트/헥사스테아레이트/헥사로지네이트;합성왁스;실리카;프로판다이올;트라이에톡시카프릴릴실레인;CI 77861;페녹시에탄올;CI 77491;CI 75470,"1. 화장품 사용 시 또는 사용 후 직사광선에 의하여 사용부위가 붉은 반점, 부어오름 또는 가려움증 등의 이상 증상이나 부작용이 있는 경우 전문의 등과 상담할 것. 2. 상처가 있는 부위 등에는 사용을 자제할 것. 3. 보관 및 취급 시의 주의사항 가) 어린이의 손이 닿지 않는 곳에 보관할 것. 나) 직사광선을 피해서 보관할 것. 4. 카민 성분에 과민하거나 알레르기가 있는 사람은 신중히 사용할 것. (02 문라이츠에 한함.)",본 상품의 품질보증 및 피해보상에 관한 사항은 관련 법률 및 공정거래 위원회 고시 [소비자분쟁해결기준]에 따릅니다.,080-356-2222,normal,토니모리,더 쇼킹 베어 하이라이터 [02 문라이츠],1987310,31063,
45ml,"미백, 주름개선","개봉 전 30개월, 개봉 후 12개월",내용물을 적당량 덜어 피부 결을 따라 부드럽게 펴 발라준 후 가볍게 두드려 흡수시킵니다.,(주)메가코스,한국,해당있음,정제수;부틸렌글라이콜;다이프로필렌글라이콜;사이클로펜타실록세인;세테아릴알코올;피씨에이다이메티콘;다이메티콘;나이아신아마이드;사이클로헥사실록세인;글리세릴스테아레이트에스이;세틸에틸헥사노에이트;호호바에스터;비즈왁스;시어버터;하이드로제네이티드폴리데센;부틸렌글라이콜다이카프릴레이트/다이카프레이트;금사연둥지추출물;글리세릴스테아레이트;피이지-100스테아레이트;토코페롤;마카다미아씨오일(구명칭);망고씨버터;서양수수꽃다리추출물;목련가지/꽃/잎추출물;세룰라타벚나무꽃추출물;서양민들레뿌리줄기/뿌리추출물;황련뿌리추출물;카카오씨추출물;아데노신;금;티타늄디옥사이드(구명칭);마이카;적색산화철;폴리아크릴레이트-13;소듐하이알루로네이트;다이메티콘올;폴리아이소부텐;폴리솔베이트20;페녹시에탄올;에틸헥실글리세린;다이소듐이디티에이;향료,"1. 화장품 사용 시 또는 사용 후 직사광선에 의하여 사용부위가 붉은 반점, 부어오름 또는 가려움증 등의 이상 증상이나 부작용이 있는 경우 전문의 등과 상담할 것. 2. 상처가 있는 부위 등에는 사용을 자제할 것. 3. 보관 및 취급 시의 주의사항 가) 어린이의 손이 닿지 않는 곳에 보관할 것. 나) 직사광선을 피해서 보관할 것.",본 상품의 품질보증 및 피해보상에 관한 사항은 관련 법률 및 공정거래 위원회 고시 [소비자분쟁해결기준]에 따릅니다.,080-356-2222,normal,토니모리,프리미엄 RX 제비집 영양 크림,1874348,27464,
4.6g,모든 피부 타입,"개봉 전 36개월, 개봉 후 24개월",브러쉬나 손가락을 사용하여 눈가에 고르게 발라 줍니다.,씨앤씨인터내셔널,한국,해당있음,"마이카;탤크;티타늄다이옥사이드;나일론-12;보론나이트라이드;옥틸도데실스테아로일스테아레이트;다이메티콘올스테아레이트;페닐트라이메티콘;에이치디아이/트라이메틸올헥실락톤크로스폴리머;옥틸도데칸올;카프릴릭/카프릭트라이글리세라이드;다이아이소스테아릴말레이트;라우로일라이신;황색산화철;흑색산화철;다이메티콘;카민;다이펜타에리스리틸헥사하이드록시스테아레이트/헥사스테아레이트/헥사로지네이트;에틸헥실글리세린;글리세릴카프릴레이트;적색산화철;마그네슘미리스테이트;실리카;정제수;칼슘알루미늄보로실리케이트;폴리메틸실세스퀴옥세인;다이아이소스테아릴말레이트;페닐트라이메티콘;다이메티콘;다이메티콘크로스폴리머;트라이메틸펜탄다이올/아디픽애씨드/글리세린크로스폴리머;티타늄다이옥사이드;마이카;적색산화철;1,2-헥산다이올;흑색산화철;페녹시에탄올;틴옥사이드;카민;탤크;메틸메타크릴레이트크로스폴리머;실리카;흑색산화철;페닐트라이메티콘;울트라마린;티타늄다이옥사이드;적색산화철;카민;황색산화철;다이아이소스테아릴말레이트;다이펜타에리스리틸헥사하이드록시스테아레이트/헥사스테아레이트/헥사로지네이트;징크스테아레이트;다이메티콘;에틸헥실글리세린;글리세릴카프릴레이트;정제수;폴리메틸실세스퀴옥세인;칼슘알루미늄보로실리케이트;다이아이소스테아릴말레이트;페닐트라이메티콘;다이메티콘;다이메티콘크로스폴리머;트라이메틸펜탄다이올/아디픽애씨드/글리세린크로스폴리머;마이카;티타늄다이옥사이드;적색산화철;1,2-헥산다이올;페녹시에탄올;틴옥사이드;알루미늄전분옥테닐석시네이트;탤크;마이카;보론나이트라이드;칼슘티타늄보로실리케이트;티타늄다이옥사이드;흑색산화철;카민;옥틸도데실스테아로일스테아레이트;다이메티콘올스테아레이트;페닐트라이메티콘;황색산화철;에이치디아이/트라이메틸올헥실락톤크로스폴리머;옥틸도데칸올;카프릴릭/카프릭트라이글리세라이드;다이아이소스테아릴말레이트;적색산화철;울트라마린;라우로일라이신;다이메티콘;에틸헥실글리세린;글리세릴카프릴레이트;다이펜타에리스리틸헥사하이드록시스테아레이트/헥사스테아레이트/헥사로지네이트;마그네슘미리스테이트;실리카;틴옥사이드;정제수;알루미늄전분옥테닐석시네이트;탤크;마이카;보론나이트라이드;칼슘티타늄보로실리케이트;티타늄다이옥사이드;흑색산화철;카민;옥틸도데실스테아로일스테아레이트;다이메티콘올스테아레이트;페닐트라이메티콘;황색산화철;에이치디아이/트라이메틸올헥실락톤크로스폴리머;옥틸도데칸올;카프릴릭/카프릭트라이글리세라이드;다이아이소스테아릴말레이트;적색산화철;울트라마린;라우로일라이신;다이메티콘;에틸헥실글리세린;글리세릴카프릴레이트;다이펜타에리스리틸헥사하이드록시스테아레이트/헥사스테아레이트/헥사로지네이트;마그네슘미리스테이트;실리카;틴옥사이드;정제수","1. 화장품 사용 시 또는 사용 후 직사광선에 의하여 사용부위가 붉은 반점, 부어오름 또는 가려움증 등의 이상 증상이나 부작용이 있는 경우 전문의 등과 상담할 것. 2. 상처가 있는 부위 등에는 사용을 자제할 것. 3. 보관 및 취급 시의 주의사항 가) 어린이의 손이 닿지 않는 곳에 보관할 것. 나) 직사광선을 피해서 보관할 것.",본 상품의 품질보증 및 피해보상에 관한 사항은 관련 법률 및 공정거래 위원회 고시 [소비자분쟁해결기준]에 따릅니다.,080-356-2222,normal,토니모리,더 쇼킹 스핀오프 팔레트 [04 팝모브],1968919,31718,
4g,"01 숏컷, 02 러브어페어, 03 썬더볼트, 04 핫테이스트, 05 브레이킹뉴스, 06 빌리버","개봉 전 24개월(18개월), 개봉 후 12개월(6개월)",내용물을 적당량 취해 입술라인 안쪽으로 꼼꼼히 발라줍니다.,코스맥스(주),한국,해당있음,"정제수;다이메티콘;다이메티콘/비닐다이메티콘크로스폴리머;펜틸렌글라이콜;폴리글리세릴-10미리스테이트;부틸렌글라이콜;다마스크장미꽃오일;하이드롤라이즈드콜라겐;지모뿌리추출물;암모늄아크릴로일다이메틸타우레이트/브이피코폴리머;폴리아크릴레이트크로스폴리머-6;폴리솔베이트20;에틸헥실글리세린;글리세린;다이페닐다이메티콘;트라이에틸헥사노인;하이드로제네이티드레시틴;알루미늄하이드록사이드;암모늄폴리아크릴레이트;알지닌;알란토인;하이드로제네이티드폴리아이소부텐;1,2-헥산다이올;토코페롤;카보머;페녹시에탄올;향료;CI 77891;CI 19140;CI 15985;CI 45410;CI 17200;CI 42090","1. 화장품 사용 시 또는 사용 후 직사광선에 의하여 사용부위가 붉은 반점, 부어오름 또는 가려움증 등의 이상 증상이나 부작용이 있는 경우 전문의 등과 상담할 것 2. 상처가 있는 부위 등에는 사용을 자제할 것 3. 보관 및 취급 시의 주의사항 가) 어린이의 손이 닿지 않는 곳에 보관할 것 나) 직사광선을 피해서 보관할 것.",본 상품의 품질보증 및 피해보상에 관한 사항은 관련 법률 및 공정거래 위원회 고시 [소비자분쟁해결기준]에 따릅니다.,080-356-2222,normal,토니모리,더 쇼킹 립블러 틴트 [06 빌리버],1900320,29278,
3.5 g,상품상세참조,2027-07-14 까지,내장되어 있는 퍼프에 적당량을 취하여 볼 주위에 가볍게 두드려줍니다.,(주)한국콜마/(주)토니모리,한국,해당있음,"[01 포그핑크] 마이카,다이메티콘,다이카프릴릴카보네이트,티타늄디옥사이드,다이메티콘/비닐다이메티콘크로스폴리머,페닐트라이메티콘,하이드로제네이티드폴리데센,동백나무꽃추출물,연꽃꽃추출물,히비스커스꽃추출물,비타민나무열매오일,실리카,라우로일라이신,1,2-헥산다이올,글리세릴카프릴레이트,알루미늄하이드록사이드,트라이에톡시카프릴릴실레인,식물성스쿠알란,정제수,부틸렌글라이콜,황색4호,울트라마린,적색226호,흑색산화철","1. 화장품을 사용하여 다음과 같이 이상이 있을 경우에는 사용을 중지할 것이며, 계속 사용하면 증상을 악화시키므로 피부과 전문의 등에게 상담할 것. 1) 사용 중 붉은 반점, 부어오름, 가려움증, 자극 등의 이상이 있을 경우. 2) 적용부위가 직사광선에 의해 위와 같은 이상이 있을 경우 2. 상처가 있는 곳 또는 습진 및 피부염 등의 이상이 있는 부위에는 사용을 금할 것. 3. 보관 및 취급상의 주의사항 1) 사용 후에는 반드시 마개를 닫아둘 것 2) 유. 소아의 손에 닿지 않는 곳에 보관할 것. 3) 고온 내지 저온의 장소 및 직사광선이 닿는 곳에는 보관하지 말 것.",상품상세참조,토니모리 고객 상담실 080-356-2222,normal,토니모리,치크톤 젤리 블러셔 [01 포그핑크],2099932,60677,
45g,모든 피부 타입,"개봉 전 24개월, 개봉 후 12개월",루미너스 여신 광채 빔과 여신 광채 비비크림을 1:2 비율로 섞어 얼굴 전체에 가볍게 두드리며 발라줍니다.,코스맥스㈜,한국,해당있음,정제수;CI 77891;에칠헥실메톡시신나메이트;사이클로펜타실록세인;다이프로필렌글라이콜;부틸렌글라이콜다이카프릴레이트/다이카프레이트;페닐트라이메티콘;사이클로헥사실록세인;CI 77947;세틸피이지/피피지-10/1다이메티콘;알부틴;헥실데실미리스토일메틸아미노프로피오네이트;헥실라우레이트;미네랄워터;흰목이버섯추출물;레몬밤잎추출물;말로우추출물(구명칭);서양톱풀추출물;성모초추출물(구명칭);카우슬립추출물(구명칭);페퍼민트잎추출물;꼬리풀추출물(구명칭);산소;글리세린;솔비탄세스퀴올리에이트;마그네슘설페이트;실리카;다이스테아다이모늄헥토라이트;이소아밀p-메톡시신나메이트;트라이베헤닌;알루미늄하이드록사이드;C30-45알킬세테아릴다이메티콘크로스폴리머;스테아릭애씨드;트라이에톡시카프릴릴실레인;글리세릴베헤네이트;칼슘스테아레이트;폴리글리세릴-6옥타스테아레이트;에틸헥실글리세린;다이메티콘;아데노신;부틸렌글라이콜;세라마이드3(구명칭);에틸헥산다이올;다이소듐이디티에이;페녹시에탄올;향료;CI 77492;CI 77491;CI 77499;CI 77019,"1. 화장품을 사용하여 다음과 같이 이상이 있을 경우에는 사용을 중지할 것이며, 계속 사용하면 증상을 악화시키므로 피부과 전문의 등에게 상담할 것. 1) 사용 중 붉은 반점, 부어오름, 가려움증, 자극 등의 이상이 있을 경우. 2) 적용부위가 직사광선에 의해 위와 같은 이상이 있을 경우 2. 상처가 있는 곳 또는 습진 및 피부염 등의 이상이 있는 부위에는 사용을 금할 것. 3. 보관 및 취급상의 주의사항 1) 사용 후에는 반드시 마개를 닫아둘 것 2) 유. 소아의 손에 닿지 않는 곳에 보관할 것. 3) 고온 내지 저온의 장소 및 직사광선이 닿는 곳에는 보관하지 말 것.",본 상품의 품질보증 및 피해보상에 관한 사항은 관련 법률 및 공정거래 위원회 고시 [소비자분쟁해결기준]에 따릅니다.,080-356-2222,normal,토니모리,루미너스 여신 광채 비비 [SPF37/PA++] [02 차분한베이지],1985579,29613,
8.3ml,상품상세참조,"개봉 전 24개월, 개봉 후 12개월",입술에 적당량을 발라 안쪽으로 진하게 바깥쪽은 옅어지도록 부드럽게 펴 바르면서 자연스러운 그라데이션을 만들어줍니다.,㈜메가코스,한국,해당있음,"정제수;글리세린;트레할로오스;로즈힙열매오일;아르간커넬오일;시어버터;해바라기씨오일;호호바씨오일;동백나무꽃추출물;석류추출물;트로메타민;등색205호;카보머;향료;글리세릴아크릴레이트/아크릴릭애씨드코폴리머;스테비오사이드;폴리아크릴레이트크로스폴리머-6;적색227호;부틸렌글라이콜;카프릴릴글라이콜;글리세릴카프릴레이트;에틸헥산다이올;1,2-헥산다이올;페녹시에탄올","1. 화장품을 사용하여 다음과 같이 이상이 있을 경우에는 사용을 중지할 것이며, 계속 사용하면 증상을 악화시키므로 피부과 전문의 등에게 상담할 것. 1) 사용 중 붉은 반점, 부어오름, 가려움증, 자극 등의 이상이 있을 경우. 2) 적용부위가 직사광선에 의해 위와 같은 이상이 있을 경우 2. 상처가 있는 곳 또는 습진 및 피부염 등의 이상이 있는 부위에는 사용을 금할 것. 3. 보관 및 취급상의 주의사항 1) 사용 후에는 반드시 마개를 닫아둘 것 2) 유. 소아의 손에 닿지 않는 곳에 보관할 것. 3) 고온 내지 저온의 장소 및 직사광선이 닿는 곳에는 보관하지 말 것.",본 상품의 품질보증 및 피해보상에 관한 사항은 관련 법률 및 공정거래 위원회 고시 [소비자분쟁해결기준]에 따릅니다.,080-356-2222,normal,토니모리,딜라이트 토니 틴트 [3호 오렌지차차],16209,31569,
4.6g,모든 피부 타입,"개봉 전 36개월, 개봉 후 24개월",브러쉬나 손가락을 사용하여 눈가에 고르게 발라 줍니다.,씨앤씨인터내셔널,한국,해당있음,탤크;마이카;알루미늄전분옥테닐석시네이트;티타늄다이옥사이드;보론나이트라이드;다이메티콘올스테아레이트;옥틸도데실스테아로일스테아레이트;페닐트라이메티콘;에이치디아이/트라이메틸올헥실락톤크로스폴리머;옥틸도데칸올;카프릴릭/카프릭트라이글리세라이드;다이아이소스테아릴말레이트;라우로일라이신;적색산화철;황색산화철;다이메티콘;에틸헥실글리세린;다이펜타에리스리틸헥사하이드록시스테아레이트/헥사스테아레이트/헥사로지네이트;글리세릴카프릴레이트;흑색산화철;마그네슘미리스테이트;실리카;정제수;마이카;탤크;알루미늄전분옥테닐석시네이트;티타늄다이옥사이드;보론나이트라이드;황색산화철;옥틸도데실스테아로일스테아레이트;다이메티콘올스테아레이트;흑색산화철;적색산화철;페닐트라이메티콘;에이치디아이/트라이메틸올헥실락톤크로스폴리머;카프릴릭/카프릭트라이글리세라이드;옥틸도데칸올;다이아이소스테아릴말레이트;라우로일라이신;카민;다이메티콘;에틸헥실글리세린;다이펜타에리스리틸헥사하이드록시스테아레이트/헥사스테아레이트/헥사로지네이트;글리세릴카프릴레이트;마그네슘미리스테이트;실리카;정제수;마이카;탤크;알루미늄전분옥테닐석시네이트;티타늄다이옥사이드;보론나이트라이드;황색산화철;옥틸도데실스테아로일스테아레이트;다이메티콘올스테아레이트;페닐트라이메티콘;에이치디아이/트라이메틸올헥실락톤크로스폴리머;적색산화철;옥틸도데칸올;카프릴릭/카프릭트라이글리세라이드;다이아이소스테아릴말레이트;라우로일라이신;흑색산화철;다이메티콘;에틸헥실글리세린;다이펜타에리스리틸헥사하이드록시스테아레이트/헥사스테아레이트/헥사로지네이트;글리세릴카프릴레이트;마그네슘미리스테이트;실리카;정제수;탤크;마이카;알루미늄전분옥테닐석시네이트;티타늄다이옥사이드;적색산화철;보론나이트라이드;흑색산화철;옥틸도데실스테아로일스테아레이트;다이메티콘올스테아레이트;울트라마린;페닐트라이메티콘;에이치디아이/트라이메틸올헥실락톤크로스폴리머;옥틸도데칸올;카프릴릭/카프릭트라이글리세라이드;다이아이소스테아릴말레이트;황색산화철;라우로일라이신;다이메티콘;에틸헥실글리세린;다이펜타에리스리틸헥사하이드록시스테아레이트/헥사스테아레이트/헥사로지네이트;글리세릴카프릴레이트;마그네슘미리스테이트;실리카;정제수;마이카;탤크;알루미늄전분옥테닐석시네이트;적색산화철;흑색산화철;황색산화철;보론나이트라이드;옥틸도데실스테아로일스테아레이트;다이메티콘올스테아레이트;페닐트라이메티콘;에이치디아이/트라이메틸올헥실락톤크로스폴리머;옥틸도데칸올;카프릴릭/카프릭트라이글리세라이드;다이아이소스테아릴말레이트;라우로일라이신;다이메티콘;에틸헥실글리세린;글리세릴카프릴레이트;다이펜타에리스리틸헥사하이드록시스테아레이트/헥사스테아레이트/헥사로지네이트;마그네슘미리스테이트;실리카;정제수;탤크;메틸메타크릴레이트크로스폴리머;실리카;흑색산화철;황색산화철;적색산화철;페닐트라이메티콘;다이아이소스테아릴말레이트;다이펜타에리스리틸헥사하이드록시스테아레이트/헥사스테아레이트/헥사로지네이트;징크스테아레이트;다이메티콘;트라이에톡시카프릴릴실레인;에틸헥실글리세린;글리세릴카프릴레이트;정제수,"1. 화장품 사용 시 또는 사용 후 직사광선에 의하여 사용부위가 붉은 반점, 부어오름 또는 가려움증 등의 이상 증상이나 부작용이 있는 경우 전문의 등과 상담할 것. 2. 상처가 있는 부위 등에는 사용을 자제할 것. 3. 보관 및 취급 시의 주의사항 가) 어린이의 손이 닿지 않는 곳에 보관할 것. 나) 직사광선을 피해서 보관할 것.",본 상품의 품질보증 및 피해보상에 관한 사항은 관련 법률 및 공정거래 위원회 고시 [소비자분쟁해결기준]에 따릅니다.,080-356-2222,normal,토니모리,더 쇼킹 스핀오프 팔레트 [05 빈티지누드],1968933,31719,
200 ml,상품상세참조,상품상세참조,세안 후 손이나 화장솜에 내용물을 적당량 덜어 피부 안쪽에서 바깥쪽으로 피부 결을 따라 누르듯 발라주고 내용물의 흡수를 돕기 위해 손으로 가볍게 두드리며 마무리합니다.,(주)제이앤제이코스텍/ (주)토니모리,대한민국,해당있음,"약모밀꽃/잎/줄기수(78%), 정제수, 글리세린, 하이드록시아세토페논, 1,2-헥산다이올, 폴리글리세릴-10라우레이트, 프로판다이올, 알란토인, 에틸헥실글리세린, 셀룰로오스검, 다이포타슘글리시리제이트, 다이소듐이디티에이, 소듐하이알루로네이트, 서양배추출물, 장미추출물, 바실러스발효물, 캐모마일꽃오일, 서양측백나무잎오일, 복숭아추출물, 로즈마리잎오일, 멜론추출물, 서양송악잎/줄기추출물, 비터오렌지꽃추출물, 광곽향오일, 병풀추출물(1ppm), 병풀잎추출물(1ppm), 병풀뿌리추출물(1ppm), 아시아틱애씨드(10ppb), 아시아티코사이드(10ppb), 마데카식애씨드(1ppb), 마데카소사이드(1ppb)","1. 화장품 사용 시 또는 사용 후 직사광선에 의하여 사용부위가 붉은 반점, 부어오름 또는 가려움증 등의 이상 증상이나 부작용이 있는 경우에는 전문의 등과 상담할 것. 2. 상처가 있는 부위 등에는 사용을 자제할 것. 3. 보관 및 취급 시 주의사항 가) 어린이의 손이 닿지 않는 곳에 보관할 것. 나) 직사광선을 피해서 보관할 것.",본 상품의 품질보증 및 피해보상에 관한 사항은 관련 법률 및 공정거래 위원회 고시 [소비자분쟁해결기준]에 따릅니다.,토니모리 고객 상담실 080-356-2222,normal,토니모리,어성초시카 퀵 카밍 토너,2134636,31574,
4.6g,모든 피부 타입,"개봉 전 36개월, 개봉 후 24개월",브러쉬나 손가락을 사용하여 눈가에 고르게 발라 줍니다.,씨앤씨인터내셔널,한국,해당있음,"탤크;마이카;알루미늄전분옥테닐석시네이트;티타늄다이옥사이드;보론나이트라이드;다이메티콘올스테아레이트;옥틸도데실스테아로일스테아레이트;황색산화철;페닐트라이메티콘;에이치디아이/트라이메틸올헥실락톤크로스폴리머;적색산화철;옥틸도데칸올;카프릴릭/카프릭트라이글리세라이드;다이아이소스테아릴말레이트;흑색산화철;라우로일라이신;다이메티콘;에틸헥실글리세린;다이펜타에리스리틸헥사하이드록시스테아레이트/헥사스테아레이트/헥사로지네이트;글리세릴카프릴레이트;실리카;정제수;합성플루오르플로고파이트;칼슘티타늄보로실리케이트;다이페닐실록시페닐트라이메티콘;폴리프로필렌;비스-베헤닐/아이소스테아릴/피토스체릴다이머다이리놀레일다이머다이리놀리에이트;페트롤라툼;비스-다이글리세릴폴리아실아디페이트-2;다이아이소스테아릴말레이트;적색산화철;티타늄다이옥사이드;실버;에틸헥실글리세린;글리세릴카프릴레이트;틴옥사이드;정제수;마이카;탤크;알루미늄전분옥테닐석시네이트;적색산화철;황색산화철;보론나이트라이드;흑색산화철;티타늄다이옥사이드;옥틸도데실스테아로일스테아레이트;다이메티콘올스테아레이트;페닐트라이메티콘;에이치디아이/트라이메틸올헥실락톤크로스폴리머;카프릴릭/카프릭트라이글리세라이드;옥틸도데칸올;다이아이소스테아릴말레이트;라우로일라이신;다이메티콘;에틸헥실글리세린;카민;다이펜타에리스리틸헥사하이드록시스테아레이트/헥사스테아레이트/헥사로지네이트;글리세릴카프릴레이트;실리카;정제수;폴리메틸실세스퀴옥세인;합성플루오르플로고파이트;페닐트라이메티콘;다이아이소스테아릴말레이트;다이메티콘크로스폴리머;칼슘알루미늄보로실리케이트;다이메티콘;티타늄다이옥사이드;트라이메틸펜탄다이올/아디픽애씨드/글리세린크로스폴리머;적색산화철;1,2-헥산다이올;페녹시에탄올;틴옥사이드;합성플루오르플로고파이트;적색산화철;마이카;페닐트라이메티콘;탤크;실리카;다이펜타에리스리틸헥사하이드록시스테아레이트/헥사스테아레이트/헥사로지네이트;징크스테아레이트;흑색산화철;폴리글리세릴-2트라이아이소스테아레이트;티타늄다이옥사이드;에틸헥실글리세린;트라이메틸실록시실리케이트;글리세릴카프릴레이트;정제수;탤크;적색산화철;메틸메타크릴레이트크로스폴리머;실리카;흑색산화철;페닐트라이메티콘;황색산화철;카민;다이아이소스테아릴말레이트;황색4호;다이펜타에리스리틸헥사하이드록시스테아레이트/헥사스테아레이트/헥사로지네이트;징크스테아레이트;다이메티콘;에틸헥실글리세린;글리세릴카프릴레이트;정제수","1. 화장품 사용 시 또는 사용 후 직사광선에 의하여 사용부위가 붉은 반점, 부어오름 또는 가려움증 등의 이상 증상이나 부작용이 있는 경우 전문의 등과 상담할 것. 2. 상처가 있는 부위 등에는 사용을 자제할 것. 3. 보관 및 취급 시의 주의사항 가) 어린이의 손이 닿지 않는 곳에 보관할 것. 나) 직사광선을 피해서 보관할 것.",본 상품의 품질보증 및 피해보상에 관한 사항은 관련 법률 및 공정거래 위원회 고시 [소비자분쟁해결기준]에 따릅니다.,080-356-2222,normal,토니모리,더 쇼킹 스핀오프 팔레트 [03 탠쥬쥬브],1968871,31717,
상품상세참조,상품상세참조,상품상세참조,상품상세참조,상품상세참조,상품상세참조,해당있음,상품상세참조,상품상세참조,상품상세참조,상품상세참조,detail,토니모리,프로클린 소프트 클렌징밤,2020419,48443,img/프로클린 소프트 클렌징밤_0.jpg;img/프로클린 소프트 클렌징밤_1.jpg;img/프로클린 소프트 클렌징밤_2.jpg;img/프로클린 소프트 클렌징밤_3.jpg;img/프로클린 소프트 클렌징밤_4.jpg
4g,상품상세참조,상품상세참조,내용물을 적당량 취해 입술 라인 안쪽으로 꼼꼼히 발라줍니다.,(주)코스맥스,대한민국,해당있음,"[05 페탈쇼킹] 정제수, 옥틸도데칸올, 부틸렌글라이콜,다이프로필렌글라이콜, 사과씨오일, 글리세린, 펜틸렌글라이콜, 베타인, 적색104호의(1) (CI 45410), 에틸셀룰로오스, 클로렐라 불가리스추출물, 해바라기씨오일, 퀸즈랜드넛오일, 올리브오일, 호호바씨오일, 포도씨오일, 빌베리씨오일, 폴리아크릴레이트크로스폴리머-6, 폴리솔베이트60, 솔비탄스테아레이트, 암모늄아크릴로일다이메틸타우레이트/브이피코폴리머, 하이드록시에틸아크릴레이트/소듐아크릴로일다이메틸타우레이트코폴리머, 글루코오스, 프룩토올리고사카라이드, 프룩토오스, 에틸헥실글리세린, 소듐다이라우미도글루타미드라이신, 트라이소듐에틸렌다이아민다이석시네이트, 1,2-헥산다이올, 수크로오스팔미테이트, 하이드로제네이티드레시틴, 세테아릴알코올, 페녹시에탄올, 향료, 벤질알코올, 신나밀알코올, 황색4호 (CI 19140), 적색223호 (CI 45380), 적색227호 (CI 17200), 황색5호 (CI 15985)","1. 화장품을 사용하여 다음과 같이 이상이 있을 경우에는 사용을 중지할 것이며, 계속 사용하면 증상을 악화시키므로 피부과 전문의 등에게 상담할 것. 1) 사용 중 붉은 반점, 부어오름, 가려움증, 자극 등의 이상이 있을 경우. 2) 적용부위가 직사광선에 의해 위와 같은 이상이 있을 경우 2. 상처가 있는 곳 또는 습진 및 피부염 등의 이상이 있는 부위에는 사용을 금할 것. 3. 보관 및 취급상의 주의사항 1) 사용 후에는 반드시 마개를 닫아둘 것 2) 유. 소아의 손에 닿지 않는 곳에 보관할 것. 3) 고온 내지 저온의 장소 및 직사광선이 닿는 곳에는 보관하지 말 것.",본 상품의 품질보증 및 피해보상에 관한 사항은 관련 법률 및 공정거래 위원회 고시 [소비자분쟁해결기준]에 따릅니다.,토니모리 고객 상담실 080-356-2222,normal,토니모리,퍼펙트립스 쇼킹립 틴트 [05 페탈쇼킹],2101313,27429,
4.6g,모든 피부 타입,"개봉 전 36개월, 개봉 후 24개월",브러쉬나 손가락을 사용하여 눈가에 고르게 발라 줍니다.,씨앤씨인터내셔널,한국,해당있음,"탤크;마이카;알루미늄전분옥테닐석시네이트;티타늄다이옥사이드;보론나이트라이드;다이메티콘올스테아레이트;옥틸도데실스테아로일스테아레이트;칼슘알루미늄보로실리케이트;페닐트라이메티콘;에이치디아이/트라이메틸올헥실락톤크로스폴리머;옥틸도데칸올;카프릴릭/카프릭트라이글리세라이드;다이아이소스테아릴말레이트;라우로일라이신;황색산화철;적색산화철;다이메티콘;에틸헥실글리세린;글리세릴카프릴레이트;다이펜타에리스리틸헥사하이드록시스테아레이트/헥사스테아레이트/헥사로지네이트;흑색산화철;마그네슘미리스테이트;실리카;틴옥사이드;정제수;탤크;마이카;알루미늄전분옥테닐석시네이트;보론나이트라이드;티타늄다이옥사이드;다이메티콘올스테아레이트;옥틸도데실스테아로일스테아레이트;황색산화철;적색산화철;카민;페닐트라이메티콘;에이치디아이/트라이메틸올헥실락톤크로스폴리머;옥틸도데칸올;카프릴릭/카프릭트라이글리세라이드;다이아이소스테아릴말레이트;라우로일라이신;다이메티콘;에틸헥실글리세린;글리세릴카프릴레이트;다이펜타에리스리틸헥사하이드록시스테아레이트/헥사스테아레이트/헥사로지네이트;마그네슘미리스테이트;실리카;정제수;폴리메틸실세스퀴옥세인;칼슘알루미늄보로실리케이트;다이아이소스테아릴말레이트;페닐트라이메티콘;칼슘티타늄보로실리케이트;다이메티콘;다이메티콘크로스폴리머;트라이메틸펜탄다이올/아디픽애씨드/글리세린크로스폴리머;티타늄다이옥사이드;마이카;1,2-헥산다이올;페녹시에탄올;틴옥사이드;적색산화철;카민;에틸렌/브이에이코폴리머;비스-다이글리세릴폴리아실아디페이트-2;아크릴레이트코폴리머;폴리부틸렌테레프탈레이트;칼슘알루미늄보로실리케이트;폴리글리세릴-2트라이아이소스테아레이트;마이카;1,2-헥산다이올;티타늄다이옥사이드;페녹시에탄올;적색산화철;페닐메티콘;폴리비닐알코올;폴리비닐부틸알;틴옥사이드;폴리비닐아세테이트;마이카;탤크;알루미늄전분옥테닐석시네이트;티타늄다이옥사이드;칼슘티타늄보로실리케이트;보론나이트라이드;옥틸도데실스테아로일스테아레이트;다이메티콘올스테아레이트;적색산화철;황색산화철;페닐트라이메티콘;에이치디아이/트라이메틸올헥실락톤크로스폴리머;옥틸도데칸올;카프릴릭/카프릭트라이글리세라이드;다이아이소스테아릴말레이트;카민;라우로일라이신;흑색산화철;다이메티콘;에틸헥실글리세린;글리세릴카프릴레이트;다이펜타에리스리틸헥사하이드록시스테아레이트/헥사스테아레이트/헥사로지네이트;마그네슘미리스테이트;틴옥사이드;실리카;정제수;탤크;실리카;메틸메타크릴레이트크로스폴리머;적색산화철;페닐트라이메티콘;흑색산화철;티타늄다이옥사이드;황색산화철;카민;다이아이소스테아릴말레이트;다이펜타에리스리틸헥사하이드록시스테아레이트/헥사스테아레이트/헥사로지네이트;징크스테아레이트;다이메티콘;에틸헥실글리세린;글리세릴카프릴레이트;정제수","1. 화장품 사용 시 또는 사용 후 직사광선에 의하여 사용부위가 붉은 반점, 부어오름 또는 가려움증 등의 이상 증상이나 부작용이 있는 경우 전문의 등과 상담할 것. 2. 상처가 있는 부위 등에는 사용을 자제할 것. 3. 보관 및 취급 시의 주의사항 가) 어린이의 손이 닿지 않는 곳에 보관할 것. 나) 직사광선을 피해서 보관할 것.",본 상품의 품질보증 및 피해보상에 관한 사항은 관련 법률 및 공정거래 위원회 고시 [소비자분쟁해결기준]에 따릅니다.,080-356-2222,normal,토니모리,더 쇼킹 스핀오프 팔레트 [01 스윗코랄],1968851,31715,
상품상세참조,상품상세참조,상품상세참조,상품상세참조,상품상세참조,상품상세참조,해당있음,상품상세참조,상품상세참조,상품상세참조,상품상세참조,detail,토니모리,퍼펙트립스 쇼킹립 틴트 [11 로제트쇼킹],2114864,69080,img/퍼펙트립스 쇼킹립 틴트 [11 로제트쇼킹]_0.jpg;img/퍼펙트립스 쇼킹립 틴트 [11 로제트쇼킹]_1.jpg;img/퍼펙트립스 쇼킹립 틴트 [11 로제트쇼킹]_2.jpg;img/퍼펙트립스 쇼킹립 틴트 [11 로제트쇼킹]_3.jpg;img/퍼펙트립스 쇼킹립 틴트 [11 로제트쇼킹]_4.jpg;img/퍼펙트립스 쇼킹립 틴트 [11 로제트쇼킹]_5.jpg;img/퍼펙트립스 쇼킹립 틴트 [11 로제트쇼킹]_6.jpg
4.6g,모든 피부 타입,"개봉 전 36개월, 개봉 후 24개월",브러쉬나 손가락을 사용하여 눈가에 고르게 발라 줍니다.,씨앤씨인터내셔널,한국,해당있음,"마이카;탤크;티타늄다이옥사이드;나일론-12;보론나이트라이드;옥틸도데실스테아로일스테아레이트;다이메티콘올스테아레이트;페닐트라이메티콘;적색산화철;에이치디아이/트라이메틸올헥실락톤크로스폴리머;옥틸도데칸올;카프릴릭/카프릭트라이글리세라이드;칼슘티타늄보로실리케이트;다이아이소스테아릴말레이트;라우로일라이신;다이메티콘;황색산화철;흑색산화철;다이펜타에리스리틸헥사하이드록시스테아레이트/헥사스테아레이트/헥사로지네이트;에틸헥실글리세린;글리세릴카프릴레이트;마그네슘미리스테이트;실리카;틴옥사이드;정제수;칼슘티타늄보로실리케이트;카프릴릭/카프릭트라이글리세라이드;마이카;티타늄다이옥사이드;칼슘알루미늄보로실리케이트;다이메티콘;다이페닐다이메티콘;1,2-헥산다이올;적색산화철;에틸렌/브이에이코폴리머;실버;페녹시에탄올;아크릴레이트코폴리머;폴리아이소부텐;틴옥사이드;폴리비닐아세테이트;탤크;마이카;알루미늄전분옥테닐석시네이트;보론나이트라이드;티타늄다이옥사이드;다이메티콘올스테아레이트;옥틸도데실스테아로일스테아레이트;페닐트라이메티콘;적색산화철;흑색산화철;에이치디아이/트라이메틸올헥실락톤크로스폴리머;황색산화철;옥틸도데칸올;카프릴릭/카프릭트라이글리세라이드;카민;다이아이소스테아릴말레이트;라우로일라이신;다이메티콘;에틸헥실글리세린;글리세릴카프릴레이트;다이펜타에리스리틸헥사하이드록시스테아레이트/헥사스테아레이트/헥사로지네이트;마그네슘미리스테이트;실리카;정제수;폴리메틸실세스퀴옥세인;칼슘알루미늄보로실리케이트;다이아이소스테아릴말레이트;페닐트라이메티콘;다이메티콘;다이메티콘크로스폴리머;칼슘티타늄보로실리케이트;트라이메틸펜탄다이올/아디픽애씨드/글리세린크로스폴리머;티타늄다이옥사이드;마이카;1,2-헥산다이올;적색산화철;페녹시에탄올;틴옥사이드;카민;마이카;알루미늄전분옥테닐석시네이트;탤크;티타늄다이옥사이드;칼슘티타늄보로실리케이트;보론나이트라이드;황색산화철;흑색산화철;적색산화철;카민;옥틸도데실스테아로일스테아레이트;페닐트라이메티콘;에이치디아이/트라이메틸올헥실락톤크로스폴리머;다이메티콘올스테아레이트;카프릴릭/카프릭트라이글리세라이드;옥틸도데칸올;다이아이소스테아릴말레이트;라우로일라이신;황색4호;다이메티콘;에틸헥실글리세린;글리세릴카프릴레이트;다이펜타에리스리틸헥사하이드록시스테아레이트/헥사스테아레이트/헥사로지네이트;마그네슘미리스테이트;틴옥사이드;실리카;정제수;탤크;메틸메타크릴레이트크로스폴리머;실리카;흑색산화철;페닐트라이메티콘;적색산화철;티타늄다이옥사이드;황색산화철;카민;다이아이소스테아릴말레이트;다이펜타에리스리틸헥사하이드록시스테아레이트/헥사스테아레이트/헥사로지네이트;징크스테아레이트;다이메티콘;에틸헥실글리세린;글리세릴카프릴레이트;정제수","1. 화장품 사용 시 또는 사용 후 직사광선에 의하여 사용부위가 붉은 반점, 부어오름 또는 가려움증 등의 이상 증상이나 부작용이 있는 경우 전문의 등과 상담할 것. 2. 상처가 있는 부위 등에는 사용을 자제할 것. 3. 보관 및 취급 시의 주의사항 가) 어린이의 손이 닿지 않는 곳에 보관할 것. 나) 직사광선을 피해서 보관할 것.",본 상품의 품질보증 및 피해보상에 관한 사항은 관련 법률 및 공정거래 위원회 고시 [소비자분쟁해결기준]에 따릅니다.,080-356-2222,normal,토니모리,더 쇼킹 스핀오프 팔레트 [02 러브로지],1968862,31716,
,,,,,,,,,,,missing,토니모리,투엑스 비타민C 토닝 앰플,2003073,64634,
,,,,,,,,,,,missing,토니모리,치크톤 젤리 블러셔 [07 레어라벤더],2094555,62029,
,,,,,,,,,,,missing,토니모리,마스터랩 솔루션 멀티밤 [시카],1999999,32938,
,,,,,,,,,,,missing,토니모리,프레스티지 제주 마유 바디크림,1773013,31097,
,,,,,,,,,,,missing,토니모리,유브이 마스터 톤업 선크림 [SPF50+/PA+++],2000990,33311,img/유브이 마스터 톤업 선크림 [SPF50+PA+++]_0.jpg;img/유브이 마스터 톤업 선크림 [SPF50+PA+++]_1.jpg;img/유브이 마스터 톤업 선크림 [SPF50+PA+++]_2.jpg;img/유브이 마스터 톤업 선크림 [SPF50+PA+++]_3.jpg;img/유브이 마스터 톤업 선크림 [SPF50+PA+++]_4.jpg
4.3g,상품상세참조,상품상세참조,내용물을 적당량 취해 입술 라인 안쪽으로 꼼꼼히 발라줍니다. 음-파 없이 컬러가 스며들듯 바르면 더욱 깔끔하게 컬러가 연출됩니다.,(주)코스맥스/(주)토니모리,대한민국,해당있음,"[04 로즈타르트] 정제수, 다이메티콘, 카프릴릴메티콘, 글리세린, 다이메티콘/비닐다이메티콘크로스폴리머, 펜틸렌글라이콜, 다이메티콘크로스폴리머, 소듐아크릴레이트크로스폴리머-2, 시어버터, 소듐하이알루로네이트, 1,2-헥산다이올, 세테아레스-20 세틸피이지/피피지-10/1다이메티콘, 폴리글리세릴-10미리스테이트, 부틸렌글라이콜, 암모늄아크릴로일다이메틸타우레이트/브이피코폴리머, 글리세릴스테아레이트, 피이지-100스테아레이트, 다이페닐실록시페닐트라이메티콘, 폴리아크릴레이트-13 폴리아이소부텐, 카프릴릭/카프릭트라이글리세라이드, 에틸헥실글리세린, 트라이소듐에틸렌다이아민다이석시네이트, 하이드로제네이티드레시틴, 폴리솔베이트20, 솔비탄아이소스테아레이트, 알루미늄하이드록사이드, 암모늄폴리아크릴레이트, 알지닌, 세라마이드엔피, 카보머, 페녹시에탄올, 벤질벤조에이트, 향료, 티타늄디옥사이드 (CI 77891), 황색5호 (CI 15985), 적색227호 (CI 17200), 황색4호 (CI 19140), 적색104호의(1) (CI 45410), 청색1호 (CI 42090)","1. 화장품 사용 시 또는 사용 후 직사광선에 의하여 사용부위가 붉은 반점, 부어오름 또는 가려움증 등의 이상 증상이나 부작용이 있는 경우 전문의 등과 상담할 것. 2. 상처가 있는 부위 등에는 사용을 자제할 것. 3. 보관 및 취급 시의 주의사항 가. 어린이의 손이 닿지 않는 곳에 보관할 것. 나. 직사광선을 피해서 보관할 것.",본 상품의 품질보증 및 피해보상에 관한 사항은 관련 법률 및 공정거래 위원회 고시 [소비자분쟁해결기준]에 따릅니다.,토니모리 고객 상담실 080-356-2222,normal,토니모리,겟잇 틴트 워터풀 버터 [04 로즈타르트],2023421,60610,
8.3ml,상품상세참조,"개봉 전 24개월, 개봉 후 12개월",입술에 적당량을 발라 안쪽으로 진하게 바깥쪽은 옅어지도록 부드럽게 펴 바르면서 자연스러운 그라데이션을 만들어줍니다.,㈜메가코스,한국,해당있음,"정제수;글리세린;트레할로오스;로즈힙열매오일;아르간커넬오일;시어버터;해바라기씨오일;호호바씨오일;동백나무꽃추출물;석류추출물;트로메타민;카보머;적색227호;향료;글리세릴아크릴레이트/아크릴릭애씨드코폴리머;등색205호;스테비오사이드;폴리아크릴레이트크로스폴리머-6;부틸렌글라이콜;카프릴릴글라이콜;글리세릴카프릴레이트;에틸헥산다이올;1,2-헥산다이올;페녹시에탄올","1. 화장품을 사용하여 다음과 같이 이상이 있을 경우에는 사용을 중지할 것이며, 계속 사용하면 증상을 악화시키므로 피부과 전문의 등에게 상담할 것. 1) 사용 중 붉은 반점, 부어오름, 가려움증, 자극 등의 이상이 있을 경우. 2) 적용부위가 직사광선에 의해 위와 같은 이상이 있을 경우 2. 상처가 있는 곳 또는 습진 및 피부염 등의 이상이 있는 부위에는 사용을 금할 것. 3. 보관 및 취급상의 주의사항 1) 사용 후에는 반드시 마개를 닫아둘 것 2) 유. 소아의 손에 닿지 않는 곳에 보관할 것. 3) 고온 내지 저온의 장소 및 직사광선이 닿는 곳에는 보관하지 말 것.",본 상품의 품질보증 및 피해보상에 관한 사항은 관련 법률 및 공정거래 위원회 고시 [소비자분쟁해결기준]에 따릅니다.,080-356-2222,normal,토니모리,딜라이트 토니 틴트 [2호 레드],16208,31568,
,,,,,,,,,,,missing,토니모리,에너지24 맨즈 올인원 프레쉬 에센스,1870722,27474,
,,,,,,,,,,,missing,토니모리,원더 속쌀 매끈 토너,2123117,67122,
,,,,,,,,,,,missing,토니모리,유브이 마스터 퍼펙팅 선블럭 [SPF50+/PA+++],2000346,33860,
,,,,,,,,,,,missing,토니모리,퍼펙트립스 쇼킹립 [06 레드쇼킹],2101314,27430,
,,,,,,,,,,,missing,토니모리,그린티 수분 크림,2166101,73627,
,,,,,,,,,,,missing,토니모리,유브이 마스터 페이스 앤 바디 선크림 [SPF50+/PA+++],2002839,64614,
,,,,,,,,,,,missing,토니모리,에너지24맨즈 올인원 모이스처,1814688,27473,
84g (60매),상품상세참조,상품상세참조,"세안 후 피부를 정돈하고 내장된 스푼을 이용하여 아이패치를 한 장씩 꺼내 양쪽 눈 밑에 붙여줍니다. 5~30분 후 떼어내고 남은 액상을 두드려 흡수시켜 줍니다. (* 눈밑 외에도 볼, 이마 등 다양한 부위에 사용 가능합니다.)",상품상세참조,상품상세참조,해당있음,"정제수, 글리세린, 나이아신아마이드, 부틸렌글라이콜, 카라기난, 헥실렌글라이콜, 캐롭검, 펜틸렌글라이콜, 셀룰로오스검, 포타슘클로라이드, 프로판다이올, 폴리글리세릴-10라우레이트, 구주소나무잎추출물, 구아검, 하이드록시아세토페논, 알란토인, 수크로오스, 판테놀, 카페인, 스타아니스추출물, 다이포타슘글리시리제이트, 칼슘클로라이드, 아데노신, 에틸헥실글리세린, 다이소듐이디티에이, 알지닌, 카프릴릭/카프릭트라이글리세라이드, 토코페롤, 유자추출물, 비터오렌지꽃추출물, 1,2-헥산다이올, 비타민나무열매추출물(50 ppm), 카프릴릴글라이콜, 황색산화철, 소듐하이알루로네이트, 알부틴, 아스코빅애씨드(10 ppm), 에칠아스코빌에텔(10 ppm), 하이드록시프로필트라이모늄하이알루로네이트, 소듐아세틸레이티드하이알루로네이트, 하이드롤라이즈드하이알루로닉애씨드, 하이알루로닉애씨드, 소듐하이알루로네이트크로스폴리머, 하이드롤라이즈드소듐하이알루로네이트, 포타슘하이알루로네이트, 향료","1. 화장품 사용 시 또는 사용 후 직사광선에 의하여 사용부위가 붉은 반점, 부어오름 또는 가려움증 등의 이상 증상이나 부작용이 있는 경우에는 전문의 등과 상담할 것. 2. 상처가 있는 부위 등에는 사용을 자제할 것. 3. 보관 및 취급 시 주의사항 가) 어린이의 손이 닿지 않는 곳에 보관할 것. 나) 직사광선을 피해서 보관할 것.",본 상품의 품질보증 및 피해보상에 관한 사항은 관련 법률 및 공정거래 위원회 고시 [소비자분쟁해결기준]에 따릅니다.,토니모리 고객 상담실 080-356-2222,normal,토니모리,투엑스 비타민C 아이 겔 패치,2078931,64637,
,,,,,,,,,,,missing,토니모리,치크톤 젤리 블러셔 [02 누디엠버],2099933,60678,
,,,,,,,,,,,missing,토니모리,백젤 아이라이너 [03 펄브라운],5343,27356,
,,,,,,,,,,,missing,토니모리,퍼펙트 아이즈 롱키니 젤 펜라이너 [2호 브라운],7219,27438,
,,,,,,,,,,,missing,토니모리,백젤 아이라이너Z [01 블랙],1931478,28367,
,,,,,,,,,,,missing,토니모리,백젤 하이테크 플랫 라이너 [02 젤브라운],1844760,27361,
,,,,,,,,,,,missing,토니모리,딜라이트 토니 틴트 [1호 체리핑크],16207,31567,
,,,,,,,,,,,missing,토니모리,마스터 랩 콜라겐 마스크 시트,1770192,27331,
15g,상품상세참조,상품상세참조,기본 베이스 메이크업 후 퍼프에 적당량을 묻혀 피부결에 따라 가볍게 펴 발라 줍니다.,(주)메가코스,한국,해당있음,"[02 차분한 베이지] 탤크, 마이카, 실리카, 옥수수전분, 다이메티콘, 트라이에톡시카프릴릴실레인, 합성플루오르플로고파이트, 티타늄디옥사이드, 1,2-헥산다이올, 황색산화철, 적색산화철, 향료, 흑색산화철, 틴옥사이드, 정제수, 부틸렌글라이콜, 자수정가루, 다이아몬드가루, 연옥가루, 진주가루, 루비가루, 사파이어가루, 토르말린, 에틸헥실글리세린","1. 화장품을 사용하여 다음과 같이 이상이 있을 경우에는 사용을 중지할 것이며, 계속 사용하면 증상을 악화시키므로 피부과 전문의 등에게 상담할 것. 1) 사용 중 붉은 반점, 부어오름, 가려움증, 자극 등의 이상이 있을 경우. 2) 적용부위가 직사광선에 의해 위와 같은 이상이 있을 경우 2. 상처가 있는 곳 또는 습진 및 피부염 등의 이상이 있는 부위에는 사용을 금할 것. 3. 보관 및 취급상의 주의사항 1) 사용 후에는 반드시 마개를 닫아둘 것 2) 유. 소아의 손에 닿지 않는 곳에 보관할 것. 3) 고온 내지 저온의 장소 및 직사광선이 닿는 곳에는 보관하지 말 것.",본 상품의 품질보증 및 피해보상에 관한 사항은 관련 법률 및 공정거래 위원회 고시 [소비자분쟁해결기준]에 따릅니다.,토니모리 고객 상담실 080-356-2222,normal,토니모리,루미너스 퍼퓸 페이스 파우더 [02 차분한베이지],1848314,41352,
4g,해당없음,상품상세참조,브러쉬에 적당량의 내용물을 취하여 눈 앞머리에서 꼬리 부분을 따라 라인을 그려줍니다.,㈜ 토니모리,한국,해당있음,트라이메틸실록시실리케이트;아이소도데케인;사이클로펜타실록세인;CI 77499;합성플루오르플로고파이트;CI 77019;세레신;사이클로헥사실록세인;CI 77491;CI 77891;실리카실릴레이트;카프릴릴메티콘;퀸즈랜드넛오일;포도씨오일;다이스테아다이모늄헥토라이트;폴리글리세릴-4아이소스테아레이트;프로필렌카보네이트;카프릴릴글라이콜;글리세릴카프릴레이트;트라이에톡시카프릴릴실레인;CI 77861,"1. 화장품 사용 시 또는 사용 후 직사광선에 의하여 사용부위가 붉은 반점, 부어오름 또는 가려움증 등의 이상 증상이나 부작용이 있는 경우 전문의 등과 상담할 것 2. 상처가 있는 부위 등에는 사용을 자제할 것 3. 보관 및 취급 시의 주의사항 가) 어린이의 손이 닿지 않는 곳에 보관할 것 나) 직사광선을 피해서 보관할 것 4. 눈에 들어갔을 때에는 즉시 씻어낼 것",본 상품의 품질보증 및 피해보상에 관한 사항은 관련 법률 및 공정거래 위원회 고시 [소비자분쟁해결기준]에 따릅니다.,080-356-2222,normal,토니모리,백젤 아이라이너Z [03 펄브라운],1931482,30307,
4.3 g,상품상세참조,2026-06-18 까지,내용물을 적당량 취해 입술 라인 안쪽으로 꼼꼼히 발라줍니다. 음-파 없이 컬러가 스며들듯 바르면 더욱 깔끔하게 컬러가 연출됩니다.,(주)코스맥스/(주)토니모리,대한민국,해당있음,"[03 리치플럼] 정제수, 다이메티콘, 카프릴릴메티콘, 글리세린, 다이메티콘/비닐다이메티콘크로스폴리머, 펜틸렌글라이콜, 다이메티콘크로스폴리머, 소듐아크릴레이트크로스폴리머-2, 시어버터, 소듐하이알루로네이트, 1,2-헥산다이올, 세테아레스-20, 세틸피이지/피피지-10/1다이메티콘, 폴리글리세릴-10미리스테이트, 부틸렌글라이콜, 암모늄아크릴로일다이메틸타우레이트/브이피코폴리머, 글리세릴스테아레이트, 피이지-100스테아레이트, 다이페닐실록시페닐트라이메티콘, 폴리아크릴레이트-13, 폴리아이소부텐, 카프릴릭/카프릭트라이글리세라이드, 에틸헥실글리세린, 트라이소듐에틸렌다이아민다이석시네이트, 하이드로제네이티드레시틴, 폴리솔베이트20, 솔비탄아이소스테아레이트, 알루미늄하이드록사이드, 암모늄폴리아크릴레이트, 알지닌, 세라마이드엔피 카보머, 페녹시에탄올, 벤질벤조에이트, 향료, 티타늄디옥사이드 (CI 77891), 적색227호 (CI 17200), 황색5호 (CI 15985), 적색104호의(1) (CI 45410), 황색4호 (CI 19140), 청색1호 (CI 42090)","1. 화장품 사용 시 또는 사용 후 직사광선에 의하여 사용부위가 붉은 반점, 부어오름 또는 가려움증 등의 이상 증상이나 부작용이 있는 경우 전문의 등과 상담할 것. 2. 상처가 있는 부위 등에는 사용을 자제할 것. 3. 보관 및 취급 시의 주의사항 가. 어린이의 손이 닿지 않는 곳에 보관할 것. 나. 직사광선을 피해서 보관할 것.",본 상품의 품질보증 및 피해보상에 관한 사항은 관련 법률 및 공정거래 위원회 고시 [소비자분쟁해결기준]에 따릅니다.,토니모리 고객 상담실 080-356-2222,normal,토니모리,겟잇 틴트 워터풀 버터 [03 리치플럼],2023420,60608,
4.8 g,상품상세참조,2027-03-04 까지,내장되어 있는 립 브러시를 사용하여 적당량을 묻혀 원하는 부위에 부드럽게 펴 발라줍니다.,(주)코코/(주)토니모리,대한민국,해당있음,"05토스티로즈 [촉촉] 올레익/리놀레익/리놀레닉폴리글리세라이즈, 폴리글리세릴-2트라이아이소스테아레이트, 피토스테릴/이소스테아릴/세틸/스테아릴/베헤닐다이머디리놀리에이트, 다이머다이리놀레일다이머다이리놀리에이트, 카프릴릭/카프릭트라이글리세라이드, 세레신, 합성왁스, 티타늄디옥사이드, 폴리하이드록시스테아릭애씨드, 황색5호, 에틸렌/프로필렌코폴리머, 글리세릴카프릴레이트, 다이아이소스테아릴말레이트, 흑색산화철, 에틸헥실글리세린, 레시틴, 적색202호, 적색산화철, 아이소스테아릭애씨드, 아이소프로필미리스테이트, 에틸헥실팔미테이트, 향료, 폴리글리세릴-3폴리리시놀리에이트, 알루미늄하이드록사이드, 토코페릴아세테이트, 아스코빅애씨드, 글리세린, 정제수, 부틸렌글라이콜, 실크아미노산, 1,2-헥산다이올, 팔미토일헥사펩타이드-12   [벨벳] 다이메티콘, 아이소트라이데실아이소노나노에이트, 메틸메타크릴레이트크로스폴리머, 실리카, 다이메티콘/비닐다이메티콘크로스폴리머, 폴리글리세릴-2트라이아이소스테아레이트, 티타늄디옥사이드, 세레신, 황색5호, 합성왁스, 마이카, 폴리하이드록시스테아릭애씨드, 에틸렌/프로필렌코폴리머, 다이아이소스테아릴말레이트, 흑색산화철, 글리세릴카프릴레이트, 적색202호, 레시틴, 에틸헥실글리세린, 적색산화철, 메티콘, 알루미늄하이드록사이드, 에틸헥실팔미테이트, 아이소스테아릭애씨드, 아이소프로필미리스테이트, 향료, 폴리글리세릴-3폴리리시놀리에이트, 아스코빅애씨드, 토코페릴아세테이트, 글리세린, 정제수, 부틸렌글라이콜, 실크아미노산, 1,2-헥산다이올, 팔미토일헥사펩타이드-12","1. 화장품을 사용하여 다음과 같이 이상이 있을 경우에는 사용을 중지할 것이며, 계속 사용하면 증상을 악화시키므로 피부과 전문의 등에게 상담할 것. 1) 사용 중 붉은 반점, 부어오름, 가려움증, 자극 등의 이상이 있을 경우. 2) 적용부위가 직사광선에 의해 위와 같은 이상이 있을 경우 2. 상처가 있는 곳 또는 습진 및 피부염 등의 이상이 있는 부위에는 사용을 금할 것. 3. 보관 및 취급상의 주의사항 1) 사용 후에는 반드시 마개를 닫아둘 것 2) 유. 소아의 손에 닿지 않는 곳에 보관할 것. 3) 고온 내지 저온의 장소 및 직사광선이 닿는 곳에는 보관하지 말 것.",본 상품의 품질보증 및 피해보상에 관한 사항은 관련 법률 및 공정거래 위원회 고시 [소비자분쟁해결기준]에 따릅니다.,토니모리 고객 상담실 080-356-2222,normal,토니모리,치크톤 립앤치크 듀오밤 [05 토스티로즈],2123722,69088,
70 g,모든 피부 타입,"개봉 전 24개월, 개봉 후 12개월 이내 사용",내용물을 적당량 덜어 피부 결을 따라 펴 바른 후 가볍게 두드려 흡수시켜줍니다.,㈜제이앤제이코스텍,한국,해당있음,"정제수, 글리세린, 다이카프릴릴카보네이트, 카프릴릭/카프릭트라이글리세라이드, 1,2-헥산다이올, 폴리글리세린-3, 폴리글리세릴-3스테아레이트, 스테아릴헵타노에이트, 해바라기씨오일글리세라이즈, 세테아릴알코올, 베타인, 판테놀, 소듐카보머, 아크릴레이트/C10-30알킬아크릴레이트크로스폴리머, 하이드로제네이티드레시틴, 카프릴릴글라이콜, 스테아릴카프릴레이트, 잔탄검, 알란토인, 약모밀추출물(1,000 ppm), 하이드록시에틸셀룰로오스, 하이드록시아세토페논, 다이소듐이디티에이, 유칼립투스잎추출물, 오레가노잎추출물, 레몬밤추출물, 쇠비름추출물, 에틸헥실글리세린, 병풀뿌리추출물(1 ppm), 병풀추출물(1 ppm), 병풀잎추출물(1 ppm), 바실러스발효물, 세라마이드엔피, 콜레스테롤, 스테아릭애씨드, 스쿠알란, 폴리데센, 토코페롤, 마카다미아씨오일, 올레익애씨드, 유채스테롤, 아시아틱애씨드(10 ppb), 아시아티코사이드(10 ppb), 마데카식애씨드(1 ppb), 마데카소사이드(1 ppb), 서양배추출물, 다마스크장미꽃수, 캐모마일꽃오일, 서양측백나무잎오일, 복숭아추출물, 커먼자스민꽃수, 로즈마리잎오일, 광곽향오일, 서양송악잎/줄기추출물, 비터오렌지꽃추출물, 멜론추출물","1. 화장품 사용 시 또는 사용 후 직사광선에 의하여 사용부위가 붉은 반점, 부어오름 또는 가려움증 등의 이상 증상이나 부작용이 있는 경우에는 전문의 등과 상담할 것. 2. 상처가 있는 부위 등에는 사용을 자제할 것. 3. 보관 및 취급 시 주의사항 가) 어린이의 손이 닿지 않는 곳에 보관할 것. 나) 직사광선을 피해서 보관할 것.",본 상품의 품질보증 및 피해보상에 관한 사항은 관련 법률 및 공정거래 위원회 고시 [소비자분쟁해결기준]에 따릅니다.,080-356-2222,normal,토니모리,어성초시카 퀵카밍 크림,2011067,45595,
50ml / 1.69 fl. oz.,상품상세참조,상품상세참조,스킨케어 마지막 단계에서 적당량을 취해 자외선이 노출되는 부위에 골고루 펴 발라 줍니다.,㈜메가코스,한국,해당있음,"정제수, 다이프로필렌글라이콜, 에칠헥실메톡시신나메이트, 티타늄디옥사이드, 세테아릴에틸헥사노에이트, 다이메티콘, 4-메칠벤질리덴캠퍼, 폴리글리세릴-3메틸글루코오스다이스테아레이트, 부틸메톡시디벤조일메탄, 에칠헥실살리실레이트, 나이아신아마이드, 옥토크릴렌, 폴리C10-30알킬아크릴레이트, 사이클로펜타실록세인, 실리카, 프로판다이올, 세테아릴알코올, 솔비탄세스퀴올리에이트, 사이클로헥사실록세인, 트로메타민, 벤조트라이아졸릴도데실p-크레솔, 글리세릴스테아레이트, 페닐벤즈이미다졸설포닉애씨드, 호모살레이트, 포타슘세틸포스페이트, 하이드록시아세토페논, 카보머, 카프릴릴글라이콜, 소듐스테아로일글루타메이트, 한련초추출물, 에틸헥실글리세린, 아크릴레이트/C10-30알킬아크릴레이트크로스폴리머, 알란토인, 알루미늄하이드록사이드, 아데노신, 트라이에톡시카프릴릴실레인, 다이소듐이디티에이, 인도멀구슬나무잎추출물, 드럼스틱씨오일, 소듐하이알루로네이트, 에칠아스코빌에텔(10ppb), 아스코빅애씨드(10ppb), 소듐아스코베이트(10ppb), 부틸렌글라이콜, 1,2-헥산다이올, 비타민나무열매추출물, 유자추출물, 오렌지껍질오일, 필리핀오렌지껍질오일, 베르가모트오일, 리날룰, 리모넨","1. 화장품 사용 시 또는 사용 후 직사광선에 의하여 사용부위가 붉은 반점, 부어오름 또는 가려움증 등의 이상 증상이나 부작용이 있는 경우에는 전문의 등과 상담할 것. 2. 상처가 있는 부위 등에는 사용을 자제할 것. 3. 보관 및 취급 시 주의사항 가) 어린이의 손이 닿지 않는 곳에 보관할 것. 나) 직사광선을 피해서 보관할 것.",본 상품의 품질보증 및 피해보상에 관한 사항은 관련 법률 및 공정거래 위원회 고시 [소비자분쟁해결기준]에 따릅니다.,토니모리 고객 상담실 080-356-2222,normal,토니모리,투엑스 비타민C 톤업 크림 [SPF50+/PA+++],2012998,64640,
200ml,모든 피부,상품상세참조,세안 후 손이나 화장솜에 내용물을 적당량 덜어 피부 결을 따라 부드럽게 펴 발라준 후 가볍게 두드려 흡수시켜 줍니다.,제품 별도 표기 / (주)토니모리,대한민국,해당있음,"정제수, 메틸프로판다이올, 글리세레스-26, 글리세린, 1,2-헥산다이올, 에탄올, 녹차추출물(8,700 ppm), C12-14알케스-12, 하이드록시에틸아크릴레이트/소듐아크릴로일다이메틸타우레이트코폴리머, 리날룰, 리모넨, 다이소듐이디티에이, 레몬껍질오일, 폴리솔베이트60, 솔비탄아이소스테아레이트, 향료, 시트랄, 에칠아스코빌에텔","1. 화장품 사용 시 또는 사용 후 직사광선에 의하여 사용부위가 붉은 반점, 부어오름 또는 가려움증 등의 이상 증상이나 부작용이 있는 경우에는 전문의 등과 상담할 것. 2. 상처가 있는 부위 등에는 사용을 자제할 것. 3. 보관 및 취급 시 주의사항 가) 어린이의 손이 닿지 않는 곳에 보관할 것. 나) 직사광선을 피해서 보관할 것.",본 상품의 품질보증 및 피해보상에 관한 사항은 관련 법률 및 공정거래 위원회 고시 [소비자분쟁해결기준]에 따릅니다.,토니모리 고객 상담실 080-356-2222,normal,토니모리,그린티 수분 토너,2166082,73616,
13g,모든 피부 타입,제품 별도 표기,퍼프에 적당량의 내용물을 덜어 얼굴 전체에 가볍게 두드려 펴 발라줍니다.,(주)코스맥스/(주)토니모리,한국,해당있음,"[02 베이지] 정제수, 다이메티콘, 티타늄디옥사이드 (CI 77891), 글리세린, 아이소도데케인, 코코-카프릴레이트/카프레이트, 트라이메틸실록시실리케이트, 메틸트라이메티콘, 피이지-10다이메티콘, 나이아신아마이드, 1,2-헥산다이올, 실리카, 피이지/피피지-18/18다이메티콘, 황색산화철 (CI 77492), 다이메티콘크로스폴리머, 사과추출물, 동백나무꽃추출물, 소듐하이알루로네이트, 히비스커스꽃추출물, 다마스크장미꽃수, 다마스크장미꽃오일, 작약꽃추출물, 아크릴레이트/폴리트라이메틸실록시메타크릴레이트코폴리머, 카프릴릴메티콘, 다이스테아다이모늄헥토라이트, 옥틸도데칸올, 마그네슘설페이트, 폴리글리세릴-3폴리다이메틸실록시에틸다이메티콘, 합성플루오르플로고파이트, 알루미늄하이드록사이드, 스테아릭애씨드, 알루미나, 트라이에톡시카프릴릴실레인, 폴리글리세릴-4아이소스테아레이트, 헥토라이트, 라우로일라이신, 아이소프로필티타늄트라이아이소스테아레이트, 아데노신, 트라이소듐에틸렌다이아민다이석시네이트, 글리세릴베헤네이트/에이코사디오에이트, 부틸렌글라이콜, 판테놀, 펜틸렌글라이콜, 토코페롤, 프로판다이올, 소듐클로라이드, 에틸헥실글리세린, 소듐바이카보네이트, 칼슘클로라이드, 포타슘클로라이드, 향료, 적색산화철 (CI 77491), 흑색산화철 (CI 77499)","1. 화장품 사용 시 또는 사용 후 직사광선에 의하여 사용부위가 붉은 반점, 부어오름 또는 가려움증 등의 이상 증상이나 부작용이 있는 경우에는 전문의 등과 상담할 것. 2. 상처가 있는 부위 등에는 사용을 자제할 것. 3. 보관 및 취급 시 주의사항 가) 어린이의 손이 닿지 않는 곳에 보관할 것. 나) 직사광선을 피해서 보관할 것.",본 상품의 품질보증 및 피해보상에 관한 사항은 관련 법률 및 공정거래 위원회 고시 [소비자분쟁해결기준]에 따릅니다.,토니모리 고객 상담실 080-356-2222,normal,토니모리,주토피아 에디션 스킨톤 픽싱 커버 쿠션 [SPF40/PA++] [02 베이지],2170229,74911,
4.8 g,상품상세참조,2027-03-05 까지,내장되어 있는 립 브러시를 사용하여 적당량을 묻혀 원하는 부위에 부드럽게 펴 발라줍니다,(주)코코/(주)토니모리,대한민국,해당있음,"11스트로베리휩 [촉촉] 올레익/리놀레익/리놀레닉폴리글리세라이즈, 폴리글리세릴-2트라이아이소스테아레이트, 피토스테릴/이소스테아릴/세틸/스테아릴/베헤닐다이머디리놀리에이트, 다이머다이리놀레일다이머다이리놀리에이트, 카프릴릭/카프릭트라이글리세라이드, 티타늄디옥사이드, 세레신, 합성왁스, 폴리하이드록시스테아릭애씨드, 에틸렌/프로필렌코폴리머, 황색산화철, 글리세릴카프릴레이트, 적색산화철, 레시틴, 에틸헥실글리세린, 아이소프로필미리스테이트, 에틸헥실팔미테이트, 아이소스테아릭애씨드, 알루미늄하이드록사이드, 향료, 적색202호, 폴리글리세릴-3폴리리시놀리에이트, 토코페릴아세테이트, 아스코빅애씨드, 글리세린, 정제수, 부틸렌글라이콜, 실크아미노산, 1,2-헥산다이올, 팔미토일헥사펩타이드-12, 실크아미노산, 1,2-헥산다이올, 팔미토일헥사펩타이드-12  [벨벳] 다이메티콘, 아이소트라이데실아이소노나노에이트, 메틸메타크릴레이트크로스폴리머, 티타늄디옥사이드, 실리카, 다이메티콘/비닐다이메티콘크로스폴리머, 폴리글리세릴-2트라이아이소스테아레이트, 세레신, 합성왁스, 마이카, 폴리하이드록시스테아릭애씨드, 에틸렌/프로필렌코폴리머, 적색산화철, 황색산화철, 글리세릴카프릴레이트, 알루미늄하이드록사이드, 에틸헥실글리세린, 레시틴, 메티콘, 에틸헥실팔미테이트, 아이소스테아릭애씨드, 아이소프로필미리스테이트, 향료, 적색202호, 폴리글리세릴-3폴리리시놀리에이트, 아스코빅애씨드, 토코페릴아세테이트, 글리세린, 정제수, 부틸렌글라이콜, 실크아미노산, 1,2-헥산다이올, 팔미토일헥사펩타이드-12","1. 화장품을 사용하여 다음과 같이 이상이 있을 경우에는 사용을 중지할 것이며, 계속 사용하면 증상을 악화시키므로 피부과 전문의 등에게 상담할 것. 1) 사용 중 붉은 반점, 부어오름, 가려움증, 자극 등의 이상이 있을 경우. 2) 적용부위가 직사광선에 의해 위와 같은 이상이 있을 경우 2. 상처가 있는 곳 또는 습진 및 피부염 등의 이상이 있는 부위에는 사용을 금할 것. 3. 보관 및 취급상의 주의사항 1) 사용 후에는 반드시 마개를 닫아둘 것 2) 유. 소아의 손에 닿지 않는 곳에 보관할 것. 3) 고온 내지 저온의 장소 및 직사광선이 닿는 곳에는 보관하지 말 것.",본 상품의 품질보증 및 피해보상에 관한 사항은 관련 법률 및 공정거래 위원회 고시 [소비자분쟁해결기준]에 따릅니다.,토니모리 고객 상담실 080-356-2222,normal,토니모리,치크톤 립앤치크 듀오밤 [11 스트로베리휩],2131566,69094,
0.5g,모든 피부 타입,"개봉 전 24개월, 개봉 후 6개월","속눈썹 사이를 메워주듯이 눈 앞머리에서 꼬리 부분을 따라 라인을 그려줍니다. *사용 전 꼭 흔들어서 사용해주시고, 내용물이 잘 안 나올 때는 물티슈 등에 부드럽게 닦아주세요. 보관 시에는 원활한 토출을 위해 수평으로 눕혀 주시기 바립니다.",(주)수한,한국,해당있음,"정제수;스타이렌/아크릴레이트코폴리머;적색산화철;부틸렌글라이콜;티타늄다이옥사이드;아크릴레이트코폴리머;1,2-헥산다이올;피피지-17/아이피디아이/디엠피에이코폴리머;카본블랙;소듐폴리아크릴레이트;스테아레스-20;폴리솔베이트20;카프릴릭/카프릭트라이글리세라이드;벤질알코올;페녹시에탄올;벤토나이트;시메티콘;헥실렌글라이콜","1. 화장품 사용 시 또는 사용 후 직사광선에 의하여 사용부위가 붉은 반점, 부어오름 또는 가려움증 등의 이상 증상이나 부작용이 있는 경우 전문의 등과 상담할 것 2. 상처가 있는 부위 등에는 사용을 자제할 것 3. 보관 및 취급 시의 주의사항 가) 어린이의 손이 닿지 않는 곳에 보관할 것 나) 직사광선을 피해서 보관할 것 4. 눈에 들어갔을 때에는 즉시 씻어낼 것",본 상품의 품질보증 및 피해보상에 관한 사항은 관련 법률 및 공정거래 위원회 고시 [소비자분쟁해결기준]에 따릅니다.,080-356-2222,normal,토니모리,더 쇼킹 비건라이너 수퍼픽싱 [02 쇼킹브라운],1946520,33285,
4.8g,모든피부,2027-09-11 까지,내장되어 있는 립 브러시를 사용하여 적당량을 묻혀 원하는 부위에 부드럽게 펴 발라줍니다.,(주)코코/(주)토니모리,대한민국,해당있음,"17 밀키 탠저린 [촉촉] 올레익/리놀레익/리놀레닉폴리글리세라이즈, 폴리글리세릴-2트라이아이소스테아레이트, 피토스테릴/이소스테아릴/세틸/스테아릴/베헤닐다이머디리놀리에이트, 다이머다이리놀레일다이머다이리놀리에이트, 카프릴릭/카프릭트라이글리세라이드, 티타늄디옥사이드, 세레신, 합성왁스, 폴리하이드록시스테아릭애씨드, 에틸렌/프로필렌코폴리머, 황색5호, 글리세릴카프릴레이트, 레시틴, 에틸헥실글리세린, 알루미늄하이드록사이드, 적색104호의(1), 에틸헥실팔미테이트, 아이소스테아릭애씨드, 아이소프로필미리스테이트, 향료, 폴리글리세릴-3폴리리시놀리에이트, 터피네올, 제라닐아세테이트, 리날릴아세테이트, 다이메틸페네틸아세테이트, 아스코빅애씨드, 토코페릴아세테이트, 글리세린, 정제수, 부틸렌글라이콜, 실크아미노산, 1,2-헥산다이올, 팔미토일헥사펩타이드-12  [벨벳] 다이메티콘, 아이소트라이데실아이소노나노에이트, 메틸메타크릴레이트크로스폴리머, 티타늄디옥사이드, 실리카, 폴리글리세릴-2트라이아이소스테아레이트, 다이메티콘/비닐다이메티콘크로스폴리머, 세레신, 합성왁스, 마이카, 폴리하이드록시스테아릭애씨드, 다이메티콘크로스폴리머, 에틸렌/프로필렌코폴리머, 글리세릴카프릴레이트, 황색5호, 황색4호, 알루미늄하이드록사이드, 메티콘, 레시틴, 에틸헥실글리세린, 에틸헥실팔미테이트, 아이소스테아릭애씨드, 아이소프로필미리스테이트, 적색201호, 향료, 폴리글리세릴-3폴리리시놀리에이트, 적색202호, 터피네올, 제라닐아세테이트, 리날릴아세테이트, 다이메틸페네틸아세테이트, 아스코빅애씨드, 토코페릴아세테이트, 글리세린, 정제수, 부틸렌글라이콜, 실크아미노산, 1,2-헥산다이올, 팔미토일헥사펩타이드-12","1. 화장품을 사용하여 다음과 같이 이상이 있을 경우에는 사용을 중지할 것이며, 계속 사용하면 증상을 악화시키므로 피부과 전문의 등에게 상담할 것. 1) 사용 중 붉은 반점, 부어오름, 가려움증, 자극 등의 이상이 있을 경우. 2) 적용부위가 직사광선에 의해 위와 같은 이상이 있을 경우 2. 상처가 있는 곳 또는 습진 및 피부염 등의 이상이 있는 부위에는 사용을 금할 것. 3. 보관 및 취급상의 주의사항 1) 사용 후에는 반드시 마개를 닫아둘 것 2) 유. 소아의 손에 닿지 않는 곳에 보관할 것. 3) 고온 내지 저온의 장소 및 직사광선이 닿는 곳에는 보관하지 말 것.",본 상품의 품질보증 및 피해보상에 관한 사항은 관련 법률 및 공정거래 위원회 고시 [소비자분쟁해결기준]에 따릅니다.,토니모리 고객 상담실 080-356-2222,normal,토니모리,주토피아 에디션 치크톤 립앤치크 듀오밤 [17 밀키탠저린],2170218,74908,
8.5g,모든 피부 타입,"개봉 전 24개월, 개봉 후 6개월",브러쉬에 적당량의 내용물을 취해 속눈썹에 꼼꼼하게 발라줍니다.,(주) 한국콜마,한국,해당있음,아이소도데케인;트라이메틸실록시실리케이트;세레신;합성플루오르플로고파이트;마이크로크리스탈린왁스;폴리프로필실세스퀴옥세인;다이스테아다이모늄헥토라이트;하이드로제네이티드폴리아이소부텐;덱스트린팔미테이트/에틸헥사노에이트;베헤네스-30;가시대나무줄기가루;덱스트린팔미테이트;요엽후박나무껍질추출물;검정콩추출물;프로필렌카보네이트;트라이에톡시카프릴릴실레인;실리카다이메틸실릴레이트;정제수;부틸렌글라이콜;하이드롤라이즈드밀단백질;하이드롤라이즈드옥수수단백질;하이드롤라이즈드콩단백질;데하이드로아세틱애씨드;페녹시에탄올;흑색산화철,"1. 화장품 사용 시 또는 사용 후 직사광선에 의하여 사용부위가 붉은 반점, 부어오름 또는 가려움증 등의 이상 증상이나 부작용이 있는 경우 전문의 등과 상담할 것. 2. 상처가 있는 부위 등에는 사용을 자제할 것. 3. 보관 및 취급 시의 주의사항 가) 어린이의 손이 닿지 않는 곳에 보관할 것. 나) 직사광선을 피해서 보관할 것.",본 상품의 품질보증 및 피해보상에 관한 사항은 관련 법률 및 공정거래 위원회 고시 [소비자분쟁해결기준]에 따릅니다.,080-356-2222,normal,토니모리,더 쇼킹 카라 비건 [03 밀리그램볼륨],1987007,32301,
3 g,모든 피부 타입,상품상세참조,입술 안쪽에서 바깥 쪽으로 부드럽게 펴 발라줍니다.,코스맥스,한국,해당있음,"[02 오 마이 로즈] 정제수, 부틸렌글라이콜, 글리세린, 다이프로필렌글라이콜, 모란꽃수, 워터민트추출물, 알로에베라잎수, 암모늄아크릴로일다이메틸타우레이트/브이피코폴리머, 폴리아크릴레이트크로스폴리머-6, 다이메티콘, 피이지-60하이드로제네이티드캐스터오일, 레시틴, 스테비오사이드, 에틸헥실글리세린, 알루미늄하이드록사이드, 암모늄폴리아크릴레이트, 페녹시에탄올, 향료, 벤질살리실레이트, 리날룰, 티타늄디옥사이드 (CI 77891), 적색102호 (CI 16255), 황색5호 (CI 15985), 적색104호의(1) (CI 45410), 적색227호 (CI 17200), 청색1호 (CI 42090)","1. 화장품 사용 시 또는 사용 후 직사광선에 의하여 사용부위가 붉은 반점, 부어오름 또는 가려움증 등의 이상 증상이나 부작용이 있는 경우 전문의 등과 상담할 것. 2. 상처가 있는 부위 등에는 사용을 자제할 것. 3. 보관 및 취급 시의 주의사항 가. 어린이의 손이 닿지 않는 곳에 보관할 것. 나. 직사광선을 피해서 보관할 것.",상품상세참조,080-356-2222,normal,토니모리,겟잇 틴트 컬러풀 워터 [02 오마이로즈],2056775,60658,
4g,모든 피부,"개봉 전 24개월, 개봉 후 12개월 이내 사용 권장",브러쉬에 적당량의 젤 아이라이너를 취해 뭉치지 않도록 눈가에 부드럽게 펴 발라줍니다.,(주)코스맥스/(주)토니모리,한국,해당있음,"[1호 블랙] 흑색산화철 (CI 77499), 트리메칠실록시실리케이트, 사이클로펜타실록산, 이소도데칸, 사이클로헥사실록산, 세레신, 카프릴릴메치콘, 탈크, 울트라마린 (CI 77007), 실리카실릴레이트, 디스테아디모늄헥토라이트, 트리에톡시카프릴릴실란, 프로필렌카보네이트, 마카다미아씨오일, 포도씨오일, 비에이치티, 부틸파라벤","1. 화장품을 사용하여 다음과 같이 이상이 있을 경우에는 사용을 중지할 것이며, 계속 사용하면 증상을 악화시키므로 피부과 전문의 등에게 상담할 것. 1) 사용 중 붉은 반점, 부어오름, 가려움증, 자극 등의 이상이 있을 경우.2) 적용부위가 직사광선에 의해 위와 같은 이상이 있을 경우 2. 상처가 있는 곳 또는 습진 및 피부염 등의 이상이 있는 부위에는 사용을 금할 것. 3. 보관 및 취급상의 주의사항 1) 사용 후에는 반드시 마개를 닫아둘 것 2) 유. 소아의 손에 닿지 않는 곳에 보관할 것. 3) 고온 내지 저온의 장소 및 직사광선이 닿는 곳에는 보관하지 말 것.",본 상품의 품질보증 및 피해보상에 관한 사항은 관련 법률 및 공정거래 위원회 고시 [소비자분쟁해결기준]에 따릅니다.,토니모리 고객 상담실 080-356-2222,normal,토니모리,백젤 아이라이너 [01 블랙],2020466,78120,
50ml (2ea),모든 피부,개봉 전 24개월 개봉 후 12개월 이내 사용 권,스킨케어 마지막 단계에서 적당량을 취해 자외선이 노출되는 부위에 골고루 펴 발라 줍니다.,(주)코스모코스/ (주)토니모리,대한민국,해당있음,"정제수, 프로판다이올, 에칠헥실메톡시신나메이트, 에칠헥실살리실레이트, 부틸렌글라이콜, 티타늄디옥사이드, 카프릴릭/카프릭트라이글리세라이드, 나이아신아마이드, 옥토크릴렌, 카프릴릴메티콘, 브이피/에이코신코폴리머, 세테아릴알코올, 폴리글리세릴-3메틸글루코오스다이스테아레이트, 비스-에칠헥실옥시페놀메톡시페닐트리아진, 디에칠아미노하이드록시벤조일헥실벤조에이트, 콘민트추출물, 유칼립투스잎추출물, 레몬그라스추출물, 알로에베라잎추출물, 피토스테롤, 포도덩굴추출물, 하이드롤라이즈드하이알루로닉애씨드, 하이드롤라이즈드소듐하이알루로네이트, 다이메틸실란올하이알루로네이트, 하이알루로닉애씨드, 소듐하이알루로네이트, 포타슘하이알루로네이트, 하이드록시프로필트라이모늄하이알루로네이트, 소듐하이알루로네이트크로스폴리머, 소듐하이알루로네이트다이메틸실란올, 소듐아세틸레이티드하이알루로네이트, 에리스리톨, 자일리톨, 판테놀, 알란토인, 엑토인, 세테아릴올리베이트, 1,2-헥산다이올, 스테아릭애씨드, 팔미틱애씨드, 하이드록시아세토페논, 솔비탄올리베이트, 폴리하이드록시스테아릭애씨드, 멘톡시프로판다이올, 암모늄아크릴로일다이메틸타우레이트/브이피코폴리머, 글리세릴스테아레이트, 알루미나, 소듐스테아로일글루타메이트, 카프릴릴글라이콜, 아크릴레이트/C10-30알킬아크릴레이트크로스폴리머, 트로메타민, 아데노신, 잔탄검, 비에이치티, 트라이에톡시카프릴릴실레인, 울트라마린, 향료","1. 화장품 사용 시 또는 사용 후 직사광선에 의하여 사용부위가 붉은 반점, 부어오름 또는 가려움증 등의 이상 증상이나 부작용이 있는 경우에는 전문의 등과 상담할 것. 2. 상처가 있는 부위 등에는 사용을 자제할 것. 3. 보관 및 취급 시 주의사항 가) 어린이의 손이 닿지 않는 곳에 보관할 것. 나) 직사광선을 피해서 보관할 것.",본 상품의 품질보증 및 피해보상에 관한 사항은 관련 법률 및 공정거래 위원회 고시 [소비자분쟁해결기준]에 따릅니다.,토니모리 고객 상담실 080-356-2222,normal,토니모리,유브이 마스터 아쿠아 쿨링 선크림 [SPF50+/PA++++],2136140,76797,
200ml,모든 피,상품상세참조,내용물을 적당량 덜어 피부 결을 따라 펴 바른 후 가볍게 두드려 흡수시켜 줍니다. (* 제품을 비스듬히 기울여 내용물을 덜어 사용하시면 더욱 편리합니다.),제품 별도 표기 / (주)토니모리,대한민국,해당있음,"정제수, 글리세린, 프로판다이올, 1,2-헥산다이올, 페닐트라이메티콘, 네오펜틸글라이콜다이카프레이트, 비닐다이메티콘, 아크릴레이트/C10-30알킬아크릴레이트크로스폴리머, 트로메타민, 폴리메틸실세스퀴옥세인, 바이오사카라이드검-1, 암모늄아크릴로일다이메틸타우레이트/브이피코폴리머, 하이드록시프로필구아, 로즈마리잎오일, 하이드록시에틸셀룰로오스, 다이소듐이디티에이, 트레할로오스, 부틸렌글라이콜, 판테놀, 티트리잎오일, 소듐헤파린, 아줄렌(1 ppb), 베타-시토스테롤","1. 화장품 사용 시 또는 사용 후 직사광선에 의하여 사용부위가 붉은 반점, 부어오름 또는 가려움증 등의 이상 증상이나 부작용이 있는 경우에는 전문의 등과 상담할 것. 2. 상처가 있는 부위 등에는 사용을 자제할 것. 3. 보관 및 취급 시 주의사항 가) 어린이의 손이 닿지 않는 곳에 보관할 것. 나) 직사광선을 피해서 보관할 것.",본 상품의 품질보증 및 피해보상에 관한 사항은 관련 법률 및 공정거래 위원회 고시 [소비자분쟁해결기준]에 따릅니다.,토니모리 고객 상담실 080-356-2222,normal,토니모리,아줄렌 안티 블레미쉬 로션,2166255,73807,
200ml,모든 피부,상품상세참조,세안 후 손이나 화장솜에 내용물을 적당량 덜어 피부 결을 따라 부드럽게 펴 발라준 후 가볍게 두드려 흡수시켜 줍니다.,제품 별도 표기 / (주)토니모리,대한민국,해당있음,"정제수, 부틸렌글라이콜, 글리세린, 메틸프로판다이올, 에리스리톨, 하이드록시아세토페논, 옥틸도데세스-16, 에틸헥실글리세린, 알란토인, 아크릴레이트/C10-30알킬아크릴레이트크로스폴리머, 다이소듐이디티에이, 트로메타민, 1,2-헥산다이올, 로즈마리잎오일, 티트리잎오일, 카프릴로일살리실릭애씨드, 아줄렌(5 ppb), 베타-시토스테롤, 소듐헤파린","1. 화장품 사용 시 또는 사용 후 직사광선에 의하여 사용부위가 붉은 반점, 부어오름 또는 가려움증 등의 이상 증상이나 부작용이 있는 경우에는 전문의 등과 상담할 것. 2. 상처가 있는 부위 등에는 사용을 자제할 것. 3. 보관 및 취급 시 주의사항 가) 어린이의 손이 닿지 않는 곳에 보관할 것. 나) 직사광선을 피해서 보관할 것.",본 상품의 품질보증 및 피해보상에 관한 사항은 관련 법률 및 공정거래 위원회 고시 [소비자분쟁해결기준]에 따릅니다,토니모리 고객 상담실 080-356-2222,normal,토니모리,아줄렌 안티 블레미쉬 토너,2166256,73806,
190ml,모든 피부,"개봉 전 24개월, 개봉 후 12개월",손과 얼굴에 물기가 없는 상태에서 적당량을 덜어 얼굴 전체에 마사지 하듯 롤링해줍니다. 손에 물을 묻혀 오일이 유화될 때까지 마사지 해준 후 미온수로 깨끗이 헹궈냅니다.,(주)메가코스/(주)토니모리,한국,해당있음,"미네랄오일, 피이지-8글리세릴아이소스테아레이트, 에틸헥실팔미테이트, 아이소프로필미리스테이트, 아이소스테아릭애씨드, 정제수, 향료, 살구씨오일(1,000ppm), 석류씨오일, 호호바씨오일, 메도우폼씨오일, 마카다미아씨오일","1. 화장품 사용 시 또는 사용 후 직사광선에 의하여 사용부위가 붉은 반점, 부어오름 또는 가려움증 등의 이상 증상이나 부작용이 있는 경우 전문의 등과 상담할 것 2. 상처가 있는 부위 등에는 사용을 자제할 것 3. 보관 및 취급 시의 주의사항 가) 어린이의 손이 닿지 않는 곳에 보관할 것 나) 직사광선을 피해서 보관할 것",본 상품의 품질보증 및 피해보상에 관한 사항은 관련 법률 및 공정거래 위원회 고시 [소비자분쟁해결기준]에 따릅니다.,토니모리 고객 상담실 080-356-2222,normal,토니모리,원더 살구씨 딥 클렌징 오일,2191794,76631,
15 g,상품상세참조,상품상세참조,퍼프에 적당량의 내용물을 덜어 얼굴 전체에 가볍게 두드려 펴 발라줍니다.,코스맥스㈜,한국,해당있음,"[03샌드베이지] 정제수,티타늄디옥사이드 (CI 77891),사이클로펜타실록세인,글리세린,아이소노닐아이소노나노에이트,트라이메틸실록시실리케이트,옥틸도데칸올,아이소도데케인,C12-15알킬벤조에이트,프로판다이올,라우릴폴리글리세릴-3폴리다이메틸실록시에틸다이메티콘,합성플루오르플로고파이트,나이아신아마이드,프로필렌글라이콜다이벤조에이트,프로필헵틸카프릴레이트,1,2-헥산다이올,다이스테아다이모늄헥토라이트,황색산화철 (CI 77492),덱스트린팔미테이트,폴리글리세릴-4아이소스테아레이트,브이피/에이코신코폴리머,드럼스틱씨오일,다이페닐실록시페닐트라이메티콘,폴리글리세릴-3폴리다이메틸실록시에틸다이메티콘,마그네슘설페이트,스테아릭애씨드,알루미나,트라이에톡시카프릴릴실레인,알루미늄하이드록사이드,아데노신,아이소프로필티타늄트라이아이소스테아레이트,트라이소듐에틸렌다이아민다이석시네이트,에틸셀룰로오스,토코페롤,카프릴릭/카프릭트라이글리세라이드,하이드로제네이티드레시틴,세라마이드엔피,피토스핑고신,소듐스테아로일글루타메이트,향료,적색산화철 (CI 77491),흑색산화철 (CI 77499)","1. 화장품 사용 시 또는 사용 후 직사광선에 의하여 사용부위가 붉은 반점, 부어오름 또는 가려움증 등의 이상 증상이나 부작용이 있는 경우에는 전문의 등과 상담할 것. 2. 상처가 있는 부위 등에는 사용을 자제할 것. 3. 보관 및 취급 시 주의사항 가) 어린이의 손이 닿지 않는 곳에 보관할 것.",본 상품의 품질보증 및 피해보상에 관한 사항은 관련 법률 및 공정거래 위원회 고시 [소비자분쟁해결기준]에 따릅니다.,토니모리 고객 상담실 080-356-2222,normal,토니모리,마이 루미너스 젤 글로우 쿠션 [SPF40/PA++] [03 샌드베이지],2083318,64454,
100ml,상품상세참조,상품상세참조,사용 부위에서 20 ~ 30 cm 떨어진 거리에서 적당량을 분사한 후 톡톡 두드려 흡수시켜 줍니다.,제품 별도 표기 / (주)토니모리,대한민국,해당있음,"정제수, 아이소펜틸다이올, 부틸렌글라이콜, C12-14알케스-12, 하이드록시아세토페논, 에틸헥실글리세린, 스타이렌/브이피코폴리머, 리날룰, 다이소듐이디티에이, 리모넨, 1,2-헥산다이올, 녹차추출물(100 ppm), 베르가모트오일, 향료, 필리핀오렌지껍질오일, 오렌지껍질오일, 글리세린, 스쿠알란, 네오펜틸글라이콜다이헵타노에이트, 세틸에틸헥사노에이트, 하이드로제네이티드포스파티딜콜린, 폴리글리세릴-10미리스테이트, 세테아릴알코올, 폴리글리세릴-2스테아레이트, 달맞이꽃오일, 잇꽃씨오일, 팔미틱애씨드, 스테아릭애씨드, 세라마이드엔피, 폴리쿼터늄-51","1. 화장품 사용 시 또는 사용 후 직사광선에 의하여 사용부위가 붉은 반점, 부어오름 또는 가려움증 등의 이상 증상이나 부작용이 있는 경우에는 전문의 등과 상담할 것. 2. 상처가 있는 부위 등에는 사용을 자제할 것. 3. 보관 및 취급 시 주의사항 가) 어린이의 손이 닿지 않는 곳에 보관할 것. 나) 직사광선을 피해서 보관할 것.",본 상품의 품질보증 및 피해보상에 관한 사항은 관련 법률 및 공정거래 위원회 고시 [소비자분쟁해결기준]에 따릅니다.,토니모리 고객 상담실 080-356-2222,normal,토니모리,그린티 수분 미스트,2166091,73628,
5.3 g,모든 피부 타입,개봉 전 24개월 개봉 후 12개월 이내 사용 권장,적당량을 취하여 입술 안쪽부터 부드럽게 펴 발라 줍니다.,(주)씨앤씨인터내셔널/ (주)토니모리,한국,해당있음,"[03 피치 시럽] 정제수, 다이아이소스테아릴말레이트, 다이페닐다이메티콘, 비스-다이글리세릴폴리아실아디페이트-2, 비스-베헤닐/아이소스테아릴/피토스테릴다이머다이리놀레일다이머다이리놀리에이트, 하이드로제네이티드폴리아이소부텐, 다이글리세린, 옥틸도데칸올, 다이프로필렌글라이콜, 세틸피이지/피피지-10/1다이메티콘, 솔비탄아이소스테아레이트, 폴리솔베이트60, 1,2-헥산다이올, 하이드록시에틸아크릴레이트/소듐아크릴로일다이메틸타우레이트코폴리머, 페녹시에탄올, 세테아레스-20, 스쿠알란, 티타늄디옥사이드, 향료, 에틸헥실글리세린, 적색227호, 황색4호, 황색5호, 알루미늄하이드록사이드, 암모늄폴리아크릴레이트, 적색104호의(1), 부틸렌글라이콜, 청색1호, 아르간커넬오일, 코코넛야자오일, 아보카도오일, 해바라기씨오일, 올리브오일, 판테놀, 호호바씨오일, 펜타에리스리틸테트라-다이-t-부틸하이드록시하이드로신나메이트, 소듐하이알루로네이트, 하이드록시프로필트라이모늄하이알루로네이트, 하이드롤라이즈드하이알루로닉애씨드, 소듐아세틸레이티드하이알루로네이트, 하이알루로닉애씨드, 소듐하이알루로네이트크로스폴리머, 하이드롤라이즈드소듐하이알루로네이트, 포타슘하이알루로네이트,세라마이드엔피","1. 화장품 사용 시 또는 사용 후 직사광선에 의하여 사용부위가 붉은 반점, 부어오름 또는 가려움증 등의 이상 증상이나 부작용이 있는 경우에는 전문의 등과 상담할 것. 2. 상처가 있는 부위 등에는 사용을 자제할 것. 3. 보관 및 취급 시 주의사항 가) 어린이의 손이 닿지 않는 곳에 보관할 것. 나) 직사광선을 피해서 보관할 것.",본 상품의 품질보증 및 피해보상에 관한 사항은 관련 법률 및 공정거래 위원회 고시 [소비자분쟁해결기준]에 따릅니다.,토니모리 고객 상담실 080-356-2222,normal,토니모리,겟잇 틴트 워터풀 시럽 [03 피치시럽],2138262,76692,
5.3 g,모든 피부 타입,개봉 전 24개월 개봉 후 12개월 이내 사용 권장,적당량을 취하여 입술 안쪽부터 부드럽게 펴 발라 줍니다.,(주)씨앤씨인터내셔널/ (주)토니모리,한국,해당있음,"[01 밀크티 시럽] 정제수, 다이아이소스테아릴말레이트, 다이페닐다이메티콘, 비스-다이글리세릴폴리아실아디페이트-2, 비스-베헤닐/아이소스테아릴/피토스테릴다이머다이리놀레일다이머다이리놀리에이트, 하이드로제네이티드폴리아이소부텐, 다이글리세린, 옥틸도데칸올, 다이프로필렌글라이콜, 세틸피이지/피피지-10/1다이메티콘, 솔비탄아이소스테아레이트, 폴리솔베이트60, 1,2-헥산다이올, 하이드록시에틸아크릴레이트/소듐아크릴로일다이메틸타우레이트코폴리머, 페녹시에탄올, 세테아레스-20, 티타늄디옥사이드, 스쿠알란, 향료, 에틸헥실글리세린, 황색4호, 적색227호, 황색5호, 알루미늄하이드록사이드, 암모늄폴리아크릴레이트, 청색1호, 부틸렌글라이콜, 아르간커넬오일, 코코넛야자오일, 호호바씨오일, 아보카도오일, 해바라기씨오일, 올리브오일, 판테놀, 펜타에리스리틸테트라-다이-t-부틸하이드록시하이드로신나메이트, 소듐하이알루로네이트, 하이드록시프로필트라이모늄하이알루로네이트, 소듐아세틸레이티드하이알루로네이트, 하이드롤라이즈드하이알루로닉애씨드, 하이알루로닉애씨드, 하이드롤라이즈드소듐하이알루로네이트, 소듐하이알루로네이트크로스폴리머, 포타슘하이알루로네이트, 세라마이드엔피","1. 화장품 사용 시 또는 사용 후 직사광선에 의하여 사용부위가 붉은 반점, 부어오름 또는 가려움증 등의 이상 증상이나 부작용이 있는 경우에는 전문의 등과 상담할 것. 2. 상처가 있는 부위 등에는 사용을 자제할 것. 3. 보관 및 취급 시 주의사항 가) 어린이의 손이 닿지 않는 곳에 보관할 것. 나) 직사광선을 피해서 보관할 것.",본 상품의 품질보증 및 피해보상에 관한 사항은 관련 법률 및 공정거래 위원회 고시 [소비자분쟁해결기준]에 따릅니다.,토니모리 고객 상담실 080-356-2222,normal,토니모리,겟잇 틴트 워터풀 시럽 [01 밀크티시럽],2138256,76690,
50 ml*2,모든피부,제품 패키지 별도 표기,스킨케어 마지막 단계에서 적당량을 취해 자외선이 노출되는 부위에 골고루 펴 발라 줍니다.,(주)메가코스 / (주)토니모리,대한민국,해당있음,"정제수,글리세린,티타늄디옥사이드,네오펜틸글라이콜다이헵타노에이트,에칠헥실메톡시신나메이트,부틸렌글라이콜,비스-에칠헥실옥시페놀메톡시페닐트리아진,옥토크릴렌, 부틸메톡시디벤조일메탄,운데케인,페닐벤즈이미다졸설포닉애씨드,나이아신아마이드,에칠헥실살리실레이트,1,2-헥산다이올,트라이데케인,트로메타민,실리카,베타인,세테아 릴알코올,메칠렌비스-벤조트리아졸릴테트라메칠부틸페놀,글리세릴스테아레이트,솔비탄세스퀴올리에이트,피이지-100스테아레이트,트라이세테아레스-4포스페이트,폴리솔 베이트80,피이지-2스테아레이트,글라이콜스테아레이트,알란토인,프룩토오스,카보머,코코-카프릴레이트/카프레이트,하이드로제네이티드올리브오일불검화물,포타슘세틸포 스페이트,데실글루코사이드,다이메티콘,소듐스테아로일글루타메이트,트라이하이드록시스테아린,에틸헥실글리세린,서양배추출물,캐모마일꽃오일,아데노신,다마스크장미꽃 수,오리스뿌리추출물,측백나무추출물,다이소듐이디티에이,멜론추출물,비터오렌지꽃추출물,리씨열매오일,서양송악잎/줄기추출물,녹차추출물(100ppm),잔탄검,진흙버섯추출 물,우엉뿌리추출물,병풀추출물,쇠비름추출물,체이스트트리추출물,마트리카리아꽃추출물,시트랄,리날릴아세테이트","1. 화장품 사용 시 또는 사용 후 직사광선에 의하여 사용부위가 붉은 반점, 부어오름 또는 가려움증 등의 이상 증상이나 부작용이 있는 경우에는 전문의 등과 상담할 것. 2. 상처가 있는 부위 등에는 사용을 자제할 것. 3. 보관 및 취급 시 주의사항 가) 어린이의 손이 닿지 않는 곳에 보관할 것. 나) 직사광선을 피해서 보관할 것.",본 상품의 품질보증 및 피해보상에 관한 사항은 관련 법률 및 공정거래 위원회 고시 [소비자분쟁해결기준]에 따릅니다.,토니모리 고객 상담실 080-356-2222,normal,토니모리,그린티 수분 선크림 [SPF50+/PA+++],2200603,77839,
4.3g,상품상세참조,상품상세참조,내용물을 적당량 취해 입술 라인 안쪽으로 꼼꼼히 발라줍니다. 음-파 없이 컬러가 스며들듯 바르면 더욱 깔끔하게 컬러가 연출됩니다.,(주)코스맥스/(주)토니모리,대한민국,해당있음,"[26 총총 딸기 크림] 정제수, 다이메티콘, 카프릴릴메티콘, 글리세린, 다이메티콘/비닐다이메티콘크로스폴리머, 펜틸렌글라이콜, 다이메티콘크로스폴리머, 1,2-헥산다이올, 세테아레스-20, 세틸피이지/피피지-10/1다이메티콘, 폴리글리세릴-10미리스테이트, 소듐폴리아크릴로일다이메틸타우레이트, 부틸렌글라이콜, 암모늄아크릴로일다이메틸타우레이트/브이피코폴리머, 글리세릴스테아레이트, 피이지-100스테아레이트, 티타늄디옥사이드 (CI 77891), 다이페닐실록시페닐트라이메티콘, 카프릴릭/카프릭트라이글리세라이드, 벤질벤조에이트, 에틸헥실글리세린, 트라이소듐에틸렌다이아민다이석시네이트, 적색227호 (CI 17200), 황색5호 (CI 15985), 하이드로제네이티드레시틴, 알루미늄하이드록사이드, 암모늄폴리아크릴레이트, 향료, 황색4호 (CI 19140), 알지닌, 카보머, 세라마이드엔피, 페녹시에탄올, 청색1호 (CI 42090), 시어버터, 소듐하이알루로네이트","1. 화장품 사용 시 또는 사용 후 직사광선에 의하여 사용부위가 붉은 반점, 부어오름 또는 가려움증 등의 이상 증상이나 부작용이 있는 경우 전문의 등과 상담할 것. 2. 상처가 있는 부위 등에는 사용을 자제할 것. 3. 보관 및 취급 시의 주의사항 가. 어린이의 손이 닿지 않는 곳에 보관할 것. 나. 직사광선을 피해서 보관할 것.",본  상품의 품질보증 및 피해보상에 관한 사항은 관련 법률 및 공정거래 위원회 고시 [소비자분쟁해결기준]에 따릅니다.,토니모리 고객 상담실 080-356-2222,normal,토니모리,주토피아 에디션 겟잇틴트 워터풀 버터 [26 총총딸기크림],2170195,74904,
50ml,모든 피부,상품상세참조,내용물을 적당량 덜어 피부 결을 따라 펴 바른 후 가볍게 두드려 흡수시켜 줍니다.,제품 별도 표기 / (주)토니모리,대한민국,해당있음,"정제수, 글리세린, 다이프로필렌글라이콜, 1,2-헥산다이올, 사이클로펜타실록세인, 나이아신아마이드, 폴리메틸실세스퀴옥세인, 프로판다이올, 글리세릴폴리메타크릴레이트, 판테놀, 사이클로헥사실록세인, 호호바에스터, C14-22알코올, 카프릴릭/카프릭트라이글리세라이드, 하이드로제네이티드폴리(C6-14올레핀), 다이메티콘올, 폴리쿼터늄-51, 하이드롤라이즈드호호바에스터, C12-20알킬글루코사이드, 트로메타민, 녹차추출물 (1,000 ppm), 아크릴레이트/C10-30알킬아크릴레이트크로스폴리머, 카보머, 하이드록시에틸셀룰로오스, 해바라기씨오일, 아데노신, 베르가모트오일, 카프릴하이드록사믹애씨드, 시트릭애씨드, 다이소듐이디티에이, 덱스트린, 카카오추출물, 리모넨, 부틸렌글라이콜, 리날룰, 티트리잎오일, 에칠아스코빌에텔, 토코페롤, 다이소듐포스페이트, 폴리솔베이트60, 다마스크장미꽃추출물, 소듐디엔에이, 에틸헥실글리세린, 소듐포스페이트","1. 화장품 사용 시 또는 사용 후 직사광선에 의하여 사용부위가 붉은 반점, 부어오름 또는 가려움증 등의 이상 증상이나 부작용이 있는 경우에는 전문의 등과 상담할 것. 2. 상처가 있는 부위 등에는 사용을 자제할 것. 3. 보관 및 취급 시 주의사항 가) 어린이의 손이 닿지 않는 곳에 보관할 것. 나) 직사광선을 피해서 보관할 것.",본 상품의 품질보증 및 피해보상에 관한 사항은 관련 법률 및 공정거래 위원회 고시 [소비자분쟁해결기준]에 따릅니다.,토니모리 고객 상담실 080-356-2222,normal,토니모리,블랙티 인텐스 리페어 세럼,2168087,73813,
150 ml,상품상세참조,상품상세참조,내용물을 적당량 취해 피부 결에 따라 가볍게 두드리듯 흡수시켜 줍니다.,(주)메가코스/(주)토니모리,대한민국,해당있음,"정제수, 부틸렌글라이콜, 세틸에틸헥사노에이트, 다이메티콘, 세틸알코올, 나이아신아마이드, 글리세릴스테아레이트에스이, 베타인, 글리세린, 폴리솔베이트80, 베헤닐알코올, 향료, 사이클로펜타실록세인, 하이드로제네이티드폴리(C6-14올레핀), 하이드록시아세토페논, 트로메타민, 카보머, 사이클로헥사실록세인, 아크릴레이트/C10-30알킬아크릴레이트크로스폴리머, 알란토인, 에틸헥실글리세린, 다이포타슘글리시리제이트, 소듐폴리아크릴레이트, 에틸헥실스테아레이트, 아데노신, 다이소듐이디티에이, 병풀추출물, 1,2-헥산다이올, 쇠비름추출물, 트라이데세스-6, 체이스트트리추출물, 마트리카리아꽃추출물, 리날룰, 소듐하이알루로네이트, 판테놀, 미네랄워터, 카프릴릭/카프릭트라이글리세라이드, 하이드로제네이티드레시틴, 하이드로제네이티드포스파티딜콜린, 하이드롤라이즈드콜라겐, 하이드롤라이즈드쌀단백질, 크레아틴, 피토스테릴/옥틸도데실라우로일글루타메이트, 수크로오스스테아레이트, 세라마이드엔피, 세테아릴알코올, 아시아티코사이드, 마데카식애씨드, 마데카소사이드, 아시아틱애씨드","1. 화장품 사용 시 또는 사용 후 직사광선에 의하여 사용부위가 붉은 반점, 부어오름 또는 가려움증 등의 이상 증상이나 부작용이 있는 경우에는 전문의 등과 상담할 것. 2. 상처가 있는 부위 등에는 사용을 자제할 것. 3. 보관 및 취급 시 주의사항 가) 어린이의 손이 닿지 않는 곳에 보관할 것. 나) 직사광선을 피해서 보관할 것.",본 상품의 품질보증 및 피해보상에 관한 사항은 관련 법률 및 공정거래 위원회 고시 [소비자분쟁해결기준]에 따릅니다.,토니모리 고객 상담실 080-356-2222,normal,토니모리,리젠시아 옴므 에멀전,2129971,68663,
150ml,상품상세참조,"개봉 전 24개월, 개봉 후 12개월","1. 세안후물기를 완전히 제거하고 적당량을 취해 눈가, 입가를 제외한 얼굴 전체에 펴 바른후 약 1분정도 부드럽게 마사지합니다. 2. 각질과 노폐물이 서서히 미려나오면 미온수로 헹구어 줍니다.",(주)코스맥스 / (주)토니모리,한국,해당있음,"정제수,글리세린,프로필렌글라이콜,쿼터늄-60,카보머,다이프로필렌글라이콜,빙하수,연꽃꽃추출물,진주가루,펜틸렌글라이콜,아스코빅애씨드,1,2-헥산다이올,카프릴릴글라이콜,락틱애씨드,세린,소듐락테이트,솔비톨,우레아,소듐클로라이드,알란토인,다이소듐이디티에이,페녹시에탄올,향료,하이드록시시트로넬알,리날룰,리모넨","1. 화장품을 사용하여 다음과 같이 이상이 있을 경우에는 사용을 중지할 것이며, 계속 사용하면 증상을 악화시키므로 피부과 전문의 등에게 상담할 것. 1) 사용 중 붉은 반점, 부어 오름, 가려움증, 자극 등의 이상이 있을 경우. 2) 적용부위가 직사광선에 의해 위와 같은 이상이 있을 경우 2. 상처가 있는 곳 또는 습진 및 피부염 등의 이상이 있는 부위에는 사용을 금할 것. 3. 보관 및 취급상의 주의사항 1) 사용 후에는 반드시 마개를 닫아둘 것 2) 유. 소아의 손에 닿지 않는 곳에 보관할 것. 3) 고온 내지 저온의 장소 및 직사광선이 닿는 곳에는 보관하지 말 것.",본 상품의 품질보증 및 피해보상에 관한 사항은 관련 법률 및 공정거래 위원회 고시 [소비자분쟁해결기준]에 따릅니다.,토니모리 고객 상담실 080-356-2222,normal,토니모리,플로리아 브라이트닝 필링 젤,2191876,76630,
50ml (2ea) / 1.69 fl. oz.,상품상세참조,상품상세참조,스킨케어 마지막 단계에서 적당량을 취해 자외선이 노출되는 부위에 골고루 펴 발라 줍니다.,상품상세참조,상품상세참조,해당있음,"정제수, 호모살레이트, 옥토크릴렌, 다이프로필렌글라이콜, 아크릴레이트코폴리머, 에칠헥실살리실레이트, 사이클로펜타실록세인, 부틸옥틸살리실레이트, 에탄올, 비스-에칠헥실옥시페놀메톡시페닐트리아진, 부틸메톡시디벤조일메탄, 사이클로헥사실록세인, 실리카, 스테아레스-20, 비스-피이지-15메틸에터다이메티콘, 글리세린, 카보머, 하이드록시아세토페논, 카프릴릴글라이콜, 트로메타민, 소듐폴리아크릴레이트, 이눌린라우릴카바메이트, 에틸헥실스테아레이트, 에틸헥실글리세린, 잔탄검, 트라이데세스-6, 하이드롤라이즈드소듐하이알루로네이트, 엑토인, 알로에베라잎추출물, 포도주추출물, 병풀추출물, 하이드록시프로필사이클로덱스트린, 1,2-헥산다이올, 7-데하이드로콜레스테롤, 포도씨추출물, 레스베라트롤, 벤질살리실레이트, 제라니올, 헥실신남알, 리모넨, 리날룰, 향료","1. 화장품 사용 시 또는 사용 후 직사광선에 의하여 사용부위가 붉은 반점, 부어오름 또는 가려움증 등의 이상 증상이나 부작용이 있는 경우 전문의 등과 상담할 것. 2. 상처가 있는 부위 등에는 사용을 자제할 것. 3. 보관 및 취급 시의 주의사항 가) 어린이의 손이 닿지 않는 곳에 보관할 것. 나) 직사광선을 피해서 보관할 것.",본 상품의 품질보증 및 피해보상에 관한 사항은 관련 법률 및 공정거래 위원회 고시 [소비자분쟁해결기준]에 따릅니다.,토니모리 고객 상담실 080-356-2222,normal,토니모리,유브이 마스터 아쿠아 선 젤 [SPF50+/PA++++],2043314,64613,
5.3 g,모든 피부 타입,개봉 전 24개월 개봉 후 12개월 이내 사용 권장,적당량을 취하여 입술 안쪽부터 부드럽게 펴 발라 줍니다.,(주)씨앤씨인터내셔널/ (주)토니모리,한국,해당있음,"[06 플럼 시럽] 정제수, 다이아이소스테아릴말레이트, 다이페닐다이메티콘, 비스-다이글리세릴폴리아실아디페이트-2, 비스-베헤닐/아이소스테아릴/피토스테릴다이머다이리놀레일다이머다이리놀리에이트, 하이드로제네이티드폴리아이소부텐, 다이글리세린, 옥틸도데칸올, 다이프로필렌글라이콜, 세틸피이지/피피지-10/1다이메티콘, 솔비탄아이소스테아레이트, 폴리솔베이트60, 1,2-헥산다이올, 하이드록시에틸아크릴레이트/소듐아크릴로일다이메틸타우레이트코폴리머, 페녹시에탄올, 세테아레스-20, 스쿠알란, 티타늄디옥사이드, 적색227호, 향료, 에틸헥실글리세린, 황색5호, 황색4호, 적색104호의(1), 알루미늄하이드록사이드, 암모늄폴리아크릴레이트, 청색1호, 부틸렌글라이콜, 아르간커넬오일, 코코넛야자오일, 아보카도오일, 해바라기씨오일, 올리브오일, 판테놀, 호호바씨오일, 펜타에리스리틸테트라-다이-t-부틸하이드록시하이드로신나메이트, 소듐하이알루로네이트, 하이드록시프로필트라이모늄하이알루로네이트, 하이드롤라이즈드하이알루로닉애씨드, 소듐아세틸레이티드하이알루로네이트, 하이알루로닉애씨드, 소듐하이알루로네이트크로스폴리머, 하이드롤라이즈드소듐하이알루로네이트, 포타슘하이알루로네이트,세라마이드엔피","1. 화장품 사용 시 또는 사용 후 직사광선에 의하여 사용부위가 붉은 반점, 부어오름 또는 가려움증 등의 이상 증상이나 부작용이 있는 경우에는 전문의 등과 상담할 것. 2. 상처가 있는 부위 등에는 사용을 자제할 것. 3. 보관 및 취급 시 주의사항 가) 어린이의 손이 닿지 않는 곳에 보관할 것. 나) 직사광선을 피해서 보관할 것.",본 상품의 품질보증 및 피해보상에 관한 사항은 관련 법률 및 공정거래 위원회 고시 [소비자분쟁해결기준]에 따릅니다.,토니모리 고객 상담실 080-356-2222,normal,토니모리,겟잇 틴트 워터풀 시럽 [06 플럼시럽],2138267,76694,
30 ml,상품상세참조,상품상세참조,세안 후 내용물을 적당량 덜어 눈가와 입가를 피해 피부 결을 따라 부드럽게 펴 발라줍니다.,대한민국,메가코스,해당있음,"[펩타이드 스피큘 퍼밍 앰플] 정제수, 글리세린, 다이프로필렌글라이콜, 글리세레스-26, 나이아신아마이드, 페닐트라이메티콘, 카프릴릭/카프릭트라이글리세라이드, 암모늄아크릴로일다이메틸타우레이트/브이피코폴리머, 피이지-240/에이치디아이코폴리머비스-데실테트라데세스-20에터, 폴리솔베이트80, 하이드록시아세토페논, 카프릴릴글라이콜, 알란토인, 하이드롤라이즈드해면(0.07%), 에틸헥실글리세린, 잔탄검, 아데노신, 다이소듐이디티에이, 인도멀구슬나무잎추출물, 바쿠치올, 인도멀구슬나무꽃추출물, 울금뿌리추출물, 홀리바질잎추출물, 하이드롤라이즈드콜라겐, 부틸렌글라이콜, 1,2-헥산다이올, 참산호말추출물, 폴리글리세릴-10라우레이트, 병풀뿌리추출물, 병풀추출물, 병풀잎추출물, 트라이펩타이드-1(70 ppb), 카퍼트라이펩타이드-1(5 ppb), 아세틸테트라펩타이드-2(5 ppb), 아세틸테트라펩타이드-5(5 ppb), 헥사펩타이드-11(5 ppb), 헥사펩타이드-9(5 ppb), 팔미토일펜타펩타이드-4(5 ppb), 팔미토일트라이펩타이드-1(5 ppb), 팔미토일트라이펩타이드-5(1 ppb), 아시아틱애씨드, 아시아티코사이드, 마데카식애씨드, 마데카소사이드, 향료","1. 화장품 사용 시 또는 사용 후 직사광선에 의하여 사용부위가 붉은 반점, 부어오름 또는 가려움증 등의 이상 증상이나 부작용이 있는 경우에는 전문의 등과 상담할 것. 2. 상처가 있는 부위 등에는 사용을 자제할 것. 3. 보관 및 취급 시 주의사항 가) 어린이의 손이 닿지 않는 곳에 보관할 것. 나) 직사광선을 피해서 보관할 것. 화장품제조업자: ㈜메가코스 경기 화성 마도 청원산단5길 37 * 입술에 닿거나 눈 안에 들어가지 않도록 유의해서 사용할 것. * 스피큘이 함유되어 따가움이 느껴질 수 있으며, 피부 컨디션 등에 따라 따끔함에 편차가 있을 수 있음. * 디바이스 병행 사용 & 피부과 시술 직후 & 스크럽 직후 사용을 피할 것.",본 상품의 품질보증 및 피해보상에 관한 사항은 관련 법률 및 공정거래 위원회 고시 [소비자분쟁해결기준]에 따릅니다.,토니모리 고객 상담실 080-356-2222,normal,토니모리,스피큘 앰플 [펩타이드퍼밍],2107182,64441,
4.8 g,상품상세참조,2026-12-08 까지,내장되어 있는 립 브러시를 사용하여 적당량을 묻혀 원하는 부위에 부드럽게 펴 발라줍니다.,(주)코코/(주)토니모리,대한민국,해당있음,"12애프리콧휩 [촉촉] 올레익/리놀레익/리놀레닉폴리글리세라이즈, 폴리글리세릴-2트라이아이소스테아레이트, 피토스테릴/이소스테아릴/세틸/스테아릴/베헤닐다이머디리놀리에이트, 다이머다이리놀레일다이머다이리놀리에이트, 카프릴릭/카프릭트라이글리세라이드, 세레신, 합성왁스, 티타늄디옥사이드, 폴리하이드록시스테아릭애씨드, 황색산화철, 에틸렌/프로필렌코폴리머, 글리세릴카프릴레이트, 에틸헥실글리세린, 레시틴, 적색202호, 에틸헥실팔미테이트, 아이소스테아릭애씨드, 아이소프로필미리스테이트, 향료, 폴리글리세릴-3폴리리시놀리에이트, 알루미늄하이드록사이드, 다이아이소스테아릴말레이트, 흑색산화철, 아스코빅애씨드, 토코페릴아세테이트, 글리세린, 정제수, 부틸렌글라이콜, 실크아미노산, 1,2-헥산다이올, 팔미토일헥사펩타이드-12  [벨벳] 다이메티콘, 아이소트라이데실아이소노나노에이트, 메틸메타크릴레이트크로스폴리머, 실리카, 다이메티콘/비닐다이메티콘크로스폴리머, 티타늄디옥사이드, 폴리글리세릴-2트라이아이소스테아레이트, 세레신, 합성왁스, 마이카, 황색산화철, 폴리하이드록시스테아릭애씨드, 에틸렌/프로필렌코폴리머, 글리세릴카프릴레이트, 적색202호, 레시틴, 에틸헥실글리세린, 알루미늄하이드록사이드, 메티콘, 아이소프로필미리스테이트, 에틸헥실팔미테이트, 아이소스테아릭애씨드, 향료, 폴리글리세릴-3폴리리시놀리에이트, 다이아이소스테아릴말레이트, 흑색산화철, 아스코빅애씨드, 토코페릴아세테이트, 글리세린, 정제수, 부틸렌글라이콜, 실크아미노산, 1,2-헥산다이올, 팔미토일헥사펩타이드-12","1. 화장품을 사용하여 다음과 같이 이상이 있을 경우에는 사용을 중지할 것이며, 계속 사용하면 증상을 악화시키므로 피부과 전문의 등에게 상담할 것. 1) 사용 중 붉은 반점, 부어오름, 가려움증, 자극 등의 이상이 있을 경우. 2) 적용부위가 직사광선에 의해 위와 같은 이상이 있을 경우 2. 상처가 있는 곳 또는 습진 및 피부염 등의 이상이 있는 부위에는 사용을 금할 것. 3. 보관 및 취급상의 주의사항 1) 사용 후에는 반드시 마개를 닫아둘 것 2) 유. 소아의 손에 닿지 않는 곳에 보관할 것. 3) 고온 내지 저온의 장소 및 직사광선이 닿는 곳에는 보관하지 말 것.",본 상품의 품질보증 및 피해보상에 관한 사항은 관련 법률 및 공정거래 위원회 고시 [소비자분쟁해결기준]에 따릅니다.,토니모리 고객 상담실 080-356-2222,normal,토니모리,치크톤 립앤치크 듀오밤 [12 애프리콧휩],2131568,69095,
13 g,모든 피부 타입,제품 별도 표기,퍼프에 적당량의 내용물을 덜어 얼굴 전체에 가볍게 두드려 펴 발라줍니다.,(주)코스맥스/(주)토니모리,한국,해당있음,"[01 아이보리] 정제수, 다이메티콘, 티타늄디옥사이드 (CI 77891), 글리세린, 아이소도데케인, 코코-카프릴레이트/카프레이트, 트라이메틸실록시실리케이트, 메틸트라이메티콘, 피이지-10다이메티콘, 나이아신아마이드, 1,2-헥산다이올, 실리카, 피이지/피피지-18/18다이메티콘, 다이메티콘크로스폴리머, 사과추출물, 동백나무꽃추출물, 소듐하이알루로네이트, 히비스커스꽃추출물, 다마스크장미꽃수, 다마스크장미꽃오일, 작약꽃추출물, 아크릴레이트/폴리트라이메틸실록시메타크릴레이트코폴리머, 카프릴릴메티콘, 다이스테아다이모늄헥토라이트, 마그네슘설페이트, 옥틸도데칸올, 폴리글리세릴-3폴리다이메틸실록시에틸다이메티콘, 합성플루오르플로고파이트, 알루미늄하이드록사이드, 스테아릭애씨드, 알루미나, 트라이에톡시카프릴릴실레인, 폴리글리세릴-4아이소스테아레이트, 헥토라이트, 라우로일라이신, 아데노신, 아이소프로필티타늄트라이아이소스테아레이트, 트라이소듐에틸렌다이아민다이석시네이트, 글리세릴베헤네이트/에이코사디오에이트, 부틸렌글라이콜, 판테놀, 펜틸렌글라이콜, 토코페롤, 프로판다이올, 소듐클로라이드, 에틸헥실글리세린, 소듐바이카보네이트, 칼슘클로라이드, 포타슘클로라이드, 향료, 황색산화철 (CI 77492), 적색산화철 (CI 77491), 흑색산화철 (CI 77499)","1. 화장품 사용 시 또는 사용 후 직사광선에 의하여 사용부위가 붉은 반점, 부어오름 또는 가려움증 등의 이상 증상이나 부작용이 있는 경우에는 전문의 등과 상담할 것. 2. 상처가 있는 부위 등에는 사용을 자제할 것. 3. 보관 및 취급 시 주의사항 가) 어린이의 손이 닿지 않는 곳에 보관할 것. 나) 직사광선을 피해서 보관할 것.",본 상품의 품질보증 및 피해보상에 관한 사항은 관련 법률 및 공정거래 위원회 고시 [소비자분쟁해결기준]에 따릅니다.,토니모리 고객 상담실 080-356-2222,normal,토니모리,주토피아 에디션 스킨톤 픽싱 커버 쿠션 [SPF40/PA++] [01 아이보리],2170227,74910,
6 g,모든 피부 타입,상품상세참조,내용물을 적당량 취해 입술에 펴 발라 줍니다. 시간과 양을 조절하여 원하는 펌핑감과 강도를 조절하시면 좋습니다. * 일시적으로 화-한 느낌이 들 수 있으나 이는 제품의 특성으로 인한 정상적인 반응이니 안심하시기 바랍니다.,코스맥스,한국,해당있음,"[오로라 핑크] 하이드로제네이티드폴리아이소부텐, 다이아이소스테아릴말레이트, 옥틸도데칸올, 폴리글리세릴-2트라이아이소스테아레이트, 실리카다이메틸실릴레이트, 덱스트린팔미테이트, 케이엔열매추출물, 돌콩오일, 생강오일, 호호바씨오일, 석류나무꽃추출물, 멘톨, 바닐릴부틸에터, 칼슘알루미늄보로실리케이트, 칼슘소듐보로실리케이트, 실리카, 메틸니코티네이트, 폴리글리세릴-2다이아이소스테아레이트, 에틸헥실팔미테이트, 트라이베헤닌, 폴리글리세릴-3다이아이소스테아레이트, 솔비탄아이소스테아레이트, 락틱애씨드, 팔미토일트라이펩타이드-1, 틴옥사이드 (CI 77861), 데하이드로아세틱애씨드, 향료, 벤질알코올, 하이드록시시트로넬알, 리날룰, 시트로넬올, 제라니올, 티타늄디옥사이드 (CI 77891), 적색218호 (CI 45410), 적색202호 (CI 15850), 황색산화철 (CI 77492)","1. 화장품 사용 시 또는 사용 후 직사광선에 의하여 사용부위가 붉은 반점, 부어오름 또는 가려움증 등의 이상 증상이나 부작용이 있는 경우에는 전문의 등과 상담할 것. 2. 상처가 있는 부위 등에는 사용을 자제할 것. 3. 보관 및 취급 시 주의사항 가) 어린이의 손이 닿지 않는 곳에 보관할 것. 나) 직사광선을 피해서 보관할 것.",본 상품의 품질보증 및 피해보상에 관한 사항은 관련 법률 및 공정거래 위원회 고시 [소비자분쟁해결기준]에 따릅니다.,토니모리 고객 상담실 080-356-2222,normal,토니모리,겟잇 틴트 플럼퍼 [오로라핑크],2098235,64406,
4.8 g,상품상세참조,2026-12-03 까지,내장되어 있는 립 브러시를 사용하여 적당량을 묻혀 원하는 부위에 부드럽게 펴 발라줍니다.,(주)코코/(주)토니모리,대한민국,해당있음,"10체리휩 [촉촉] 올레익/리놀레익/리놀레닉폴리글리세라이즈, 폴리글리세릴-2트라이아이소스테아레이트, 피토스테릴/이소스테아릴/세틸/스테아릴/베헤닐다이머디리놀리에이트, 다이머다이리놀레일다이머다이리놀리에이트, 카프릴릭/카프릭트라이글리세라이드, 티타늄디옥사이드, 세레신, 합성왁스, 폴리하이드록시스테아릭애씨드, 에틸렌/프로필렌코폴리머, 글리세릴카프릴레이트, 적색산화철, 적색202호, 황색4호, 에틸헥실글리세린, 레시틴, 아이소프로필미리스테이트, 에틸헥실팔미테이트, 아이소스테아릭애씨드, 향료, 알루미늄하이드록사이드, 폴리글리세릴-3폴리리시놀리에이트, 청색1호, 아스코빅애씨드, 토코페릴아세테이트, 글리세린, 정제수, 부틸렌글라이콜, 실크아미노산, 1,2-헥산다이올, 팔미토일헥사펩타이드-12  [벨벳] 다이메티콘, 아이소트라이데실아이소노나노에이트, 메틸메타크릴레이트크로스폴리머, 실리카, 티타늄디옥사이드, 다이메티콘/비닐다이메티콘크로스폴리머, 폴리글리세릴-2트라이아이소스테아레이트, 세레신, 합성왁스, 마이카, 폴리하이드록시스테아릭애씨드, 에틸렌/프로필렌코폴리머, 황색4호, 적색202호, 글리세릴카프릴레이트, 레시틴, 에틸헥실글리세린, 알루미늄하이드록사이드, 메티콘, 아이소프로필미리스테이트, 에틸헥실팔미테이트, 아이소스테아릭애씨드, 향료, 적색산화철, 다이아이소스테아릴말레이트, 흑색산화철, 폴리글리세릴-3폴리리시놀리에이트, 청색1호, 아스코빅애씨드, 토코페릴아세테이트, 글리세린, 정제수, 부틸렌글라이콜, 실크아미노산, 1,2-헥산다이올, 팔미토일헥사펩타이드-12","1. 화장품을 사용하여 다음과 같이 이상이 있을 경우에는 사용을 중지할 것이며, 계속 사용하면 증상을 악화시키므로 피부과 전문의 등에게 상담할 것. 1) 사용 중 붉은 반점, 부어오름, 가려움증, 자극 등의 이상이 있을 경우. 2) 적용부위가 직사광선에 의해 위와 같은 이상이 있을 경우 2. 상처가 있는 곳 또는 습진 및 피부염 등의 이상이 있는 부위에는 사용을 금할 것. 3. 보관 및 취급상의 주의사항 1) 사용 후에는 반드시 마개를 닫아둘 것 2) 유. 소아의 손에 닿지 않는 곳에 보관할 것. 3) 고온 내지 저온의 장소 및 직사광선이 닿는 곳에는 보관하지 말 것.",본 상품의 품질보증 및 피해보상에 관한 사항은 관련 법률 및 공정거래 위원회 고시 [소비자분쟁해결기준]에 따릅니다.,토니모리 고객 상담실 080-356-2222,normal,토니모리,치크톤 립앤치크 듀오밤 [10 체리휩],2131561,69093,
200ml,모든 피부 타입,상품상세참조,상세페이지 참고,㈜메가코스,한국,해당있음,"미네랄오일, 에틸헥실팔미테이트, 피이지-8글리세릴아이소스테아레이트, 아이소프로필미리스테이트, 피이지-20글리세릴트라이아이소스테아레이트, 아이소스테아릭애씨드, 정제수, 티트리잎오일(2,500ppm), 로즈마리잎오일, 마카다미아씨오일, 드럼스틱씨오일, 호호바씨오일, 스위트아몬드오일, 글리세린, 부틸렌글라이콜, 카프릴릭/카프릭트라이글리세라이드, 하이드로제네이티드포스파티딜콜린, 1,2-헥산다이올, 병풀추출물, 수크로오스스테아레이트, 세테아릴알코올, 아시아틱애씨드, 아시아티코사이드, 마데카식애씨드, 마데카소사이드, 리모넨","1. 화장품 사용 시 또는 사용 후 직사광선에 의하여 사용부위가 붉은 반점, 부어오름 또는 가려움증 등의 이상 증상이나 부작용이 있는 경우 전문의 등과 상담할 것 2. 상처가 있는 부위 등에는 사용을 자제할 것 3. 보관 및 취급 시의 주의사항 가) 어린이의 손이 닿지 않는 곳에 보관할 것 나) 직사광선을 피해서 보관할 것.",본 상품의 품질보증 및 피해보상에 관한 사항은 관련 법률 및 공정거래 위원회 고시 [소비자분쟁해결기준]에 따릅니다.,토니모리 고객 상담실 080-356-2222,normal,토니모리,원더 티트리 클렌징오일,2123121,67124,
4.3 g,상품상세참조,2027-02-13 까지,내용물을 적당량 취해 입술 라인 안쪽으로 꼼꼼히 발라줍니다. 음-파 없이 컬러가 스며들듯 바르면 더욱 깔끔하게 컬러가 연출됩니다.,(주)코스맥스/(주)토니모리,대한민국,해당있음,"[20 모브 가나슈] 정제수, 다이메티콘, 카프릴릴메티콘, 글리세린, 다이메티콘/비닐다이메티콘크로스폴리머, 펜틸렌글라이콜, 다이메티콘크로스폴리머, 소듐아크릴레이트크로스폴리머-2, 시어버터, 소듐하이알루로네이트, 1,2-헥산다이올, 세테아레스-20, 세틸피이지/피피지-10/1다이메티콘, 폴리글리세릴-10미리스테이트, 부틸렌글라이콜, 암모늄아크릴로일다이메틸타우레이트/브이피코폴리머, 글리세릴스테아레이트, 피이지-100스테아레이트, 다이페닐실록시페닐트라이메티콘, 폴리아크릴레이트-13, 폴리아이소부텐, 카프릴릭/카프릭트라이글리세라이드, 에틸헥실글리세린, 트라이소듐에틸렌다이아민다이석시네이트, 하이드로제네이티드레시틴, 폴리솔베이트20, 솔비탄아이소스테아레이트, 알루미늄하이드록사이드, 암모늄폴리아크릴레이트, 알지닌, 세라마이드엔피, 카보머, 페녹시에탄올, 벤질벤조에이트, 향료, 티타늄디옥사이드 (CI 77891), 적색227호 (CI 17200), 황색5호 (CI 15985), 황색4호 (CI 19140), 청색1호 (CI 42090), 적색104호의(1) (CI 45410)","1. 화장품 사용 시 또는 사용 후 직사광선에 의하여 사용부위가 붉은 반점, 부어오름 또는 가려움증 등의 이상 증상이나 부작용이 있는 경우 전문의 등과 상담할 것. 2. 상처가 있는 부위 등에는 사용을 자제할 것. 3. 보관 및 취급 시의 주의사항 가. 어린이의 손이 닿지 않는 곳에 보관할 것. 나. 직사광선을 피해서 보관할 것.",본 상품의 품질보증 및 피해보상에 관한 사항은 관련 법률 및 공정거래 위원회 고시 [소비자분쟁해결기준]에 따릅니다.,토니모리 고객 상담실 080-356-2222,normal,토니모리,겟잇 틴트 워터풀 버터 [20 모브가나슈],2116268,69702,
150ml,상품상세참조,상품상세참조,내용물을 적당량 취해 피부 결에 따라 가볍게 두드리듯 흡수시켜 줍니다.,(주)메가코스/(주)토니모리,대한민국,해당있음,"정제수, 비닐다이메티콘, 글리세린, 부틸렌글라이콜, 나이아신아마이드, 페닐트라이메티콘, 소듐폴리아크릴레이트, 베타인, C13-15알케인, 하이드록시아세토페논, 향료, 하이드로제네이티드레시틴, 하이드로제네이티드폴리데센, 하이드록시에틸셀룰로오스, 미네랄워터, C14-22알코올, 1,2-헥산다이올, 에틸헥실글리세린, 세틸에틸헥사노에이트, 아데노신, 폴리글리세릴-4올리에이트, 소듐하이알루로네이트, C12-20알킬글루코사이드, 카프릴릴/카프릴글루코사이드, 폴리쿼터늄-51, 병풀추출물, 우엉뿌리추출물, 진흙버섯추출물, 아이소펜틸다이올, 쇠비름추출물, 프로판다이올, 체이스트트리추출물, 마트리카리아꽃추출물, 세라마이드엔피, 수크로오스팔미테이트, 카프릴릭/카프릭트라이글리세라이드, 하이드로제네이티드포스파티딜콜린, 하이드롤라이즈드콜라겐, 판테놀, 수크로오스스테아레이트, 세테아릴알코올, 아시아티코사이드, 마데카식애씨드, 마데카소사이드, 피토스테릴/옥틸도데실라우로일글루타메이트, 아시아틱애씨드, 크레아틴, 하이드롤라이즈드쌀단백질","1. 화장품 사용 시 또는 사용 후 직사광선에 의하여 사용부위가 붉은 반점, 부어오름 또는 가려움증 등의 이상 증상이나 부작용이 있는 경우에는 전문의 등과 상담할 것. 2. 상처가 있는 부위 등에는 사용을 자제할 것. 3. 보관 및 취급 시 주의사항 가) 어린이의 손이 닿지 않는 곳에 보관할 것. 나) 직사광선을 피해서 보관할 것.",본 상품의 품질보증 및 피해보상에 관한 사항은 관련 법률 및 공정거래 위원회 고시 [소비자분쟁해결기준]에 따릅니다.,토니모리 고객 상담실 080-356-2222,normal,토니모리,리젠시아 옴므 올인원 플루이드,2129357,68664,
200ml,모든 피부,상품상세참조,내용물을 적당량 덜어 피부 결을 따라 펴 바른 후 가볍게 두드려 흡수시켜 줍니다. (* 제품을 비스듬히 기울여 내용물을 덜어 사용하시면 더욱 편리합니다.),제품 별도 표기 / (주)토니모리,대한민국,해당있음,"정제수, 다이프로필렌글라이콜, 글리세레스-26, 1,2-헥산다이올, 부틸렌글라이콜다이카프릴레이트/다이카프레이트, 하이드로제네이티드폴리(C6-14올레핀), 나이아신아마이드, 글리세린, 사이클로펜타실록세인, 사이클로헥사실록세인, 세테아릴올리베이트, 솔비탄올리베이트, 아라키딜알코올, 프로판다이올, C12-16알코올, 베헤닐알코올, 하이드록시에틸아크릴레이트/소듐아크릴로일다이메틸타우레이트코폴리머, 해바라기씨오일, 암모늄아크릴로일다이메틸타우레이트/브이피코폴리머, 아크릴레이트/C10-30알킬아크릴레이트크로스폴리머, 팔미틱애씨드, 베르가모트오일, 아라키딜글루코사이드, 하이드로제네이티드레시틴, 에틸헥실글리세린, 아데노신, 트로메타민, 리모넨, 다이소듐이디티에이, 녹차추출물(100 ppm), 부틸렌글라이콜, 리날룰, 폴리솔베이트60, 솔비탄아이소스테아레이트, 티트리잎오일, 바이오사카라이드검-1, 덱스트린, 카카오추출물, 카프릴하이드록사믹애씨드, 글리세릴카프릴레이트, 다마스크장미꽃추출물, 소듐디엔에이","1. 화장품 사용 시 또는 사용 후 직사광선에 의하여 사용부위가 붉은 반점, 부어오름 또는 가려움증 등의 이상 증상이나 부작용이 있는 경우에는 전문의 등과 상담할 것. 2. 상처가 있는 부위 등에는 사용을 자제할 것. 3. 보관 및 취급 시 주의사항 가) 어린이의 손이 닿지 않는 곳에 보관할 것. 나) 직사광선을 피해서 보관할 것.",본 상품의 품질보증 및 피해보상에 관한 사항은 관련 법률 및 공정거래 위원회 고시 [소비자분쟁해결기준]에 따릅니다.,토니모리 고객 상담실 080-356-2222,normal,토니모리,블랙티 인텐스 리페어 로션,2168085,73812,
200ml,모든 피부,상품상세참조,세안 후 손이나 화장솜에 내용물을 적당량 덜어 피부 결을 따라 부드럽게 펴 발라준 후 가볍게 두드려 흡수시켜 줍니다.,제품 별도 표기 / (주)토니모리,대한민국,해당있음,"정제수, 글리세레스-26, 다이프로필렌글라이콜, 1,2-헥산다이올, 나이아신아마이드, 프로판다이올, C12-14알케스-12, 하이드롤라이즈드호호바에스터, 아크릴레이트/C10-30알킬아크릴레이트크로스폴리머, 하이드록시에틸아크릴레이트/소듐아크릴로일다이메틸타우레이트코폴리머, 에틸헥실글리세린, 트로메타민, 사이클로펜타실록세인, 녹차추출물(500 ppm), 해바라기씨오일, 아데노신, 베르가모트오일, 사이클로헥사실록세인, 글리세린, 페닐트라이메티콘, 카프릴하이드록사믹애씨드, 바이오사카라이드검-1, 리모넨, 다이소듐이디티에이, 부틸렌글라이콜, 솔비탄아이소스테아레이트, 글리세릴카프릴레이트, 덱스트린, 카카오추출물, 리날룰, 티트리잎오일, 다마스크장미꽃추출물, 소듐디엔에이","1. 화장품 사용 시 또는 사용 후 직사광선에 의하여 사용부위가 붉은 반점, 부어오름 또는 가려움증 등의 이상 증상이나 부작용이 있는 경우에는 전문의 등과 상담할 것. 2. 상처가 있는 부위 등에는 사용을 자제할 것. 3. 보관 및 취급 시 주의사항 가) 어린이의 손이 닿지 않는 곳에 보관할 것. 나) 직사광선을 피해서 보관할 것",본 상품의 품질보증 및 피해보상에 관한 사항은 관련 법률 및 공정거래 위원회 고시 [소비자분쟁해결기준]에 따릅니다.,토니모리 고객 상담실 080-356-2222,normal,토니모리,블랙티 인텐스 리페어 토너,2168080,73811,
4.8 g,상품상세참조,2026-10-24 까지,내장되어 있는 립 브러시를 사용하여 적당량을 묻혀 원하는 부위에 부드럽게 펴 발라줍니다.,(주)코코/(주)토니모리,대한민국,해당있음,"09모브문 [촉촉] 올레익/리놀레익/리놀레닉폴리글리세라이즈, 폴리글리세릴-2트라이아이소스테아레이트, 다이머다이리놀레일다이머다이리놀리에이트, 피토스테릴/이소스테아릴/세틸/스테아릴/베헤닐다이머디리놀리에이트, 카프릴릭/카프릭트라이글리세라이드, 세레신, 합성왁스, 티타늄디옥사이드, 폴리하이드록시스테아릭애씨드, 에틸렌/프로필렌코폴리머, 황색산화철, 글리세릴카프릴레이트, 적색202호, 적색산화철, 에틸헥실글리세린, 레시틴, 청색1호, 아이소프로필미리스테이트, 에틸헥실팔미테이트, 아이소스테아릭애씨드, 향료, 폴리글리세릴-3폴리리시놀리에이트, 알루미늄하이드록사이드, 토코페릴아세테이트, 아스코빅애씨드, 글리세린, 정제수, 부틸렌글라이콜, 실크아미노산, 1,2-헥산다이올, 팔미토일헥사펩타이드-12  [벨벳] 다이메티콘, 아이소트라이데실아이소노나노에이트, 메틸메타크릴레이트크로스폴리머, 실리카, 다이메티콘/비닐다이메티콘크로스폴리머, 폴리글리세릴-2트라이아이소스테아레이트, 티타늄디옥사이드, 세레신, 합성왁스, 마이카, 폴리하이드록시스테아릭애씨드, 황색산화철, 에틸렌/프로필렌코폴리머, 적색202호, 적색산화철, 글리세릴카프릴레이트, 청색1호, 레시틴, 에틸헥실글리세린, 알루미늄하이드록사이드, 메티콘, 에틸헥실팔미테이트, 아이소스테아릭애씨드, 아이소프로필미리스테이트, 향료, 폴리글리세릴-3폴리리시놀리에이트, 아스코빅애씨드, 토코페릴아세테이트, 글리세린, 정제수, 부틸렌글라이콜, 실크아미노산, 1,2-헥산다이올, 팔미토일헥사펩타이드-12","1. 화장품을 사용하여 다음과 같이 이상이 있을 경우에는 사용을 중지할 것이며, 계속 사용하면 증상을 악화시키므로 피부과 전문의 등에게 상담할 것. 1) 사용 중 붉은 반점, 부어오름, 가려움증, 자극 등의 이상이 있을 경우. 2) 적용부위가 직사광선에 의해 위와 같은 이상이 있을 경우 2. 상처가 있는 곳 또는 습진 및 피부염 등의 이상이 있는 부위에는 사용을 금할 것. 3. 보관 및 취급상의 주의사항 1) 사용 후에는 반드시 마개를 닫아둘 것 2) 유. 소아의 손에 닿지 않는 곳에 보관할 것. 3) 고온 내지 저온의 장소 및 직사광선이 닿는 곳에는 보관하지 말 것.",본 상품의 품질보증 및 피해보상에 관한 사항은 관련 법률 및 공정거래 위원회 고시 [소비자분쟁해결기준]에 따릅니다.,토니모리 고객 상담실 080-356-2222,normal,토니모리,치크톤 립앤치크 듀오밤 [09 모브문],2123726,69092,
3.2 g,상품상세참조,2027-09-09 까지,내장되어 있는 퍼프에 적당량을 취하여 볼 주위에 가볍게 두드려줍니다.,(주)한국콜마/ (주)토니모리,한국,해당있음,"[10 샌드 쿠키] 마이카, 티타늄디옥사이드, 헥실라우레이트, 폴리메틸실세스퀴옥세인, 실리카, 다이메티콘, 다이메티콘/비닐다이메티콘크로스폴리머, 다이아이소스테아릴말레이트, 페닐트라이메티콘, 황색산화철, 탤크, 카프릴릭/카프릭트라이글리세라이드, 울트라마린, 다이메티콘크로스폴리머, 1,2-헥산다이올, 적색산화철, 흑색산화철, 메티콘, 카프릴릴글라이콜, 트라이에톡시카프릴릴실레인, 알루미늄하이드록사이드, 벤질벤조에이트, 세테아릴알코올, 향료, 카카오씨버터, 코코넛야자오일, 토코페롤","1. 화장품을 사용하여 다음과 같이 이상이 있을 경우에는 사용을 중지할 것이며, 계속 사용하면 증상을 악화시키므로 피부과 전문의 등에게 상담할 것. 1) 사용 중 붉은 반점, 부어오름, 가려움증, 자극 등의 이상이 있을 경우. 2) 적용부위가 직사광선에 의해 위와 같은 이상이 있을 경우 2. 상처가 있는 곳 또는 습진 및 피부염 등의 이상이 있는 부위에는 사용을 금할 것. 3. 보관 및 취급상의 주의사항 1) 사용 후에는 반드시 마개를 닫아둘 것 2) 유. 소아의 손에 닿지 않는 곳에 보관할 것. 3) 고온 내지 저온의 장소 및 직사광선이 닿는 곳에는 보관하지 말 것.",상품상세참조,토니모리 고객 상담실 080-356-2222,normal,토니모리,치크톤 젤리 블러셔 [10 샌드쿠키],2120594,69141,
150ml,상품상세참조,상품상세참조,세안 후 내용물을 적당량 취해 피부 결에 따라 가볍게 두드리듯 흡수시켜 줍니다.,(주)메가코스/(주)토니모리,대한민국,해당있음,"정제수, 에탄올, 글리세린, 1,2-헥산다이올, 나이아신아마이드, 부틸렌글라이콜, 다이메티콘/비닐다이메티콘크로스폴리머, 소듐카보머, 향료, 판테놀, 알란토인, 미네랄워터, 하이드록시에틸아크릴레이트/소듐아크릴로일다이메틸타우레이트코폴리머, 프로판다이올, 에틸헥실글리세린, 폴리글리세릴-10라우레이트, 에틸헥실팔미테이트, 소듐글루코네이트, 아데노신, 폴리글리세릴-10미리스테이트, 세틸에틸헥사노에이트, 폴리글리세릴-10올리에이트, 병풀추출물, 솔비탄아이소스테아레이트, 우엉뿌리추출물, 진흙버섯추출물, 하이드로제네이티드레시틴, 아이소펜틸다이올, 쇠비름추출물, 체이스트트리추출물, 마트리카리아꽃추출물, 하이드롤라이즈드콜라겐, 소듐하이알루로네이트, 폴리글리세릴-4올리에이트, 세라마이드엔피, 수크로오스팔미테이트, 카프릴릭/카프릭트라이글리세라이드, 하이드로제네이티드포스파티딜콜린, 카보머, 알지닌, 수크로오스스테아레이트, 세테아릴알코올, 크레아틴, 아시아티코사이드, 마데카식애씨드, 마데카소사이드, 하이드롤라이즈드쌀단백질, 아시아틱애씨드","1. 화장품 사용 시 또는 사용 후 직사광선에 의하여 사용부위가 붉은 반점, 부어오름 또는 가려움증 등의 이상 증상이나 부작용이 있는 경우에는 전문의 등과 상담할 것. 2. 상처가 있는 부위 등에는 사용을 자제할 것. 3. 보관 및 취급 시 주의사항 가) 어린이의 손이 닿지 않는 곳에 보관할 것. 나) 직사광선을 피해서 보관할 것.",본 상품의 품질보증 및 피해보상에 관한 사항은 관련 법률 및 공정거래 위원회 고시 [소비자분쟁해결기준]에 따릅니다.,토니모리 고객 상담실 080-356-2222,normal,토니모리,리젠시아 옴므 토너,2129315,68662,
4.8 g,상품상세참조,2027-02-23 까지,내장되어 있는 립 브러시를 사용하여 적당량을 묻혀 원하는 부위에 부드럽게 펴 발라줍니다.,(주)코코/(주)토니모리,대한민국,해당있음,"03선데이코랄 [촉촉] 올레익/리놀레익/리놀레닉폴리글리세라이즈, 폴리글리세릴-2트라이아이소스테아레이트, 다이머다이리놀레일다이머다이리놀리에이트, 피토스테릴/이소스테아릴/세틸/스테아릴/베헤닐다이머디리놀리에이트, 카프릴릭/카프릭트라이글리세라이드, 세레신, 티타늄디옥사이드, 합성왁스, 폴리하이드록시스테아릭애씨드, 황색5호, 에틸렌/프로필렌코폴리머, 글리세릴카프릴레이트, 적색202호, 에틸헥실글리세린, 레시틴, 적색산화철, 에틸헥실팔미테이트, 아이소스테아릭애씨드, 아이소프로필미리스테이트, 향료, 알루미늄하이드록사이드, 폴리글리세릴-3폴리리시놀리에이트, 흑색산화철, 다이아이소스테아릴말레이트, 토코페릴아세테이트, 아스코빅애씨드, 글리세린, 정제수, 부틸렌글라이콜, 실크아미노산, 1,2-헥산다이올, 팔미토일헥사펩타이드-12  [벨벳] 다이메티콘, 아이소트라이데실아이소노나노에이트, 메틸메타크릴레이트크로스폴리머, 실리카, 다이메티콘/비닐다이메티콘크로스폴리머, 티타늄디옥사이드, 폴리글리세릴-2트라이아이소스테아레이트, 세레신, 합성왁스, 황색5호, 마이카, 폴리하이드록시스테아릭애씨드, 에틸렌/프로필렌코폴리머, 적색202호, 글리세릴카프릴레이트, 레시틴, 에틸헥실글리세린, 알루미늄하이드록사이드, 흑색산화철, 메티콘, 다이아이소스테아릴말레이트, 에틸헥실팔미테이트, 아이소스테아릭애씨드, 아이소프로필미리스테이트, 향료, 폴리글리세릴-3폴리리시놀리에이트, 토코페릴아세테이트, 아스코빅애씨드, 글리세린, 정제수, 부틸렌글라이콜, 실크아미노산, 1,2-헥산다이올, 팔미토일헥사펩타이드-12","1. 화장품을 사용하여 다음과 같이 이상이 있을 경우에는 사용을 중지할 것이며, 계속 사용하면 증상을 악화시키므로 피부과 전문의 등에게 상담할 것. 1) 사용 중 붉은 반점, 부어오름, 가려움증, 자극 등의 이상이 있을 경우. 2) 적용부위가 직사광선에 의해 위와 같은 이상이 있을 경우 2. 상처가 있는 곳 또는 습진 및 피부염 등의 이상이 있는 부위에는 사용을 금할 것. 3. 보관 및 취급상의 주의사항 1) 사용 후에는 반드시 마개를 닫아둘 것 2) 유. 소아의 손에 닿지 않는 곳에 보관할 것. 3) 고온 내지 저온의 장소 및 직사광선이 닿는 곳에는 보관하지 말 것.",본 상품의 품질보증 및 피해보상에 관한 사항은 관련 법률 및 공정거래 위원회 고시 [소비자분쟁해결기준]에 따릅니다.,토니모리 고객 상담실 080-356-2222,normal,토니모리,치크톤 립앤치크 듀오밤 [03 선데이코랄],2123719,69086,
1.8 g,상품상세참조,2026-10-17 까지,용기 밑부분을 1~2회 돌려 적당량을 토출하여 입술에 부드럽게 발라줍니다.,(주)코코,한국,해당있음,"[14스노우플라워] 다이아이소스테아릴말레이트, 하이드로제네이티드폴리아이소부텐, 옥틸도데칸올, 하이드로제네이티드폴리사이클로펜타다이엔, 멘틸락테이트, 트라이에틸헥사노인, 다이부틸라우로일글루타마이드, 다이부틸에틸헥사노일글루타마이드, 칼슘티타늄보로실리케이트, 칼슘알루미늄보로실리케이트, 향료, 티타늄디옥사이드, 실리카, 틴옥사이드, 정제수, 리모넨, 서양자두씨오일, 살구씨오일, 포도씨오일, 부틸렌글라이콜, 1,2-헥산다이올, 라즈베리추출물, 사과추출물, 자두추출물, 수박추출물, 딸기즙","1. 화장품을 사용하여 다음과 같이 이상이 있을 경우에는 사용을 중지할 것이며, 계속 사용하면 증상을 악화시키므로 피부과 전문의 등에게 상담할 것. 1) 사용 중 붉은 반점, 부어오름, 가려움증, 자극 등의 이상이 있을 경우. 2) 적용부위가 직사광선에 의해 위와 같은 이상이 있을 경우 2. 상처가 있는 곳 또는 습진 및 피부염 등의 이상이 있는 부위에는 사용을 금할 것. 3. 보관 및 취급상의 주의사항 1) 사용 후에는 반드시 마개를 닫아둘 것 2) 유. 소아의 손에 닿지 않는 곳에 보관할 것. 3) 고온 내지 저온의 장소 및 직사광선이 닿는 곳에는 보관하지 말 것.",본 상품의 품질보증 및 피해보상에 관한 사항은 관련 법률 및 공정거래 위원회 고시 [소비자분쟁해결기준]에 따릅니다.,토니모리 고객 상담실 080-356-2222,normal,토니모리,윈터 다이닝 홀리데이 컬렉션 겟잇 틴트 글레이즈밤 [14 스노우플라워],2125800,69137,
5.3 g,모든 피부 타입,개봉 전 24개월 개봉 후 12개월 이내 사용 권장,적당량을 취하여 입술 안쪽부터 부드럽게 펴 발라 줍니다.,(주)씨앤씨인터내셔널/ (주)토니모리,한국,해당있음,"[14 달콤 허니 시럽] 정제수, 다이아이소스테아릴말레이트, 다이페닐다이메티콘, 비스-다이글리세릴폴리아실아디페이트-2, 비스-베헤닐/아이소스테아릴/피토스테릴다이머다이리놀레일다이머다이리놀리에이트, 하이드로제네이티드폴리아이소부텐, 다이글리세린, 옥틸도데칸올, 다이프로필렌글라이콜, 세틸피이지/피피지-10/1다이메티콘, 솔비탄아이소스테아레이트, 폴리솔베이트60, 1,2-헥산다이올, 하이드록시에틸아크릴레이트/소듐아크릴로일다이메틸타우레이트코폴리머, 페녹시에탄올, 세테아레스-20, 스쿠알란, 칼슘알루미늄보로실리케이트, 티타늄디옥사이드, 향료, 에틸헥실글리세린, 황색5호, 적색227호, 황색4호, 적색104호의(1), 알루미늄하이드록사이드, 암모늄폴리아크릴레이트, 청색1호, 틴옥사이드, 부틸렌글라이콜, 아르간커넬오일, 코코넛야자오일, 아보카도오일, 해바라기씨오일, 올리브오일, 판테놀, 호호바씨오일, 펜타에리스리틸테트라-다이-t-부틸하이드록시하이드로신나메이트, 소듐하이알루로네이트, 하이드록시프로필트라이모늄하이알루로네이트, 소듐아세틸레이티드하이알루로네이트, 하이드롤라이즈드하이알루로닉애씨드, 하이알루로닉애씨드, 소듐하이알루로네이트크로스폴리머, 하이드롤라이즈드소듐하이알루로네이트, 포타슘하이알루로네이트, 세라마이드엔피","1. 화장품 사용 시 또는 사용 후 직사광선에 의하여 사용부위가 붉은 반점, 부어오름 또는 가려움증 등의 이상 증상이나 부작용이 있는 경우에는 전문의 등과 상담할 것. 2. 상처가 있는 부위 등에는 사용을 자제할 것. 3. 보관 및 취급 시 주의사항 가) 어린이의 손이 닿지 않는 곳에 보관할 것. 나) 직사광선을 피해서 보관할 것.",본 상품의 품질보증 및 피해보상에 관한 사항은 관련 법률 및 공정거래 위원회 고시 [소비자분쟁해결기준]에 따릅니다.,토니모리 고객 상담실 080-356-2222,normal,토니모리,겟잇 틴트 워터풀 시럽 [14 달콤허니 시럽],2192131,76698,
10g,모든 피부 타입,"개봉 전 18개월, 개봉 후 12개월","스킨케어 마지막 단계에서 페이스부터 바디까지 건조한 부위에 골고루 발라준 후 가볍게 두드려 흡수시켜줍니다. *용기 하단의 다이얼을 돌려 5mm 정도 내용물을 올린 후, 얼굴 안쪽에서 바깥쪽으로 발라줍니다.",(주)메가코스,한국,해당있음,"해바라기씨오일;폴리글리세릴-2트라이아이소스테아레이트;합성왁스;검양옻나무열매왁스;비스-다이글리세릴폴리아실아디페이트-2;마이카;쌀겨왁스;시어버터;실리카;실리카다이메틸실릴레이트;에틸렌/프로필렌코폴리머;다이프로필렌글라이콜;글리세린;알파-비사보롤;정제수;폴리글리세릴-10올리에이트;하이드로제네이티드레시틴;트라이에톡시카프릴릴실레인;데하이드로아세틱애씨드;아데노신;달팽이점액여과물;아이소펜틸다이올;프로판다이올;부틸렌글라이콜;폴리글리세릴-4올리에이트;세라마이드엔피;1,2-헥산다이올;수크로오스팔미테이트;하이드롤라이즈드콘키올린단백질;하이드롤라이즈드옥수수단백질;하이드롤라이즈드귀리단백질;하이드롤라이즈드콩단백질;하이드롤라이즈드밀단백질;보검선인장씨오일;시트로넬올;헥실신남알;알파-아이소메틸아이오논;향료","1. 화장품 사용 시 또는 사용 후 직사광선에 의하여 사용부위가 붉은 반점, 부어오름 또는 가려움증 등의 이상 증상이나 부작용이 있는 경우 전문의 등과 상담할 것. 2. 상처가 있는 부위 등에는 사용을 자제할 것. 3. 보관 및 취급 시의 주의사항 가. 어린이의 손이 닿지 않는 곳에 보관할 것. 나. 직사광선을 피해서 보관할 것. ※ 1. 고온 또는 저온의 장소 및 직사광선이 닿는 곳에 보관하지 마십시오. 사용 후에는 반드시 캡을 닫고 일광이 비치지 않는 서늘한 곳에 보관하십시오. 2. 제형 특성상 45 ℃ 이상의 고온, 저온 보관 시 내용물 수축, 스웨팅, 승하강 어려움 및 기타 성상 변화가 발생할 수 있으나 품질에는 문제가 없으므로 안심하고 사용하십시오. (15~30 ℃ 실온 보관을 권장)",본 상품의 품질보증 및 피해보상에 관한 사항은 관련 법률 및 공정거래 위원회 고시 [소비자분쟁해결기준]에 따릅니다.,080-356-2222,normal,토니모리,마스터랩 솔루션 멀티밤 [스네일],2129309,32939,
0.25 g / 0.008 oz.,상품상세참조,상품상세참조,"입술 라인을 따라 부드럽게 그려준 후, 손가락 또는 브러쉬를 이용해 부드럽게 스머지 해줍니다.",㈜씨앤씨인터네셔널,한국,해당있음,"[01 로지샌드] 다이메티콘, 합성왁스, 트라이데실트라이멜리테이트, 폴리글리세릴-2트라이아이소스테아레이트, 페닐트라이메티콘, 티타늄디옥사이드, 비닐다이메티콘/메티콘실세스퀴옥세인크로스폴리머, 비스-다이글리세릴폴리아실아디페이트-2, 다이메티콘/비닐다이메티콘크로스폴리머, 세틸피이지/피피지-10/1다이메티콘, 메틸메타크릴레이트크로스폴리머 , 실리카실릴레이트, 흑색산화철, 황색산화철, 적색산화철, 향료, 리날룰, 정제수, 적색104호의(1), 황색4호, 황색5호, 적색202호, 펜타에리스리틸테트라-다이-t-부틸하이드록시하이드로신나메이트, 1,2-헥산다이올, 연꽃꽃추출물, 알바수련꽃추출물, 마트리카리아꽃추출물, 카렌둘라추출물, 동백나무꽃추출물, 세룰라타벚나무꽃추출물, 장미꽃추출물, 스노우로투스추출물","1. 화장품을 사용하여 다음과 같이 이상이 있을 경우에는 사용을 중지할 것이며, 계속 사용하면 증상을 악화시키므로 피부과 전문의 등에게 상담할 것. 1) 사용 중 붉은 반점, 부어오름, 가려움증, 자극 등의 이상이 있을 경우. 2) 적용부위가 직사광선에 의해 위와 같은 이상이 있을 경우 2. 상처가 있는 곳 또는 습진 및 피부염 등의 이상이 있는 부위에는 사용을 금할 것. 3. 보관 및 취급상의 주의사항 1) 사용 후에는 반드시 마개를 닫아둘 것 2) 유. 소아의 손에 닿지 않는 곳에 보관할 것. 3) 고온 내지 저온의 장소 및 직사광선이 닿는 곳에는 보관하지 말 것.",본 상품의 품질보증 및 피해보상에 관한 사항은 관련 법률 및 공정거래 위원회 고시 [소비자분쟁해결기준]에 따릅니다.,토니모리 고객 상담실 080-356-2222,normal,토니모리,겟잇 틴트 립 라이너 [01 로지샌드],2112161,65002,
35ml,"주름개선,미백",상품상세참조,내용물을 적당량 덜어 피부 결을 따라 부드럽게 펴 발라준 후 가볍게 두드려 흡수시킵니다.,(주)메가코스,한국,해당있음,"정제수, 글리세레스-26, 다이프로필렌글라이콜, 글리세린, 나이아신아마이드, 피이지/피피지-17/6코폴리머, 트레할로오스, 비스-피이지-18메틸에터다이메틸실레인, 페녹시에탄올, 암모늄아크릴로일다이메틸타우레이트/브이피코폴리머, 피피지-26-부테스-26, 다이메티콘, 글리세릴아크릴레이트/아크릴릭애씨드코폴리머, 카보머, 피이지-40하이드로제네이티드캐스터오일, 에틸헥실글리세린, 피브이엠/엠에이코폴리머, 트로메타민, 하이드로제네이티드레시틴, 효모/달팽이점액여과물발효여과물(640ppm), 1,2-헥산다이올, 아데노신, 레몬껍질오일, 잔탄검, 바이오사카라이드검-1, 다이소듐이디티에이, 오렌지껍질오일, 수크로오스팔미테이트, 라임전초오일, 베르가모트오일, 유칼립투스잎오일, 구주소나무잎오일, 글리세릴카프릴레이트, 마이카, 금(40ppm), 티타늄디옥사이드, 적색산화철, 금콜로이드(20ppb), 귤추출물, 제주조릿대추출물, 솔레이롤리아 솔레이롤리이추출물, 연꽃잎추출물, 할미꽃추출물, 코치닐선인장열매추출물, 초피나무열매추출물, 겨우살이추출물, 효모발효물, 병풀추출물, 녹차추출물, 불가리스쑥추출물, 콥티스뿌리추출물, 산뽕나무잎추출물, 프로폴리스추출물, 폴리글루타믹애씨드, 인삼캘러스배양추출물, 우스니아추출물, 알에이치-올리고펩타이드-1, 아세틸헵타펩타이드-9, 시트랄, 리날룰, 리모넨","1. 화장품을 사용하여 다음과 같은 이상이 있는 경우에는 사용을 중지하여야 하며, 계속 사용하면 증상을 악화시키므로 피부과 전문의 등에게 상담하십시오. 가. 사용 중 붉은 반점, 부어오름, 가려움증, 자극 등의 이상이 있는 경우 나. 적용부위가 직사광선에 의하여 위와 같은 이상이 있는 경우 2. 상처가 있는 부위, 습진 및 피부염 등의 이상이 있는 부위에는 사용을 하지 말 것 3. 보관 및 취급상의 주의사항 가. 사용 후에는 반드시 마개를 닫아두십시오. 나. 유ㆍ소아의 손이 닿지 아니하는 곳에 보관하십시오. 다. 고온 내지 저온의 장소 및 직사광선이 닿은 곳에는 보관하지 마십시오.",본 상품의 품질보증 및 피해보상에 관한 사항은 관련 법률 및 공정거래 위원회 고시 [소비자분쟁해결기준]에 따릅니다.,토니모리 고객 상담실 080-356-2222,normal,토니모리,인텐스 케어 골드24K 스네일 세럼,2123111,67136,
4.8 g,상품상세참조,2026-10-23 까지,내장되어 있는 립 브러시를 사용하여 적당량을 묻혀 원하는 부위에 부드럽게 펴 발라줍니다.,(주)코코/(주)토니모리,대한민국,해당있음,"07하트블러쉬 [촉촉] 올레익/리놀레익/리놀레닉폴리글리세라이즈, 폴리글리세릴-2트라이아이소스테아레이트, 다이머다이리놀레일다이머다이리놀리에이트, 피토스테릴/이소스테아릴/세틸/스테아릴/베헤닐다이머디리놀리에이트, 카프릴릭/카프릭트라이글리세라이드, 세레신, 합성왁스, 폴리하이드록시스테아릭애씨드, 황색산화철, 티타늄디옥사이드, 에틸렌/프로필렌코폴리머, 적색202호, 글리세릴카프릴레이트, 황색5호, 에틸헥실글리세린, 레시틴, 다이아이소스테아릴말레이트, 흑색산화철, 아이소프로필미리스테이트, 에틸헥실팔미테이트, 아이소스테아릭애씨드, 향료, 폴리글리세릴-3폴리리시놀리에이트, 알루미늄하이드록사이드, 아스코빅애씨드, 토코페릴아세테이트, 글리세린, 정제수, 부틸렌글라이콜, 실크아미노산, 1,2-헥산다이올, 팔미토일헥사펩타이드-12  [벨벳] 다이메티콘, 아이소트라이데실아이소노나노에이트, 메틸메타크릴레이트크로스폴리머, 실리카, 폴리글리세릴-2트라이아이소스테아레이트, 다이메티콘/비닐다이메티콘크로스폴리머, 세레신, 티타늄디옥사이드, 합성왁스, 마이카, 황색산화철, 폴리하이드록시스테아릭애씨드, 적색202호, 황색5호, 에틸렌/프로필렌코폴리머, 글리세릴카프릴레이트, 다이아이소스테아릴말레이트, 흑색산화철, 에틸헥실글리세린, 레시틴, 메티콘, 아이소프로필미리스테이트, 에틸헥실팔미테이트, 아이소스테아릭애씨드, 향료, 알루미늄하이드록사이드, 폴리글리세릴-3폴리리시놀리에이트, 아스코빅애씨드, 토코페릴아세테이트, 글리세린, 정제수, 부틸렌글라이콜, 실크아미노산, 1,2-헥산다이올, 팔미토일헥사펩타이드-12","1.. 화장품을 사용하여 다음과 같이 이상이 있을 경우에는 사용을 중지할 것이며, 계속 사용하면 증상을 악화시키므로 피부과 전문의 등에게 상담할 것. 1) 사용 중 붉은 반점, 부어오름, 가려움증, 자극 등의 이상이 있을 경우. 2) 적용부위가 직사광선에 의해 위와 같은 이상이 있을 경우 2. 상처가 있는 곳 또는 습진 및 피부염 등의 이상이 있는 부위에는 사용을 금할 것. 3. 보관 및 취급상의 주의사항 1) 사용 후에는 반드시 마개를 닫아둘 것 2) 유. 소아의 손에 닿지 않는 곳에 보관할 것. 3) 고온 내지 저온의 장소 및 직사광선이 닿는 곳에는 보관하지 말 것.",본 상품의 품질보증 및 피해보상에 관한 사항은 관련 법률 및 공정거래 위원회 고시 [소비자분쟁해결기준]에 따릅니다.,토니모리 고객 상담실 080-356-2222,normal,토니모리,치크톤 립앤치크 듀오밤 [07 하트블러쉬],2123724,69090,
4.8 g,상품상세참조,2026-10-22 까지,내장되어 있는 립 브러시를 사용하여 적당량을 묻혀 원하는 부위에 부드럽게 펴 발라줍니다.,(주)코코/(주)토니모리,대한민국,해당있음,"02핑크코어 [촉촉] 올레익/리놀레익/리놀레닉폴리글리세라이즈, 폴리글리세릴-2트라이아이소스테아레이트, 다이머다이리놀레일다이머다이리놀리에이트, 피토스테릴/이소스테아릴/세틸/스테아릴/베헤닐다이머디리놀리에이트, 카프릴릭/카프릭트라이글리세라이드, 세레신, 합성왁스, 티타늄디옥사이드, 폴리하이드록시스테아릭애씨드, 에틸렌/프로필렌코폴리머, 황색4호, 적색202호, 글리세릴카프릴레이트, 에틸헥실글리세린, 레시틴, 아이소프로필미리스테이트, 에틸헥실팔미테이트, 아이소스테아릭애씨드, 향료, 폴리글리세릴-3폴리리시놀리에이트, 알루미늄하이드록사이드, 토코페릴아세테이트, 아스코빅애씨드, 글리세린, 정제수, 부틸렌글라이콜, 실크아미노산, 1,2-헥산다이올, 팔미토일헥사펩타이드-12  [벨벳] 다이메티콘, 아이소트라이데실아이소노나노에이트, 메틸메타크릴레이트크로스폴리머, 실리카, 폴리글리세릴-2트라이아이소스테아레이트, 다이메티콘/비닐다이메티콘크로스폴리머, 티타늄디옥사이드, 세레신, 합성왁스, 마이카, 황색4호, 폴리하이드록시스테아릭애씨드, 적색202호, 에틸렌/프로필렌코폴리머, 글리세릴카프릴레이트, 레시틴, 에틸헥실글리세린, 알루미늄하이드록사이드, 메티콘, 에틸헥실팔미테이트, 아이소스테아릭애씨드, 아이소프로필미리스테이트, 향료, 폴리글리세릴-3폴리리시놀리에이트, 아스코빅애씨드, 토코페릴아세테이트, 글리세린, 정제수, 부틸렌글라이콜, 실크아미노산, 1,2-헥산다이올, 팔미토일헥사펩타이드-12","1. 화장품을 사용하여 다음과 같이 이상이 있을 경우에는 사용을 중지할 것이며, 계속 사용하면 증상을 악화시키므로 피부과 전문의 등에게 상담할 것. 1) 사용 중 붉은 반점, 부어오름, 가려움증, 자극 등의 이상이 있을 경우. 2) 적용부위가 직사광선에 의해 위와 같은 이상이 있을 경우 2. 상처가 있는 곳 또는 습진 및 피부염 등의 이상이 있는 부위에는 사용을 금할 것. 3. 보관 및 취급상의 주의사항 1) 사용 후에는 반드시 마개를 닫아둘 것 2) 유. 소아의 손에 닿지 않는 곳에 보관할 것. 3) 고온 내지 저온의 장소 및 직사광선이 닿는 곳에는 보관하지 말 것.",본 상품의 품질보증 및 피해보상에 관한 사항은 관련 법률 및 공정거래 위원회 고시 [소비자분쟁해결기준]에 따릅니다.,토니모리 고객 상담실 080-356-2222,normal,토니모리,치크톤 립앤치크 듀오밤 [02 핑크코어],2123718,69085,
13g,모든 피부 타입,상품상세참조,퍼프에 적당량의 내용물을 덜어 얼굴 전체에 가볍게 두드려 펴 발라줍니다.,(주)코스맥스/(주)토니모리,한국,해당있음,"[00 포슬린] 정제수, 다이메티콘, 티타늄디옥사이드 (CI 77891), 글리세린, 아이소도데케인, 코코-카프릴레이트/카프레이트, 트라이메틸실록시실리케이트, 메틸트라이메티콘, 피이지-10다이메티콘, 나이아신아마이드, 1,2-헥산다이올, 실리카, 피이지/피피지-18/18다이메티콘, 다이메티콘크로스폴리머, 사과추출물, 동백나무꽃추출물, 소듐하이알루로네이트, 히비스커스꽃추출물, 다마스크장미꽃수, 다마스크장미꽃오일, 작약꽃추출물, 아크릴레이트/폴리트라이메틸실록시메타크릴레이트코폴리머, 카프릴릴메티콘, 다이스테아다이모늄헥토라이트, 마그네슘설페이트, 폴리글리세릴-3폴리다이메틸실록시에틸다이메티콘, 합성플루오르플로고파이트, 옥틸도데칸올, 알루미늄하이드록사이드, 스테아릭애씨드, 알루미나, 트라이에톡시카프릴릴실레인, 헥토라이트, 폴리글리세릴-4아이소스테아레이트, 라우로일라이신, 아데노신, 트라이소듐에틸렌다이아민다이석시네이트, 아이소프로필티타늄트라이아이소스테아레이트, 글리세릴베헤네이트/에이코사디오에이트, 부틸렌글라이콜, 판테놀, 펜틸렌글라이콜, 토코페롤, 프로판다이올, 소듐클로라이드, 에틸헥실글리세린, 소듐바이카보네이트, 칼슘클로라이드, 포타슘클로라이드, 향료, 황색산화철 (CI 77492), 적색산화철 (CI 77491), 흑색산화철 (CI 77499)","1. 화장품 사용 시 또는 사용 후 직사광선에 의하여 사용부위가 붉은 반점, 부어오름 또는 가려움증 등의 이상 증상이나 부작용이 있는 경우에는 전문의 등과 상담할 것. 2. 상처가 있는 부위 등에는 사용을 자제할 것. 3. 보관 및 취급 시 주의사항 가) 어린이의 손이 닿지 않는 곳에 보관할 것. 나) 직사광선을 피해서 보관할 것.",본 상품의 품질보증 및 피해보상에 관한 사항은 관련 법률 및 공정거래 위원회 고시 [소비자분쟁해결기준]에 따릅니다.,토니모리 고객 상담실 080-356-2222,normal,토니모리,주토피아 에디션 스킨톤 픽싱 커버 쿠션 [SPF40/PA++] [00 포슬린],2170225,74909,
4.8g,모든피부,2027-11-23 까지,내장되어 있는 립 브러시를 사용하여 적당량을 묻혀 원하는 부위에 부드럽게 펴 발라줍니다.,(주)코코/(주)토니모리,대한민국,해당있음,"18 스윗 파파야 [촉촉] 피토스테릴/이소스테아릴/세틸/스테아릴/베헤닐다이머디리놀리에이트, 폴리글리세릴-2트라이아이소스테아레이트, 하이드로제네이티드폴리아이소부텐, 다이아이소스테아릴말레이트, 카프릴릭/카프릭트라이글리세라이드, 세레신, 합성왁스, 폴리하이드록시스테아릭애씨드, 에틸렌/프로필렌코폴리머, 마이크로크리스탈린왁스, 글리세릴카프릴레이트, 티타늄디옥사이드, 황색4호, 에틸헥실글리세린, 적색201호, 적색104호의(1), 향료, 알루미늄하이드록사이드, 터피네올, 제라닐아세테이트, 리날릴아세테이트, 다이메틸페네틸아세테이트, 토코페릴아세테이트, 아스코빅애씨드, 글리세린, 정제수, 부틸렌글라이콜, 실크아미노산, 1,2-헥산다이올, 팔미토일헥사펩타이드-12  [벨벳] 다이메티콘, 아이소트라이데실아이소노나노에이트, 메틸메타크릴레이트크로스폴리머, 실리카, 다이메티콘/비닐다이메티콘크로스폴리머, 세레신, 폴리글리세릴-2트라이아이소스테아레이트, 티타늄디옥사이드, 합성왁스, 폴리하이드록시스테아릭애씨드, 다이메티콘크로스폴리머, 에틸렌/프로필렌코폴리머, 황색5호, 글리세릴카프릴레이트, 메티콘, 적색104호의(1), 레시틴, 에틸헥실글리세린, 적색201호, 황색4호, 에틸헥실팔미테이트, 아이소스테아릭애씨드, 아이소프로필미리스테이트, 향료, 알루미늄하이드록사이드, 폴리글리세릴-3폴리리시놀리에이트, 다이아이소스테아릴말레이트, 흑색산화철, 터피네올, 제라닐아세테이트, 리날릴아세테이트, 다이메틸페네틸아세테이트, 아스코빅애씨드, 토코페릴아세테이트, 글리세린, 정제수, 부틸렌글라이콜, 실크아미노산, 1,2-헥산다이올, 팔미토일헥사펩타이드-12","1. 화장품을 사용하여 다음과 같이 이상이 있을 경우에는 사용을 중지할 것이며, 계속 사용하면 증상을 악화시키므로 피부과 전문의 등에게 상담할 것. 1) 사용 중 붉은 반점, 부어오름, 가려움증, 자극 등의 이상이 있을 경우. 2) 적용부위가 직사광선에 의해 위와 같은 이상이 있을 경우 2. 상처가 있는 곳 또는 습진 및 피부염 등의 이상이 있는 부위에는 사용을 금할 것. 3. 보관 및 취급상의 주의사항 1) 사용 후에는 반드시 마개를 닫아둘 것 2) 유. 소아의 손에 닿지 않는 곳에 보관할 것. 3) 고온 내지 저온의 장소 및 직사광선이 닿는 곳에는 보관하지 말 것.",본 상품의 품질보증 및 피해보상에 관한 사항은 관련 법률 및 공정거래 위원회 고시 [소비자분쟁해결기준]에 따릅니다.,토니모리 고객 상담실 080-356-2222,normal,토니모리,주토피아 에디션 치크톤 립 앤 치크 듀오밤 [18 스윗파파야],2178127,74961,
100매,모든피부,제품 패키지 별도 표기,스티커를 살짝 개봉한 후 티슈를 한 장씩 뽑아 피부 결을 따라 얼굴 안쪽에서 바깥쪽으로 부드럽게 닦아냅니다. (*내용물의 건조를 방지하기 위하여 사용 후에는 반드시 스티커를 붙여서 보관하십시오.),(주)메가코스/(주)토니모리,대한민국,해당있음,"정제수, 프로필렌글라이콜, 글리세린, 변성알코올, 폴리솔베이트20, 페녹시에탄올, 피이지-40하이드로제네이티드캐스터오일, 세틸피리디늄클로라이드, 카프릴릴글라이콜, 코카미도프로필피지-다이모늄클로라이드포스페이트, 시트릭애씨드, 리날룰, 리모넨, 판테놀, 레몬껍질오일, 소듐시트레이트, 향료, 토코페릴아세테이트, 소듐바이카보네이트, 알로에베라잎즙, 프로방스장미꽃수, 부틸렌글라이콜, 1,2-헥산다이올, 녹차추출물(1,000ppb), 아르간커넬오일, 라벤더오일, 올리브오일, 호호바씨오일, 아보카도오일, 세룰라타벚나무꽃추출물, 히비스커스꽃추출물, 포트마리골드추출물, 에틸헥실글리세린, 포타슘솔베이트, 소듐벤조에이트","1. 화장품 사용 시 또는 사용 후 직사광선에 의하여 사용부위가 붉은 반점, 부어오름 또는 가려움증 등의 이상 증상이나 부작용이 있는 경우에는 전문의 등과 상담할 것. 2. 상처가 있는 부위 등에는 사용을 자제할 것. 3. 보관 및 취급 시 주의사항 가) 어린이의 손이 닿지 않는 곳에 보관할 것. 나) 직사광선을 피해서 보관할 것.",본 상품의 품질보증 및 피해보상에 관한 사항은 관련 법률 및 공정거래 위원회 고시 [소비자분쟁해결기준]에 따릅니다.,토니모리 고객 상담실 080-356-2222,normal,토니모리,그린티 수분 클렌징 티슈,2200590,77846,
6 g,모든 피부 타입,상품상세참조,내용물을 적당량 취해 입술에 펴 발라 줍니다. 시간과 양을 조절하여 원하는 펌핑감과 강도를 조절하시면 좋습니다. * 일시적으로 화-한 느낌이 들 수 있으나 이는 제품의 특성으로 인한 정상적인 반응이니 안심하시기 바랍니다.,코스맥스,한국,해당있음,"[클리어] 하이드로제네이티드폴리아이소부텐, 다이아이소스테아릴말레이트, 옥틸도데칸올, 폴리글리세릴-2트라이아이소스테아레이트, 실리카다이메틸실릴레이트, 덱스트린팔미테이트, 바닐릴부틸에터, 케이엔열매추출물, 돌콩오일, 생강오일, 호호바씨오일, 석류나무꽃추출물, 멘톨, 메틸니코티네이트, 에틸헥실팔미테이트, 트라이베헤닌, 폴리글리세릴-3다이아이소스테아레이트, 솔비탄아이소스테아레이트, 락틱애씨드, 팔미토일트라이펩타이드-1, 데하이드로아세틱애씨드, 향료, 벤질알코올, 하이드록시시트로넬알, 리날룰, 시트로넬올, 제라니올","1. 화장품 사용 시 또는 사용 후 직사광선에 의하여 사용부위가 붉은 반점, 부어오름 또는 가려움증 등의 이상 증상이나 부작용이 있는 경우에는 전문의 등과 상담할 것. 2. 상처가 있는 부위 등에는 사용을 자제할 것. 3. 보관 및 취급 시 주의사항 가) 어린이의 손이 닿지 않는 곳에 보관할 것. 나) 직사광선을 피해서 보관할 것.",본 상품의 품질보증 및 피해보상에 관한 사항은 관련 법률 및 공정거래 위원회 고시 [소비자분쟁해결기준]에 따릅니다.,토니모리 고객 상담실 080-356-2222,normal,토니모리,겟잇 틴트 플럼퍼 [클리어],2098237,64428,
0.25g / 0.008 oz.,상품상세참조,상품상세참조,"입술 라인을 따라 부드럽게 그려준 후, 손가락 또는 브러쉬를 이용해 부드럽게 스머지 해줍니다.",㈜씨앤씨인터네셔널,한국,해당있음,"[02 펄시몬] 다이메티콘, 합성왁스, 폴리글리세릴-2트라이아이소스테아레이트, 트라이데실트라이멜리테이트, 페닐트라이메티콘, 티타늄디옥사이드, 비닐다이메티콘/메티콘실세스퀴옥세인크로스폴리머, 비스-다이글리세릴폴리아실아디페이트-2, 다이메티콘/비닐다이메티콘크로스폴리머, 세틸피이지/피피지-10/1다이메티콘, 황색5호, 실리카실릴레이트, 메틸메타크릴레이트크로스폴리머 , 적색산화철, 흑색산화철, 적색202호, 황색4호, 향료, 리날룰, 정제수, 적색104호의(1), 펜타에리스리틸테트라-다이-t-부틸하이드록시하이드로신나메이트, 1,2-헥산다이올, 연꽃꽃추출물, 알바수련꽃추출물, 마트리카리아꽃추출물, 카렌둘라추출물, 동백나무꽃추출물, 세룰라타벚나무꽃추출물, 장미꽃추출물, 스노우로투스추출물","1. 화장품을 사용하여 다음과 같이 이상이 있을 경우에는 사용을 중지할 것이며, 계속 사용하면 증상을 악화시키므로 피부과 전문의 등에게 상담할 것. 1) 사용 중 붉은 반점, 부어오름, 가려움증, 자극 등의 이상이 있을 경우. 2) 적용부위가 직사광선에 의해 위와 같은 이상이 있을 경우 2. 상처가 있는 곳 또는 습진 및 피부염 등의 이상이 있는 부위에는 사용을 금할 것. 3. 보관 및 취급상의 주의사항 1) 사용 후에는 반드시 마개를 닫아둘 것 2) 유. 소아의 손에 닿지 않는 곳에 보관할 것. 3) 고온 내지 저온의 장소 및 직사광선이 닿는 곳에는 보관하지 말 것.",본 상품의 품질보증 및 피해보상에 관한 사항은 관련 법률 및 공정거래 위원회 고시 [소비자분쟁해결기준]에 따릅니다.,토니모리 고객 상담실 080-356-2222,normal,토니모리,겟잇 틴트 립 라이너 [02 펄시몬],2112162,65003,
300ml,모든피부,제품 패키지 별도 표기,"화장솜에 충분히 덜어내어 얼굴 전체 및 눈 주위를 부드럽게 닦아내어 메이크업 및 노폐물을 말끔하게 세정해 줍니다. 별도의 물 세안은 필요하지 않으나, 딥 클렌징 효과를 원할 때에는 폼 클렌저로 마무리합니다.",(주)메가코스/(주)토니모리,대한민국,해당있음,"정제수, 피이지-6카프릴릭/카프릭글리세라이즈, 다이프로필렌글라이콜, 베타인, 페녹시에탄올, 피이지-40하이드로제네이티드캐스터오일, 알란토인, 에틸헥실글리세린, 다이소듐이디티에이, 리날룰, 리모넨, 소듐시트레이트, 레몬껍질오일, 시트릭애씨드, 향료, 시트랄, 녹차추출물(1,000ppb)","1. 화장품 사용 시 또는 사용 후 직사광선에 의하여 사용부위가 붉은 반점, 부어오름 또는 가려움증 등의 이상 증상이나 부작용이 있는 경우에는 전문의 등과 상담할 것. 2. 상처가 있는 부위 등에는 사용을 자제할 것. 3. 보관 및 취급 시 주의사항 가) 어린이의 손이 닿지 않는 곳에 보관할 것. 나) 직사광선을 피해서 보관할 것.",본 상품의 품질보증 및 피해보상에 관한 사항은 관련 법률 및 공정거래 위원회 고시 [소비자분쟁해결기준]에 따릅니다.,토니모리 고객 상담실 080-356-2222,normal,토니모리,그린티 수분 클렌징 워터,2200599,77849,
6 g,모든 피부 타입,상품상세참조,내용물을 적당량 취해 입술에 펴 발라 줍니다. 시간과 양을 조절하여 원하는 펌핑감과 강도를 조절하시면 좋습니다. * 일시적으로 화-한 느낌이 들 수 있으나 이는 제품의 특성으로 인한 정상적인 반응이니 안심하시기 바랍니다.,코스맥스,한국,해당있음,"[퍼플문] 하이드로제네이티드폴리아이소부텐, 다이아이소스테아릴말레이트, 옥틸도데칸올, 폴리글리세릴-2트라이아이소스테아레이트, 실리카다이메틸실릴레이트, 덱스트린팔미테이트, 케이엔열매추출물, 돌콩오일, 생강오일, 호호바씨오일, 석류나무꽃추출물, 멘톨, 바닐릴부틸에터, 칼슘소듐보로실리케이트, 칼슘알루미늄보로실리케이트, 실리카, 메틸니코티네이트, 에틸헥실팔미테이트, 트라이베헤닌, 폴리글리세릴-3다이아이소스테아레이트, 솔비탄아이소스테아레이트, 락틱애씨드, 팔미토일트라이펩타이드-1, 틴옥사이드 (CI 77861), 데하이드로아세틱애씨드, 향료, 벤질알코올, 하이드록시시트로넬알, 리날룰, 시트로넬올, 제라니올, 티타늄디옥사이드 (CI 77891), 적색218호 (CI 45410), 적색227호 (CI 17200), 청색1호 (CI 42090)","1. 화장품 사용 시 또는 사용 후 직사광선에 의하여 사용부위가 붉은 반점, 부어오름 또는 가려움증 등의 이상 증상이나 부작용이 있는 경우에는 전문의 등과 상담할 것. 2. 상처가 있는 부위 등에는 사용을 자제할 것. 3. 보관 및 취급 시 주의사항 가) 어린이의 손이 닿지 않는 곳에 보관할 것. 나) 직사광선을 피해서 보관할 것.",본 상품의 품질보증 및 피해보상에 관한 사항은 관련 법률 및 공정거래 위원회 고시 [소비자분쟁해결기준]에 따릅니다.,토니모리 고객 상담실 080-356-2222,normal,토니모리,겟잇 틴트 플럼퍼 [퍼플문],2098238,64429,
6 g,모든 피부 타입,상품상세참조,내용물을 적당량 취해 입술에 펴 발라 줍니다. 시간과 양을 조절하여 원하는 펌핑감과 강도를 조절하시면 좋습니다. * 일시적으로 화-한 느낌이 들 수 있으나 이는 제품의 특성으로 인한 정상적인 반응이니 안심하시기 바랍니다.,코스맥스,한국,해당있음,"[코랄샤워] 하이드로제네이티드폴리아이소부텐, 다이아이소스테아릴말레이트, 옥틸도데칸올, 폴리글리세릴-2트라이아이소스테아레이트, 실리카다이메틸실릴레이트, 덱스트린팔미테이트, 케이엔열매추출물, 돌콩오일, 생강오일, 호호바씨오일, 석류나무꽃추출물, 멘톨, 바닐릴부틸에터, 칼슘소듐보로실리케이트, 칼슘알루미늄보로실리케이트, 실리카, 메틸니코티네이트, 에틸헥실팔미테이트, 트라이베헤닌, 폴리글리세릴-3다이아이소스테아레이트, 솔비탄아이소스테아레이트, 락틱애씨드, 팔미토일트라이펩타이드-1, 틴옥사이드 (CI 77861), 데하이드로아세틱애씨드, 향료, 벤질알코올, 하이드록시시트로넬알, 리날룰, 시트로넬올, 제라니올, 티타늄디옥사이드 (CI 77891), 적색218호 (CI 45410), 적색산화철 (CI 77491)","1. 화장품 사용 시 또는 사용 후 직사광선에 의하여 사용부위가 붉은 반점, 부어오름 또는 가려움증 등의 이상 증상이나 부작용이 있는 경우에는 전문의 등과 상담할 것. 2. 상처가 있는 부위 등에는 사용을 자제할 것. 3. 보관 및 취급 시 주의사항 가) 어린이의 손이 닿지 않는 곳에 보관할 것. 나) 직사광선을 피해서 보관할 것.",본 상품의 품질보증 및 피해보상에 관한 사항은 관련 법률 및 공정거래 위원회 고시 [소비자분쟁해결기준]에 따릅니다.,토니모리 고객 상담실 080-356-2222,normal,토니모리,겟잇 틴트 플럼퍼 [코랄샤워],2098236,64427,
0.25g / 0.008 oz.,상품상세참조,상품상세참조,"입술 라인을 따라 부드럽게 그려준 후, 손가락 또는 브러쉬를 이용해 부드럽게 스머지 해줍니다.",㈜씨앤씨인터네셔널,한국,해당있음,"[04 코튼로즈] 다이메티콘, 합성왁스, 폴리글리세릴-2트라이아이소스테아레이트, 트라이데실트라이멜리테이트, 페닐트라이메티콘, 티타늄디옥사이드, 비닐다이메티콘/메티콘실세스퀴옥세인크로스폴리머, 비스-다이글리세릴폴리아실아디페이트-2, 다이메티콘/비닐다이메티콘크로스폴리머, 세틸피이지/피피지-10/1다이메티콘, 메틸메타크릴레이트크로스폴리머 , 실리카실릴레이트, 황색4호, 황색5호, 흑색산화철, 적색202호, 적색산화철, 향료, 리날룰, 정제수, 펜타에리스리틸테트라-다이-t-부틸하이드록시하이드로신나메이트, 1,2-헥산다이올, 연꽃꽃추출물, 알바수련꽃추출물, 마트리카리아꽃추출물, 카렌둘라추출물, 동백나무꽃추출물, 세룰라타벚나무꽃추출물, 장미꽃추출물, 스노우로투스추출물","1. 화장품을 사용하여 다음과 같이 이상이 있을 경우에는 사용을 중지할 것이며, 계속 사용하면 증상을 악화시키므로 피부과 전문의 등에게 상담할 것. 1) 사용 중 붉은 반점, 부어오름, 가려움증, 자극 등의 이상이 있을 경우. 2) 적용부위가 직사광선에 의해 위와 같은 이상이 있을 경우 2. 상처가 있는 곳 또는 습진 및 피부염 등의 이상이 있는 부위에는 사용을 금할 것. 3. 보관 및 취급상의 주의사항 1) 사용 후에는 반드시 마개를 닫아둘 것 2) 유. 소아의 손에 닿지 않는 곳에 보관할 것. 3) 고온 내지 저온의 장소 및 직사광선이 닿는 곳에는 보관하지 말 것.",본 상품의 품질보증 및 피해보상에 관한 사항은 관련 법률 및 공정거래 위원회 고시 [소비자분쟁해결기준]에 따릅니다.,토니모리 고객 상담실 080-356-2222,normal,토니모리,겟잇 틴트 립 라이너 [04 코튼로즈],2112167,65005,
19g,모든 피부,"개봉 전 24개월, 개봉 후 즉시 사용 권장",세안 후 물기를 제거한 피부에 마스크를 올려 놓습니다. 약 20~30분 후 마스크를 떼어내고 피부에 남은 에센스를 가볍게 두드려 흡수시켜 줍니다.,(주)씨엔에프 / (주)토니모리,한국,해당있음,"정제수,글리세린,다이프로필렌글라이콜,프로판다이올,올리브오일글리세레스-8에스터,메틸프로판다이올,1,2-헥산다이올,피이지-60하이드로제네이티드캐스터오일,하이드록시에틸아크릴레이트/소듐아크릴로일다이메틸타우레이트코폴리머,부틸렌글라이콜,클로페네신,잔탄검,하이드록시에틸셀룰로오스,다이소듐이디티에이,왕귤씨추출물,알지닌,카보머,다이포타슘글리시리제이트,토코페릴아세테이트,소듐하이알루로네이트,폴리솔베이트60,솔비탄아이소스테아레이트,스페인감초뿌리추출물,생강추출물,창포뿌리추출물,콥티스뿌리추출물,오미자추출물,녹차추출물,글리세릴아크릴레이트/아크릴릭애씨드코폴리머,프로필렌글라이콜,피브이엠/엠에이코폴리머,카프릴릴글라이콜,들깨잎추출물,아스코빅애씨드(1 ppm),향료","1) 화장품을 사용하여 다음과 같은 이상이 있는 경우에는 사용을 중지하여야 하며, 계속 사용하면 증상이 악화되므로 피부과 전문의 등에게 상담할 것. 가) 사용 중 붉은 반점, 부어오름, 가려움증, 자극 등의 이상이 있는 경우. 나) 적용 부위가 직사광선에 의하여 위와 같은 이상이 있는 경우. 2) 상처가 있는 부위, 습진 및 피부염 등의 이상이 있는 부위에는 사용을 하지 말 것. 3) 보관 및 취급 시의 주의사항 가) 사용 후에는 반드시 마개를 닫아둘 것. 나) 유아ㆍ소아의 손이 닿지 않는 곳에 보관할 것. 다) 고온 또는 저온의 장소 및 직사광선이 닿는 곳에는 보관하지 말 것. 라) 개봉 후 즉시 사용하고 사용한 제품을 보관, 또는 재 사용하지 말 것. 4) 눈 주위를 피하여 사용할 것.",본 상품의 품질보증 및 피해보상에 관한 사항은 관련 법률 및 공정거래 위원회 고시 [소비자분쟁해결기준]에 따릅니다.,토니모리 고객 상담실 080-356-2222,normal,토니모리,마스터 랩 비타민C 마스크시트,2191885,76954,
7g,해당 없음,"개봉 전 24개월, 개봉 후 6개월","브러쉬에 적당량을 취해 속눈썹을 위에서 아래로 가볍게 쓸어 내린후, 아래에서 위로 지그재그로 꼼꼼하게 발라줍니다.",코스맥스㈜,한국,해당있음,정제수;아크릴레이트코폴리머;CI 77499;비즈왁스;스테아릭애씨드;하이드로제네이티드폴리아이소부텐;아라비아고무나무검;카나우바왁스;트라이에탄올아민;세테아릴올리베이트;솔비탄올리베이트;하이드롤라이즈드실크;후박추출물(구명칭);검정콩추출물;아세틸레이티드수크로오스다이스테아레이트;파라핀;폴리솔베이트20;글리세릴스테아레이트;아크릴레이트/옥틸아크릴아마이드코폴리머;솔비탄세스퀴올리에이트;나일론-66;메틸글루카민;다이메티콘;피이지-100스테아레이트;하이드록시에틸셀룰로오스;에틸헥실글리세린;실리카;소듐나이트레이트;다이소듐포스페이트;폴리솔베이트60;부틸렌글라이콜;소듐포스페이트;글라이옥살;변성알코올;다이소듐이디티에이;페녹시에탄올;소듐데하이드로아세테이트;CI 77891,"1. 화장품을 사용하여 다음과 같이 이상이 있을 경우에는 사용을 중지할 것이며, 계속 사용하면 증상을 악화시키므로 피부과 전문의 등에게 상담할 것. 1) 사용 중 붉은 반점, 부어오름, 가려움증, 자극 등의 이상이 있을 경우. 2) 적용부위가 직사광선에 의해 위와 같은 이상이 있을 경우 2. 상처가 있는 곳 또는 습진 및 피부염 등의 이상이 있는 부위에는 사용을 금할 것. 3. 보관 및 취급상의 주의사항 1) 사용 후에는 반드시 마개를 닫아둘 것 2) 유. 소아의 손에 닿지 않는 곳에 보관할 것. 3) 고온 내지 저온의 장소 및 직사광선이 닿는 곳에는 보관하지 말 것.",본 상품의 품질보증 및 피해보상에 관한 사항은 관련 법률 및 공정거래 위원회 고시 [소비자분쟁해결기준]에 따릅니다.,070-7878-0277,normal,토니모리,퍼펙트아이즈 에어텐션 마스카라 [02 에어컬링&래쉬],2117147,27439,
15 g,모든 피부 타입,"개봉 전 24개월, 개봉 후 12개월 이내 사용",퍼프에 적당량의 내용물을 덜어 얼굴 전체에 가볍게 두드려 펴 발라줍니다.,코스맥스㈜,한국,해당있음,"정제수,티타늄디옥사이드 (CI 77891),사이클로펜타실록산,글리세린,이소노닐이소노나노에이트,C12-15알킬벤조에이트,디페닐실록시페닐트리메치콘,프로판디올,라우릴폴리글리세릴-3폴리디메칠실록시에칠디메치콘,옥틸도데칸올,트리메칠실록시실리케이트,나이아신아마이드,프로필렌글라이콜디벤조에이트,프로필헵틸카프릴레이트,합성플루오르플로고파이트,이소도데칸,1,2-헥산디올,디스테아디모늄헥토라이트,덱스트린팔미테이트,폴리글리세릴-4이소스테아레이트,드럼스틱씨오일,폴리글리세릴-3폴리디메칠실록시에칠디메치콘,브이피/에이코센코폴리머,마그네슘설페이트,스테아릭애씨드,알루미나,트리에톡시카프릴릴실란,알루미늄하이드록사이드,아데노신,트리소듐에칠렌디아민디석시네이트,에칠셀룰로오스,이소프로필티타늄트리이소스테아레이트,토코페롤,카프릴릭/카프릭트리글리세라이드,하이드로제네이티드레시틴,세라마이드엔피,피토스핑고신 프로필갈레이트,소듐스테아로일글루타메이트,향료,황색산화철 (CI 77492),적색산화철 (CI 77491),흑색산화철 (CI 77499)","1. 화장품 사용 시 또는 사용 후 직사광선에 의하여 사용부위가 붉은 반점, 부어오름 또는 가려움증 등의 이상 증상이나 부작용이 있는 경우에는 전문의 등과 상담할 것. 2. 상처가 있는 부위 등에는 사용을 자제할 것. 3. 보관 및 취급 시 주의사항 가) 어린이의 손이 닿지 않는 곳에 보관할 것.",본 상품의 품질보증 및 피해보상에 관한 사항은 관련 법률 및 공정거래 위원회 고시 [소비자분쟁해결기준]에 따릅니다.,토니모리 고객 상담실 080-356-2222,normal,토니모리,마이 루미너스 젤 글로우 쿠션 [SPF40/PA++] [01 스킨베이지],2017833,57013,
상품상세참조,상품상세참조,상품상세참조,상품상세참조,상품상세참조,상품상세참조,해당있음,상품상세참조,상품상세참조,상품상세참조,상품상세참조,detail,토니모리,프리미엄 블랙티 런던 클래식 세럼,2017314,48763,img/프리미엄 블랙티 런던 클래식 세럼_0.jpg;img/프리미엄 블랙티 런던 클래식 세럼_1.jpg;img/프리미엄 블랙티 런던 클래식 세럼_2.jpg;img/프리미엄 블랙티 런던 클래식 세럼_3.jpg
100 ml,모든피부,개봉 전 24개월 개봉 후 12개월 이내 사용 권장,적당량을 덜어 고민되는 부위에 부드럽게 펴 발라준 뒤 가볍게 흡수시켜 줍니다.,㈜메가코스,한국,해당있음,"정제수, 티타늄디옥사이드, 글리세린, 사이클로펜타실록세인, 나이아신아마이드, 사이클로헥사실록세인, 카프릴릭/카프릭트라이글리세라이드, 마카다미아씨오일, 병풀추출물, 솔비탄세스퀴올리에이트, 팔미틱애씨드, 포타슘세틸포스페이트, 스테아릭애씨드, 폴리솔베이트20, 프로판다이올, 소듐하이알루로네이트, C13-16아이소파라핀, 다이메티콘올, 아크릴레이트/베헤네스-25메타크릴레이트코폴리머, 잔탄검, 알란토인, 아데노신, 징크리시놀리에이트, 트로메타민, 테트라소듐글루타메이트다이아세테이트, 피이지-10다이메티콘, 다이소듐이디티에이, 1,2-헥산다이올, 카프릴릴글라이콜, 에틸헥실글리세린, 알루미늄하이드록사이드, 트라이에톡시카프릴릴실레인, 실리카, 향료","1) 화장품 사용 시 또는 사용 후 직사광선에 의하여 사용부위가 붉은 반점, 부어오름 또는 가려움증 등의 이상 증상이나 부작용이 있는 경우 전문의 등과 상담할 것. 2) 상처가 있는 부위 등에는 사용을 자제할 것. 3) 보관 및 취급 시의 주의사항 가) 어린이의 손이 닿지 않는 곳에 보관할 것. 나) 직사광선을 피해서 보관할 것. 4. 미세한 알갱이가 함유되어 있는 스크러브세안제 가) 알갱이가 눈에 들어갔을 때에는 물로 씻어내고 이상이 있는 경우에는 전문의와 상담할 것. 5. 사용 후에는 반드시 마개를 닫아둘 것.","본 상품에 이상이 있을 경우, 공정거래위원회 고시 “소비자분쟁해결기준”에 의해 보상해 드립니다.",080-356-2222,normal,토니모리,뽀송 바디 톤업 크림,2004975,43781,
80ml,모든 피부 타입,"개봉 전 30개월, 개봉 후 12개월",적당량을 손바닥에 덜어 얼굴 전체에 부드럽게 펴 발라 주세요.,㈜메가코스,한국,해당있음,"정제수;글리세린;아이소노닐아이소노나노에이트;1,2-헥산다이올;글리세레스-26;아이소도데케인;하이드로제네이티드폴리데센;자작나무수액;폴리글리세릴-3메틸글루코오스다이스테아레이트;암모늄아크릴로일다이메틸타우레이트/브이피코폴리머;카보머;트로메타민;베헤닐알코올;비닐다이메티콘;하이드롤라이즈드호호바에스터;에틸헥실글리세린;세틸에틸헥사노에이트;폴리글리세릴-4올리에이트;부테스-3;캐모마일꽃오일;서양측백나무잎오일;다이소듐이디티에이;하이드로제네이티드레시틴;소듐벤조트라이아졸릴부틸페놀설포네이트;서양배추출물;판테놀;인도멀구슬나무잎추출물;비터오렌지꽃추출물;다마스크장미꽃수;소듐하이알루로네이트;인도멀구슬나무꽃추출물;자일리틸글루코사이드;오리스뿌리추출물;부틸렌글라이콜;멜론추출물;안하이드로자일리톨;아이비고드열매추출물;서양송악잎/줄기추출물;트라이부틸시트레이트;자일리톨;로즈힙열매오일;병풀추출물;알로에베라꽃추출물;가지열매추출물;하이드록시프로필트라이모늄하이알루로네이트;글루코오스;홀리바질잎추출물;울금뿌리추출물;참산호말추출물;마트리카리아추출물;하이드롤라이즈드하이알루로닉애씨드;레몬밤추출물;로즈마리추출물;소듐아세틸레이티드하이알루로네이트;하이알루로닉애씨드;소듐하이알루로네이트크로스폴리머;포타슘하이알루로네이트","1. 화장품 사용 시 또는 사용 후 직사광선에 의하여 사용부위가 붉은 반점, 부어오름 또는 가려움증 등의 이상 증상이나 부작용이 있는 경우 전문의 등과 상담할 것. 2. 상처가 있는 부위 등에는 사용을 자제할 것. 3. 보관 및 취급 시의 주의사항 가) 어린이의 손이 닿지 않는 곳에 보관할 것. 나) 직사광선을 피해서 보관할 것.",본 상품의 품질보증 및 피해보상에 관한 사항은 관련 법률 및 공정거래 위원회 고시 [소비자분쟁해결기준]에 따릅니다.,080-356-2222,normal,토니모리,더촉촉 자작나무 크림,1997908,32089,
200ml(70매),모든 피부 타입,"개봉 전 30개월, 개봉 후 12개월",세안 후 손이나 화장솜에 내용물을 적당량 덜어 피부 안쪽에서 바깥쪽으로 피부 결을 따라 누르듯 발라주고 내용물의 흡수를 돕기 위해 손으로 가볍게 두드리며 마무리합니다.,㈜제이앤제이코스텍,한국,해당있음,"약모밀추출물;프로판다이올;글리세린;병풀추출물;하이드록시아세토페논;쇠비름추출물;마트리카리아꽃추출물;체이스트트리추출물;정제수;폴리글리세릴-10라우레이트;에틸헥실글리세린;알란토인;암모늄아크릴로일다이메틸타우레이트/브이피코폴리머;버지니아풍년화수;다이포타슘글리시리제이트;다이소듐이디티에이;1,2-헥산다이올;서양배추출물;다마스크장미꽃수;캐모마일꽃오일;서양측백나무잎오일;복숭아추출물;커먼자스민꽃수;로즈마리잎오일;흰버드나무껍질추출물;바실러스발효물;서양송악잎/줄기추출물;비터오렌지꽃추출물;멜론추출물;광곽향오일;병풀뿌리추출물;병풀잎추출물;아시아틱애씨드;아시아티코사이드;마데카식애씨드;마데카소사이드","1. 화장품 사용 시 또는 사용 후 직사광선에 의하여 사용부위가 붉은 반점, 부어오름 또는 가려움증 등의 이상 증상이나 부작용이 있는 경우 전문의 등과 상담할 것. 2. 상처가 있는 부위 등에는 사용을 자제할 것. 3. 보관 및 취급 시의 주의사항 가) 어린이의 손이 닿지 않는 곳에 보관할 것. 나) 직사광선을 피해서 보관할 것.",본 상품의 품질보증 및 피해보상에 관한 사항은 관련 법률 및 공정거래 위원회 고시 [소비자분쟁해결기준]에 따릅니다.,080-356-2222,normal,토니모리,어성초시카 퀵 카밍 93 패드,1995545,31573,
200ml,모든 피부 타입,"개봉 전 30개월, 개봉 후 12개월","얼굴과 몸에 함께 사용이 가능하며, 적당량을 덜어 건조함이 심한 부위에 부드럽게 마사지하듯 발라줍니다. 쉽게 건조해지는 팔, 다리 부분은 꼼꼼히 덧발라 주세요. * 피부 상태에 따라 사용량을 조절해 주시고, 간지러움이 완화된 후에도 지속적으로 사용하시면 건강한 피부 유지에 도움을 줍니다.",㈜메가코스,한국,해당있음,"정제수;글리세린;페닐트라이메티콘;카프릴릭/카프릭트라이글리세라이드;부틸렌글라이콜;펜타에리스리틸테트라아이소스테아레이트;아이소펜틸다이올;세틸에틸헥사노에이트;C14-22알코올;세테아릴알코올;세테아릴올리베이트;아라키딜알코올;하이드록시아세토페논;C12-20알킬글루코사이드;솔비탄올리베이트;소듐폴리아크릴레이트;에틸헥실스테아레이트;베헤닐알코올;카보머;트로메타민;아라키딜글루코사이드;병풀추출물;잔탄검;에틸헥실글리세린;캐모마일꽃오일;서양측백나무잎오일;쇠비름추출물;1,2-헥산다이올;트라이데세스-6;체이스트트리추출물;마트리카리아꽃추출물;비터오렌지꽃추출물;하이드로제네이티드레시틴;피토스테롤;폴리글리세릴-10라우레이트;진흙버섯추출물;우엉뿌리추출물;로즈마리잎오일;해바라기씨오일;세라마이드엔피;피토스핑고신;세린;소듐글루타메이트;포타슘아스파테이트;프롤린;페닐알라닌;류신;라이신;메티오닌;트레오닌;트립토판;타이로신;발린;알지닌;아스파라진;아스파틱애씨드;알라닌;히스티딘;아이소류신;시스테인;글루타믹애씨드;글라이신;하이드롤라이즈드콘키올린단백질;하이드롤라이즈드옥수수단백질;하이드롤라이즈드귀리단백질;하이드롤라이즈드콩단백질;하이드롤라이즈드밀단백질","1. 화장품 사용 시 또는 사용 후 직사광선에 의하여 사용부위가 붉은 반점, 부어오름 또는 가려움증 등의 이상 증상이나 부작용이 있는 경우 전문의 등과 상담할 것 2. 상처가 있는 부위 등에는 사용을 자제할 것 3. 보관 및 취급 시의 주의사항 가) 어린이의 손이 닿지 않는 곳에 보관할 것 나) 직사광선을 피해서 보관할 것.",본 상품의 품질보증 및 피해보상에 관한 사항은 관련 법률 및 공정거래 위원회 고시 [소비자분쟁해결기준]에 따릅니다.,070-7878-0277,normal,토니모리,아토 아미노 단백질 민감 크림,1936186,27540,
[1호~6호] 8.5g [7호] 9.5g,"01 익스트림볼륨, 02 익스트림래쉬, 03 밀리그램볼륨, 04 밀리그램래쉬, 05 마이크로핏, 06 브라운볼륨, 07 아이래쉬앰플","개봉 전 24개월, 개봉 후 6개월",브러쉬에 적당량의 내용물을 취해 마스카라를 바르기 전 속눈썹에 꼼꼼하게 발라줍니다.,1~6호 (주) 한국콜마 / 7호 (주)메가코스,한국,해당있음,아이소도데케인;트라이메틸실록시실리케이트;사이클로펜타실록세인;브이피/에이코신코폴리머;마이크로크리스탈린왁스;실리카다이메틸실릴레이트;하이드로제네이티드폴리아이소부텐;다이스테아다이모늄헥토라이트;세레신;트라이하이드록시스테아린;피이지-20솔비탄아이소스테아레이트;요엽후박나무껍질추출물;검정콩추출물;프로필렌카보네이트;스테아로일이눌린;티타늄다이옥사이드;트라이에톡시카프릴릴실레인;에틸헥실글리세린;말토덱스트린;정제수;비에이치티;에탄올;부틸렌글라이콜;토코페롤;하이드롤라이즈드밀단백질;하이드롤라이즈드옥수수단백질;하이드롤라이즈드콩단백질;실크아미노산;데하이드로아세틱애씨드;페녹시에탄올;적색산화철;흑색산화철;울트라마린;카민,"1. 화장품 사용 시 또는 사용 후 직사광선에 의하여 사용부위가 붉은 반점, 부어오름 또는 가려움증 등의 이상 증상이나 부작용이 있는 경우 전문의 등과 상담할 것. 2. 상처가 있는 부위 등에는 사용을 자제할 것. 3. 보관 및 취급 시의 주의사항 가) 어린이의 손이 닿지 않는 곳에 보관할 것. 나) 직사광선을 피해서 보관할 것.",본 상품의 품질보증 및 피해보상에 관한 사항은 관련 법률 및 공정거래 위원회 고시 [소비자분쟁해결기준]에 따릅니다.,080-356-2222,normal,토니모리,더 쇼킹 카라 [06 브라운볼륨],1883598,27217,
[1호~6호] 8.5g [7호] 9.5g,모든 피부 타입,"개봉 전 24개월, 개봉 후 6개월",브러쉬에 적당량의 내용물을 취해 마스카라를 바르기 전 속눈썹에 꼼꼼하게 발라줍니다.,1~6호 (주) 한국콜마 / 7호 (주)메가코스,한국,해당있음,아이소도데케인;트라이메틸실록시실리케이트;세레신;마이크로크리스탈린왁스;탤크;폴리메틸실세스퀴옥세인;다이스테아다이모늄헥토라이트;하이드로제네이티드폴리아이소부텐;덱스트린팔미테이트/에틸헥사노에이트;덱스트린팔미테이트;실리카;요엽후박나무껍질추출물;검정콩추출물;프로필렌카보네이트;가시대나무줄기가루;실리카다이메틸실릴레이트;트라이에톡시카프릴릴실레인;정제수;에탄올;부틸렌글라이콜;하이드롤라이즈드밀단백질;하이드롤라이즈드옥수수단백질;하이드롤라이즈드콩단백질;실크아미노산;데하이드로아세틱애씨드;페녹시에탄올;흑색산화철,"1. 화장품 사용 시 또는 사용 후 직사광선에 의하여 사용부위가 붉은 반점, 부어오름 또는 가려움증 등의 이상 증상이나 부작용이 있는 경우 전문의 등과 상담할 것. 2. 상처가 있는 부위 등에는 사용을 자제할 것. 3. 보관 및 취급 시의 주의사항 가) 어린이의 손이 닿지 않는 곳에 보관할 것. 나) 직사광선을 피해서 보관할 것.",본 상품의 품질보증 및 피해보상에 관한 사항은 관련 법률 및 공정거래 위원회 고시 [소비자분쟁해결기준]에 따릅니다.,080-356-2222,normal,토니모리,더 쇼킹 카라 [01 익스트림볼륨],1883583,27227,
4g,"01 숏컷, 02 러브어페어, 03 썬더볼트, 04 핫테이스트, 05 브레이킹뉴스","개봉 전 24개월(18개월), 개봉 후 12개월(6개월)",내용물을 적당량 취해 입술라인 안쪽으로 꼼꼼히 발라줍니다.,코스맥스(주),한국,해당있음,"정제수;다이메티콘;다이메티콘/비닐다이메티콘크로스폴리머;펜틸렌글라이콜;폴리글리세릴-10미리스테이트;다마스크장미꽃오일;하이드롤라이즈드콜라겐;지모추출물(구명칭);부틸렌글라이콜;암모늄아크릴로일다이메틸타우레이트/브이피코폴리머;폴리아크릴레이트크로스폴리머-6;폴리솔베이트20;에틸헥실글리세린;글리세린;다이페닐다이메티콘;트라이에틸헥사노인;하이드로제네이티드레시틴;알지닌;알란토인;하이드로제네이티드폴리아이소부텐;1,2-헥산다이올;토코페롤;카보머;페녹시에탄올;향료;등색205호;적색104호의(1);적색102호","1. 화장품 사용 시 또는 사용 후 직사광선에 의하여 사용부위가 붉은 반점, 부어오름 또는 가려움증 등의 이상 증상이나 부작용이 있는 경우 전문의 등과 상담할 것 2. 상처가 있는 부위 등에는 사용을 자제할 것 3. 보관 및 취급 시의 주의사항 가) 어린이의 손이 닿지 않는 곳에 보관할 것 나) 직사광선을 피해서 보관할 것.",본 상품의 품질보증 및 피해보상에 관한 사항은 관련 법률 및 공정거래 위원회 고시 [소비자분쟁해결기준]에 따릅니다.,080-356-2222,normal,토니모리,더 쇼킹 립블러 틴트 [03 썬더볼트],1872611,27205,
3.5g,"01 엑스오엑스오, 02 별스타그래머블, 03 엑스클루시브, 04 마이스웨거, 05 립플렉스","개봉 전 30개월, 개봉 후 12개월",내용물을 적당량 취해 입술라인 안쪽으로 꼼꼼히 발라줍니다.,코스맥스(주),한국,해당있음,"아이소노닐아이소노나노에이트;알루미늄스타치옥테닐석시네이트(구명칭);카프릴릭/카프릭트라이글리세라이드;실리카;폴리글리세릴-2트라이아이소스테아레이트;폴리에틸렌;아이소아밀라우레이트;다이메티콘;적색산화철;폴리부텐;파라핀;다이아이소스테아릴말레이트;다이펜타에리스리틸헥사하이드록시스테아레이트/헥사스테아레이트/헥사로지네이트;솔비탄아이소스테아레이트;티타늄다이옥사이드;황색4호;다마스크장미꽃오일;하이드롤라이즈드콜라겐;지모추출물(구명칭);다이칼슘포스페이트;마이크로크리스탈린왁스;폴리하이드록시스테아릭애씨드;폴리글리세릴-2다이아이소스테아레이트;에틸헥실팔미테이트;아이소프로필미리스테이트;아이소스테아릭애씨드;레시틴;폴리글리세릴-3폴리리시놀리에이트;트라이에톡시카프릴릴실레인;카프릴릴글라이콜;글리세릴카프릴레이트;펜타에리스리틸테트라-다이-t-부틸하이드록시하이드로신나메이트;알란토인;하이드로제네이티드폴리아이소부텐;정제수;1,2-헥산다이올;토코페롤;비에이치티;벤질벤조에이트;향료;적색202호;적색227호;흑색산화철","1. 화장품을 사용하여 다음과 같이 이상이 있을 경우에는 사용을 중지할 것이며, 계속 사용하면 증상을 악화시키므로 피부과 전문의 등에게 상담할 것. 1) 사용 중 붉은 반점, 부어오름, 가려움증, 자극 등의 이상이 있을 경우. 2) 적용부위가 직사광선에 의해 위와 같은 이상이 있을 경우 2. 상처가 있는 곳 또는 습진 및 피부염 등의 이상이 있는 부위에는 사용을 금할 것. 3. 보관 및 취급상의 주의사항 1) 사용 후에는 반드시 마개를 닫아둘 것 2) 유. 소아의 손에 닿지 않는 곳에 보관할 것. 3) 고온 내지 저온의 장소 및 직사광선이 닿는 곳에는 보관하지 말 것.",본 상품의 품질보증 및 피해보상에 관한 사항은 관련 법률 및 공정거래 위원회 고시 [소비자분쟁해결기준]에 따릅니다.,080-356-2222,normal,토니모리,더 쇼킹 립스틱 벨벳 [05 립플렉스],1872590,27212,
3.5g,"01 엑스오엑스오, 02 별스타그래머블, 03 엑스클루시브, 04 마이스웨거, 05 립플렉스","개봉 전 30개월, 개봉 후 12개월",내용물을 적당량 취해 입술라인 안쪽으로 꼼꼼히 발라줍니다.,코스맥스(주),한국,해당있음,"아이소노닐아이소노나노에이트;알루미늄스타치옥테닐석시네이트(구명칭);카프릴릭/카프릭트라이글리세라이드;실리카;폴리글리세릴-2트라이아이소스테아레이트;폴리에틸렌;다이메티콘;폴리부텐;아이소아밀라우레이트;파라핀;다이아이소스테아릴말레이트;적색201호;다이펜타에리스리틸헥사하이드록시스테아레이트/헥사스테아레이트/헥사로지네이트;솔비탄아이소스테아레이트;적색202호;황색4호;폴리글리세릴-2다이아이소스테아레이트;황색5호;다마스크장미꽃오일;하이드롤라이즈드콜라겐;지모추출물(구명칭);다이칼슘포스페이트;마이크로크리스탈린왁스;폴리하이드록시스테아릭애씨드;에틸헥실팔미테이트;아이소프로필미리스테이트;아이소스테아릭애씨드;레시틴;폴리글리세릴-3폴리리시놀리에이트;트라이에톡시카프릴릴실레인;카프릴릴글라이콜;글리세릴카프릴레이트;펜타에리스리틸테트라-다이-t-부틸하이드록시하이드로신나메이트;알란토인;하이드로제네이티드폴리아이소부텐;정제수;1,2-헥산다이올;토코페롤;비에이치티;벤질벤조에이트;향료;황색산화철;적색104호의(1);적색산화철","1. 화장품을 사용하여 다음과 같이 이상이 있을 경우에는 사용을 중지할 것이며, 계속 사용하면 증상을 악화시키므로 피부과 전문의 등에게 상담할 것. 1) 사용 중 붉은 반점, 부어오름, 가려움증, 자극 등의 이상이 있을 경우. 2) 적용부위가 직사광선에 의해 위와 같은 이상이 있을 경우 2. 상처가 있는 곳 또는 습진 및 피부염 등의 이상이 있는 부위에는 사용을 금할 것. 3. 보관 및 취급상의 주의사항 1) 사용 후에는 반드시 마개를 닫아둘 것 2) 유. 소아의 손에 닿지 않는 곳에 보관할 것. 3) 고온 내지 저온의 장소 및 직사광선이 닿는 곳에는 보관하지 말 것.",본 상품의 품질보증 및 피해보상에 관한 사항은 관련 법률 및 공정거래 위원회 고시 [소비자분쟁해결기준]에 따릅니다.,070-7878-0277,normal,토니모리,더 쇼킹 립스틱 벨벳 [04 마이스웨거],1872589,27211,
3.5g,"01 엑스오엑스오, 02 별스타그래머블, 03 엑스클루시브, 04 마이스웨거, 05 립플렉스","개봉 전 30개월, 개봉 후 12개월",내용물을 적당량 취해 입술라인 안쪽으로 꼼꼼히 발라줍니다.,코스맥스(주),한국,해당있음,"아이소노닐아이소노나노에이트;알루미늄스타치옥테닐석시네이트(구명칭);카프릴릭/카프릭트라이글리세라이드;실리카;폴리에틸렌;다이아이소스테아릴말레이트;아이소아밀라우레이트;다이메티콘;티타늄다이옥사이드;폴리글리세릴-2트라이아이소스테아레이트;폴리부텐;파라핀;다이펜타에리스리틸헥사하이드록시스테아레이트/헥사스테아레이트/헥사로지네이트;황색산화철;솔비탄아이소스테아레이트;적색산화철;다마스크장미꽃오일;하이드롤라이즈드콜라겐;지모추출물(구명칭);다이칼슘포스페이트;마이크로크리스탈린왁스;폴리하이드록시스테아릭애씨드;폴리글리세릴-2다이아이소스테아레이트;에틸헥실팔미테이트;아이소프로필미리스테이트;아이소스테아릭애씨드;레시틴;폴리글리세릴-3폴리리시놀리에이트;트라이에톡시카프릴릴실레인;카프릴릴글라이콜;글리세릴카프릴레이트;펜타에리스리틸테트라-다이-t-부틸하이드록시하이드로신나메이트;알란토인;하이드로제네이티드폴리아이소부텐;정제수;1,2-헥산다이올;토코페롤;비에이치티;벤질벤조에이트;향료;적색104호의(1);적색202호;흑색산화철","1. 화장품을 사용하여 다음과 같이 이상이 있을 경우에는 사용을 중지할 것이며, 계속 사용하면 증상을 악화시키므로 피부과 전문의 등에게 상담할 것. 1) 사용 중 붉은 반점, 부어오름, 가려움증, 자극 등의 이상이 있을 경우. 2) 적용부위가 직사광선에 의해 위와 같은 이상이 있을 경우 2. 상처가 있는 곳 또는 습진 및 피부염 등의 이상이 있는 부위에는 사용을 금할 것. 3. 보관 및 취급상의 주의사항 1) 사용 후에는 반드시 마개를 닫아둘 것 2) 유. 소아의 손에 닿지 않는 곳에 보관할 것. 3) 고온 내지 저온의 장소 및 직사광선이 닿는 곳에는 보관하지 말 것.",본 상품의 품질보증 및 피해보상에 관한 사항은 관련 법률 및 공정거래 위원회 고시 [소비자분쟁해결기준]에 따릅니다.,070-7878-0277,normal,토니모리,더 쇼킹 립스틱 벨벳 [02 별스타그래머블],1872578,27215,
320ml,상품상세참조,"개봉 전 30개월, 개봉 후 12개월",내용물을 적당량 덜어 피부 결을 따라 부드럽게 펴 발라준 후 가볍게 두드려 흡수시킵니다.,㈜코스메카코리아,한국,해당있음,정제수;세틸에틸헥사노에이트;글리세린;세테아릴알코올;사이클로펜타실록세인;세레신;사이클로헥사실록세인;쉐어버터(구명칭);다이메티콘;폴리솔베이트60;오조케라이트;망고씨드버터(구명칭);카카오씨드버터(구명칭);아보카도오일;황련추출물;카카오씨추출물;마이크로크리스탈린왁스;소듐하이알루로네이트;소듐폴리아크릴로일다이메틸타우레이트;솔비탄스테아레이트;글리세릴스테아레이트;하이드로제네이티드폴리데센;피이지-100스테아레이트;트라이데세스-10;벤조페논-5;다이소듐이디티에이;페녹시에탄올;클로페네신;카프릴릴글라이콜;에틸헥실글리세린;향료,"1. 화장품을 사용하여 다음과 같은 이상이 있는 경우에는 사용을 중지하여야 하며, 계속 사용하면 증상이 악화되므로 피부과 전문의 등에게 상담할 것. 가) 사용 중 붉은 반점, 부어오름, 가려움증, 자극 등의 이상이 있는 경우. 나) 적용부위가 직사광선에 의하여 위와 같은 이상이 있는 경우. 2. 상처가 있는 부위, 습진 및 피부염 등의 이상이 있는 부위에는 사용을 하지 말 것. 3. 보관 및 취급 시의 주의사항 가) 사용 후에는 반드시 마개를 닫아둘 것. 나) 유아ㆍ소아의 손이 닿지 않는 곳에 보관할 것. 다) 고온 또는 저온의 장소 및 직사광선이 닿는 곳에는 보관하지 말 것.",본 상품의 품질보증 및 피해보상에 관한 사항은 관련 법률 및 공정거래 위원회 고시 [소비자분쟁해결기준]에 따릅니다.,080-356-2222,normal,토니모리,리얼 버터 영양 크림,1871707,27305,
,,,,,,,,,,,missing,토니모리,7데이즈 퍼펙트 타투 아이브로우 [04 다크브라운],1817449,27187,
,,,,,,,,,,,missing,토니모리,플로리아 뉴트라 에너지 토너,1816345,27466,
150ml,주름개선,"개봉 전 30개월, 개봉 후 12개월",적당량을 취해 피부결에 따라 골고루 펴바른 후 가볍게 두드리듯이 흡수시켜 줍니다.,(주)메가코스,한국,해당있음,"정제수;잇꽃꽃추출물;글리세린;다이메티콘;하이드로제네이티드폴리데센;시어버터;하이드로제네이티드폴리(C6-14올레핀);부틸렌글라이콜;세틸알코올;글리세릴스테아레이트;베타인;올리브오일;보리지씨오일;로즈힙열매오일;드럼스틱씨오일;잇꽃씨오일;달맞이꽃오일;아르간커넬오일;스쿠알란;비타민나무오일;세틸에틸헥사노에이트;인도멀구슬나무잎추출물;우엉뿌리추출물;진흙버섯추출물;병풀추출물;버지니아풍년화추출물;쇠비름추출물;미로탐누스 플라벨리폴리아잎추출물;한련초추출물;체이스트트리추출물;마트리카리아꽃추출물;동백나무꽃추출물;소듐하이알루로네이트;사이클로펜타실록세인;세테스-20;스테아레스-20;프로판다이올;폴리글리세릴-10미리스테이트;폴리글리세릴-2스테아레이트;스테아릭애씨드;세테아릴알코올;폴리쿼터늄-51;피이지-75스테아레이트;소듐폴리아크릴레이트;피이지/피피지-18/18다이메티콘;트라이데세스-6;다이소듐이디티에이;하이드로제네이티드포스파티딜콜린;네오펜틸글라이콜다이헵타노에이트;세라마이드엔피;아데노신;잔탄검;트로메타민;1,2-헥산다이올;에틸헥실글리세린;하이드록시아세토페논;벤질살리실레이트;시트로넬올;부틸페닐메틸프로피오날;리날룰;하이드록시이소헥실3-사이클로헥센카복스알데하이드(구명칭);알파-아이소메틸아이오논;향료","1) 화장품 사용 시 또는 사용 후 직사광선에 의하여 사용부위가 붉은 반점, 부어오름 또는 가려움증 등의 이상 증상이나 부작용이 있는 경우 전문의 등과 상담할 것. 2) 상처가 있는 부위 등에는 사용을 자제할 것. 3) 보관 및 취급 시의 주의사항 가) 어린이의 손이 닿지 않는 곳에 보관할 것. 나) 직사광선을 피해서 보관할 것. 4. 눈 주위를 피하여 상요할 것.",본 상품의 품질보증 및 피해보상에 관한 사항은 관련 법률 및 공정거래 위원회 고시 [소비자분쟁해결기준]에 따릅니다.,080-356-2222,normal,토니모리,플로리아 뉴트라 에너지 에멀전,1816344,27469,
22g,모든 피부,개봉 전 24개월 개봉 후 12개월 이내 사용 권,스킨케어 마지막 단계에서 적당량을 취해 자외선이 노출되는 부위(얼굴 & 바디)에 골고루 펴 발라줍니다.,(주)메가코스/(주)토니모리,한국,해당있음,"다이메티콘;폴리에틸렌;비닐다이메티콘/메티콘실세스퀴옥세인크로스폴리머;에틸헥실팔미테이트;다이페닐실록시페닐트라이메티콘;옥토크릴렌;호모살레이트;에칠헥실살리실레이트;마이크로크리스탈린왁스;부틸메톡시다이벤조일메탄;에칠헥실메톡시신나메이트;폴리실리콘-15;비스-에칠헥실옥시페놀메톡시페닐트리아진(구명칭);해바라기씨오일;토코페릴아세테이트;폴리글리세릴-10올리에이트;하이드로제네이티드레시틴;유용성감초추출물;돌콩오일;아데노신;옥틸도데칸올;아나토씨오일;부틸렌글라이콜;레시틴;토코페롤;스쿠알란;나이아신아마이드;피이지-35캐스터오일;소듐스타치옥테닐석시네이트;칼슘판토테네이트;가시칠엽수씨추출물;말토덱스트린;소듐아스코빌포스페이트;판테놀;피리독신에이치씨엘;폴리솔베이트20;1,2-헥산다이올;레몬그라스추출물;버지니아풍년화추출물;쇠비름추출물;일랑일랑꽃추출물;글리세릴리놀리네이트;글리세릴아라키도네이트;실리카;레티닐팔미테이트;바이오틴;리놀레익애씨드;이노시톨;티아민에이치씨엘;폴릭애씨드;피리독신;사이아노코발아민;에탄올;다이프로필렌글라이콜;글리세린;정제수;카프릴릴글라이콜;향료","1) 화장품 사용 시 또는 사용 후 직사광선에 의하여 사용부위가 붉은 반점, 부어오름 또는 가려움증 등의 이상 증상이나 부작용이 있는 경우 전문의 등과 상담할 것  2) 상처가 있는 부위 등에는 사용을 자제할 것  3) 보관 및 취급 시의 주의사항  가) 어린이의 손이 닿지 않는 곳에 보관할 것 나) 직사광선을 피해서 보관할 것",본 상품의 품질보증 및 피해보상에 관한 사항은 관련 법률 및 공정거래 위원회 고시 [소비자분쟁해결기준]에 따릅니다.,토니모리 고객 상담실 080-356-2222,normal,토니모리,바이탈 비타12 보송 선스틱 [SPF50+/PA++++],1808681,33237,
60ml,"미백, 주름개선","개봉 전 30개월, 개봉 후 12개월",손을 씻은 후 적당량을 덜어 부드럽게 마사지하듯 고루 발라줍니다.,(주)메가코스,한국,해당있음,"정제수, 글리세린, 부틸렌글라이콜, 세테아릴알코올, 프로필렌글라이콜, 세틸에틸헥사노에이트, 1,2-헥산다이올, 하이드로제네이티드폴리(C6-14올레핀), 나이아신아마이드, 사이클로펜타실록세인, 팔미틱애씨드, 스테아릭애씨드, 시어버터, 폴리글리세릴-3메틸글루코오스다이스테아레이트, 폴리솔베이트60, 글리세릴스테아레이트, 폴리아크릴레이트-13, 피이지-100스테아레이트, 폴리아이소부텐, 폴리쿼터늄-51, 달맞이꽃오일, 잇꽃씨오일, 스쿠알란, 화산재추출물, 병풀추출물, 쇠비름추출물, 마트리카리아꽃추출물, 체이스트트리추출물, 우엉뿌리추출물, 진흙버섯추출물, 세라마이드엔피, 효모발효물, 코치닐선인장열매추출물, 연꽃잎추출물, 귤추출물, 제주조릿대추출물, 솔레이롤리아 솔레이롤리이추출물, 할미꽃추출물, 초피나무열매추출물, 겨우살이추출물, 녹차추출물, 불가리스쑥추출물, 콥티스뿌리추출물, 산뽕나무잎추출물, 프로폴리스추출물, 우스니아추출물, 인삼캘러스배양추출물, 아세틸헵타펩타이드-9, 알에이치-올리고펩타이드-1, 폴리글리세릴-10미리스테이트, 폴리글리세릴-2스테아레이트, 폴리솔베이트20, 잔탄검, 소듐폴리아크릴레이트, 아데노신, 다이소듐이디티에이, 솔비탄아이소스테아레이트, 하이드로제네이티드포스파티딜콜린, 폴리글루타믹애씨드, 금(30ppm), 에틸헥실글리세린, 달팽이점액여과물(20ppm), 네오펜틸글라이콜다이헵타노에이트, 미리스틱애씨드, 라임전초오일, 베르가모트오일, 레몬껍질오일, 오렌지껍질오일, 구주소나무잎오일, 유칼립투스잎오일, 금콜로이드(2ppb), 시트랄, 리날룰, 리모넨","1. 화장품 사용 시 또는 사용 후 직사광선에 의하여 사용부위가 붉은 반점, 부어오름 또는 가려움증 등의 이상 증상이나 부작용이 있는 경우 전문의 등과 상담할 것 2. 상처가 있는 부위 등에는 사용을 자제할 것 3. 보관 및 취급 시의 주의사항 가) 어린이의 손이 닿지 않는 곳에 보관할 것 나) 직사광선을 피해서 보관할 것",본 상품의 품질보증 및 피해보상에 관한 사항은 관련 법률 및 공정거래 위원회 고시 [소비자분쟁해결기준]에 따릅니다.,070-7878-0277,normal,토니모리,인텐스케어 골드24K 스네일 핸드크림,1802705,27414,
4g,해당 없음,"개봉 전 24개월, 개봉 후 6개월",브러쉬에 적당량의 젤 아이라이너를 취해 뭉치지 않도록 눈가에 부드럽게 펴 발라줍니다.,코스맥스㈜,한국,해당있음,사이클로펜타실록세인;사이클로헥사실록세인;트라이메틸실록시실리케이트;흑색산화철;트라이에톡시카프릴릴실레인;아이소도데케인;다이스테아다이모늄헥토라이트;프로필렌카보네이트;세레신;적색산화철;황색산화철;탈크;카프릴릴메티콘;티타늄다이옥사이드;실리카실릴레이트;부틸파라벤;비에이치티;포도씨오일;마카다미아씨오일(구명칭),"1. 화장품을 사용하여 다음과 같이 이상이 있을 경우에는 사용을 중지할 것이며, 계속 사용하면 증상을 악화시키므로 피부과 전문의 등에게 상담할 것. 1) 사용 중 붉은 반점, 부어오름, 가려움증, 자극 등의 이상이 있을 경우.2) 적용부위가 직사광선에 의해 위와 같은 이상이 있을 경우 2. 상처가 있는 곳 또는 습진 및 피부염 등의 이상이 있는 부위에는 사용을 금할 것. 3. 보관 및 취급상의 주의사항 1) 사용 후에는 반드시 마개를 닫아둘 것 2) 유. 소아의 손에 닿지 않는 곳에 보관할 것. 3) 고온 내지 저온의 장소 및 직사광선이 닿는 곳에는 보관하지 말 것.",본 상품의 품질보증 및 피해보상에 관한 사항은 관련 법률 및 공정거래 위원회 고시 [소비자분쟁해결기준]에 따릅니다.,080-356-2222,normal,토니모리,백젤 아이라이너 [02 브라운],1944999,27355,
45ml,"주름개선, 미백","개봉 전 30개월, 개봉 후 12개월",적당량을 취해 피부결을 따라 골고루 펴 바른 후 가볍게 두드리듯이 흡수시켜줍니다.,(주)메가코스,한국,해당있음,"달팽이점액여과물;글리세린;프로판다이올;글리세레스-26;정제수;세틸에틸헥사노에이트;1,2-헥산다이올;나이아신아마이드;메틸글루세스-10;사이클로펜타실록세인;폴리솔베이트60;하이드로제네이티드C6-14올레핀폴리머(구명칭);부틸렌글라이콜;스쿠알란;사이클로헥사실록세인;네오펜틸글라이콜다이헵타노에이트;다이메티콘;폴리글리세릴-10미리스테이트;폴리글리세릴-2스테아레이트;피이지-100스테아레이트;글리세릴스테아레이트;세레신;세테아릴알코올;스테아릭애씨드;아크릴레이트/C10-30알킬아크릴레이트크로스폴리머;카보머;글리세릴폴리아크릴레이트;트로메타민;티타늄다이옥사이드;마이카;하이드로제네이티드포스파티딜콜린;폴리쿼터늄-51;금;콜로이달골드(구명칭);페러스옥사이드;아세틸헵타펩타이드-9;알에이치-올리고펩타이드-1;세라마이드엔피;아데노신;폴리글루타믹애씨드;마치현추출물(구명칭);화산재추출물;병풀추출물;체이스트트리추출물;캐모마일꽃추출물;상황버섯추출물(구명칭);우엉추출물(구명칭);귤추출물;백년초열매추출물(구명칭);엔젤스티어추출물;연꽃잎추출물;제주조릿대추출물;초피나무열매추출물;할미꽃추출물;겨우살이추출물;녹차추출물;쑥추출물;효모발효물;산뽕나무잎추출물;프로폴리스추출물;황련추출물;어스니어추출물(구명칭);인삼캘러스배양추출물;레몬껍질오일;오렌지껍질오일;라임오일(구명칭);베르가모트열매오일(구명칭);구주소나무잎오일;유칼립투스잎오일;달맞이꽃오일;잇꽃씨오일;다이소듐이디티에이","1. 화장품을 사용하여 다음과 같은 이상이 있는 경우에는 사용을 중지하여야 하며, 계속 사용하면 증상을 악화시키므로 피부과 전문의 등에게 상담하십시오. 가. 사용 중 붉은 반점, 부어오름, 가려움증, 자극 등의 이상이 있는 경우 나. 적용부위가 직사광선에 의하여 위와 같은 이상이 있는 경우 2. 상처가 있는 부위, 습진 및 피부염 등의 이상이 있는 부위에는 사용을 하지 말 것3. 보관 및 취급상의 주의사항 가. 사용 후에는 반드시 마개를 닫아두십시오. 나. 유ㆍ소아의 손이 닿지 아니하는 곳에 보관하십시오.다. 고온 내지 저온의 장소 및 직사광선이 닿은 곳에는 보관하지 마십시오.",본 상품의 품질보증 및 피해보상에 관한 사항은 관련 법률 및 공정거래 위원회 고시 [소비자분쟁해결기준]에 따릅니다.,070-7878-0277,normal,토니모리,인텐스케어 골드 24K 스네일 크림,1830510,27407,
3.4g,해당 없음,"개봉 전 30개월, 개봉 후 18개월",입술선을 따라 부드럽게 발라줍니다.,"패션오렌지, 블러드레드: (주)메가코스 / 나머지호수: 코스맥스㈜",한국,해당있음,피마자씨오일;다이아이소스테아릴말레이트;카프릴릭/카프릭트라이글리세라이드;마이크로크리스탈린왁스;다이트라이메틸롤프로판아이소스테아레이트/세바케이트;다이글리세릴세바케이트/아이소팔미테이트;펜타에리스리틸테트라에틸헥사노에이트;비스-다이글리세릴폴리아실아디페이트-2;폴리에틸렌;티타늄디옥사이드(구명칭);폴리글리세릴-2트라이아이소스테아레이트;솔비탄아이소스테아레이트;다이칼슘포스페이트;글리세릴에틸헥사노에이트/스테아레이트/아디페이트;아이소노닐아이소노나노에이트;폴리부텐;브이피/헥사데센코폴리머;적색산화철;실리카다이메틸실릴레이트;알루미나;하이드로제네이티드식물성오일;아르간커넬오일;시어버터;해바라기씨오일;망고씨버터;로즈힙열매오일;호호바씨오일;카카오씨버터;쿠푸아수씨버터;포도씨오일;드럼스틱씨오일;캐모마일꽃수;로즈마리잎수;라벤더수;다이아몬드가루;자수정가루;진주가루;루비가루;백금가루;아세틸레이티드수크로오스다이스테아레이트;옥틸도데칸올;합성왁스;에이치디아이/트라이메틸올헥실락톤크로스폴리머;폴리글리세릴-2다이아이소스테아레이트;에틸렌/프로필렌코폴리머;에틸헥실팔미테이트;글리세릴카프릴레이트;트라이베헤닌;실리카;락틱애씨드;팔미토일트라이펩타이드-1;폴리메틸실세스퀴옥세인;토코페롤;정제수;데하이드로아세틱애씨드;향료;벤질알코올;황색산화철;적색202호;흑색산화철;청색1호,"1. 화장품을 사용하여 다음과 같이 이상이 있을 경우에는 사용을 중지할 것이며, 계속 사용하면 증상을 악화시키므로 피부과 전문의 등에게 상담할 것. 1) 사용 중 붉은 반점, 부어오름, 가려움증, 자극 등의 이상이 있을 경우. 2) 적용부위가 직사광선에 의해 위와 같은 이상이 있을 경우 2. 상처가 있는 곳 또는 습진 및 피부염 등의 이상이 있는 부위에는 사용을 금할 것. 3. 보관 및 취급상의 주의사항 1) 사용 후에는 반드시 마개를 닫아둘 것 2) 유. 소아의 손에 닿지 않는 곳에 보관할 것. 3) 고온 내지 저온의 장소 및 직사광선이 닿는 곳에는 보관하지 말 것.",본 상품의 품질보증 및 피해보상에 관한 사항은 관련 법률 및 공정거래 위원회 고시 [소비자분쟁해결기준]에 따릅니다.,070-7878-0277,normal,토니모리,키스러버 스타일 S [PK05 무드로즈],1874440,27422,
300ml,모든 피부,"개봉 전 30개월, 개봉 후 12개월","손을 깨끗이 씻은 후 또는 건조함을 느낄 때 마다, 적당량을 취해 골고루 펴 발라 줍니다.",(주)메가코스,한국,해당있음,"정제수;에틸헥실팔미테이트;글리세린;스테아릴알코올;스테아릭애씨드;시어버터;카카오씨버터;망고씨버터;쿠푸아수씨버터;야자씨드버터(구명칭);옥틸도데세스-16;글리세릴스테아레이트;다이메티콘;세테아릴올리베이트;솔비탄올리베이트;폴리글리세릴-10라우레이트;카보머;트로메타민;부틸렌글라이콜;비닐다이메티콘;세틸에틸헥사노에이트;병풀추출물;폴리글리세릴-4올리에이트;쇠비름추출물;하이드로제네이티드레시틴;마트리카리아꽃추출물;1,2-헥산다이올;체이스트트리추출물;토코페롤;셀룰로오스검;시트릭애씨드;에틸헥실글리세린;하이드록시아세토페논;알파-아이소메틸아이오논;시트로넬올;쿠마린;제라니올;헥실신나몰(구명칭);리날룰;부틸페닐메틸프로피오날;향료","1. 화장품 사용 시 또는 사용 후 직사광선에 의하여 사용부위가 붉은 반점, 부어오름 또는 가려움증 등의 이상 증상이나 부작용이 있는 경우 전문의 등과 상담할 것. 2. 상처가 있는 부위 등에는 사용을 자제할 것. 3. 보관 및 취급 시의 주의사항 가) 어린이의 손이 닿지 않는 곳에 보관할 것. 나) 직사광선을 피해서 보관할 것.",본 상품의 품질보증 및 피해보상에 관한 사항은 관련 법률 및 공정거래 위원회 고시 [소비자분쟁해결기준]에 따릅니다.,070-7878-0277,normal,토니모리,원더 모이스처라이징 핸드 로션,1875008,27377,
50ml,상품상세참조,"개봉 전 30개월, 개봉 후 12개월",스킨 사용 후 내용물을 적당량 덜어 피부 결에 따라 골고루 펴 바른 후 가볍게 두드리듯이 흡수시켜줍니다.,(주)메가코스,한국,해당있음,"녹차추출물;글리세린;다이프로필렌글라이콜;정제수;사이클로메티콘;1,2-헥산다이올;나이아신아마이드;폴리메틸실세스퀴옥세인;글리세릴폴리메타크릴레이트;판테놀;해바라기씨오일;베르가모트오일;티트리잎오일;호호바에스터;C14-22알코올;하이드로제네이티드폴리데센;카프릴릭/카프릭트라이글리세라이드;폴리쿼터늄-51;다이메티콘올;하이드롤라이즈드호호바에스터;C12-20알킬글루코사이드;아크릴레이트/C10-30알킬아크릴레이트크로스폴리머;카보머;하이드록시에틸셀룰로오스;아데노신;카카오추출물;에칠아스코빌에텔;덱스트린;카프릴하이드록사믹애씨드;시트릭애씨드;트로메타민;다이소듐이디티에이","1) 화장품 사용 시 또는 사용 후 직사광선에 의하여 사용부위가 붉은 반점, 부어오름 또는 가려움증 등의 이상 증상이나 부작용이 있는 경우 전문의 등과 상담할 것. 2) 상처가 있는 부위 등에는 사용을 자제할 것. 3) 보관 및 취급 시의 주의사항 가) 어린이의 손이 닿지 않는 곳에 보관할 것. 나) 직사광선을 피해서 보관할 것.",본 상품의 품질보증 및 피해보상에 관한 사항은 관련 법률 및 공정거래 위원회 고시 [소비자분쟁해결기준]에 따릅니다.,080-356-2222,normal,토니모리,더 블랙티 런던 클래식 세럼,1763536,27198,
19g,모든 피부,"개봉 전 18개월, 개봉 후 즉시",세안 후 물기를 제거한 피부에 마스크를 올려 놓습니다. 약 20~30분 후 마스크를 떼어내고 피부에 남은 에센스를 가볍게 두드려 흡수시켜 줍니다.,씨엔에프화장품,한국,해당있음,"정제수;글리세린;다이프로필렌글라이콜;프로판다이올;올리브오일피이지-8에스터;부틸렌글라이콜;소듐하이알루로네이트;메틸프로판다이올;글리세릴아크릴레이트/아크릴릭애씨드코폴리머;프로필렌글라이콜;피브이엠/엠에이코폴리머;클로페네신;하이드록시에틸셀룰로오스;다이소듐이디티에이;잔탄검;피이지-60하이드로제네이티드캐스터오일;스페인감초뿌리추출물;생강추출물;오미자추출물;황련추출물;녹차추출물;카프릴릴글라이콜;1,2-헥산다이올;다이포타슘글리시리제이트;하이드록시에틸아크릴레이트/소듐아크릴로일다이메틸타우레이트코폴리머;카보머;알지닌;왕귤씨추출물;창포뿌리추출물;들깨잎추출물;향료","1) 화장품을 사용하여 다음과 같은 이상이 있는 경우에는 사용을 중지하여야 하며, 계속 사용하면 증상이 악화되므로 피부과 전문의 등에게 상담할 것. 가) 사용 중 붉은 반점, 부어오름, 가려움증, 자극 등의 이상이 있는 경우. 나) 적용 부위가 직사광선에 의하여 위와 같은 이상이 있는 경우. 2) 상처가 있는 부위, 습진 및 피부염 등의 이상이 있는 부위에는 사용을 하지 말 것. 3) 보관 및 취급 시의 주의사항 가) 사용 후에는 반드시 마개를 닫아둘 것. 나) 유아ㆍ소아의 손이 닿지 않는 곳에 보관할 것. 다) 고온 또는 저온의 장소 및 직사광선이 닿는 곳에는 보관하지 말 것. 라) 개봉 후 즉시 사용하고 사용한 제품을 보관, 또는 재 사용하지 말 것. 4) 눈 주위를 피하여 사용할 것. 본 제품에 이상이 있을 경우 공정거래위원회 고시 “소비자분쟁해결기준”에 의해 교환 또는 보상해드립니다.",본 상품의 품질보증 및 피해보상에 관한 사항은 관련 법률 및 공정거래 위원회 고시 [소비자분쟁해결기준]에 따릅니다.,070-7878-0277,normal,토니모리,마스터 랩 히알루론산 마스크 시트,1755163,27332,
7g,해당 없음,"개봉 전 24개월, 개봉 후 6개월","브러쉬에 적당량을 취해 속눈썹을 위에서 아래로 가볍게 쓸어 내린후, 아래에서 위로 지그재그로 꼼꼼하게 발라줍니다.",코스맥스㈜,한국,해당있음,"정제수;아크릴레이트/에틸헥실아크릴레이트코폴리머;다이프로필렌글라이콜;비즈왁스;카나우바왁스;피브이피;스테아릭애씨드;나일론-12;CI 77266;하이드롤라이즈드실크;후박추출물(구명칭);검정콩추출물;다이메티콘;솔비탄스테아레이트;팔미틱애씨드;페트롤라툼;폴리솔베이트60;1,2-헥산다이올;트로메타민;아미노메틸프로판다이올;보론나이트라이드;셀룰로오스;펜틸렌글라이콜;하이드록시에틸셀룰로오스;라우레스-21;몬모릴로나이트;피이지-40하이드로제네이티드캐스터오일;미리스틱애씨드;에틸헥실글리세린;소듐나이트레이트;부틸렌글라이콜;메틸글루카민;변성알코올;페녹시에탄올;소듐데하이드로아세테이트","1. 화장품을 사용하여 다음과 같이 이상이 있을 경우에는 사용을 중지할 것이며, 계속 사용하면 증상을 악화시키므로 피부과 전문의 등에게 상담할 것. 1) 사용 중 붉은 반점, 부어오름, 가려움증, 자극 등의 이상이 있을 경우. 2) 적용부위가 직사광선에 의해 위와 같은 이상이 있을 경우 2. 상처가 있는 곳 또는 습진 및 피부염 등의 이상이 있는 부위에는 사용을 금할 것. 3. 보관 및 취급상의 주의사항 1) 사용 후에는 반드시 마개를 닫아둘 것 2) 유. 소아의 손에 닿지 않는 곳에 보관할 것. 3) 고온 내지 저온의 장소 및 직사광선이 닿는 곳에는 보관하지 말 것.",본 상품의 품질보증 및 피해보상에 관한 사항은 관련 법률 및 공정거래 위원회 고시 [소비자분쟁해결기준]에 따릅니다.,070-7878-0277,normal,토니모리,퍼펙트아이즈 에어텐션 마스카라 [01 에어컬링&볼륨],1740705,27440,
2g,해당없음,"개봉 전 36개월, 개봉 후 24개월",1. 내장된 브러쉬를 이요하여 눈썹 결을 따라서 컬러를 믹싱하여 가볍게 발라줍니다. 2. 진한 컬러로 자연스럽게 그라데이션하여 눈썹 꼬리를 정리해줍니다.,코스맥스㈜,한국,해당있음,탤크;마이카;티타늄다이옥사이드;흑색산화철;황색산화철;나일론-12;실리카;적색산화철;네오펜틸글라이콜다이에틸헥사노에이트;페닐트라이메티콘;다이메티콘;마그네슘미리스테이트;다이아이소스테아릴말레이트;다이펜타에리스리틸헥사하이드록시스테아레이트/헥사스테아레이트/헥사로지네이트;옥틸도데실스테아로일스테아레이트;아이소스테아릴네오펜타노에이트;프로판다이올;폴리부텐;하이드로제네이티드레시틴;메티콘;토코페릴아세테이트;판테놀;소듐데하이드로아세테이트;탤크;마이카;흑색산화철;티타늄다이옥사이드;황색산화철;나일론-12;실리카;네오펜틸글라이콜다이에틸헥사노에이트;적색산화철;페닐트라이메티콘;다이메티콘;마그네슘미리스테이트;다이아이소스테아릴말레이트;다이펜타에리스리틸헥사하이드록시스테아레이트/헥사스테아레이트/헥사로지네이트;옥틸도데실스테아로일스테아레이트;아이소스테아릴네오펜타노에이트;프로판다이올;폴리부텐;하이드로제네이티드레시틴;메티콘;토코페릴아세테이트;판테놀;소듐데하이드로아세테이트,"1. 본 제품을 사용하여 다음과 같은 이상이 있는 경우에는 사용을 중지하여야 하며, 계속 사용하면 증상을 악화시키므로 피부과 전문의 등에게 상담하여 주십시오. 가. 사용 중 붉은 반점, 부어 오름, 가려움증, 자극 등의 이상이 있는 경우 나. 적용부위가 직사광선에 의하여 위와 같은 이상이 있는 경우 2. 상처가 있는 부위, 습진 및 피부염 등의 이상이 있는 부위에는 사용을 중지하여 주십시오. 3. 보관 및 취급상의 주의사항 가. 사용 후에는 반드시 마개를 닫아 두십시오 나. 유ㆍ소아의 손이 닿지 아니하는 곳에 보관하십시오. 다. 고온 내지 저온의 장소 및 직사광선이 닿는 곳에는 보관하지 마십시오.",본 상품의 품질보증 및 피해보상에 관한 사항은 관련 법률 및 공정거래 위원회 고시 [소비자분쟁해결기준]에 따릅니다.,080-356-2222,normal,토니모리,이지터치 케익 아이브로우 [그레이브라운],1712051,27390,
50ml,상품상세참조,"개봉 전 30개월, 개봉 후 12개월",적당량을 덜어 피부 결을 따라 부드럽게 펴 발라 준 후 톡톡 두드려 흡수시켜 줍니다.,(주)메가코스,한국,해당있음,"정제수;하이드로제네이티드폴리(C6-14올레핀);글리세린;세테아릴알코올;다이프로필렌글라이콜;카프릴릭/카프릭트라이글리세라이드;1,2-헥산다이올;다이메티콘;살구씨오일;사이클로펜타실록세인;글리세릴스테아레이트에스이;세테아릴올리베이트;알루미늄수크로오스옥타설페이트;판테놀;스쿠알란;마카다미아씨오일(구명칭);올레익애씨드;달맞이꽃오일;잇꽃씨오일;서양유채스테롤(구명칭);세라마이드엔피;콜레스테롤;소듐하이알루로네이트;병풀추출물;쇠비름추출물;체이스트트리추출물;마트리카리아꽃추출물;진흙버섯추출물;우엉뿌리추출물;사이클로헥사실록세인;솔비탄올리베이트;부틸렌글라이콜;C12-16알코올;세테아릴글루코사이드;폴리글리세릴-3메틸글루코오스다이스테아레이트;마이크로크리스탈린셀룰로오스;비닐다이메티콘;소듐폴리아크릴레이트;팔미틱애씨드;하이드로제네이티드레시틴;에틸헥실스테아레이트;셀룰로오스검;세틸에틸헥사노에이트;폴리글리세릴-4올리에이트;트라이데세스-6;네오펜틸글라이콜다이헵타노에이트;하이드로제네이티드포스파티딜콜린;스테아릭애씨드;폴리글리세릴-10미리스테이트;폴리글리세릴-2스테아레이트;토코페롤;폴리데센;폴리쿼터늄-51;다이소듐이디티에이","1. 화장품 사용 시 또는 사용 후 직사광선에 의하여 사용부위가 붉은 반점, 부어오름 또는 가려움증 등의 이상 증상이나 부작용이 있는 경우 전문의 등과 상담할 것. 2. 상처가 있는 부위 등에는 사용을 자제할 것. 3. 보관 및 취급 시의 주의사항 가) 어린이의 손이 닿지 않는 곳에 보관할 것. 나) 직사광선을 피해서 보관할 것.",본 상품의 품질보증 및 피해보상에 관한 사항은 관련 법률 및 공정거래 위원회 고시 [소비자분쟁해결기준]에 따릅니다.,080-356-2222,normal,토니모리,수크라테놀 리커버 크림,1825885,27630,
300ml + 50ml,상품상세참조,"개봉 전 30개월, 개봉 후 12개월",세안 후 손이나 화장솜에 내용물을 적당량 덜어 피부 안쪽에서 바깥쪽으로 닦아내듯 펴 발라준 후 손바닥으로 피부를 감싸듯이 눌러 마무리합니다.,(주)메가코스,한국,해당있음,"정제수;글리세린;글리세레스-26;다마스크장미꽃수;1,2-헥산다이올;다이프로필렌글라이콜;부틸렌글라이콜;판테놀;메틸글루세스-20;비닐다이메티콘;알란토인;세틸에틸헥사노에이트;아크릴레이트/C10-30알킬아크릴레이트크로스폴리머;에틸헥실팔미테이트;잔탄검;글라이신;바이오사카라이드검-1;소듐카보머;알지닌;세린;글루타믹애씨드;폴리글리세릴-4올리에이트;하이드로제네이티드레시틴;아스파틱애씨드;류신;폴리글리세릴-10올리에이트;알라닌;라이신;타이로신;페닐알라닌;프롤린;트레오닌;발린;아이소류신;히스티딘;메티오닌;시스테인;록샘파이어추출물;알루미늄수크로오스옥타설페이트;피브이피;소듐아세테이트;풀러린;올리고펩타이드-1;다이소듐이디티에이","1. 화장품 사용 시 또는 사용 후 직사광선에 의하여 사용부위가 붉은 반점, 부어오름 또는 가려움증 등의 이상 증상이나 부작용이 있는 경우 전문의 등과 상담할 것 2. 상처가 있는 부위 등에는 사용을 자제할 것 3. 보관 및 취급 시의 주의사항 가) 어린이의 손이 닿지 않는 곳에 보관할 것 나) 직사광선을 피해서 보관할 것.",본 상품의 품질보증 및 피해보상에 관한 사항은 관련 법률 및 공정거래 위원회 고시 [소비자분쟁해결기준]에 따릅니다.,070-7878-0277,normal,토니모리,수크라테놀 리커버 토너,1882782,27677,
50ml,해당 없음,"개봉 전 30개월, 개봉 후 12개월",적당량을 덜어 피부 결을 따라 부드럽게 펴 발라 준 후 톡톡 두드려 흡수시켜 줍니다.,(주)메가코스,한국,해당있음,"정제수;글리세린;프로판다이올;사이클로펜타실록세인;하이드로제네이티드폴리(C6-14올레핀);폴리글리세릴-3메틸글루코오스다이스테아레이트;세테아릴알코올;판테놀;알루미늄수크로오스옥타설페이트;스쿠알란;콜레스테롤;올레익애씨드;잇꽃씨오일;세라마이드엔피;서양유채스테롤(구명칭);달맞이꽃오일;마카다미아씨오일(구명칭);병풀추출물;쇠비름추출물;진흙버섯추출물;우엉뿌리추출물;마트리카리아꽃추출물;체이스트트리추출물;부틸렌글라이콜;글리세릴스테아레이트;비닐다이메티콘;소듐폴리아크릴레이트;카보머;에틸헥실스테아레이트;트로메타민;세틸에틸헥사노에이트;스테아릭애씨드;폴리글리세릴-4올리에이트;1,2-헥산다이올;하이드로제네이티드레시틴;트라이데세스-6;네오펜틸글라이콜다이헵타노에이트;하이드로제네이티드포스파티딜콜린;폴리글리세릴-10미리스테이트;폴리글리세릴-2스테아레이트;토코페롤;폴리데센;폴리쿼터늄-51;에틸헥실글리세린;하이드록시아세토페논;다이소듐이디티에이","1. 화장품 사용 시 또는 사용 후 직사광선에 의하여 사용부위가 붉은 반점, 부어오름 또는 가려움증 등의 이상 증상이나 부작용이 있는 경우 전문의 등과 상담할 것. 2. 상처가 있는 부위 등에는 사용을 자제할 것. 3. 보관 및 취급 시의 주의사항 가) 어린이의 손이 닿지 않는 곳에 보관할 것. 나) 직사광선을 피해서 보관할 것.",본 상품의 품질보증 및 피해보상에 관한 사항은 관련 법률 및 공정거래 위원회 고시 [소비자분쟁해결기준]에 따릅니다.,070-7878-0277,normal,토니모리,수크라테놀 리커버 겔,1825883,27632,
390ml,모든피부,상품상세참조,상품상세참조,(주)서울화장품 / 엔프라니(주),한국,해당있음,"정제수, 소듐라우레스설페이트, 코카미도프로필베타인, 소듐라우릴설페이트, 티이에이-라우릴설페이트, 글리세린, 징크피리치온액(50%)(징크피리치온액), 피피지-3미리스틸에터, 향료, 덱스판테놀(판테놀), 폴리쿼터늄-10, 멘톨, 소듐벤조에이트, 나이아신아마이드, 트라이하이드록시스테아린, 시트릭애씨드, 지황뿌리추출물, 징크클로라이드, 다이소듐이디티에이, 알지닌, 부틸렌글라이콜, 비오틴(바이오틴 600 ppm), 소듐클로라이드, 트레할로오스, 콘민트추출물, 1,2-헥산다이올, 콘민트오일, 페퍼민트오일, 도꼬마리열매추출물, 인삼추출물, 뽕나무껍질추출물, 스페인감초뿌리추출물, 구기자추출물, 창포뿌리추출물, 측백나무잎추출물, 산구절초추출물, 효모폴리펩타이드, 카프릴릴글라이콜, 에틸헥실글리세린, 에스에이치-올리고펩타이드-1, 에스에이치-올리고펩타이드-2, 에스에이치-폴리펩타이드-1, 에스에이치-폴리펩타이드-10, 에스에이치-폴리펩타이드-22, 트로폴론, 소듐포스페이트, 레시틴, 펜틸렌글라이콜, 카퍼트라이펩타이드-1","화장품을 사용하여 다음과 같이 이상이 있을 경우에는 사용을 중지할 것이며, 계속 사용하면 증상을 악화시키므로 피부과 전문의등에게 상담하십시오. 가) 사용중 붉은반점, 부어오름, 가려움증, 자극 등의 이상이 있을 경우 나) 사용부위가 직사광선에 의해 위와 같은 이상이 있을 경우 상처가 있는 곳 또는 습진 및 피부염 등의 이상이 있는 부위에는 사용하지 마십시오. 보관 및 취급상의 주의사항 가) 사용 후에는 반드시 마개를 닫아 둘 것. 나) 유/소아의 손에 닿지 않는 곳에 보관할 것. 다) 고온 내지 저온의 장소 및 직사광선이 닿는 곳에 보관하지 말 것.",상품상세참조,070-5014-0324,normal,홀리카홀리카(엔프라니),비오틴 탈모 컨트롤 샴푸,1833196,27727,
15ML,모든 피부,개봉전 30개월 / 개봉후 즉시,"1. 손을 깨끗이 씻은 다음 물기를 제거합니다. 2. 핸드 마스크 시트를 점선을 따라 두 개로 나눈 뒤, 에센스가 적셔진 부직포 안으로 손을 넣어 착용합니다. 3. 핸드 마스크 시트 착용 후 에센스가 잘 흡수될 수 있도록 마사지 해 주면 더욱 좋습니다. 4. 15~20분 후 핸드 마스크 시트를 제거하고 남아 있는 에센스는 가볍게 두드려 흡수시켜 줍니다.",㈜엔코스 / 엔프라니㈜,한국,해당없음,"정제수, 다이메티콘, 부틸렌글라이콜, 글리세린, 변성알코올, 미네랄오일, 세틸에틸헥사노에이트, 베타인, 토코페릴아세테이트, 우레아, 시어버터, 트레할로오스, 파파야열매추출물, 소듐하이알루로네이트, 마트리카리아꽃추출물, 알로에베라잎즙, 아보카도오일, 올리브오일, 꿀추출물, 석류추출물, 우유단백질추출물, 사이클로펜타실록세인, 세테아릴글루코사이드, 폴리아크릴레이트-13, 폴리아이소부텐, 세테아릴알코올, 글리세릴스테아레이트, 피이지-100스테아레이트, 폴리솔베이트20, 폴리글리세릴-3메틸글루코오스다이스테아레이트, 아크릴레이트/C10-30알킬아크릴레이트크로스폴리머, 트라이에탄올아민, 다이소듐이디티에이, 페녹시에탄올, 메틸파라벤, 프로필파라벤, 향료, 알파-아이소메틸아이오논, 시트로넬올, 헥실신남알, 리날룰, 부틸페닐메틸프로피오날","1) 화장품 사용 시 또는 사용 후 직사광선에 의하여 사용부위가 붉은 반점, 부어오름 또는 가려움증 등의 이상 증상이나 부작용이 있는 경우 전문의 등과 상담할 것 2) 상처가 있는 부위 등에는 사용을 자제할 것 3) 보관 및 취급 시의 주의사항 가) 어린이의 손이 닿지 않는 곳에 보관할 것 나)직사광선을 피해서 보관할 것 4) 눈 주위를 피하여 사용할 것 5) 붙이는 반창고나 습포에 자극이 심한 경우 주의할 것 6) 마스크 시트는 1회만 사용하고 다른 용도로 사용하지 말 것",본 제품에 이상이 있을 경우 공정거래위원회 고시 소비자분쟁해결기준에 의거 보상해 드립니다.,070-5014-0324,normal,홀리카홀리카(엔프라니),베이비 실키 핸드 마스크 시트,1992111,52931,
2.5g,모든피부,개봉전 24개월,상품상세참조,씨앤씨인터네셔널/엔프라니(주),한국,해당없음,"정제수;부틸렌글라이콜;마이카;소듐스테아레이트;비스-피이지-18메틸에터다이메틸실레인;펜틸렌글라이콜;글리세린;솔비탄아이소스테아레이트;소듐클로라이드;글리세릴스테아레이트;폴리솔베이트60;다이메티콘;페녹시에탄올;적색104호의(1);황색5호;하이드록시에틸셀룰로오스;적색218호;향료;적색227호;리날룰;리모넨;소듐아세테이트;비에이치티;시트로넬올;셀룰로오스;로우스위트블루베리추출물;유자추출물;복숭아추출물;1,2-헥산다이올","화장품을 사용하여 다음과 같이 이상이 있을 경우에는 사용을 중지할 것이며, 계속 사용하면 증상을 악화시키므로 피부과 전문의등에게 상담하십시오. 가) 사용중 붉은반점, 부어오름, 가려움증, 자극 등의 이상이 있을 경우 나) 사용부위가 직사광선에 의해 위와 같은 이상이 있을 경우 상처가 있는 곳 또는 습진 및 피부염 등의 이상이 있는 부위에는 사용하지 마십시오. 보관 및 취급상의 주의사항 가) 사용 후에는 반드시 마개를 닫아 둘 것. 나) 유/소아의 손에 닿지 않는 곳에 보관할 것. 다) 고온 내지 저온의 장소 및 직사광선이 닿는 곳에 보관하지 말 것.",본 상품의 품질보증 및 피해보상에 관한 사항은 관련 법률 및 공정거래위원회 고시 「소비자분쟁해결기준」에 따릅니다.,070-5014-0324,normal,홀리카홀리카(엔프라니),워터 바이브 틴트 [02 걸프],1944473,25149,
2.5g,모든피부,개봉전 24개월,상품상세참조,씨앤씨인터네셔널/엔프라니(주),한국,해당없음,"정제수;부틸렌글라이콜;마이카;소듐스테아레이트;비스-피이지-18메틸에터다이메틸실레인;글리세린;펜틸렌글라이콜;솔비탄아이소스테아레이트;적색102호;글리세릴스테아레이트;다이메티콘;폴리솔베이트60;소듐클로라이드;페녹시에탄올;하이드록시에틸셀룰로오스;황색5호;적색2호;향료;소듐설페이트;리날룰;리모넨;소듐아세테이트;청색1호;비에이치티;시트로넬올;셀룰로오스;로우스위트블루베리추출물;유자추출물;복숭아추출물;1,2-헥산다이올","화장품을 사용하여 다음과 같이 이상이 있을 경우에는 사용을 중지할 것이며, 계속 사용하면 증상을 악화시키므로 피부과 전문의등에게 상담하십시오. 가) 사용중 붉은반점, 부어오름, 가려움증, 자극 등의 이상이 있을 경우 나) 사용부위가 직사광선에 의해 위와 같은 이상이 있을 경우 상처가 있는 곳 또는 습진 및 피부염 등의 이상이 있는 부위에는 사용하지 마십시오. 보관 및 취급상의 주의사항 가) 사용 후에는 반드시 마개를 닫아 둘 것. 나) 유/소아의 손에 닿지 않는 곳에 보관할 것. 다) 고온 내지 저온의 장소 및 직사광선이 닿는 곳에 보관하지 말 것.",본 상품의 품질보증 및 피해보상에 관한 사항은 관련 법률 및 공정거래위원회 고시 「소비자분쟁해결기준」에 따릅니다.,070-5014-0324,normal,홀리카홀리카(엔프라니),워터 바이브 틴트 [06 고고],1944477,25189,
100ml,모든 피부,상품상세참조,적당량을 취하여 얼굴 전체에 바르고 손바닥으로 두드리듯 흡수시켜 줍니다.,엔프라니(주) / 엔프라니(주),한국,해당있음,"정제수, 메틸프로판다이올, 글리세린, 페닐트라이메티콘, 베타인, 1,2-헥산다이올, 옥틸도데칸올, 소듐하이알루로네이트(340,000 ppb), 하이드롤라이즈드삼색제비꽃추출물, 다이메티콘, 하이드록시에틸아크릴레이트/소듐아크릴로일다이메틸타우레이트코폴리머, 폴리메틸실세스퀴옥세인, 알란토인, 하이드롤라이즈드하이알루로닉애씨드(22,000 ppb), 하이알루로닉애씨드(20,000 ppb), 하이드롤라이즈드소듐하이알루로네이트(20,000 ppb), 하이드록시프로필트라이모늄하이알루로네이트(20,000 ppb), 포타슘하이알루로네이트(20,000 ppb), 암모늄아크릴로일다이메틸타우레이트/브이피코폴리머, 아크릴레이트/C10-30알킬아크릴레이트크로스폴리머, 다이메티콘/비닐다이메티콘크로스폴리머, 트로메타민, 다이소듐이디티에이, 펜틸렌글라이콜, 소듐하이알루로네이트크로스폴리머(4,000 ppb), 소듐아세틸레이티드하이알루로네이트(2,000 ppb), 에틸헥실글리세린, 향료, 알파-아이소메틸아이오논, 리모넨, 리날룰","화장품을 사용하여 다음과 같이 이상이 있을 경우에는 사용을 중지할 것이며, 계속 사용하면 증상을 악화시키므로 피부과 전문의등에게 상담하십시오. 가) 사용중 붉은반점, 부어오름, 가려움증, 자극 등의 이상이 있을 경우 나) 사용부위가 직사광선에 의해 위와 같은 이상이 있을 경우 상처가 있는 곳 또는 습진 및 피부염 등의 이상이 있는 부위에는 사용하지 마십시오. 보관 및 취급상의 주의사항 가) 사용 후에는 반드시 마개를 닫아 둘 것. 나) 유/소아의 손에 닿지 않는 곳에 보관할 것. 다) 고온 내지 저온의 장소 및 직사광선이 닿는 곳에 보관하지 말 것.",상품상세참조,070-5014-0324,normal,홀리카홀리카(엔프라니),히알루로닉 하이드라 젤 크림,1884405,46278,
4.5g,모든 피부용,개봉전 36개월 / 개봉후 18개월,내용물을 1mm씩 꺼내어 입술에 자연스럽게 펴 발라줍니다.,㈜코스맥스 / 엔프라니㈜,대한민,해당있음,"트라이메틸펜타페닐트라이실록세인, 브이피/헥사데센코폴리머, 다이페닐다이메티콘, 하이드로제네이티드폴리아이소부텐, 하이드로제네이티드코코-글리세라이즈, 브이피/에이코신코폴리머, 세틸에틸헥사노에이트, 합성왁스, 아이소도데케인, 폴리에틸렌, 옥틸도데칸올, 실리카실릴레이트, 다이아이소스테아릴말레이트, 아이소부틸메타크릴레이트/비스-하이드록시프로필다이메티콘아크릴레이트코폴리머, 티타늄디옥사이드 (CI 77891), 살구씨오일, 아보카도열매추출물, 소듐하이알루로네이트, 하이드롤라이즈드하이알루로닉애씨드, 하이알루로닉애씨드, 수크로오스테트라스테아레이트트라이아세테이트, 폴리글리세릴-2트라이아이소스테아레이트, 칸데릴라왁스, 시메티콘, 다이스테아다이모늄헥토라이트, 폴리글리세릴-2다이아이소스테아레이트, 프로필렌카보네이트, 정제수, 말토덱스트린, 프로판다이올, 벤질글라이콜, 하이드롤라이즈드글라이코사미노글리칸, 글리세린, 소듐하이알루로네이트크로스폴리머, 1,2-헥산다이올, 에틸헥실글리세린, 하이드록시프로필트라이모늄하이알루로네이트, 소듐아세틸레이티드하이알루로네이트, 향료, 리모넨, 리날룰, 시트랄, 황색4호 (CI 19140), 적색산화철 (CI 77491), 적색202호 (CI 15850)","가. 화장품 사용 시 또는 사용 후 직사광선에 의하여 사용부위가 붉은 반점, 부어오름 또는 가려움증 등의 이상 증상이나 부작용이 있는 경우에는 전문의 등과 상담할 것 나. 상처가 있는 부위 등에는 사용을 자제할 것 다. 보관 및 취급 시 주의사항 1) 어린이의 손이 닿지 않는 곳에 보관할 것 2) 직사광선을 피해서 보관할 것 라. 눈에 들어갔을 때에는 즉시 씻어낼 것",본 제품에 이상이 있을 경우 공정거래위원회 고시 ‘소비자분쟁해결기준’에 의해 보상해드립니다.,070-5014-0324,normal,홀리카홀리카(엔프라니),글로우 라이즈 밤 [02 모모 피치],2160438,73936,
5g,모든 피부,개봉 전 30개월/개봉 후 12개월,상품상세참조,코스맥스(주)/엔프라니(주),한국,해당있음,"01레들리:다이메티콘, 다이메티콘크로스폴리머, 실리카, 파라핀, 합성플루오르플로고파이트, 아이소노닐아이소노나노에이트, 다이아이소스테아릴말레이트, 사과씨오일, 적색202호 (CI 15850), 폴리글리세릴-2트라이아이소스테아레이트, 폴리글리세릴-2다이아이소스테아레이트, 동백나무씨오일, 라즈베리씨오일/토코페릴석시네이트아미노프로판다이올에스터, 포도씨오일, 코튼씨추출물, 세틸피이지/피피지-10/1다이메티콘, 솔비탄아이소스테아레이트, 다이글리세릴세바케이트/아이소팔미테이트, 비닐다이메티콘/메티콘실세스퀴옥세인크로스폴리머, 폴리하이드록시스테아릭애씨드, 마이크로크리스탈린왁스, 다이스테아다이모늄헥토라이트, 레시틴, 에틸헥실팔미테이트, 아이소프로필미리스테이트, 아이소스테아릭애씨드, 폴리글리세릴-3폴리리시놀리에이트, 트라이에틸시트레이트, 토코페롤, 부틸렌글라이콜, 정제수, 글리세린, 향료, 황색5호 (CI 15985), 티타늄디옥사이드 (CI 77891), 적색산화철 (CI 77491), 적색104호의(1) (CI 45410)","1) 화장품 사용 시 또는 사용 후 직사광선에 의하여 사용부위가 붉은 반점,부어오름 또는 가려움증 등의 이상 증상이나 부작용이 있는 경우 전문의 등과 상담할 것 2) 상처가 있는 부위 등에는 사용을 자제할 것 3) 보관 및 취급 시의 주의사항 가) 어린이의 손이 닿지 않는 곳에 보관할 것 나) 직사광선을 피해서 보관할 것",본 상품의 품질보증 및 피해보상에 관한 사항은 관련 법률 및 공정거래위원회 고시 「소비자분쟁해결기준」에 따릅니다.,070-5014-0324,normal,홀리카홀리카(엔프라니),멜팅 블러 립 팟 [01 레들리],2100539,64225,
5g,모든 피부,개봉 전 30개월/개봉 후 12개월,상품상세참조,코스맥스(주)/엔프라니(주),한국,해당있음,"[02 피크] 다이메티콘, 다이메티콘크로스폴리머, 실리카, 아이소노닐아이소노나노에이트, 파라핀, 합성플루오르플로고파이트, 다이아이소스테아릴말레이트, 티타늄디옥사이드 (CI 77891), 사과씨오일, 폴리글리세릴-2트라이아이소스테아레이트, 동백나무씨오일, 라즈베리씨오일/토코페릴석시네이트아미노프로판다이올에스터, 포도씨오일, 코튼씨추출물, 세틸피이지/피피지-10/1다이메티콘, 솔비탄아이소스테아레이트, 다이글리세릴세바케이트/아이소팔미테이트, 비닐다이메티콘/메티콘실세스퀴옥세인크로스폴리머, 폴리하이드록시스테아릭애씨드, 마이크로크리스탈린왁스, 다이스테아다이모늄헥토라이트, 레시틴, 폴리글리세릴-2다이아이소스테아레이트, 에틸헥실팔미테이트, 아이소프로필미리스테이트, 아이소스테아릭애씨드, 폴리글리세릴-3폴리리시놀리에이트, 트라이에틸시트레이트, 토코페롤, 부틸렌글라이콜, 정제수, 글리세린, 향료, 황색산화철 (CI 77492), 적색202호 (CI 15850), 적색산화철 (CI 77491), 황색4호 (CI 19140), 적색227호 (CI 17200), 적색201호 (CI 15850)","1) 화장품 사용 시 또는 사용 후 직사광선에 의하여 사용부위가 붉은 반점,부어오름 또는 가려움증 등의 이상 증상이나 부작용이 있는 경우 전문의 등과 상담할 것 2) 상처가 있는 부위 등에는 사용을 자제할 것 3) 보관 및 취급 시의 주의사항 가) 어린이의 손이 닿지 않는 곳에 보관할 것 나) 직사광선을 피해서 보관할 것",본 상품의 품질보증 및 피해보상에 관한 사항은 관련 법률 및 공정거래위원회 고시 「소비자분쟁해결기준」에 따릅니다.,070-5014-0324,normal,홀리카홀리카(엔프라니),멜팅 블러 립 팟 [02 피크],2100541,64226,
4.5g,모든 피부용,개봉전 36개월 / 개봉후 18개월,내용물을 1mm씩 꺼내어 입술에 자연스럽게 펴 발라줍니다.,㈜코스맥스 / 엔프라니㈜,대한민국,해당있음,"트라이메틸펜타페닐트라이실록세인, 브이피/헥사데센코폴리머, 다이페닐다이메티콘, 하이드로제네이티드폴리아이소부텐, 세틸에틸헥사노에이트, 하이드로제네이티드코코-글리세라이즈, 브이피/에이코신코폴리머, 합성왁스, 아이소도데케인, 폴리에틸렌, 옥틸도데칸올, 실리카실릴레이트, 다이아이소스테아릴말레이트, 아이소부틸메타크릴레이트/비스-하이드록시프로필다이메티콘아크릴레이트코폴리머, 살구씨오일, 아보카도열매추출물, 소듐하이알루로네이트, 하이드롤라이즈드하이알루로닉애씨드, 하이알루로닉애씨드, 수크로오스테트라스테아레이트트라이아세테이트, 폴리글리세릴-2트라이아이소스테아레이트, 칸데릴라왁스, 시메티콘, 다이스테아다이모늄헥토라이트, 폴리글리세릴-2다이아이소스테아레이트, 프로필렌카보네이트, 정제수, 말토덱스트린, 프로판다이올, 벤질글라이콜, 하이드롤라이즈드글라이코사미노글리칸, 글리세린, 소듐하이알루로네이트크로스폴리머, 1,2-헥산다이올, 에틸헥실글리세린, 하이드록시프로필트라이모늄하이알루로네이트, 소듐아세틸레이티드하이알루로네이트, 향료, 리모넨, 리날룰, 시트랄, 티타늄디옥사이드 (CI 77891), 황색4호 (CI 19140), 적색산화철 (CI 77491), 적색202호 (CI 15850), 흑색산화철 (CI 77499)","가. 화장품 사용 시 또는 사용 후 직사광선에 의하여 사용부위가 붉은 반점, 부어오름 또는 가려움증 등의 이상 증상이나 부작용이 있는 경우에는 전문의 등과 상담할 것 나. 상처가 있는 부위 등에는 사용을 자제할 것 다. 보관 및 취급 시 주의사항 1) 어린이의 손이 닿지 않는 곳에 보관할 것 2) 직사광선을 피해서 보관할 것 라. 눈에 들어갔을 때에는 즉시 씻어낼 것",본 제품에 이상이 있을 경우 공정거래위원회 고시 ‘소비자분쟁해결기준’에 의해 보상해드립니다.,070-5014-0324,normal,홀리카홀리카(엔프라니),글로우 라이즈 밤 [04 멜팅 로지],2160450,73939,
5g,모든 피부,개봉 전 30개월/개봉 후 12개월,상품상세참조,코스맥스(주)/엔프라니(주),한국,해당있음,"[4 로지스] 다이메티콘, 다이메티콘크로스폴리머, 실리카, 파라핀, 합성플루오르플로고파이트, 다이아이소스테아릴말레이트, 아이소노닐아이소노나노에이트, 티타늄디옥사이드 (CI 77891), 사과씨오일, 폴리글리세릴-2트라이아이소스테아레이트, 동백나무씨오일, 라즈베리씨오일/토코페릴석시네이트아미노프로판다이올에스터, 포도씨오일, 코튼씨추출물, 세틸피이지/피피지-10/1다이메티콘, 솔비탄아이소스테아레이트, 다이글리세릴세바케이트/아이소팔미테이트, 비닐다이메티콘/메티콘실세스퀴옥세인크로스폴리머, 폴리하이드록시스테아릭애씨드, 마이크로크리스탈린왁스, 폴리글리세릴-2다이아이소스테아레이트, 다이스테아다이모늄헥토라이트, 레시틴, 에틸헥실팔미테이트, 아이소프로필미리스테이트, 아이소스테아릭애씨드, 폴리글리세릴-3폴리리시놀리에이트, 트라이에틸시트레이트, 토코페롤, 부틸렌글라이콜, 정제수, 글리세린, 향료, 황색산화철 (CI 77492), 적색202호 (CI 15850), 황색4호 (CI 19140), 적색산화철 (CI 77491), 적색227호 (CI 17200), 적색201호 (CI 15850)","1) 화장품 사용 시 또는 사용 후 직사광선에 의하여 사용부위가 붉은 반점,부어오름 또는 가려움증 등의 이상 증상이나 부작용이 있는 경우 전문의 등과 상담할 것 2) 상처가 있는 부위 등에는 사용을 자제할 것 3) 보관 및 취급 시의 주의사항 가) 어린이의 손이 닿지 않는 곳에 보관할 것 나) 직사광선을 피해서 보관할 것",본 상품의 품질보증 및 피해보상에 관한 사항은 관련 법률 및 공정거래위원회 고시 「소비자분쟁해결기준」에 따릅니다.,070-5014-0324,normal,홀리카홀리카(엔프라니),멜팅 블러 립 팟 [04 로지스],2100543,64229,
4.5g,모든 피부용,개봉전 36개월 / 개봉후 18개월,내용물을 1mm씩 꺼내어 입술에 자연스럽게 펴 발라줍니다.,㈜코스맥스 / 엔프라니㈜,대한민국,해당있음,"트라이메틸펜타페닐트라이실록세인, 브이피/헥사데센코폴리머, 다이페닐다이메티콘, 하이드로제네이티드폴리아이소부텐, 세틸에틸헥사노에이트, 하이드로제네이티드코코-글리세라이즈, 브이피/에이코신코폴리머, 합성왁스, 아이소도데케인, 폴리에틸렌, 옥틸도데칸올, 실리카실릴레이트, 아이소부틸메타크릴레이트/비스-하이드록시프로필다이메티콘아크릴레이트코폴리머, 다이아이소스테아릴말레이트, 살구씨오일, 아보카도열매추출물, 소듐하이알루로네이트, 하이드롤라이즈드하이알루로닉애씨드, 하이알루로닉애씨드, 수크로오스테트라스테아레이트트라이아세테이트, 폴리글리세릴-2트라이아이소스테아레이트, 칸데릴라왁스, 시메티콘, 다이스테아다이모늄헥토라이트, 폴리글리세릴-2다이아이소스테아레이트, 프로필렌카보네이트, 정제수, 말토덱스트린, 프로판다이올, 벤질글라이콜, 하이드롤라이즈드글라이코사미노글리칸, 글리세린, 소듐하이알루로네이트크로스폴리머, 1,2-헥산다이올, 에틸헥실글리세린, 하이드록시프로필트라이모늄하이알루로네이트, 소듐아세틸레이티드하이알루로네이트, 향료, 리모넨, 리날룰, 시트랄, 티타늄디옥사이드 (CI 77891), 황색산화철 (CI 77492), 적색산화철 (CI 77491), 적색202호 (CI 15850), 황색5호 (CI 15985), 흑색산화철 (CI 77499)","가. 화장품 사용 시 또는 사용 후 직사광선에 의하여 사용부위가 붉은 반점, 부어오름 또는 가려움증 등의 이상 증상이나 부작용이 있는 경우에는 전문의 등과 상담할 것 나. 상처가 있는 부위 등에는 사용을 자제할 것 다. 보관 및 취급 시 주의사항 1) 어린이의 손이 닿지 않는 곳에 보관할 것 2) 직사광선을 피해서 보관할 것 라. 눈에 들어갔을 때에는 즉시 씻어낼 것",본 제품에 이상이 있을 경우 공정거래위원회 고시 ‘소비자분쟁해결기준’에 의해 보상해드립니다.,070-5014-0324,normal,홀리카홀리카(엔프라니),글로우 라이즈 밤 [05 코타 휘그],2160452,73940,
2.5g,모든피부,개봉전 24개월,상세페이지참조,씨앤씨인터네셔널(주)/엔프라니(주),한국,해당없음,"정제수;부틸렌글라이콜;마이카;소듐스테아레이트;비스-피이지-18메틸에터다이메틸실레인;펜틸렌글라이콜;글리세린;솔비탄아이소스테아레이트;소듐클로라이드;글리세릴스테아레이트;폴리솔베이트60;다이메티콘;적색227호;페녹시에탄올;황색5호;하이드록시에틸셀룰로오스;적색104호의(1);향료;리날룰;리모넨;소듐아세테이트;비에이치티;시트로넬올;셀룰로오스;로우스위트블루베리추출물;유자추출물;복숭아추출물;1,2-헥산다이올","화장품을 사용하여 다음과 같이 이상이 있을 경우에는 사용을 중지할 것이며, 계속 사용하면 증상을 악화시키므로 피부과 전문의등에게 상담하십시오. 가) 사용중 붉은반점, 부어오름, 가려움증, 자극 등의 이상이 있을 경우 나) 사용부위가 직사광선에 의해 위와 같은 이상이 있을 경우 상처가 있는 곳 또는 습진 및 피부염 등의 이상이 있는 부위에는 사용하지 마십시오. 보관 및 취급상의 주의사항 가) 사용 후에는 반드시 마개를 닫아 둘 것. 나) 유/소아의 손에 닿지 않는 곳에 보관할 것. 다) 고온 내지 저온의 장소 및 직사광선이 닿는 곳에 보관하지 말 것.",본 상품의 품질보증 및 피해보상에 관한 사항은 관련 법률 및 공정거래위원회 고시 「소비자분쟁해결기준」에 따릅니다.,070-5014-0324,normal,홀리카홀리카(엔프라니),워터 바이브 틴트 [01 후피],1944472,25097,
2.5g,모든피부,개봉전 24개월,상품상세참조,씨앤씨인터네셔널/엔프라니(주),한국,해당없음,"정제수;부틸렌글라이콜;마이카;소듐스테아레이트;비스-피이지-18메틸에터다이메틸실레인;글리세린;펜틸렌글라이콜;솔비탄아이소스테아레이트;폴리솔베이트60;소듐클로라이드;글리세릴스테아레이트;다이메티콘;페녹시에탄올;적색104호의(1);황색5호;하이드록시에틸셀룰로오스;등색205호;향료;적색227호;리날룰;리모넨;소듐아세테이트;청색1호;비에이치티;시트로넬올;셀룰로오스;로우스위트블루베리추출물;유자추출물;복숭아추출물;1,2-헥산다이올","화장품을 사용하여 다음과 같이 이상이 있을 경우에는 사용을 중지할 것이며, 계속 사용하면 증상을 악화시키므로 피부과 전문의등에게 상담하십시오. 가) 사용중 붉은반점, 부어오름, 가려움증, 자극 등의 이상이 있을 경우 나) 사용부위가 직사광선에 의해 위와 같은 이상이 있을 경우 상처가 있는 곳 또는 습진 및 피부염 등의 이상이 있는 부위에는 사용하지 마십시오. 보관 및 취급상의 주의사항 가) 사용 후에는 반드시 마개를 닫아 둘 것. 나) 유/소아의 손에 닿지 않는 곳에 보관할 것. 다) 고온 내지 저온의 장소 및 직사광선이 닿는 곳에 보관하지 말 것.",본 상품의 품질보증 및 피해보상에 관한 사항은 관련 법률 및 공정거래위원회 고시 「소비자분쟁해결기준」에 따릅니다.,070-5014-0324,normal,홀리카홀리카(엔프라니),워터 바이브 틴트 [03 스플랫],1944474,25150,
2.5g,모든피부,개봉전 24개월,상품상세참조,씨앤씨인터네셔널(주)/엔프라니(주),한국,해당없음,"하이드록시에틸셀룰로오스;적색104호의(1);황색4호;적색102호;향료;적색227호;리날룰;리모넨;소듐아세테이트;비에이치티;시트로넬올;셀룰로오스;로우스위트블루베리추출물;유자추출물;복숭아추출물;1,2-헥산다이올","화장품을 사용하여 다음과 같이 이상이 있을 경우에는 사용을 중지할 것이며, 계속 사용하면 증상을 악화시키므로 피부과 전문의등에게 상담하십시오. 가) 사용중 붉은반점, 부어오름, 가려움증, 자극 등의 이상이 있을 경우 나) 사용부위가 직사광선에 의해 위와 같은 이상이 있을 경우 상처가 있는 곳 또는 습진 및 피부염 등의 이상이 있는 부위에는 사용하지 마십시오. 보관 및 취급상의 주의사항 가) 사용 후에는 반드시 마개를 닫아 둘 것. 나) 유/소아의 손에 닿지 않는 곳에 보관할 것. 다) 고온 내지 저온의 장소 및 직사광선이 닿는 곳에 보관하지 말 것.",본 상품의 품질보증 및 피해보상에 관한 사항은 관련 법률 및 공정거래위원회 고시 「소비자분쟁해결기준」에 따릅니다.,070-5014-0324,normal,홀리카홀리카(엔프라니),워터 바이브 틴트 [04 퍼들],1944475,25187,
4.5g,모든 피부용,개봉전 36개월 / 개봉후 18개월,내용물을 1mm씩 꺼내어 입술에 자연스럽게 펴 발라줍니다.,(주)코스맥스/엔프라니(주),대한민국,해당있음,"트라이메틸펜타페닐트라이실록세인, 브이피/헥사데센코폴리머, 다이페닐다이메티콘, 하이드로제네이티드폴리아이소부텐, 세틸에틸헥사노에이트, 하이드로제네이티드코코-글리세라이즈, 브이피/에이코신코폴리머, 합성왁스, 아이소도데케인, 폴리에틸렌, 옥틸도데칸올, 실리카실릴레이트, 아이소부틸메타크릴레이트/비스-하이드록시프로필다이메티콘아크릴레이트코폴리머, 살구씨오일, 아보카도열매추출물, 소듐하이알루로네이트, 하이드롤라이즈드하이알루로닉애씨드, 하이알루로닉애씨드, 수크로오스테트라스테아레이트트라이아세테이트, 다이아이소스테아릴말레이트, 폴리글리세릴-2트라이아이소스테아레이트, 칸데릴라왁스, 시메티콘, 다이스테아다이모늄헥토라이트, 프로필렌카보네이트, 폴리글리세릴-2다이아이소스테아레이트, 정제수, 말토덱스트린, 프로판다이올, 벤질글라이콜, 하이드롤라이즈드글라이코사미노글리칸, 글리세린, 소듐하이알루로네이트크로스폴리머, 1,2-헥산다이올, 에틸헥실글리세린, 하이드록시프로필트라이모늄하이알루로네이트, 소듐아세틸레이티드하이알루로네이트, 향료, 리모넨, 리날룰, 시트랄, 티타늄디옥사이드 (CI 77891), 황색5호 (CI 15985), 적색227호 (CI 17200), 적색202호 (CI 15850), 적색산화철 (CI 77491), 황색4호 (CI 19140)","가. 화장품 사용 시 또는 사용 후 직사광선에 의하여 사용부위가 붉은 반점, 부어오름 또는 가려움증 등의 이상 증상이나 부작용이 있는 경우에는 전문의 등과 상담할 것 나. 상처가 있는 부위 등에는 사용을 자제할 것 다. 보관 및 취급 시 주의사항 1) 어린이의 손이 닿지 않는 곳에 보관할 것 2) 직사광선을 피해서 보관할 것 라. 눈에 들어갔을 때에는 즉시 씻어낼 것",본 제품에 이상이 있을 경우 공정거래위원회 고시 ‘소비자분쟁해결기준’에 의해 보상해드립니다.,070-5014-0324,normal,홀리카홀리카(엔프라니),글로우 라이즈 밤 [03 베이비 젤리],2160441,73938,
4.5g,모든 피부용,개봉전 36개월 / 개봉후 18개월,내용물을 1mm씩 꺼내어 입술에 자연스럽게 펴 발라줍니다.,코스맥스㈜ / ㈜엔프라니,대한민국,해당있음,"트라이메틸펜타페닐트라이실록세인, 브이피/헥사데센코폴리머, 다이페닐다이메티콘, 하이드로제네이티드폴리아이소부텐, 세틸에틸헥사노에이트, 하이드로제네이티드코코-글리세라이즈, 브이피/에이코신코폴리머, 합성왁스, 아이소도데케인, 폴리에틸렌, 옥틸도데칸올, 실리카실릴레이트, 아이소부틸메타크릴레이트/비스-하이드록시프로필다이메티콘아크릴레이트코폴리머, 살구씨오일, 아보카도열매추출물, 소듐하이알루로네이트, 하이드롤라이즈드하이알루로닉애씨드, 하이알루로닉애씨드, 수크로오스테트라스테아레이트트라이아세테이트, 다이아이소스테아릴말레이트, 칸데릴라왁스, 폴리글리세릴-2트라이아이소스테아레이트, 시메티콘, 다이스테아다이모늄헥토라이트, 프로필렌카보네이트, 정제수, 말토덱스트린, 프로판다이올, 벤질글라이콜, 하이드롤라이즈드글라이코사미노글리칸, 글리세린, 소듐하이알루로네이트크로스폴리머, 1,2-헥산다이올, 에틸헥실글리세린, 하이드록시프로필트라이모늄하이알루로네이트, 소듐아세틸레이티드하이알루로네이트, 향료, 리날룰, 티타늄디옥사이드 (CI 77891), 황색산화철 (CI 77492), 적색227호 (CI 17200), 적색산화철 (CI 77491), 흑색산화철 (CI 77499)","가. 화장품 사용 시 또는 사용 후 직사광선에 의하여 사용부위가 붉은 반점, 부어오름 또는 가려움증 등의 이상 증상이나 부작용이 있는 경우에는 전문의 등과 상담할 것 나. 상처가 있는 부위 등에는 사용을 자제할 것 다. 보관 및 취급 시 주의사항 1) 어린이의 손이 닿지 않는 곳에 보관할 것 2) 직사광선을 피해서 보관할 것 라. 눈에 들어갔을 때에는 즉시 씻어낼 것",본 제품에 이상이 있을 경우 공정거래위원회 고시 ‘소비자분쟁해결기준’에 의해 보상해드립니다.,070-5014-0324,normal,홀리카홀리카(엔프라니),글로우 라이즈 밤 [09 누 슈가],2192253,76752,
4.5g,모든 피부용,개봉전 36개월 / 개봉후 18개월,내용물을 1mm씩 꺼내어 입술에 자연스럽게 펴 발라줍니다.,㈜코스맥스 / 엔프라니㈜,대한민국,해당있음,"트라이메틸펜타페닐트라이실록세인, 브이피/헥사데센코폴리머, 다이페닐다이메티콘, 하이드로제네이티드폴리아이소부텐, 하이드로제네이티드코코-글리세라이즈, 브이피/에이코신코폴리머, 세틸에틸헥사노에이트, 합성왁스, 아이소도데케인, 폴리에틸렌, 옥틸도데칸올, 실리카실릴레이트, 아이소부틸메타크릴레이트/비스-하이드록시프로필다이메티콘아크릴레이트코폴리머, 살구씨오일, 아보카도열매추출물, 소듐하이알루로네이트, 하이드롤라이즈드하이알루로닉애씨드, 하이알루로닉애씨드, 수크로오스테트라스테아레이트트라이아세테이트, 폴리글리세릴-2트라이아이소스테아레이트, 다이아이소스테아릴말레이트, 칸데릴라왁스, 시메티콘, 다이스테아다이모늄헥토라이트, 프로필렌카보네이트, 정제수, 말토덱스트린, 프로판다이올, 벤질글라이콜, 하이드롤라이즈드글라이코사미노글리칸, 글리세린, 소듐하이알루로네이트크로스폴리머, 1,2-헥산다이올, 에틸헥실글리세린, 하이드록시프로필트라이모늄하이알루로네이트, 소듐아세틸레이티드하이알루로네이트, 향료, 리날룰, 티타늄디옥사이드 (CI 77891), 적색산화철 (CI 77491), 황색산화철 (CI 77492), 적색227호 (CI 17200), 청색1호 (CI 42090)","가. 화장품 사용 시 또는 사용 후 직사광선에 의하여 사용부위가 붉은 반점, 부어오름 또는 가려움증 등의 이상 증상이나 부작용이 있는 경우에는 전문의 등과 상담할 것 나. 상처가 있는 부위 등에는 사용을 자제할 것 다. 보관 및 취급 시 주의사항 1) 어린이의 손이 닿지 않는 곳에 보관할 것 2) 직사광선을 피해서 보관할 것 라. 눈에 들어갔을 때에는 즉시 씻어낼 것",본 제품에 이상이 있을 경우 공정거래위원회 고시 ‘소비자분쟁해결기준’에 의해 보상해드립니다.,070-5014-0324,normal,홀리카홀리카(엔프라니),글로우 라이즈 밤 [10 솔티드 모카],2192254,76753,
4.5g,모든 피부용,개봉전 36개월 / 개봉후 18개월,내용물을 1mm씩 꺼내어 입술에 자연스럽게 펴 발라줍니다.,㈜코스맥스 / 엔프라니㈜,대한민국,해당있음,"트라이메틸펜타페닐트라이실록세인, 브이피/헥사데센코폴리머, 다이페닐다이메티콘, 하이드로제네이티드폴리아이소부텐, 세틸에틸헥사노에이트, 하이드로제네이티드코코-글리세라이즈, 브이피/에이코신코폴리머, 합성왁스, 아이소도데케인, 폴리에틸렌, 옥틸도데칸올, 실리카실릴레이트, 아이소부틸메타크릴레이트/비스-하이드록시프로필다이메티콘아크릴레이트코폴리머, 살구씨오일, 아보카도열매추출물, 소듐하이알루로네이트, 하이드롤라이즈드하이알루로닉애씨드, 하이알루로닉애씨드, 수크로오스테트라스테아레이트트라이아세테이트, 폴리글리세릴-2트라이아이소스테아레이트, 칸데릴라왁스, 시메티콘, 다이아이소스테아릴말레이트, 다이스테아다이모늄헥토라이트, 폴리글리세릴-2다이아이소스테아레이트, 프로필렌카보네이트, 정제수, 말토덱스트린, 프로판다이올, 벤질글라이콜, 하이드롤라이즈드글라이코사미노글리칸, 글리세린, 소듐하이알루로네이트크로스폴리머, 1,2-헥산다이올, 에틸헥실글리세린, 하이드록시프로필트라이모늄하이알루로네이트, 소듐아세틸레이티드하이알루로네이트, 향료, 리모넨, 리날룰, 시트랄, 황색산화철 (CI 77492), 적색202호 (CI 15850), 황색5호 (CI 15985), 적색104호의(1) (CI 45410), 티타늄디옥사이드 (CI 77891)","가. 화장품 사용 시 또는 사용 후 직사광선에 의하여 사용부위가 붉은 반점, 부어오름 또는 가려움증 등의 이상 증상이나 부작용이 있는 경우에는 전문의 등과 상담할 것 나. 상처가 있는 부위 등에는 사용을 자제할 것 다. 보관 및 취급 시 주의사항 1) 어린이의 손이 닿지 않는 곳에 보관할 것 2) 직사광선을 피해서 보관할 것 라. 눈에 들어갔을 때에는 즉시 씻어낼 것",본 제품에 이상이 있을 경우 공정거래위원회 고시 ‘소비자분쟁해결기준’에 의해 보상해드립니다.,070-5014-0324,normal,홀리카홀리카(엔프라니),글로우 라이즈 밤 [08 듀 베리],2160456,73943,
4.5g,모든 피부용,개봉전 36개월 / 개봉후 18개월,내용물을 1mm씩 꺼내어 입술에 자연스럽게 펴 발라줍니다.,㈜코스맥스 / 엔프라니㈜,대한민국,해당있음,"트라이메틸펜타페닐트라이실록세인, 브이피/헥사데센코폴리머, 다이페닐다이메티콘, 하이드로제네이티드폴리아이소부텐, 하이드로제네이티드코코-글리세라이즈, 브이피/에이코신코폴리머, 합성왁스, 세틸에틸헥사노에이트, 아이소도데케인, 폴리에틸렌, 옥틸도데칸올, 실리카실릴레이트, 다이아이소스테아릴말레이트, 아이소부틸메타크릴레이트/비스-하이드록시프로필다이메티콘아크릴레이트코폴리머, 티타늄디옥사이드 (CI 77891), 살구씨오일, 아보카도열매추출물, 소듐하이알루로네이트, 하이드롤라이즈드하이알루로닉애씨드, 하이알루로닉애씨드, 수크로오스테트라스테아레이트트라이아세테이트, 칸데릴라왁스, 폴리글리세릴-2트라이아이소스테아레이트, 시메티콘, 다이스테아다이모늄헥토라이트, 프로필렌카보네이트, 폴리글리세릴-2다이아이소스테아레이트, 정제수, 말토덱스트린, 프로판다이올, 벤질글라이콜, 하이드롤라이즈드글라이코사미노글리칸, 글리세린, 소듐하이알루로네이트크로스폴리머, 1,2-헥산다이올, 에틸헥실글리세린, 하이드록시프로필트라이모늄하이알루로네이트, 소듐아세틸레이티드하이알루로네이트, 향료, 리날룰, 적색227호 (CI 17200), 적색산화철 (CI 77491), 황색5호 (CI 15985), 흑색산화철 (CI 77499), 적색104호의(1) (CI 45410), 황색산화철 (CI 77492)","가. 화장품 사용 시 또는 사용 후 직사광선에 의하여 사용부위가 붉은 반점, 부어오름 또는 가려움증 등의 이상 증상이나 부작용이 있는 경우에는 전문의 등과 상담할 것 나. 상처가 있는 부위 등에는 사용을 자제할 것 다. 보관 및 취급 시 주의사항 1) 어린이의 손이 닿지 않는 곳에 보관할 것 2) 직사광선을 피해서 보관할 것 라. 눈에 들어갔을 때에는 즉시 씻어낼 것",본 제품에 이상이 있을 경우 공정거래위원회 고시 ‘소비자분쟁해결기준’에 의해 보상해드립니다.,070-5014-0324,normal,홀리카홀리카(엔프라니),글로우 라이즈 밤 [12 비터 아이스],2192256,76755,
4.5g,모든 피부용,개봉전 36개월 / 개봉후 18개월,내용물을 1mm씩 꺼내어 입술에 자연스럽게 펴 발라줍니다.,㈜코스맥스 / 엔프라니㈜,대한민국,해당있음,"트라이메틸펜타페닐트라이실록세인, 브이피/헥사데센코폴리머, 다이페닐다이메티콘, 하이드로제네이티드폴리아이소부텐, 하이드로제네이티드코코-글리세라이즈, 브이피/에이코신코폴리머, 합성왁스, 세틸에틸헥사노에이트, 아이소도데케인, 폴리에틸렌, 옥틸도데칸올, 실리카실릴레이트, 다이아이소스테아릴말레이트, 아이소부틸메타크릴레이트/비스-하이드록시프로필다이메티콘아크릴레이트코폴리머, 티타늄디옥사이드 (CI 77891), 살구씨오일, 아보카도열매추출물, 소듐하이알루로네이트, 하이드롤라이즈드하이알루로닉애씨드, 하이알루로닉애씨드, 수크로오스테트라스테아레이트트라이아세테이트, 칸데릴라왁스, 폴리글리세릴-2트라이아이소스테아레이트, 시메티콘, 다이스테아다이모늄헥토라이트, 프로필렌카보네이트, 정제수, 말토덱스트린, 프로판다이올, 벤질글라이콜, 하이드롤라이즈드글라이코사미노글리칸, 글리세린, 소듐하이알루로네이트크로스폴리머, 1,2-헥산다이올, 에틸헥실글리세린, 하이드록시프로필트라이모늄하이알루로네이트, 소듐아세틸레이티드하이알루로네이트, 향료, 리날룰, 적색산화철 (CI 77491), 적색227호 (CI 17200), 황색산화철 (CI 77492), 청색1호 (CI 42090), 적색201호 (CI 15850)","가. 화장품 사용 시 또는 사용 후 직사광선에 의하여 사용부위가 붉은 반점, 부어오름 또는 가려움증 등의 이상 증상이나 부작용이 있는 경우에는 전문의 등과 상담할 것 나. 상처가 있는 부위 등에는 사용을 자제할 것 다. 보관 및 취급 시 주의사항 1) 어린이의 손이 닿지 않는 곳에 보관할 것 2) 직사광선을 피해서 보관할 것 라. 눈에 들어갔을 때에는 즉시 씻어낼 것",본 제품에 이상이 있을 경우 공정거래위원회 고시 ‘소비자분쟁해결기준’에 의해 보상해드립니다.,070-5014-0324,normal,홀리카홀리카(엔프라니),글로우 라이즈 밤 [11 시럽릿],2192255,76754,
125ml,모든 피부,상품 별도 표기,상세 페이지 참조,엔프라니(주) / 엔프라니(주),한국,해당있음,,"화장품을 사용하여 다음과 같이 이상이 있을 경우에는 사용을 중지할 것이며, 계속 사용하면 증상을 악화시키므로 피부과 전문의등에게 상담하십시오. 가) 사용중 붉은반점, 부어오름, 가려움증, 자극 등의 이상이 있을 경우 	나) 사용부위가 직사광선에 의해 위와 같은 이상이 있을 경우  상처가 있는 곳 또는 습진 및 피부염 등의 이상이 있는 부위에는 사용하지 마십시오. 보관 및 취급상의 주의사항 	가) 사용 후에는 반드시 마개를 닫아 둘 것. 나) 유/소아의 손에 닿지 않는 곳에 보관할 것. 다) 고온 내지 저온의 장소 및 직사광선이 닿는 곳에 보관하지 말 것.",본 제품에 이상이 있을 경우 공정거래위원회고시 '소비자분쟁해결기준'에 의해 보상해드립니다.,070-5014-0324,missing,홀리카홀리카(엔프라니),프리미어콜라겐 토너,1898897,15536,img/프리미어콜라겐 토너_0.jpg;img/프리미어콜라겐 토너_1.jpg;img/프리미어콜라겐 토너_2.jpg
5g,모든 피부,개봉 전 30개월/개봉 후 12개월,상품상세참조,코스맥스(주)/엔프라니(주),한국,해당있음,"[03 뮤브] 다이메티콘, 다이메티콘크로스폴리머, 실리카, 파라핀, 합성플루오르플로고파이트, 다이아이소스테아릴말레이트, 티타늄디옥사이드 (CI 77891), 아이소노닐아이소노나노에이트, 사과씨오일, 폴리글리세릴-2트라이아이소스테아레이트, 동백나무씨오일, 라즈베리씨오일/토코페릴석시네이트아미노프로판다이올에스터, 포도씨오일, 코튼씨추출물, 세틸피이지/피피지-10/1다이메티콘, 솔비탄아이소스테아레이트, 다이글리세릴세바케이트/아이소팔미테이트, 비닐다이메티콘/메티콘실세스퀴옥세인크로스폴리머, 폴리하이드록시스테아릭애씨드, 마이크로크리스탈린왁스, 다이스테아다이모늄헥토라이트, 레시틴, 폴리글리세릴-2다이아이소스테아레이트, 에틸헥실팔미테이트, 아이소프로필미리스테이트, 아이소스테아릭애씨드, 폴리글리세릴-3폴리리시놀리에이트, 트라이에틸시트레이트, 토코페롤, 부틸렌글라이콜, 정제수, 글리세린, 향료, 황색산화철 (CI 77492), 적색산화철 (CI 77491), 황색4호 (CI 19140), 적색202호 (CI 15850), 청색1호 (CI 42090), 적색201호 (CI 15850)","1) 화장품 사용 시 또는 사용 후 직사광선에 의하여 사용부위가 붉은 반점,부어오름 또는 가려움증 등의 이상 증상이나 부작용이 있는 경우 전문의 등과 상담할 것 2) 상처가 있는 부위 등에는 사용을 자제할 것 3) 보관 및 취급 시의 주의사항 가) 어린이의 손이 닿지 않는 곳에 보관할 것 나) 직사광선을 피해서 보관할 것",본 상품의 품질보증 및 피해보상에 관한 사항은 관련 법률 및 공정거래위원회 고시 「소비자분쟁해결기준」에 따릅니다.,070-5014-0324,normal,홀리카홀리카(엔프라니),멜팅 블러 립 팟 [03 뮤브],2100542,64227,
1.3g,모든 피부,"개봉 전 24개월, 개봉 후 12개월",1. 내용물을 적당량 꺼내어 확장하고 싶은 범위까지 립 라인을 그려주고 베이스를 채워줍니다. 2. 픽싱 되기 전에 내장된 브러시를 이용해 부드럽게 경계를 풀어줍니다. 3. 원하는 포인트 립을 블러링 브러시를 이용해 입술 안쪽부터 자연스럽게 그라데이션 해줍니다. 4. 내용물이 마르지 않도록 사용 후 바로 캡을 닫아 보관합니다.,㈜씨앤씨인터내셔널 / 엔프라니㈜,한국,해당없음,"02 누베이지 다이아이소스테아릴말레이트, 페닐트라이메티콘, 합성왁스, 티타늄디옥사이드, 다이메티콘, 사이클로펜타실록세인, 아이소도데케인, 트라이메틸실록시실리케이트, 세틸피이지/피피지-10/1다이메티콘, 마이크로크리스탈린왁스, 트라이데실트라이멜리테이트, 실리카, 적색산화철, 마이카, 메틸메타크릴레이트크로스폴리머 , 실리카다이메틸실릴레이트, 다이메티콘크로스폴리머, 흑색산화철, 황색산화철, 페녹시에탄올, 향료, 메티콘, 트라이에톡시카프릴릴실레인, 동백나무씨오일, 코코넛야자오일, 펜타에리스리틸테트라-다이-t-부틸하이드록시하이드로신나메이트","가. 화장품 사용 시 또는 사용 후 직사광선에 의하여 사용부위가 붉은 반점, 부어 오름 또는 가려움증 등의 이상 증상이나 부작용이 있는 경우에는 전문의 등과 상담할 것 나. 상처가 있는 부위 등에는 사용을 자제할 것 다. 보관 및 취급 시 주의사항 1) 어린이의 손이 닿지 않는 곳에 보관할 것 2) 직사광선을 피해서 보관할 것",본 제품에 이상이 있을 경우 공정거래위원회고시 '소비자분쟁해결기준'에 의해 보상해드립니다.,070-5014-0324,normal,홀리카홀리카(엔프라니),멜로우 블러링 립 펜슬 [02 누베이지],2063059,56933,
1.3g,모든 피부,"개봉 전 24개월, 개봉 후 12개월",1. 내용물을 적당량 꺼내어 확장하고 싶은 범위까지 립 라인을 그려주고 베이스를 채워줍니다. 2. 픽싱 되기 전에 내장된 브러시를 이용해 부드럽게 경계를 풀어줍니다. 3. 원하는 포인트 립을 블러링 브러시를 이용해 입술 안쪽부터 자연스럽게 그라데이션 해줍니다. 4. 내용물이 마르지 않도록 사용 후 바로 캡을 닫아 보관합니다.,㈜씨앤씨인터내셔널 / 엔프라니㈜,한국,해당없음,"01 밀키번 다이아이소스테아릴말레이트, 페닐트라이메티콘, 합성왁스, 티타늄디옥사이드, 다이메티콘, 아이소도데케인, 사이클로펜타실록세인, 트라이메틸실록시실리케이트, 세틸피이지/피피지-10/1다이메티콘, 마이크로크리스탈린왁스, 실리카, 트라이데실트라이멜리테이트, 적색산화철, 마이카, 메틸메타크릴레이트크로스폴리머 , 다이메티콘크로스폴리머, 실리카다이메틸실릴레이트, 황색5호, 황색산화철, 페녹시에탄올, 흑색산화철, 향료, 메티콘, 트라이에톡시카프릴릴실레인, 동백나무씨오일, 코코넛야자오일, 펜타에리스리틸테트라-다이-t-부틸하이드록시하이드로신나메이트","가. 화장품 사용 시 또는 사용 후 직사광선에 의하여 사용부위가 붉은 반점, 부어 오름 또는 가려움증 등의 이상 증상이나 부작용이 있는 경우에는 전문의 등과 상담할 것 나. 상처가 있는 부위 등에는 사용을 자제할 것 다. 보관 및 취급 시 주의사항 1) 어린이의 손이 닿지 않는 곳에 보관할 것 2) 직사광선을 피해서 보관할 것",본 제품에 이상이 있을 경우 공정거래위원회고시 '소비자분쟁해결기준'에 의해 보상해드립니다.,070-5014-0324,normal,홀리카홀리카(엔프라니),멜로우 블러링 립 펜슬 [01 밀키번],2063058,56932,
1.3g,모든 피부,"개봉 전 24개월, 개봉 후 12개월",1. 내용물을 적당량 꺼내어 확장하고 싶은 범위까지 립 라인을 그려주고 베이스를 채워줍니다. 2. 픽싱 되기 전에 내장된 브러시를 이용해 부드럽게 경계를 풀어줍니다. 3. 원하는 포인트 립을 블러링 브러시를 이용해 입술 안쪽부터 자연스럽게 그라데이션 해줍니다. 4. 내용물이 마르지 않도록 사용 후 바로 캡을 닫아 보관합니다.,㈜씨앤씨인터내셔널 / 엔프라니㈜,한국,해당없음,"04 오버라입 다이아이소스테아릴말레이트, 페닐트라이메티콘, 합성왁스, 다이메티콘, 사이클로펜타실록세인, 아이소도데케인, 티타늄디옥사이드, 트라이메틸실록시실리케이트, 세틸피이지/피피지-10/1다이메티콘, 마이카, 마이크로크리스탈린왁스, 트라이데실트라이멜리테이트, 실리카, 황색5호, 메틸메타크릴레이트크로스폴리머 , 다이메티콘크로스폴리머, 실리카다이메틸실릴레이트, 적색202호, 흑색산화철, 페녹시에탄올, 메티콘, 향료, 동백나무씨오일, 코코넛야자오일, 펜타에리스리틸테트라-다이-t-부틸하이드록시하이드로신나메이트","가. 화장품 사용 시 또는 사용 후 직사광선에 의하여 사용부위가 붉은 반점, 부어 오름 또는 가려움증 등의 이상 증상이나 부작용이 있는 경우에는 전문의 등과 상담할 것 나. 상처가 있는 부위 등에는 사용을 자제할 것 다. 보관 및 취급 시 주의사항 1) 어린이의 손이 닿지 않는 곳에 보관할 것 2) 직사광선을 피해서 보관할 것",본 제품에 이상이 있을 경우 공정거래위원회고시 '소비자분쟁해결기준'에 의해 보상해드립니다.,070-5014-0324,normal,홀리카홀리카(엔프라니),멜로우 블러링 립 펜슬 [04 오버라입],2063065,56935,
9.6 g,모든 피부,제조일로 36개월/ 개봉후 18개월,"손가락이나 브러쉬, 퍼프등을 사용하여 원하는 부위에 얇게 펴 바른후 톡톡 두드려 마무리해 줍니다.",코스맥스 / 엔프라니㈜,한국,해당없음,상품상세참조,"화장품을 사용하여 다음과 같이 이상이 있을 경우에는 사용을 중지할 것이며, 계속 사용하면 증상을 악화시키므로 피부과 전문의등에게 상담하십시오. 가) 사용중 붉은반점, 부어오름, 가려움증, 자극 등의 이상이 있을 경우 	나) 사용부위가 직사광선에 의해 위와 같은 이상이 있을 경우  상처가 있는 곳 또는 습진 및 피부염 등의 이상이 있는 부위에는 사용하지 마십시오. 보관 및 취급상의 주의사항 	가) 사용 후에는 반드시 마개를 닫아 둘 것. 나) 유/소아의 손에 닿지 않는 곳에 보관할 것. 다) 고온 내지 저온의 장소 및 직사광선이 닿는 곳에 보관하지 말 것.",본 제품에 이상이 있을 경우 공정거래위원회고시 '소비자분쟁해결기준'에 의해 보상해드립니다.,070-5014-0324,detail,홀리카홀리카(엔프라니),하드커버 컴플리트 컨실팔레트,1897209,15532,img/하드커버 컴플리트 컨실팔레트_0.jpg;img/하드커버 컴플리트 컨실팔레트_1.jpg;img/하드커버 컴플리트 컨실팔레트_2.jpg;img/하드커버 컴플리트 컨실팔레트_3.jpg;img/하드커버 컴플리트 컨실팔레트_4.jpg;img/하드커버 컴플리트 컨실팔레트_5.jpg;img/하드커버 컴플리트 컨실팔레트_6.jpg
180ml,상세설명참조,제품별도표기,상세설명참조,엔프라니(주) / 엔프라니(주),한국,해당있음,,"화장품을 사용하여 다음과 같이 이상이 있을 경우에는 사용을 중지할 것이며, 계속 사용하면 증상을 악화시키므로 피부과 전문의등에게 상담하십시오. 가) 사용중 붉은반점, 부어오름, 가려움증, 자극 등의 이상이 있을 경우 나) 사용부위가 직사광선에 의해 위와 같은 이상이 있을 경우 상처가 있는 곳 또는 습진 및 피부염 등의 이상이 있는 부위에는 사용하지 마십시오. 보관 및 취급상의 주의사항 가) 사용 후에는 반드시 마개를 닫아 둘 것. 나) 유/소아의 손에 닿지 않는 곳에 보관할 것. 다) 고온 내지 저온의 장소 및 직사광선이 닿는 곳에 보관하지 말 것.",공정거래위원회 고시에 의거 보상받을 수 있음.,070-5014-0324,missing,홀리카홀리카(엔프라니),굳세라 수퍼 세라마이드 토너,1785446,8040,img/굳세라 수퍼 세라마이드 토너_0.jpg;img/굳세라 수퍼 세라마이드 토너_1.jpg;img/굳세라 수퍼 세라마이드 토너_2.jpg;img/굳세라 수퍼 세라마이드 토너_3.jpg;img/굳세라 수퍼 세라마이드 토너_4.jpg;img/굳세라 수퍼 세라마이드 토너_5.jpg
5g,모든 피부,개봉 전 30개월/개봉 후 12개월,상품상세참조,코스맥스(주)/엔프라니(주),한국,해당있음,"[05 레스닝] 다이메티콘, 다이메티콘크로스폴리머, 실리카, 다이아이소스테아릴말레이트, 티타늄디옥사이드 (CI 77891), 파라핀, 합성플루오르플로고파이트, 사과씨오일, 폴리글리세릴-2트라이아이소스테아레이트, 아이소노닐아이소노나노에이트, 동백나무씨오일, 라즈베리씨오일/토코페릴석시네이트아미노프로판다이올에스터, 포도씨오일, 코튼씨추출물, 세틸피이지/피피지-10/1다이메티콘, 솔비탄아이소스테아레이트, 다이글리세릴세바케이트/아이소팔미테이트, 비닐다이메티콘/메티콘실세스퀴옥세인크로스폴리머, 폴리하이드록시스테아릭애씨드, 마이크로크리스탈린왁스, 다이스테아다이모늄헥토라이트, 레시틴, 에틸헥실팔미테이트, 아이소프로필미리스테이트, 아이소스테아릭애씨드, 폴리글리세릴-3폴리리시놀리에이트, 트라이에틸시트레이트, 폴리글리세릴-2다이아이소스테아레이트, 토코페롤, 부틸렌글라이콜, 정제수, 글리세린, 향료, 적색산화철 (CI 77491), 황색산화철 (CI 77492), 적색227호 (CI 17200), 황색4호 (CI 19140), 적색202호 (CI 15850)","1) 화장품 사용 시 또는 사용 후 직사광선에 의하여 사용부위가 붉은 반점,부어오름 또는 가려움증 등의 이상 증상이나 부작용이 있는 경우 전문의 등과 상담할 것 2) 상처가 있는 부위 등에는 사용을 자제할 것 3) 보관 및 취급 시의 주의사항 가) 어린이의 손이 닿지 않는 곳에 보관할 것 나) 직사광선을 피해서 보관할 것",본 상품의 품질보증 및 피해보상에 관한 사항은 관련 법률 및 공정거래위원회 고시 「소비자분쟁해결기준」에 따릅니다.,070-5014-0324,normal,홀리카홀리카(엔프라니),멜팅 블러 립 팟 [05 레스닝],2100544,64230,
5.5g,모든 피부용,개봉 전 24개월 / 개봉 후 6개월,"브러쉬 혹은 손가락에 내용물을 적당량 취한 후, 눈가에 부드럽게 펴 발라줍니다.","㈜코스맥스, 브러쉬:㈜백호 / 엔프라니㈜",대한민국,해당있음,"[02 멜로니] 다이메티콘, 마이카 (CI 77019), 티타늄디옥사이드 (CI 77891), 카프릴릴메티콘, 정제수, 파라핀, 아이소도데케인, 실리카, 피이지-10다이메티콘, 글리세린, 부틸렌글라이콜, 폴리메틸실세스퀴옥세인, 합성플루오르플로고파이트, 펜틸렌글라이콜, 합성왁스, 트라이메틸실록시실리케이트, 칼슘소듐보로실리케이트, 1,2-헥산다이올, 세틸다이메티콘, 솔비탄아이소스테아레이트, 마이크로크리스탈린왁스, 마그네슘설페이트, 수크로오스테트라스테아레이트트라이아세테이트, 다이스테아다이모늄헥토라이트, 다이메티콘/비닐다이메티콘크로스폴리머, 트라이에틸시트레이트, 에틸헥실글리세린, 트라이에톡시카프릴릴실레인, 트라이소듐에틸렌다이아민다이석시네이트, 틴옥사이드, 페녹시에탄올","가. 화장품 사용 시 또는 사용 후 직사광선에 의하여 사용부위가 붉은 반점, 부어오름 또는 가려움증 등의 이상 증상이나 부작용이 있는 경우에는 전문의 등과 상담할 것 나. 상처가 있는 부위 등에는 사용을 자제할 것 다. 보관 및 취급 시 주의사항 1) 어린이의 손이 닿지 않는 곳에 보관할 것 2) 직사광선을 피해서 보관할 것 라. 눈에 들어갔을 때에는 즉시 씻어낼 것",본 제품에 이상이 있을 경우 공정거래위원회고시 '소비자분쟁해결기준'에 의해 보상해드립니다.,070-5014-0324,normal,홀리카홀리카(엔프라니),루미너스 밀크빔 팟 [02 멜로니],2133799,72200,
5.5g,모든 피부용,개봉 전 24개월 / 개봉 후 6개월,"브러쉬 혹은 손가락에 내용물을 적당량 취한 후, 눈가에 부드럽게 펴 발라줍니다.","㈜코스맥스, 브러쉬:㈜백호 / 엔프라니㈜",대한민국,해당있음,"03 레이 합성플루오르플로고파이트, 다이메티콘, 티타늄디옥사이드 (CI 77891), 카프릴릴메티콘, 정제수, 파라핀, 아이소도데케인, 마이카 (CI 77019), 피이지-10다이메티콘, 글리세린, 부틸렌글라이콜, 폴리메틸실세스퀴옥세인, 펜틸렌글라이콜, 실리카, 합성왁스, 트라이메틸실록시실리케이트, 1,2-헥산다이올, 세틸다이메티콘, 솔비탄아이소스테아레이트, 마이크로크리스탈린왁스, 마그네슘설페이트, 수크로오스테트라스테아레이트트라이아세테이트, 다이스테아다이모늄헥토라이트, 다이메티콘/비닐다이메티콘크로스폴리머, 트라이에틸시트레이트, 에틸헥실글리세린, 트라이소듐에틸렌다이아민다이석시네이트, 트라이에톡시카프릴릴실레인, 틴옥사이드, 페녹시에탄올, 적색산화철 (CI 77491), 카민 (CI 75470)","가. 화장품 사용 시 또는 사용 후 직사광선에 의하여 사용부위가 붉은 반점, 부어오름 또는 가려움증 등의 이상 증상이나 부작용이 있는 경우에는 전문의 등과 상담할 것 나. 상처가 있는 부위 등에는 사용을 자제할 것 다. 보관 및 취급 시 주의사항 1) 어린이의 손이 닿지 않는 곳에 보관할 것 2) 직사광선을 피해서 보관할 것 라. 눈에 들어갔을 때에는 즉시 씻어낼 것",본 제품에 이상이 있을 경우 공정거래위원회고시 '소비자분쟁해결기준'에 의해 보상해드립니다.,070-5014-0324,normal,홀리카홀리카(엔프라니),루미너스 밀크빔 팟 [03 레이],2133802,72201,
1.3g,모든 피부,"개봉 전 24개월, 개봉 후 12개월",1. 내용물을 적당량 꺼내어 확장하고 싶은 범위까지 립 라인을 그려주고 베이스를 채워줍니다. 2. 픽싱 되기 전에 내장된 브러시를 이용해 부드럽게 경계를 풀어줍니다. 3. 원하는 포인트 립을 블러링 브러시를 이용해 입술 안쪽부터 자연스럽게 그라데이션 해줍니다. 4. 내용물이 마르지 않도록 사용 후 바로 캡을 닫아 보관합니다.,㈜씨앤씨인터내셔널 / 엔프라니㈜,한국,해당없음,"05 클레이로즈 다이아이소스테아릴말레이트, 티타늄디옥사이드, 페닐트라이메티콘, 합성왁스, 다이메티콘, 아이소도데케인, 사이클로펜타실록세인, 트라이메틸실록시실리케이트, 세틸피이지/피피지-10/1다이메티콘, 마이크로크리스탈린왁스, 트라이데실트라이멜리테이트, 실리카, 마이카, 적색산화철, 메틸메타크릴레이트크로스폴리머 , 다이메티콘크로스폴리머, 실리카다이메틸실릴레이트, 흑색산화철, 페녹시에탄올, 메티콘, 향료, 적색202호, 동백나무씨오일, 코코넛야자오일, 펜타에리스리틸테트라-다이-t-부틸하이드록시하이드로신나메이트","가. 화장품 사용 시 또는 사용 후 직사광선에 의하여 사용부위가 붉은 반점, 부어 오름 또는 가려움증 등의 이상 증상이나 부작용이 있는 경우에는 전문의 등과 상담할 것 나. 상처가 있는 부위 등에는 사용을 자제할 것 다. 보관 및 취급 시 주의사항 1) 어린이의 손이 닿지 않는 곳에 보관할 것 2) 직사광선을 피해서 보관할 것",본 제품에 이상이 있을 경우 공정거래위원회고시 '소비자분쟁해결기준'에 의해 보상해드립니다.,070-5014-0324,normal,홀리카홀리카(엔프라니),멜로우 블러링 립 펜슬 [05 클레이로즈],2063066,56938,
4.5g,모든 피부용,개봉전 36개월 / 개봉후 18개월,내용물을 1mm씩 꺼내어 입술에 자연스럽게 펴 발라줍니다.,㈜코스맥스 / 엔프라니㈜,대한민국,해당있음,"트라이메틸펜타페닐트라이실록세인, 브이피/헥사데센코폴리머, 다이페닐다이메티콘, 하이드로제네이티드폴리아이소부텐, 하이드로제네이티드코코-글리세라이즈, 브이피/에이코신코폴리머, 세틸에틸헥사노에이트, 합성왁스, 아이소도데케인, 폴리에틸렌, 옥틸도데칸올, 다이아이소스테아릴말레이트, 티타늄디옥사이드 (CI 77891), 실리카실릴레이트, 아이소부틸메타크릴레이트/비스-하이드록시프로필다이메티콘아크릴레이트코폴리머, 살구씨오일, 아보카도열매추출물, 소듐하이알루로네이트, 하이드롤라이즈드하이알루로닉애씨드, 하이알루로닉애씨드, 수크로오스테트라스테아레이트트라이아세테이트, 칸데릴라왁스, 시메티콘, 폴리글리세릴-2트라이아이소스테아레이트, 다이스테아다이모늄헥토라이트, 프로필렌카보네이트, 폴리글리세릴-2다이아이소스테아레이트, 정제수, 말토덱스트린, 프로판다이올, 벤질글라이콜, 하이드롤라이즈드글라이코사미노글리칸, 글리세린, 소듐하이알루로네이트크로스폴리머, 1,2-헥산다이올, 에틸헥실글리세린, 하이드록시프로필트라이모늄하이알루로네이트, 소듐아세틸레이티드하이알루로네이트, 향료, 리모넨, 리날룰, 시트랄, 적색산화철 (CI 77491), 황색산화철 (CI 77492), 흑색산화철 (CI 77499), 적색202호 (CI 15850)","가. 화장품 사용 시 또는 사용 후 직사광선에 의하여 사용부위가 붉은 반점, 부어오름 또는 가려움증 등의 이상 증상이나 부작용이 있는 경우에는 전문의 등과 상담할 것 나. 상처가 있는 부위 등에는 사용을 자제할 것 다. 보관 및 취급 시 주의사항 1) 어린이의 손이 닿지 않는 곳에 보관할 것 2) 직사광선을 피해서 보관할 것 라. 눈에 들어갔을 때에는 즉시 씻어낼 것",본 제품에 이상이 있을 경우 공정거래위원회 고시 ‘소비자분쟁해결기준’에 의해 보상해드립니다.,070-5014-0324,normal,홀리카홀리카(엔프라니),글로우 라이즈 밤 [01 누 밤비],2160427,73937,
4.5g,모든 피부용,개봉전 36개월 / 개봉후 18개월,내용물을 1mm씩 꺼내어 입술에 자연스럽게 펴 발라줍니다.,㈜코스맥스 / 엔프라니㈜,대한민국,해당있음,"트라이메틸펜타페닐트라이실록세인, 브이피/헥사데센코폴리머, 다이페닐다이메티콘, 하이드로제네이티드폴리아이소부텐, 세틸에틸헥사노에이트, 하이드로제네이티드코코-글리세라이즈, 브이피/에이코신코폴리머, 합성왁스, 아이소도데케인, 폴리에틸렌, 옥틸도데칸올, 실리카실릴레이트, 아이소부틸메타크릴레이트/비스-하이드록시프로필다이메티콘아크릴레이트코폴리머, 살구씨오일, 아보카도열매추출물, 소듐하이알루로네이트, 하이드롤라이즈드하이알루로닉애씨드, 하이알루로닉애씨드, 수크로오스테트라스테아레이트트라이아세테이트, 다이아이소스테아릴말레이트, 폴리글리세릴-2트라이아이소스테아레이트, 칸데릴라왁스, 시메티콘, 다이스테아다이모늄헥토라이트, 폴리글리세릴-2다이아이소스테아레이트, 프로필렌카보네이트, 정제수, 말토덱스트린, 프로판다이올, 벤질글라이콜, 하이드롤라이즈드글라이코사미노글리칸, 글리세린, 소듐하이알루로네이트크로스폴리머, 1,2-헥산다이올, 에틸헥실글리세린, 하이드록시프로필트라이모늄하이알루로네이트, 소듐아세틸레이티드하이알루로네이트, 향료, 리모넨, 리날룰, 시트랄, 티타늄디옥사이드 (CI 77891), 적색산화철 (CI 77491), 적색202호 (CI 15850), 황색산화철 (CI 77492), 황색5호 (CI 15985), 청색1호 (CI 42090)","가. 화장품 사용 시 또는 사용 후 직사광선에 의하여 사용부위가 붉은 반점, 부어오름 또는 가려움증 등의 이상 증상이나 부작용이 있는 경우에는 전문의 등과 상담할 것 나. 상처가 있는 부위 등에는 사용을 자제할 것 다. 보관 및 취급 시 주의사항 1) 어린이의 손이 닿지 않는 곳에 보관할 것 2) 직사광선을 피해서 보관할 것 라. 눈에 들어갔을 때에는 즉시 씻어낼 것",본 제품에 이상이 있을 경우 공정거래위원회 고시 ‘소비자분쟁해결기준’에 의해 보상해드립니다.,070-5014-0324,normal,홀리카홀리카(엔프라니),글로우 라이즈 밤 [07 체리 우롱티],2160455,73942,
4.5g,모든 피부용,개봉전 36개월 / 개봉후 18개월,내용물을 1mm씩 꺼내어 입술에 자연스럽게 펴 발라줍니다.,㈜코스맥스 / 엔프라니㈜,대한민국,해당있음,"트라이메틸펜타페닐트라이실록세인, 브이피/헥사데센코폴리머, 다이페닐다이메티콘, 하이드로제네이티드폴리아이소부텐, 세틸에틸헥사노에이트, 하이드로제네이티드코코-글리세라이즈, 브이피/에이코신코폴리머, 합성왁스, 아이소도데케인, 폴리에틸렌, 옥틸도데칸올, 다이아이소스테아릴말레이트, 실리카실릴레이트, 아이소부틸메타크릴레이트/비스-하이드록시프로필다이메티콘아크릴레이트코폴리머, 티타늄디옥사이드 (CI 77891), 살구씨오일, 아보카도열매추출물, 소듐하이알루로네이트, 하이드롤라이즈드하이알루로닉애씨드, 하이알루로닉애씨드, 수크로오스테트라스테아레이트트라이아세테이트, 칸데릴라왁스, 시메티콘, 폴리글리세릴-2트라이아이소스테아레이트, 다이스테아다이모늄헥토라이트, 폴리글리세릴-2다이아이소스테아레이트, 프로필렌카보네이트, 정제수, 말토덱스트린, 프로판다이올, 벤질글라이콜, 하이드롤라이즈드글라이코사미노글리칸, 글리세린, 소듐하이알루로네이트크로스폴리머, 1,2-헥산다이올, 에틸헥실글리세린, 하이드록시프로필트라이모늄하이알루로네이트, 소듐아세틸레이티드하이알루로네이트, 향료, 리모넨, 리날룰, 시트랄, 적색산화철 (CI 77491), 황색산화철 (CI 77492), 적색202호 (CI 15850), 흑색산화철 (CI 77499), 청색1호 (CI 42090)","가. 화장품 사용 시 또는 사용 후 직사광선에 의하여 사용부위가 붉은 반점, 부어오름 또는 가려움증 등의 이상 증상이나 부작용이 있는 경우에는 전문의 등과 상담할 것 나. 상처가 있는 부위 등에는 사용을 자제할 것 다. 보관 및 취급 시 주의사항 1) 어린이의 손이 닿지 않는 곳에 보관할 것 2) 직사광선을 피해서 보관할 것 라. 눈에 들어갔을 때에는 즉시 씻어낼 것",본 제품에 이상이 있을 경우 공정거래위원회 고시 ‘소비자분쟁해결기준’에 의해 보상해드립니다.,070-5014-0324,normal,홀리카홀리카(엔프라니),글로우 라이즈 밤 [06 코코 그레이프],2160443,73941,
80g,모든 피부,상품상세참조,"저녁 세안 후 스킨으로 피부결을 정돈한 뒤, 적당량을 덜어 얼굴에 고르게 펴 바른 후 가볍게 두드려 흡수시켜 줍니다. 다음 날 아침 미온수로 세안을 합니다.",엔프라니(주) / 엔프라니(주),한국,해당있음,"하이드롤라이즈드콜라겐, 정제수, 사이클로펜타실록산, 사이클로헥사실록산, 부틸렌글라이콜, 글리세린, 비스-피이지-18메칠에텔디메칠실란, 폴리소르베이트20, 피이지-240/에이치디아이코폴리머비스-데실테트라데세스-20에텔, 카프릴릴글라이콜, 에칠헥실글리세린, 트로폴론, 옥수수전분, 마이크로크리스탈린셀룰로오스, 슈크로오스, 만니톨, 마이카, 티타늄디옥사이드, 토코페릴아세테이트, 적색산화철, 틴옥사이드, 아크릴레이트/C10-30알킬아크릴레이트크로스폴리머, 포타슘하이드록사이드, 아데노신, 트레할로스, 베타-글루칸, 소듐하이알루로네이트, 플라센타단백질, 페녹시에탄올, 에칠헥실글리세린, 디프로필렌글라이콜, 마치현추출물, 라즈베리추출물, 선인장줄기추출물, 귀리가루추출물, 알로에잎추출물, 로즈마리추출물, 라벤더추출물, 선백리향추출물, 윈터베고니아뿌리추출물, 제비꽃추출물, 봉선화꽃추출물, 꿀추출물, 아사이야자추출물, 바이오사카라이드검-1, 아르니카꽃추출물, 겐티아나추출물, 서양톱풀추출물, 쓴쑥추출물, 금, 디소듐이디티에이, 적색227호, 향료","화장품을 사용하여 다음과 같이 이상이 있을 경우에는 사용을 중지할 것이며, 계속 사용하면 증상을 악화시키므로 피부과 전문의등에게 상담하십시오. 가) 사용중 붉은반점, 부어오름, 가려움증, 자극 등의 이상이 있을 경우 나) 사용부위가 직사광선에 의해 위와 같은 이상이 있을 경우 상처가 있는 곳 또는 습진 및 피부염 등의 이상이 있는 부위에는 사용하지 마십시오. 보관 및 취급상의 주의사항 가) 사용 후에는 반드시 마개를 닫아 둘 것. 나) 유/소아의 손에 닿지 않는 곳에 보관할 것. 다) 고온 내지 저온의 장소 및 직사광선이 닿는 곳에 보관하지 말 것.",상품상세참조,070-5014-0324,normal,홀리카홀리카(엔프라니),피그 콜라겐 젤리 팩,1790647,46280,
1.8g,모든 피부 타입,개봉전 36개월 / 개봉후 24개월,적당량의 내용물을 취하여 자연스럽게 펴 발라 줍니다.,코스맥스(주)/엔프라니(주),한국,해당있음,"마이카 (CI 77019), 티타늄디옥사이드 (CI 77891), 옥틸도데실스테아로일스테아레이트,합성플루오르플로고파이트, 다이메티콘,다이아이소스테아릴말레이트,글리세린,펜틸렌글라이콜, 실리카,마그네슘미리스테이트,나일론-12, 폴리메틸실세스퀴옥세인,폴리솔베이트20, 소듐아크릴레이트/소듐아크릴로일다이메틸타우레이트코폴리머, 마그네슘알루미늄실리케이트,솔비탄올리베이트,솔비탄스테아레이트,아이소헥사데칸,비닐다이메티콘/메티콘실세스퀴옥세인크로스폴리머, 에틸헥실글리세린, 트라이에톡시카프릴릴실레인,폴리솔베이트80,솔비탄올리에이트,토코페롤,틴옥사이드 (CI 77861),소듐데하이드로아세테이트,울트라마린 (CI 77007), 적색산화철 (CI 77491),적색226호 (CI 73360)",상품상세참조,본 상품의 품질보증 및 피해보상에 관한 사항은 관련 법률 및 공정거래위원회 고시 「소비자분쟁해결기준」에 따릅니다.,070-5014-0324,normal,홀리카홀리카(엔프라니),마이페이브 피스 빔 [슈가리스],2090049,62823,
상품상세참조,상품상세참조,상품상세참조,상품상세참조,상품상세참조,상품상세참조,해당있음,상품상세참조,상품상세참조,상품상세참조,상품상세참조,detail,홀리카홀리카(엔프라니),세라베리어 모이스처 액티브 토너,2069536,57236,img/세라베리어 모이스처 액티브 토너_0.jpg;img/세라베리어 모이스처 액티브 토너_1.jpg;img/세라베리어 모이스처 액티브 토너_2.jpg;img/세라베리어 모이스처 액티브 토너_3.jpg;img/세라베리어 모이스처 액티브 토너_4.jpg;img/세라베리어 모이스처 액티브 토너_5.jpg;img/세라베리어 모이스처 액티브 토너_6.jpg;img/세라베리어 모이스처 액티브 토너_7.jpg;img/세라베리어 모이스처 액티브 토너_8.jpg;img/세라베리어 모이스처 액티브 토너_9.jpg
1.8g,모든 피부 타입,개봉전 36개월 / 개봉후 24개월,적당량의 내용물을 취하여 자연스럽게 펴 발라 줍니다.,코스맥스(주)/엔프라니(주),한국,해당있음,"마이카 (CI 77019), 티타늄디옥사이드 (CI 77891),옥틸도데실스테아로일스테아레이트,다이메티콘, 다이아이소스테아릴말레이트,글리세린, 펜틸렌글라이콜, 실리카, 마그네슘미리스테이트,나일론-12,폴리메틸실세스퀴옥세인,폴리솔베이트20,소듐아크릴레이트/소듐아크릴로일다이메틸타우레이트코폴리머,마그네슘알루미늄실리케이트,합성플루오르플로고파이트,솔비탄올리베이트,솔비탄스테아레이트, 아이소헥사데칸,비닐다이메티콘/메티콘실세스퀴옥세인크로스폴리머,에틸헥실글리세린, 폴리솔베이트80,트라이에톡시카프릴릴실레인,솔비탄올리에이트,토코페롤,틴옥사이드 (CI 77861), 소듐데하이드로아세테이트, 적색산화철 (CI 77491)",상품상세참조,본 상품의 품질보증 및 피해보상에 관한 사항은 관련 법률 및 공정거래위원회 고시 「소비자분쟁해결기준」에 따릅니다.,070-5014-0324,normal,홀리카홀리카(엔프라니),마이페이브 피스 빔 [핑크어텐션],2097780,62822,
8g,모든 피부,개봉 전 24개월 / 개봉 후 12개월,내장된 퍼프를 이용하여 적당량을 취한 후 얼굴 전체 혹은 피지분비가 많은 T존 부위 등을 중심으로 가볍게 두드리듯 펴 발라줍니다.,한국콜마(주) / 엔프라니(주),한국,해당있음,상품상세참조,"화장품을 사용하여 다음과 같이 이상이 있을 경우에는 사용을 중지할 것이며, 계속 사용하면 증상을 악화시키므로 피부과 전문의등에게 상담하십시오. 가) 사용중 붉은반점, 부어오름, 가려움증, 자극 등의 이상이 있을 경우 나) 사용부위가 직사광선에 의해 위와 같은 이상이 있을 경우 상처가 있는 곳 또는 습진 및 피부염 등의 이상이 있는 부위에는 사용하지 마십시오. 보관 및 취급상의 주의사항 가) 사용 후에는 반드시 마개를 닫아 둘 것. 나) 유/소아의 손에 닿지 않는 곳에 보관할 것. 다) 고온 내지 저온의 장소 및 직사광선이 닿는 곳에 보관하지 말 것.",공정거래위원회 고시에 의거 보상받을 수 있음.,070-5014-0324,detail,홀리카홀리카(엔프라니),퓨리포어 노세범 팩트,1777782,8679,img/퓨리포어 노세범 팩트_0.jpg;img/퓨리포어 노세범 팩트_1.jpg;img/퓨리포어 노세범 팩트_2.jpg
100ml,모든피부,상품상세참조,"내장된 스파츌라를 이용하여 물기가 없는 손에 적당량을 덜어 충분한 유화과정을 통해 부드럽게 마사지하듯 클렌징한 후, 미온수로 깨끗이 씻어줍니다.",㈜엔프라니,한국,해당없음,에틸헥실팔미테이트;세틸에틸헥사노에이트;솔베스-30테트라아이소스테아레이트;합성왁스;호호바씨오일;정제수;부틸렌글라이콜;토코페릴아세테이트;소듐바이카보네이트;에틸헥실글리세린;향료;리모넨;시트랄,"화장품을 사용하여 다음과 같이 이상이 있을 경우에는 사용을 중지할 것이며, 계속 사용하면 증상을 악화시키므로 피부과 전문의등에게 상담하십시오. 가) 사용중 붉은반점, 부어오름, 가려움증, 자극 등의 이상이 있을 경우 나) 사용부위가 직사광선에 의해 위와 같은 이상이 있을 경우 상처가 있는 곳 또는 습진 및 피부염 등의 이상이 있는 부위에는 사용하지 마십시오. 보관 및 취급상의 주의사항 가) 사용 후에는 반드시 마개를 닫아 둘 것. 나) 유/소아의 손에 닿지 않는 곳에 보관할 것. 다) 고온 내지 저온의 장소 및 직사광선이 닿는 곳에 보관하지 말 것.",본 상품의 품질보증 및 피해보상에 관한 사항은 관련 법률 및 공정거래위원회 고시 「소비자분쟁해결기준」에 따릅니다.,070-5014-0324,normal,홀리카홀리카(엔프라니),소다톡톡 말끔모공 클리어 클렌징 밤,1982382,28817,
7g,모든 피부,개봉 전 24개월 / 개봉 후 12개월,내장된 퍼프를 이용하여 적당량을 취한 후 얼굴 전체 혹은 피지분비가 많은 T존 부위 등을 중심으로 가볍게 두드리듯 펴 발라줍니다.,한국콜마(주) / 엔프라니(주),한국,해당있음,상품상세참조,"화장품을 사용하여 다음과 같이 이상이 있을 경우에는 사용을 중지할 것이며, 계속 사용하면 증상을 악화시키므로 피부과 전문의등에게 상담하십시오. 가) 사용중 붉은반점, 부어오름, 가려움증, 자극 등의 이상이 있을 경우 나) 사용부위가 직사광선에 의해 위와 같은 이상이 있을 경우 상처가 있는 곳 또는 습진 및 피부염 등의 이상이 있는 부위에는 사용하지 마십시오. 보관 및 취급상의 주의사항 가) 사용 후에는 반드시 마개를 닫아 둘 것. 나) 유/소아의 손에 닿지 않는 곳에 보관할 것. 다) 고온 내지 저온의 장소 및 직사광선이 닿는 곳에 보관하지 말 것.",공정거래위원회 고시에 의거 보상받을 수 있음.,070-5014-0324,detail,홀리카홀리카(엔프라니),퓨리포어 노세범 파우더,1777781,8678,img/퓨리포어 노세범 파우더_0.jpg;img/퓨리포어 노세범 파우더_1.jpg;img/퓨리포어 노세범 파우더_2.jpg;img/퓨리포어 노세범 파우더_3.jpg
40ml,상세설명참조,제품별도표기,상세설명참조,한국콜마 / 엔프라니(주),한국,해당있음,상품상세참조,"화장품을 사용하여 다음과 같이 이상이 있을 경우에는 사용을 중지할 것이며, 계속 사용하면 증상을 악화시키므로 피부과 전문의등에게 상담하십시오. 가) 사용중 붉은반점, 부어오름, 가려움증, 자극 등의 이상이 있을 경우 나) 사용부위가 직사광선에 의해 위와 같은 이상이 있을 경우 상처가 있는 곳 또는 습진 및 피부염 등의 이상이 있는 부위에는 사용하지 마십시오. 보관 및 취급상의 주의사항 가) 사용 후에는 반드시 마개를 닫아 둘 것. 나) 유/소아의 손에 닿지 않는 곳에 보관할 것. 다) 고온 내지 저온의 장소 및 직사광선이 닿는 곳에 보관하지 말 것.",공정거래위원회 고시에 의거 보상받을 수 있음.,070-5014-0324,detail,홀리카홀리카(엔프라니),굳세라 수퍼 세라마이드 에센셜 오일,1992430,8043,img/굳세라 수퍼 세라마이드 에센셜 오일_0.jpg;img/굳세라 수퍼 세라마이드 에센셜 오일_1.jpg;img/굳세라 수퍼 세라마이드 에센셜 오일_2.jpg;img/굳세라 수퍼 세라마이드 에센셜 오일_3.jpg;img/굳세라 수퍼 세라마이드 에센셜 오일_4.jpg;img/굳세라 수퍼 세라마이드 에센셜 오일_5.jpg
1.3g,모든 피부용,"개봉 전 24개월, 개봉 후 12개월",1. 내용물을 적당량 꺼내어 확장하고 싶은 범위까지 립 라인을 그려주고 베이스를 채워줍니다. 2. 픽싱 되기 전에 내장된 브러시를 이용해 부드럽게 경계를 풀어줍니다. 3. 원하는 포인트 립을 블러링 브러시를 이용해 입술 안쪽부터 자연스럽게 그라데이션 해줍니다. 4. 내용물이 마르지 않도록 사용 후 바로 캡을 닫아 보관합니다.,㈜씨앤씨인터내셔널 / 엔프라니㈜,한국,해당없음,"03 피오니솝 다이아이소스테아릴말레이트, 페닐트라이메티콘, 합성왁스, 다이메티콘, 티타늄디옥사이드, 트라이메틸실록시실리케이트, 사이클로펜타실록세인, 아이소도데케인, 세틸피이지/피피지-10/1다이메티콘, 마이크로크리스탈린왁스, 트라이데실트라이멜리테이트, 실리카, 마이카, 메틸메타크릴레이트크로스폴리머 , 황색5호, 실리카다이메틸실릴레이트, 다이메티콘크로스폴리머, 적색202호, 페녹시에탄올, 흑색산화철, 메티콘, 향료, 동백나무씨오일, 코코넛야자오일, 펜타에리스리틸테트라-다이-t-부틸하이드록시하이드로신나메이트","가. 화장품 사용 시 또는 사용 후 직사광선에 의하여 사용부위가 붉은 반점, 부어 오름 또는 가려움증 등의 이상 증상이나 부작용이 있는 경우에는 전문의 등과 상담할 것 나. 상처가 있는 부위 등에는 사용을 자제할 것 다. 보관 및 취급 시 주의사항 1) 어린이의 손이 닿지 않는 곳에 보관할 것 2) 직사광선을 피해서 보관할 것",본 제품에 이상이 있을 경우 공정거래위원회고시 '소비자분쟁해결기준'에 의해 보상해드립니다.,070-5014-0324,normal,홀리카홀리카(엔프라니),멜로우 블러링 립 펜슬 [03 피오니솝],2063063,56934,
200ml,모든 피부,개봉전 24개월,상품상세참조,코스맥스 / 엔프라니(주),한국,해당없음,"정제수,세테아릴알코올,스테아릴알코올,부틸렌글라이콜,스테아트리모늄클로라이드,동백오일,아르간트리커넬오일,사과씨오일,로얄젤리추출물,글리세린,브라시카미도프로필디메칠아민,세트리모늄클로라이드,프로필렌글라이콜,세틸에스터,하이드록시에칠셀룰로오스,아스파틱애씨드,폴리소르베이트60,바이오틴,센나씨폴리사카라이드,1,2-헥산디올,에탄올,디소듐이디티에이,소듐벤조에이트,포타슘소르베이트,페녹시에탄올,향료,황색4호 (CI 19140),황색5호 (CI 15985)","화장품을 사용하여 다음과 같이 이상이 있을 경우에는 사용을 중지할 것이며, 계속 사용하면 증상을 악화시키므로 피부과 전문의등에게 상담하십시오. 가) 사용중 붉은반점, 부어오름, 가려움증, 자극 등의 이상이 있을 경우 나) 사용부위가 직사광선에 의해 위와 같은 이상이 있을 경우 상처가 있는 곳 또는 습진 및 피부염 등의 이상이 있는 부위에는 사용하지 마십시오. 보관 및 취급상의 주의사항 가) 사용 후에는 반드시 마개를 닫아 둘 것. 나) 유/소아의 손에 닿지 않는 곳에 보관할 것. 다) 고온 내지 저온의 장소 및 직사광선이 닿는 곳에 보관하지 말 것.",상품상세참조,070-5014-0324,normal,홀리카홀리카(엔프라니),비오틴 데미지 케어 트리트먼트,1798583,44891,
1매입,모든 피부,상품 별도 표기,상세페이지 참조,(주)코바스 / 엔프라니,한국,해당있음,상품상세참조,"화장품을 사용하여 다음과 같이 이상이 있을 경우에는 사용을 중지할 것이며, 계속 사용하면 증상을 악화시키므로 피부과 전문의등에게 상담하십시오. 가) 사용중 붉은반점, 부어오름, 가려움증, 자극 등의 이상이 있을 경우 나) 사용부위가 직사광선에 의해 위와 같은 이상이 있을 경우 상처가 있는 곳 또는 습진 및 피부염 등의 이상이 있는 부위에는 사용하지 마십시오. 보관 및 취급상의 주의사항 가) 사용 후에는 반드시 마개를 닫아 둘 것. 나) 유/소아의 손에 닿지 않는 곳에 보관할 것. 다) 고온 내지 저온의 장소 및 직사광선이 닿는 곳에 보관하지 말 것.",공정거래위원회 고시에 의거 보상받을 수 있음.,070-5014-0324,detail,홀리카홀리카(엔프라니),피그 클리어 블랙헤드 3 STEP 키트 [스트롱],1788731,9395,img/피그 클리어 블랙헤드 3 STEP 키트 [스트롱]_0.jpg;img/피그 클리어 블랙헤드 3 STEP 키트 [스트롱]_1.jpg;img/피그 클리어 블랙헤드 3 STEP 키트 [스트롱]_2.jpg;img/피그 클리어 블랙헤드 3 STEP 키트 [스트롱]_3.jpg;img/피그 클리어 블랙헤드 3 STEP 키트 [스트롱]_4.jpg;img/피그 클리어 블랙헤드 3 STEP 키트 [스트롱]_5.jpg
10g,모든 피부 타입,제조일로부터 30개월,"내용물을 적당량 꺼낸 뒤 눈가, 입가(팔자), 목 등 건조하거나 주름이 신경쓰이는 부위에 수시로 펴 발라 줍니다.",한국콜마(주)/엔프라니(주),한국,해당있음,"해바라기씨오일;비즈왁스;옥틸도데칸올;폴리글리세릴-2트라이아이소스테아레이트;다이아이소스테아릴말레이트;시어버터;하이드로제네이티드폴리아이소부텐;칸데릴라왁스;토코페릴아세테이트;트라이데실트라이멜리테이트;피마자씨오일;폴리에틸렌;솔비탄올리베이트;스위트아몬드오일;모나스커스추출물;한련초추출물;당근추출물;들깨잎추출물;병풀추출물;보리지추출물;사탕무뿌리추출물;참당귀추출물;캐모마일꽃추출물;포트마리골드꽃추출물;인도멀구슬나무잎추출물;콜라겐추출물;라벤더오일;비타민나무열매오일;녹차씨오일;동백나무씨오일;아르간커넬오일;올리브오일;퀸즈랜드넛오일;호호바씨오일;알파-비사보롤;마이크로크리스탈린왁스;카프릴릭/카프릭트라이글리세라이드;솔비탄세스퀴올리에이트;토코페롤;정제수;글리세린;글라이코리피드;폴리글리세릴-10올리에이트;1,2-헥산다이올;드럼스틱씨오일;레스베라트롤;하이드롤라이즈드콜라겐;데하이드로아세틱애씨드;리날룰;리모넨","1) 화장품 사용 시 또는 사용 후 직사광선에 의하여 사용부위가 붉은 반점, 부어오름 또는 가려움증 등의 이상 증상이나 부작용이 있는 경우 전문의 등과 상담할 것 2) 상처가 있는 부위 등에는 사용을 자제할 것 3) 보관 및 취급 시의 주의사항 가) 어린이의 손이 닿지 않는 곳에 보관할 것 나) 직사광선을 피해서 보관할 것",본 제품에 이상이 있을 경우 공정거래위원회고시 '소비자분쟁해결기준'에 의해 보상해드립니다.,070-5014-0324,normal,홀리카홀리카(엔프라니),퍼플콜라겐 안티링클 멀티밤,1987361,29525,
5.5g,모든 피부용,개봉 전 24개월 / 개봉 후 6개월,"브러쉬 혹은 손가락에 내용물을 적당량 취한 후, 눈가에 부드럽게 펴 발라줍니다.","㈜코스맥스, 브러쉬:㈜백호 / 엔프라니㈜",대한민국,해당있음,"[04 문로라] 다이메티콘, 티타늄디옥사이드 (CI 77891), 합성플루오르플로고파이트, 카프릴릴메티콘, 정제수, 파라핀, 아이소도데케인, 피이지-10다이메티콘, 칼슘알루미늄보로실리케이트, 글리세린, 부틸렌글라이콜, 폴리메틸실세스퀴옥세인, 마이카 (CI 77019), 실리카, 펜틸렌글라이콜, 합성왁스, 트라이메틸실록시실리케이트, 1,2-헥산다이올, 세틸다이메티콘, 솔비탄아이소스테아레이트, 마이크로크리스탈린왁스, 마그네슘설페이트, 수크로오스테트라스테아레이트트라이아세테이트, 다이스테아다이모늄헥토라이트, 다이메티콘/비닐다이메티콘크로스폴리머, 트라이에틸시트레이트, 에틸헥실글리세린, 트라이소듐에틸렌다이아민다이석시네이트, 틴옥사이드, 페녹시에탄올, 카민 (CI 75470)","가. 화장품 사용 시 또는 사용 후 직사광선에 의하여 사용부위가 붉은 반점, 부어오름 또는 가려움증 등의 이상 증상이나 부작용이 있는 경우에는 전문의 등과 상담할 것 나. 상처가 있는 부위 등에는 사용을 자제할 것 다. 보관 및 취급 시 주의사항 1) 어린이의 손이 닿지 않는 곳에 보관할 것 2) 직사광선을 피해서 보관할 것 라. 눈에 들어갔을 때에는 즉시 씻어낼 것",본 제품에 이상이 있을 경우 공정거래위원회고시 '소비자분쟁해결기준'에 의해 보상해드립니다.,070-5014-0324,normal,홀리카홀리카(엔프라니),루미너스 밀크빔 팟 [04 문로라],2133803,72202,
50ml,모든 피부,개봉전 30개월,저녁 세안 후 스킨으로 피부 결을 정돈한 뒤 적당량을 덜어 얼굴 전체에 펴 바르고 마사지하듯 가볍게 두드려 흡수시킨 후 수면을 취하고 다음날 아침 미온수로 가볍게 헹궈줍니다.,㈜엔코스 / 엔프라니(주),한국,해당있음,"정제수, 카프릴릭/카프릭트라이글리세라이드, 다이프로필렌글라이콜, 글리세린, 세테아레스-6올리베이트, 나이아신아마이드, 폴리글리세릴-6옥타스테아레이트, 글리세릴베헤네이트, 하이드로제네이티드레시틴, 수박추출물, 토마토추출물, 오미자추출물, 석류추출물, 사과추출물, 비치스트로베리추출물, 수박추출물, 피이지-240/에이치디아이코폴리머비스-데실테트라데세스-20에터, 폴리글리세릴-10라우레이트, 실리카, 하이드록시아세토페논, 카프릴릴글라이콜, 부틸렌글라이콜, 폴리쿼터늄-51, 1,2-헥산다이올, 아데노신, 다이포타슘글리시리제이트, 포타슘라우레이트, 에틸헥실글리세린, 비에이치티, 황색5호, 적색2호, 다이소듐이디티에이, 향료","화장품을 사용하여 다음과 같이 이상이 있을 경우에는 사용을 중지할 것이며, 계속 사용하면 증상을 악화시키므로 피부과 전문의등에게 상담하십시오. 가) 사용중 붉은반점, 부어오름, 가려움증, 자극 등의 이상이 있을 경우 나) 사용부위가 직사광선에 의해 위와 같은 이상이 있을 경우 상처가 있는 곳 또는 습진 및 피부염 등의 이상이 있는 부위에는 사용하지 마십시오. 보관 및 취급상의 주의사항 가) 사용 후에는 반드시 마개를 닫아 둘 것. 나) 유/소아의 손에 닿지 않는 곳에 보관할 것. 다) 고온 내지 저온의 장소 및 직사광선이 닿는 곳에 보관하지 말 것.",상세페이지참조,070-5014-0324,normal,홀리카홀리카(엔프라니),워터멜론 아쿠아 슬리핑 마스크,1836146,44801,
5.5g,모든 피부용,개봉 전 24개월 / 개봉 후 6개월,"브러쉬 혹은 손가락에 내용물을 적당량 취한 후, 눈가에 부드럽게 펴 발라줍니다.","㈜코스맥스, 브러쉬:㈜백호 / 엔프라니㈜",대한민국,해당있음,"01 선피치 다이메티콘, 티타늄디옥사이드 (CI 77891), 마이카 (CI 77019), 카프릴릴메티콘, 합성플루오르플로고파이트, 파라핀, 정제수, 아이소도데케인, 피이지-10다이메티콘, 글리세린, 부틸렌글라이콜, 폴리메틸실세스퀴옥세인, 칼슘소듐보로실리케이트, 펜틸렌글라이콜, 실리카, 합성왁스, 트라이메틸실록시실리케이트, 1,2-헥산다이올, 세틸다이메티콘, 솔비탄아이소스테아레이트, 마이크로크리스탈린왁스, 마그네슘설페이트, 수크로오스테트라스테아레이트트라이아세테이트, 다이스테아다이모늄헥토라이트, 다이메티콘/비닐다이메티콘크로스폴리머, 다이아이소스테아릴말레이트, 폴리글리세릴-2트라이아이소스테아레이트, 트라이에틸시트레이트, 트라이에톡시카프릴릴실레인, 에틸헥실글리세린, 트라이소듐에틸렌다이아민다이석시네이트, 틴옥사이드, 페녹시에탄올, 황색산화철 (CI 77492), 적색산화철 (CI 77491), 카민 (CI 75470)","가. 화장품 사용 시 또는 사용 후 직사광선에 의하여 사용부위가 붉은 반점, 부어오름 또는 가려움증 등의 이상 증상이나 부작용이 있는 경우에는 전문의 등과 상담할 것 나. 상처가 있는 부위 등에는 사용을 자제할 것 다. 보관 및 취급 시 주의사항 1) 어린이의 손이 닿지 않는 곳에 보관할 것 2) 직사광선을 피해서 보관할 것 라. 눈에 들어갔을 때에는 즉시 씻어낼 것",본 제품에 이상이 있을 경우 공정거래위원회고시 '소비자분쟁해결기준'에 의해 보상해드립니다.,070-5014-0324,normal,홀리카홀리카(엔프라니),루미너스 밀크빔 팟 [01 선피치],2133796,72199,
40ml,모든 피부,상품 별도 표기,상세 페이지 참조,엔프라니(주) / 엔프라니(주),한국,해당있음,,"화장품을 사용하여 다음과 같이 이상이 있을 경우에는 사용을 중지할 것이며, 계속 사용하면 증상을 악화시키므로 피부과 전문의등에게 상담하십시오. 가) 사용중 붉은반점, 부어오름, 가려움증, 자극 등의 이상이 있을 경우 	나) 사용부위가 직사광선에 의해 위와 같은 이상이 있을 경우  상처가 있는 곳 또는 습진 및 피부염 등의 이상이 있는 부위에는 사용하지 마십시오. 보관 및 취급상의 주의사항 	가) 사용 후에는 반드시 마개를 닫아 둘 것. 나) 유/소아의 손에 닿지 않는 곳에 보관할 것. 다) 고온 내지 저온의 장소 및 직사광선이 닿는 곳에 보관하지 말 것.",본 제품에 이상이 있을 경우 공정거래위원회고시 '소비자분쟁해결기준'에 의해 보상해드립니다.,070-5014-0324,missing,홀리카홀리카(엔프라니),프리미어콜라겐 세럼,1898900,15538,img/프리미어콜라겐 세럼_0.jpg;img/프리미어콜라겐 세럼_1.jpg;img/프리미어콜라겐 세럼_2.jpg
125ml,모든 피부,상품 별도 표기,상세 페이지 참조,엔프라니(주) / 엔프라니(주),한국,해당있음,,"화장품을 사용하여 다음과 같이 이상이 있을 경우에는 사용을 중지할 것이며, 계속 사용하면 증상을 악화시키므로 피부과 전문의등에게 상담하십시오. 가) 사용중 붉은반점, 부어오름, 가려움증, 자극 등의 이상이 있을 경우 	나) 사용부위가 직사광선에 의해 위와 같은 이상이 있을 경우  상처가 있는 곳 또는 습진 및 피부염 등의 이상이 있는 부위에는 사용하지 마십시오. 보관 및 취급상의 주의사항 	가) 사용 후에는 반드시 마개를 닫아 둘 것. 나) 유/소아의 손에 닿지 않는 곳에 보관할 것. 다) 고온 내지 저온의 장소 및 직사광선이 닿는 곳에 보관하지 말 것.",본 제품에 이상이 있을 경우 공정거래위원회고시 '소비자분쟁해결기준'에 의해 보상해드립니다.,070-5014-0324,missing,홀리카홀리카(엔프라니),프리미어콜라겐 에멀젼,1898899,15537,img/프리미어콜라겐 에멀젼_0.jpg;img/프리미어콜라겐 에멀젼_1.jpg;img/프리미어콜라겐 에멀젼_2.jpg
3.3g,모든피부,제품별도표기,상세설명참조,코스맥스(주) / 엔프라니(주),한국,해당있음,상품상세참조,"화장품을 사용하여 다음과 같이 이상이 있을 경우에는 사용을 중지할 것이며, 계속 사용하면 증상을 악화시키므로 피부과 전문의등에게 상담하십시오. 가) 사용중 붉은반점, 부어오름, 가려움증, 자극 등의 이상이 있을 경우 나) 사용부위가 직사광선에 의해 위와 같은 이상이 있을 경우 상처가 있는 곳 또는 습진 및 피부염 등의 이상이 있는 부위에는 사용하지 마십시오. 보관 및 취급상의 주의사항 가) 사용 후에는 반드시 마개를 닫아 둘 것. 나) 유/소아의 손에 닿지 않는 곳에 보관할 것. 다) 고온 내지 저온의 장소 및 직사광선이 닿는 곳에 보관하지 말 것.",공정거래위원회 고시에 의거 보상받을 수 있음.,070-5014-0324,detail,홀리카홀리카(엔프라니),피스 매칭 블러셔 [PK01 클린핑크],1783128,8240,img/피스 매칭 블러셔 [PK01 클린핑크]_0.jpg;img/피스 매칭 블러셔 [PK01 클린핑크]_1.jpg;img/피스 매칭 블러셔 [PK01 클린핑크]_2.jpg
9ml,모든 피부 타입,상품 별도 표기,상세 페이지 참고,한국콜마㈜ / 엔프라니(주),한국,해당없음,상품상세참조,"화장품을 사용하여 다음과 같이 이상이 있을 경우에는 사용을 중지할 것이며, 계속 사용하면 증상을 악화시키므로 피부과 전문의등에게 상담하십시오. 가) 사용중 붉은반점, 부어오름, 가려움증, 자극 등의 이상이 있을 경우 	나) 사용부위가 직사광선에 의해 위와 같은 이상이 있을 경우  상처가 있는 곳 또는 습진 및 피부염 등의 이상이 있는 부위에는 사용하지 마십시오. 보관 및 취급상의 주의사항 	가) 사용 후에는 반드시 마개를 닫아 둘 것. 나) 유/소아의 손에 닿지 않는 곳에 보관할 것. 다) 고온 내지 저온의 장소 및 직사광선이 닿는 곳에 보관하지 말 것.",본 제품에 이상이 있을 경우 공정거래위원회고시 '소비자분쟁해결기준'에 의해 보상해드립니다.,070-5014-0324,detail,홀리카홀리카(엔프라니),래쉬 코렉팅 케어 에센셜 세럼,1902218,16823,img/래쉬 코렉팅 케어 에센셜 세럼_0.jpg;img/래쉬 코렉팅 케어 에센셜 세럼_1.jpg;img/래쉬 코렉팅 케어 에센셜 세럼_2.jpg;img/래쉬 코렉팅 케어 에센셜 세럼_3.jpg;img/래쉬 코렉팅 케어 에센셜 세럼_4.jpg;img/래쉬 코렉팅 케어 에센셜 세럼_5.jpg;img/래쉬 코렉팅 케어 에센셜 세럼_6.jpg;img/래쉬 코렉팅 케어 에센셜 세럼_7.jpg
,,,,,,,,,,,missing,홀리카홀리카(엔프라니),타로즈 컬렉션 본듀 립 쉬어 [03 히든],2064859,56916,
,,,,,,,,,,,missing,홀리카홀리카(엔프라니),골드키위 비타 C+ 브라이트닝 토너,1890986,12160,
3.4 g / 0.11 oz.,모든 피부 타입,개봉 전 36개월 / 개봉 후 18개월,"입술 중앙에 자연스럽게 그라데이션 해주거나, 입술 안쪽부터 바깥쪽을 채우듯 발라줍니다. 슬림한 용기에 촉촉한 내용물로 엘리베이팅이 어려울 수 있으니 1mm만 꺼내어 사용해주세요.",코스맥스㈜/엔프라니㈜,한국,해당없음,"01 디오니 카프릴릭/카프릭트라이글리세라이드, 하이드로제네이티드폴리아이소부텐, 옥틸도데칸올, 다이펜타에리스리틸펜타아이소스테아레이트, 피토스테릴/베헤닐/옥틸도데실라우로일글루타메이트, 합성왁스, 피토스테릴/이소스테아릴/세틸/스테아릴/베헤닐다이머디리놀리에이트, 파라핀, 글리세린, 합성플루오르플로고파이트, 다이글리세릴세바케이트/아이소팔미테이트, 에틸헥실하이드록시스테아레이트, 다이아이소스테아릴말레이트, 티타늄디옥사이드 (CI 77891), 잇꽃씨오일, 사과씨오일, 쿠푸아수씨버터, 부틸렌글라이콜, 솔비탄아이소스테아레이트, 라우릴피이지-9폴리다이메틸실록시에틸다이메티콘, 에틸렌/프로필렌코폴리머, 폴리에틸렌, 스테아랄코늄헥토라이트, 폴리하이드록시스테아릭애씨드, 마이크로크리스탈린왁스, 폴리글리세릴-2트라이아이소스테아레이트, 세틸피이지/피피지-10/1다이메티콘, 프로필렌카보네이트, 에틸헥실팔미테이트, 아이소프로필미리스테이트, 아이소스테아릭애씨드, 레시틴, 폴리글리세릴-3폴리리시놀리에이트, 폴리글리세릴-2다이아이소스테아레이트, 토코페롤, 향료, 황색산화철 (CI 77492), 적색227호 (CI 17200), 흑색산화철 (CI 77499), 황색5호 (CI 15985), 청색1호 (CI 42090), 적색산화철 (CI 77491), 적색202호 (CI 15850), 적색104호의(1) (CI 45410), 청색1호 (CI 42090)","가. 화장품 사용 시 또는 사용 후 직사광선에 의하여 사용부위가 붉은 반점, 부어오름 또는 가려움증 등의 이상 증상이나 부작용이 있는 경우에는 전문의 등과 상담할 것 나. 상처가 있는 부위 등에는 사용을 자제할 것 다. 보관 및 취급 시 주의사항 1) 어린이의 손이 닿지 않는 곳에 보관할 것 2) 직사광선을 피해서 보관할 것",본 상품의 품질보증 및 피해보상에 관한 사항은 관련 법률 및 공정거래위원회 고시 「소비자분쟁해결기준」에 따릅니다.,070-5014-0324,normal,홀리카홀리카(엔프라니),타로즈 컬렉션 본듀 립 쉬어 [01 디오니],2064844,56914,
3.4 g / 0.11 oz.,모든 피부 타입,개봉 전 36개월 / 개봉 후 18개월,"입술 중앙에 자연스럽게 그라데이션 해주거나, 입술 안쪽부터 바깥쪽을 채우듯 발라줍니다. 슬림한 용기에 촉촉한 내용물로 엘리베이팅이 어려울 수 있으니 1mm만 꺼내어 사용해주세요.",코스맥스㈜/엔프라니㈜,한국,해당없음,"02 하츠 카프릴릭/카프릭트라이글리세라이드, 하이드로제네이티드폴리아이소부텐, 옥틸도데칸올, 다이펜타에리스리틸펜타아이소스테아레이트, 피토스테릴/베헤닐/옥틸도데실라우로일글루타메이트, 합성왁스, 피토스테릴/이소스테아릴/세틸/스테아릴/베헤닐다이머디리놀리에이트, 파라핀, 글리세린, 합성플루오르플로고파이트, 다이아이소스테아릴말레이트, 티타늄디옥사이드 (CI 77891), 다이글리세릴세바케이트/아이소팔미테이트, 잇꽃씨오일, 사과씨오일, 쿠푸아수씨버터, 부틸렌글라이콜, 솔비탄아이소스테아레이트, 라우릴피이지-9폴리다이메틸실록시에틸다이메티콘, 에틸렌/프로필렌코폴리머, 에틸헥실하이드록시스테아레이트, 폴리글리세릴-2트라이아이소스테아레이트, 폴리에틸렌, 스테아랄코늄헥토라이트, 폴리하이드록시스테아릭애씨드, 마이크로크리스탈린왁스, 세틸피이지/피피지-10/1다이메티콘, 프로필렌카보네이트, 폴리글리세릴-2다이아이소스테아레이트, 에틸헥실팔미테이트, 아이소프로필미리스테이트, 아이소스테아릭애씨드, 레시틴, 폴리글리세릴-3폴리리시놀리에이트, 토코페롤, 향료, 황색산화철 (CI 77492), 황색5호 (CI 15985), 적색202호 (CI 15850), 청색1호 (CI 42090), 적색227호 (CI 17200)","가. 화장품 사용 시 또는 사용 후 직사광선에 의하여 사용부위가 붉은 반점, 부어오름 또는 가려움증 등의 이상 증상이나 부작용이 있는 경우에는 전문의 등과 상담할 것 나. 상처가 있는 부위 등에는 사용을 자제할 것 다. 보관 및 취급 시 주의사항 1) 어린이의 손이 닿지 않는 곳에 보관할 것 2) 직사광선을 피해서 보관할 것",본 상품의 품질보증 및 피해보상에 관한 사항은 관련 법률 및 공정거래위원회 고시 「소비자분쟁해결기준」에 따릅니다.,070-5014-0324,normal,홀리카홀리카(엔프라니),타로즈 컬렉션 본듀 립 쉬어 [02 하츠],2064855,56915,
10g,모든피부,개봉전 36개월 / 개봉후 18개월,상품상세참조,코스맥스 / ㈜엔프라니,한국,해당없음,"다이아이소스테아릴말레이트;옥틸도데칸올;페닐프로필디메틸실록시실리케이트;트라이에틸헥사노인;폴리부텐;사과씨오일;비스-다이글리세릴폴리아실아디페이트-2;하이드로제네이티드식물성오일;합성왁스;파라핀;펜타에리스리틸테트라아이소스테아레이트;합성플루오르플로고파이트;하이드로제네이티드폴리데센;다이글리세릴세바케이트/아이소팔미테이트;트라이라우린;브이피/에이코신코폴리머;폴리에틸렌;CI 77891;실리카다이메틸실릴레이트;망고씨버터;카카오씨버터;야자씨버터;하이드롤라이즈드콜라겐;락토바실러스/콩추출물발효여과물;아세틸레이티드수크로오스다이스테아레이트;카프릴릭/카프릭트라이글리세라이드;에틸렌/프로필렌코폴리머;실리카;마이크로크리스탈린왁스;스테아랄코늄헥토라이트;카프릴릴글라이콜;글리세릴카프릴레이트;프로필렌카보네이트;트라이에톡시카프릴릴실레인;펜타에리스리틸테트라-다이-t-부틸하이드록시하이드로신나메이트;정제수;다이프로필렌글라이콜;1,2-헥산다이올;토코페롤;CI 77861;CI 77019;CI 77491","화장품을 사용하여 다음과 같이 이상이 있을 경우에는 사용을 중지할 것이며, 계속 사용하면 증상을 악화시키므로 피부과 전문의등에게 상담하십시오. 가) 사용중 붉은반점, 부어오름, 가려움증, 자극 등의 이상이 있을 경우 나) 사용부위가 직사광선에 의해 위와 같은 이상이 있을 경우 상처가 있는 곳 또는 습진 및 피부염 등의 이상이 있는 부위에는 사용하지 마십시오. 보관 및 취급상의 주의사항 가) 사용 후에는 반드시 마개를 닫아 둘 것. 나) 유/소아의 손에 닿지 않는 곳에 보관할 것. 다) 고온 내지 저온의 장소 및 직사광선이 닿는 곳에 보관하지 말 것.",본 상품의 품질보증 및 피해보상에 관한 사항은 관련 법률 및 공정거래위원회 고시 「소비자분쟁해결기준」에 따릅니다.,070-5014-0324,normal,홀리카홀리카(엔프라니),버터 앤 베터 컬렉션 버터멜팅 하이라이터,1974685,28545,
5g,모든 피부용,개봉 전 36개월/개봉 후 12개월,내장되어 있는 퍼프에 적당량을 덜어 볼 위에 가볍게 톡톡 두드리듯이 발라줍니다.,(주)코스메카코리아/엔프라니(주),대한민국,해당있음,"카올린, 다이메티콘, 폴리프로필실세스퀴옥세인, 페닐트라이메티콘, 티타늄디옥사이드, 비닐다이메티콘/메티콘실세스퀴옥세인크로스폴리머, 폴리글리세릴-2트라이아이소스테아레이트, 에이치디아이/트라이메틸올헥실락톤크로스폴리머, 합성왁스, 브이피/헥사데센코폴리머, 마이크로크리스탈린왁스, 합성비즈왁스, 폴리글리세릴-6폴리리시놀리에이트, 다이아이소스테아릴말레이트, 다이메티콘크로스폴리머, 메틸메타크릴레이트크로스폴리머, 라우릴폴리글리세릴-3폴리다이메틸실록시에틸다이메티콘, 1,2-헥산다이올, 적색104호의(1), 에틸렌/프로필렌코폴리머, 토코페릴아세테이트, 적색산화철, 카프릴릴글라이콜, 실리카, 청색1호, 에틸헥실글리세린, 흑색산화철, 토코페롤","가. 화장품 사용 시 또는 사용 후 직사광선에 의하여 사용부위가 붉은 반점, 부어오름 또는 가려움증 등의 이상 증상이나 부작용이 있는 경우에는 전문의 등과 상담할 것 나. 상처가 있는 부위 등에는 사용을 자제할 것 다. 보관 및 취급 시 주의사항 1) 어린이의 손이 닿지 않는 곳에 보관할 것 2) 직사광선을 피해서 보관할 것 라. 눈에 들어갔을 때에는 즉시 씻어낼 것",본 제품에 이상이 있을 경우 공정거래위원회고시 '소비자분쟁해결기준'에 의해 보상해드립니다.,070-5014-0324,normal,홀리카홀리카(엔프라니),틴티드 밀크 크림 블러쉬 [04 러브야],2101889,74743,
200ml,모든피부,상품상세참조,세안 후 적당량을 화장솜에 덜어 피부결을 따라 부드럽게 닦은 후 가볍게 흡수시켜 줍니다.,엔프라니(주) / 엔프라니(주),한국,해당있음,"정제수;1,2-헥산다이올;메틸프로판다이올;글리세레스-26;알로에베라잎추출물;엑토인;알로에베라잎즙;알란토인;레몬밤잎추출물;병풀추출물;참마뿌리추출물;다시마추출물;프로판다이올;석시노글리칸;폴리글리세릴-10라우레이트;펜틸렌글라이콜;자일리톨;글리세린;다이소듐이디티에이;에틸헥실글리세린;소듐벤조에이트;시트릭애씨드;향료","화장품을 사용하여 다음과 같이 이상이 있을 경우에는 사용을 중지할 것이며, 계속 사용하면 증상을 악화시키므로 피부과 전문의등에게 상담하십시오. 가) 사용중 붉은반점, 부어오름, 가려움증, 자극 등의 이상이 있을 경우 나) 사용부위가 직사광선에 의해 위와 같은 이상이 있을 경우 상처가 있는 곳 또는 습진 및 피부염 등의 이상이 있는 부위에는 사용하지 마십시오. 보관 및 취급상의 주의사항 가) 사용 후에는 반드시 마개를 닫아 둘 것. 나) 유/소아의 손에 닿지 않는 곳에 보관할 것. 다) 고온 내지 저온의 장소 및 직사광선이 닿는 곳에 보관하지 말 것.",상품상세참조,070-5014-0324,normal,홀리카홀리카(엔프라니),알로에 수딩 에센스 98% 착즙 토너,1939854,26745,
9ml,모든피부,개봉 전 24개월/개봉 후 6개월,상품상세참조,한국콜마㈜ / ㈜엔프라니,한국,해당없음,"정제수;에탄올;브이피/브이에이코폴리머;피브이피;부틸렌글라이콜;폴리비닐알코올;1,2-헥산다이올;암모늄아크릴로일다이메틸타우레이트/브이피코폴리머;소듐하이알루로네이트;자작나무수액;에틸헥실글리세린;트로메타민;바이오틴;아라비아고무나무검;토코페롤;판테놀;하이드롤라이즈드하이알루로닉애씨드;하이드롤라이즈드케라틴;류코노스톡/무발효여과물","1) 화장품 사용 시 또는 사용 후 직사광선에 의하여 사용부위가 붉은반점, 부어오름 또는 가려움증 등의 이상 증상이나 부작용이 있는 경우 전문의 등과 상담할 것 2) 상처가 있는 부위 등에는 사용을 자제할 것 3) 보관 및 취급 시의 주의사항 가) 어린이의 손이 닿지 않는 곳에 보관할 것 나) 직사광선을 피해서 보관할 것 4) 흔들리는 장소에서는 사용하지 말 것 5) 팁이 안구에 닿지 않도록 주의하여 사용할 것 6) 팁을 변형/개조하지 말 것 7) 팁은 다음 사용을 위하여 청결을 유지하고, 화장품과 접촉한 채로 두지 말 것 8) 팁을 타인과 같이 사용하지 말 것 9) 눈에 들어갔을 때에는 즉시 씻어낼 것",본 상품에 이상이 있을 경우 공정거래위원회 고시 「소비자분쟁해결기준」에 따라 보상해드립니다.,070-5014-0324,normal,홀리카홀리카(엔프라니),브로우 코렉팅 쉐이퍼 [01 클리어],1960446,26907,
25ml,모든 피부,상품 별도 표기,상세 페이지 참조,엔프라니(주),한국,해당있음,상품상세참조,"화장품을 사용하여 다음과 같이 이상이 있을 경우에는 사용을 중지할 것이며, 계속 사용하면 증상을 악화시키므로 피부과 전문의등에게 상담하십시오. 가) 사용중 붉은반점, 부어오름, 가려움증, 자극 등의 이상이 있을 경우 나) 사용부위가 직사광선에 의해 위와 같은 이상이 있을 경우 상처가 있는 곳 또는 습진 및 피부염 등의 이상이 있는 부위에는 사용하지 마십시오. 보관 및 취급상의 주의사항 가) 사용 후에는 반드시 마개를 닫아 둘 것. 나) 유/소아의 손에 닿지 않는 곳에 보관할 것. 다) 고온 내지 저온의 장소 및 직사광선이 닿는 곳에 보관하지 말 것.",공정거래위원회 고시에 의거 보상받을 수 있음.,070-5014-0324,detail,홀리카홀리카(엔프라니),워터멜론 마스크시트,1833197,9315,img/워터멜론 마스크시트_0.jpg;img/워터멜론 마스크시트_1.jpg;img/워터멜론 마스크시트_2.jpg;img/워터멜론 마스크시트_3.jpg;img/워터멜론 마스크시트_4.jpg
3g/ 1매,모든 피부,상품 별도 표기,상세페이지 참조,(주)코바스 / 엔프라니,한국,해당있음,상품상세참조,"화장품을 사용하여 다음과 같이 이상이 있을 경우에는 사용을 중지할 것이며, 계속 사용하면 증상을 악화시키므로 피부과 전문의등에게 상담하십시오. 가) 사용중 붉은반점, 부어오름, 가려움증, 자극 등의 이상이 있을 경우 나) 사용부위가 직사광선에 의해 위와 같은 이상이 있을 경우 상처가 있는 곳 또는 습진 및 피부염 등의 이상이 있는 부위에는 사용하지 마십시오. 보관 및 취급상의 주의사항 가) 사용 후에는 반드시 마개를 닫아 둘 것. 나) 유/소아의 손에 닿지 않는 곳에 보관할 것. 다) 고온 내지 저온의 장소 및 직사광선이 닿는 곳에 보관하지 말 것.",공정거래위원회 고시에 의거 보상받을 수 있음.,070-5014-0324,detail,홀리카홀리카(엔프라니),피그 클리어 블랙헤드 3 STEP 키트 [허니골드],1861996,9396,img/피그 클리어 블랙헤드 3 STEP 키트 [허니골드]_0.jpg;img/피그 클리어 블랙헤드 3 STEP 키트 [허니골드]_1.jpg;img/피그 클리어 블랙헤드 3 STEP 키트 [허니골드]_2.jpg;img/피그 클리어 블랙헤드 3 STEP 키트 [허니골드]_3.jpg;img/피그 클리어 블랙헤드 3 STEP 키트 [허니골드]_4.jpg
14g * 2ea,모든 피부,상품 별도 표기,상세페이지 참조,엔프라니(주) / 엔프라니(주),한국,해당있음,상품상세참조,"화장품을 사용하여 다음과 같이 이상이 있을 경우에는 사용을 중지할 것이며, 계속 사용하면 증상을 악화시키므로 피부과 전문의등에게 상담하십시오. 가) 사용중 붉은반점, 부어오름, 가려움증, 자극 등의 이상이 있을 경우 나) 사용부위가 직사광선에 의해 위와 같은 이상이 있을 경우 상처가 있는 곳 또는 습진 및 피부염 등의 이상이 있는 부위에는 사용하지 마십시오. 보관 및 취급상의 주의사항 가) 사용 후에는 반드시 마개를 닫아 둘 것. 나) 유/소아의 손에 닿지 않는 곳에 보관할 것. 다) 고온 내지 저온의 장소 및 직사광선이 닿는 곳에 보관하지 말 것.",공정거래위원회 고시에 의거 보상받을 수 있음.,070-5014-0324,detail,홀리카홀리카(엔프라니),하드커버 글로우 쿠션 EX [SPF50+/PA+++] [04 허니],1844828,9417,img/하드커버 글로우 쿠션 EX [SPF50+PA+++] [04 허니]_0.jpg;img/하드커버 글로우 쿠션 EX [SPF50+PA+++] [04 허니]_1.jpg;img/하드커버 글로우 쿠션 EX [SPF50+PA+++] [04 허니]_2.jpg;img/하드커버 글로우 쿠션 EX [SPF50+PA+++] [04 허니]_3.jpg;img/하드커버 글로우 쿠션 EX [SPF50+PA+++] [04 허니]_4.jpg
2g,모든 피부용,개봉 전 30개월 / 개봉 후 18개월,내용물을 적당량 취하여 피부에 고르게 펴 바르고 가볍게 두드려 마무리 해줍니다,㈜코스메카코리아 / 엔프라니㈜,대한민국,해당있음,"티타늄디옥사이드, 아이소노닐아이소노나노에이트, 트라이에틸헥사노인, 다이아이소스테아릴말레이트, 다이펜타에리스리틸헥사하이드록시스테아레이트/헥사스테아레이트/헥사로지네이트, 폴리메틸실세스퀴옥세인, 합성왁스, 마이크로크리스탈린왁스, 비닐다이메티콘/메티콘실세스퀴옥세인크로스폴리머, 황색산화철, 솔비탄올리베이트, 실리카, 카프릴릭/카프릭트라이글리세라이드, 폴리글리세릴-6폴리리시놀리에이트, 솔비탄아이소스테아레이트, 알루미늄하이드록사이드, 적색산화철, 브이피/헥사데센코폴리머, 흑색산화철, 1,2-헥산다이올, 비스-베헤닐/아이소스테아릴/피토스테릴다이머다이리놀레일다이머다이리놀리에이트, 스테아랄코늄헥토라이트, 향료, 트라이에톡시카프릴릴실레인, 카프릴릴글라이콜, 프로필렌카보네이트, 에틸헥실글리세린, 펜타에리스리틸테트라-다이-t-부틸하이드록시하이드로신나메이트, 에틸렌/프로필렌코폴리머, 라우레스-4, 정제수, 하이드롤라이즈드하이알루로닉애씨드, 아세틸헥사펩타이드-8","가. 화장품 사용 시 또는 사용 후 직사광선에 의하여 사용부위가 붉은 반점, 부어오름 또는 가려움증 등의 이상 증상이나 부작용이 있는 경우에는 전문의 등과 상담할 것 나. 상처가 있는 부위 등에는 사용을 자제할 것 다. 보관 및 취급 시 주의사항2) 직사광선을 피해서 보관할 것",본 제품에 이상이 있을 경우 공정거래위원회 고시 '소비자 분쟁 해결기준'에 의거 교환 또는 보상받을 수 있습니다,070-5014-0324,normal,홀리카홀리카(엔프라니),마이페이브 피스 컨실러 [10로지],2144791,73996,
2g,모든 피부용,개봉 전 30개월 / 개봉 후 18개월,내용물을 적당량 취하여 피부에 고르게 펴 바르고 가볍게 두드려 마무리 해줍니다,㈜코스메카코리아 / 엔프라니㈜,대한민국,해당있음,"티타늄디옥사이드, 아이소노닐아이소노나노에이트, 트라이에틸헥사노인, 다이아이소스테아릴말레이트, 다이펜타에리스리틸헥사하이드록시스테아레이트/헥사스테아레이트/헥사로지네이트, 폴리메틸실세스퀴옥세인, 합성왁스, 마이크로크리스탈린왁스, 비닐다이메티콘/메티콘실세스퀴옥세인크로스폴리머, 황색산화철, 솔비탄올리베이트, 실리카, 카프릴릭/카프릭트라이글리세라이드, 폴리글리세릴-6폴리리시놀리에이트, 솔비탄아이소스테아레이트, 알루미늄하이드록사이드, 적색산화철, 브이피/헥사데센코폴리머, 1,2-헥산다이올, 흑색산화철, 비스-베헤닐/아이소스테아릴/피토스테릴다이머다이리놀레일다이머다이리놀리에이트, 스테아랄코늄헥토라이트, 향료, 트라이에톡시카프릴릴실레인, 카프릴릴글라이콜, 프로필렌카보네이트, 에틸헥실글리세린, 펜타에리스리틸테트라-다이-t-부틸하이드록시하이드로신나메이트, 에틸렌/프로필렌코폴리머, 라우레스-4, 정제수, 하이드롤라이즈드하이알루로닉애씨드, 아세틸헥사펩타이드-8","가. 화장품 사용 시 또는 사용 후 직사광선에 의하여 사용부위가 붉은 반점, 부어오름 또는 가려움증 등의 이상 증상이나 부작용이 있는 경우에는 전문의 등과 상담할 것 나. 상처가 있는 부위 등에는 사용을 자제할 것 다. 보관 및 취급 시 주의사항2) 직사광선을 피해서 보관할 것",본 제품에 이상이 있을 경우 공정거래위원회 고시 '소비자 분쟁 해결기준'에 의거 교환 또는 보상받을 수 있습니다,070-5014-0324,normal,홀리카홀리카(엔프라니),마이페이브 피스 컨실러 [09아이보리],2144790,73995,
2g,모든 피부용,개봉 전 30개월 / 개봉 후 18개월,내용물을 적당량 취하여 피부에 고르게 펴 바르고 가볍게 두드려 마무리 해줍니다,㈜코스메카코리아 / 엔프라니㈜,대한민국,해당있음,"티타늄디옥사이드, 아이소노닐아이소노나노에이트, 트라이에틸헥사노인, 다이아이소스테아릴말레이트, 다이펜타에리스리틸헥사하이드록시스테아레이트/헥사스테아레이트/헥사로지네이트, 황색산화철, 폴리메틸실세스퀴옥세인, 합성왁스, 마이크로크리스탈린왁스, 비닐다이메티콘/메티콘실세스퀴옥세인크로스폴리머, 솔비탄올리베이트, 실리카, 카프릴릭/카프릭트라이글리세라이드, 폴리글리세릴-6폴리리시놀리에이트, 솔비탄아이소스테아레이트, 알루미늄하이드록사이드, 적색산화철, 브이피/헥사데센코폴리머, 흑색산화철, 1,2-헥산다이올, 비스-베헤닐/아이소스테아릴/피토스테릴다이머다이리놀레일다이머다이리놀리에이트, 스테아랄코늄헥토라이트, 향료, 트라이에톡시카프릴릴실레인, 카프릴릴글라이콜, 프로필렌카보네이트, 에틸헥실글리세린, 펜타에리스리틸테트라-다이-t-부틸하이드록시하이드로신나메이트, 에틸렌/프로필렌코폴리머, 라우레스-4, 정제수, 하이드롤라이즈드하이알루로닉애씨드, 아세틸헥사펩타이드-8","가. 화장품 사용 시 또는 사용 후 직사광선에 의하여 사용부위가 붉은 반점, 부어오름 또는 가려움증 등의 이상 증상이나 부작용이 있는 경우에는 전문의 등과 상담할 것 나. 상처가 있는 부위 등에는 사용을 자제할 것 다. 보관 및 취급 시 주의사항2) 직사광선을 피해서 보관할 것",본 제품에 이상이 있을 경우 공정거래위원회 고시 '소비자 분쟁 해결기준'에 의거 교환 또는 보상받을 수 있습니다,070-5014-0324,normal,홀리카홀리카(엔프라니),마이페이브 피스 컨실러 [11샌드],2144792,73997,
3.4 g / 0.11 oz.,모든 피부 타입,개봉 전 36개월 / 개봉 후 18개월,"입술 중앙에 자연스럽게 그라데이션 해주거나, 입술 안쪽부터 바깥쪽을 채우듯 발라줍니다. 슬림한 용기에 촉촉한 내용물로 엘리베이팅이 어려울 수 있으니 1mm만 꺼내어 사용해주세요.",코스맥스㈜/엔프라니㈜,한국,해당없음,"04 로사 카프릴릭/카프릭트라이글리세라이드, 하이드로제네이티드폴리아이소부텐, 옥틸도데칸올, 다이펜타에리스리틸펜타아이소스테아레이트, 피토스테릴/베헤닐/옥틸도데실라우로일글루타메이트, 합성왁스, 피토스테릴/이소스테아릴/세틸/스테아릴/베헤닐다이머디리놀리에이트, 파라핀, 글리세린, 합성플루오르플로고파이트, 다이아이소스테아릴말레이트, 다이글리세릴세바케이트/아이소팔미테이트, 티타늄디옥사이드 (CI 77891), 에틸헥실하이드록시스테아레이트, 잇꽃씨오일, 사과씨오일, 쿠푸아수씨버터, 부틸렌글라이콜, 솔비탄아이소스테아레이트, 라우릴피이지-9폴리다이메틸실록시에틸다이메티콘, 에틸렌/프로필렌코폴리머, 폴리글리세릴-2트라이아이소스테아레이트, 폴리에틸렌, 스테아랄코늄헥토라이트, 폴리하이드록시스테아릭애씨드, 마이크로크리스탈린왁스, 세틸피이지/피피지-10/1다이메티콘, 프로필렌카보네이트, 에틸헥실팔미테이트, 아이소프로필미리스테이트, 아이소스테아릭애씨드, 레시틴, 폴리글리세릴-3폴리리시놀리에이트, 토코페롤, 향료, 황색산화철 (CI 77492), 적색227호 (CI 17200), 황색5호 (CI 15985), 흑색산화철 (CI 77499)","가. 화장품 사용 시 또는 사용 후 직사광선에 의하여 사용부위가 붉은 반점, 부어오름 또는 가려움증 등의 이상 증상이나 부작용이 있는 경우에는 전문의 등과 상담할 것 나. 상처가 있는 부위 등에는 사용을 자제할 것 다. 보관 및 취급 시 주의사항 1) 어린이의 손이 닿지 않는 곳에 보관할 것 2) 직사광선을 피해서 보관할 것",본 상품의 품질보증 및 피해보상에 관한 사항은 관련 법률 및 공정거래위원회 고시 「소비자분쟁해결기준」에 따릅니다.,070-5014-0324,normal,홀리카홀리카(엔프라니),타로즈 컬렉션 본듀 립 쉬어 [04 로사],2064862,56917,
5.5g,모든 피부용,개봉 전 24개월 / 개봉 후 6개월,"브러쉬 혹은 손가락에 내용물을 적당량 취한 후, 눈가에 부드럽게 펴 발라줍니다.","㈜코스맥스, 브러쉬:㈜백호 / 엔프라니㈜",대한민국,해당있음,"[05 플러밋] 다이메티콘, 합성플루오르플로고파이트, 티타늄디옥사이드 (CI 77891), 카프릴릴메티콘, 정제수, 파라핀, 아이소도데케인, 칼슘알루미늄보로실리케이트, 피이지-10다이메티콘, 실리카, 글리세린, 부틸렌글라이콜, 폴리메틸실세스퀴옥세인, 마이카 (CI 77019), 펜틸렌글라이콜, 합성왁스, 트라이메틸실록시실리케이트, 1,2-헥산다이올, 세틸다이메티콘, 솔비탄아이소스테아레이트, 마이크로크리스탈린왁스, 마그네슘설페이트, 수크로오스테트라스테아레이트트라이아세테이트, 다이스테아다이모늄헥토라이트, 다이메티콘/비닐다이메티콘크로스폴리머, 트라이에틸시트레이트, 에틸헥실글리세린, 트라이소듐에틸렌다이아민다이석시네이트, 트라이에톡시카프릴릴실레인, 틴옥사이드, 페녹시에탄올, 카민 (CI 75470)","가. 화장품 사용 시 또는 사용 후 직사광선에 의하여 사용부위가 붉은 반점, 부어오름 또는 가려움증 등의 이상 증상이나 부작용이 있는 경우에는 전문의 등과 상담할 것 나. 상처가 있는 부위 등에는 사용을 자제할 것 다. 보관 및 취급 시 주의사항 1) 어린이의 손이 닿지 않는 곳에 보관할 것 2) 직사광선을 피해서 보관할 것 라. 눈에 들어갔을 때에는 즉시 씻어낼 것",본 제품에 이상이 있을 경우 공정거래위원회고시 '소비자분쟁해결기준'에 의해 보상해드립니다.,070-5014-0324,normal,홀리카홀리카(엔프라니),루미너스 밀크빔 팟 [05 플러밋],2133804,72203,
2g,모든 피부용,개봉 전 30개월 / 개봉 후 18개월,내용물을 적당량 취하여 피부에 고르게 펴 바르고 가볍게 두드려 마무리 해줍니다,㈜코스메카코리아 / 엔프라니㈜,대한민국,해당있음,"다이메티콘, 실리카, 카프릴릭/카프릭트라이글리세라이드, 탤크, 폴리메틸실세스퀴옥세인, 다이메티콘/비닐다이메티콘크로스폴리머, 메티콘, 1,2-헥산다이올, 라우로일라이신, 울트라마린, 향료, 카올린, 트라이에톡시카프릴릴실레인, 정제수, 에틸헥실글리세린, 하이드롤라이즈드하이알루로닉애씨드, 아세틸헥사펩타이드-8","가. 화장품 사용 시 또는 사용 후 직사광선에 의하여 사용부위가 붉은 반점, 부어오름 또는 가려움증 등의 이상 증상이나 부작용이 있는 경우에는 전문의 등과 상담할 것 나. 상처가 있는 부위 등에는 사용을 자제할 것 다. 보관 및 취급 시 주의사항2) 직사광선을 피해서 보관할 것",본 제품에 이상이 있을 경우 공정거래위원회 고시 '소비자 분쟁 해결기준'에 의거 교환 또는 보상받을 수 있습니다,070-5014-0324,normal,홀리카홀리카(엔프라니),마이페이브 피스 컨실러 [02젤로베리],2144771,73948,
2g,모든 피부용,개봉 전 30개월 / 개봉 후 18개월(,내용물을 적당량 취하여 피부에 고르게 펴 바르고 가볍게 두드려 마무리 해줍니다,㈜코스메카코리아 / 엔프라니㈜,대한민국,해당있음,"티타늄디옥사이드, 카프릴릭/카프릭트라이글리세라이드, 옥틸도데칸올, 트라이에틸헥사노인, 실리카, 합성왁스, 다이아이소스테아릴말레이트, 마이크로크리스탈린왁스, 다이펜타에리스리틸헥사하이드록시스테아레이트/헥사스테아레이트/헥사로지네이트, 솔비탄올리베이트, 마이카, 황색산화철, 하이드로제네이티드폴리아이소부텐, 폴리글리세릴-6폴리리시놀리에이트, 솔비탄세스퀴올리에이트, 브이피/헥사데센코폴리머, 알루미늄하이드록사이드, 스테아랄코늄헥토라이트, 다이스테아다이모늄헥토라이트, 1,2-헥산다이올, 향료, 프로필렌카보네이트, 카프릴릴글라이콜, 에틸헥실글리세린, 펜타에리스리틸테트라-다이-t-부틸하이드록시하이드로신나메이트, 정제수, 흑색산화철, 적색산화철, 하이드롤라이즈드하이알루로닉애씨드, 아세틸헥사펩타이드-8","가. 화장품 사용 시 또는 사용 후 직사광선에 의하여 사용부위가 붉은 반점, 부어오름 또는 가려움증 등의 이상 증상이나 부작용이 있는 경우에는 전문의 등과 상담할 것 나. 상처가 있는 부위 등에는 사용을 자제할 것 다. 보관 및 취급 시 주의사항2) 직사광선을 피해서 보관할 것",본 제품에 이상이 있을 경우 공정거래위원회 고시 '소비자 분쟁 해결기준'에 의거 교환 또는 보상받을 수 있습니다,070-5014-0324,normal,홀리카홀리카(엔프라니),마이페이브 피스 컨실러 [05크림레몬],2144778,73991,
2g,모든 피부용,개봉 전 30개월 / 개봉 후 18개월,내용물을 적당량 취하여 피부에 고르게 펴 바르고 가볍게 두드려 마무리 해줍니다,㈜코스메카코리아 / 엔프라니㈜,대한민,해당있음,"카프릴릭/카프릭트라이글리세라이드, 티타늄디옥사이드, 옥틸도데칸올, 트라이에틸헥사노인, 합성왁스, 실리카, 다이아이소스테아릴말레이트, 마이크로크리스탈린왁스, 다이펜타에리스리틸헥사하이드록시스테아레이트/헥사스테아레이트/헥사로지네이트, 마이카, 폴리글리세릴-6폴리리시놀리에이트, 솔비탄올리베이트, 브이피/헥사데센코폴리머, 황색산화철, 하이드로제네이티드폴리아이소부텐, 적색산화철, 솔비탄세스퀴올리에이트, 스테아랄코늄헥토라이트, 알루미늄하이드록사이드, 다이스테아다이모늄헥토라이트, 트라이에톡시카프릴릴실레인, 1,2-헥산다이올, 향료, 프로필렌카보네이트, 카프릴릴글라이콜, 에틸헥실글리세린, 펜타에리스리틸테트라-다이-t-부틸하이드록시하이드로신나메이트, 흑색산화철, 정제수, 하이드롤라이즈드하이알루로닉애씨드, 아세틸헥사펩타이드-8","가. 화장품 사용 시 또는 사용 후 직사광선에 의하여 사용부위가 붉은 반점, 부어오름 또는 가려움증 등의 이상 증상이나 부작용이 있는 경우에는 전문의 등과 상담할 것 나. 상처가 있는 부위 등에는 사용을 자제할 것 다. 보관 및 취급 시 주의사항2) 직사광선을 피해서 보관할 것",본 제품에 이상이 있을 경우 공정거래위원회 고시 '소비자 분쟁 해결기준'에 의거 교환 또는 보상받을 수 있습니다,070-5014-0324,normal,홀리카홀리카(엔프라니),마이페이브 피스 컨실러 [04피치샐먼],2144775,73990,
상품상세참조,상품상세참조,상품상세참조,상품상세참조,상품상세참조,상품상세참조,해당있음,상품상세참조,상품상세참조,상품상세참조,상품상세참조,detail,홀리카홀리카(엔프라니),세라베리어 모이스처 액티브 에멀전,2069537,57235,img/세라베리어 모이스처 액티브 에멀전_0.jpg;img/세라베리어 모이스처 액티브 에멀전_1.jpg;img/세라베리어 모이스처 액티브 에멀전_2.jpg;img/세라베리어 모이스처 액티브 에멀전_3.jpg;img/세라베리어 모이스처 액티브 에멀전_4.jpg;img/세라베리어 모이스처 액티브 에멀전_5.jpg;img/세라베리어 모이스처 액티브 에멀전_6.jpg;img/세라베리어 모이스처 액티브 에멀전_7.jpg;img/세라베리어 모이스처 액티브 에멀전_8.jpg;img/세라베리어 모이스처 액티브 에멀전_9.jpg;img/세라베리어 모이스처 액티브 에멀전_10.jpg;img/세라베리어 모이스처 액티브 에멀전_11.jpg;img/세라베리어 모이스처 액티브 에멀전_12.jpg;img/세라베리어 모이스처 액티브 에멀전_13.jpg;img/세라베리어 모이스처 액티브 에멀전_14.jpg
5g,모든 피부용,개봉 전 36개월/개봉 후 12개월,내장되어 있는 퍼프에 적당량을 덜어 볼 위에 가볍게 톡톡 두드리듯이 발라줍니다.,(주)코스메카코리아/엔프라니(주),대한민국,해당있음,"카올린, 다이메티콘, 폴리프로필실세스퀴옥세인, 페닐트라이메티콘, 티타늄디옥사이드, 비닐다이메티콘/메티콘실세스퀴옥세인크로스폴리머, 폴리글리세릴-2트라이아이소스테아레이트, 에이치디아이/트라이메틸올헥실락톤크로스폴리머, 합성왁스, 브이피/헥사데센코폴리머, 마이크로크리스탈린왁스, 합성비즈왁스, 폴리글리세릴-6폴리리시놀리에이트, 다이메티콘크로스폴리머, 다이아이소스테아릴말레이트, 메틸메타크릴레이트크로스폴리머, 라우릴폴리글리세릴-3폴리다이메틸실록시에틸다이메티콘, 1,2-헥산다이올, 적색산화철, 에틸렌/프로필렌코폴리머, 토코페릴아세테이트, 적색104호의(1), 카프릴릴글라이콜, 실리카, 황색4호, 에틸헥실글리세린, 청색1호, 흑색산화철, 토코페롤","가. 화장품 사용 시 또는 사용 후 직사광선에 의하여 사용부위가 붉은 반점, 부어오름 또는 가려움증 등의 이상 증상이나 부작용이 있는 경우에는 전문의 등과 상담할 것 나. 상처가 있는 부위 등에는 사용을 자제할 것 다. 보관 및 취급 시 주의사항 1) 어린이의 손이 닿지 않는 곳에 보관할 것 2) 직사광선을 피해서 보관할 것 라. 눈에 들어갔을 때에는 즉시 씻어낼 것",본 제품에 이상이 있을 경우 공정거래위원회고시 '소비자분쟁해결기준'에 의해 보상해드립니다.,070-5014-0324,normal,홀리카홀리카(엔프라니),틴티드 밀크 크림 블러쉬 [03 헤이버니],2101888,74742,
2g,모든 피부용,개봉 전 30개월 / 개봉 후 18개월,내용물을 적당량 취하여 피부에 고르게 펴 바르고 가볍게 두드려 마무리 해줍니다,㈜코스메카코리아 / 엔프라니㈜,대한민국,해당있음,"카프릴릭/카프릭트라이글리세라이드, 티타늄디옥사이드, 옥틸도데칸올, 트라이에틸헥사노인, 합성왁스, 실리카, 울트라마린, 다이아이소스테아릴말레이트, 마이크로크리스탈린왁스, 다이펜타에리스리틸헥사하이드록시스테아레이트/헥사스테아레이트/헥사로지네이트, 마이카, 폴리글리세릴-6폴리리시놀리에이트, 솔비탄올리베이트, 브이피/헥사데센코폴리머, 하이드로제네이티드폴리아이소부텐, 솔비탄세스퀴올리에이트, 스테아랄코늄헥토라이트, 알루미늄하이드록사이드, 트라이에톡시카프릴릴실레인, 다이스테아다이모늄헥토라이트, 1,2-헥산다이올, 카올린, 향료, 프로필렌카보네이트, 카프릴릴글라이콜, 적색산화철, 에틸헥실글리세린, 펜타에리스리틸테트라-다이-t-부틸하이드록시하이드로신나메이트, 정제수, 하이드롤라이즈드하이알루로닉애씨드, 아세틸헥사펩타이드-8","가. 화장품 사용 시 또는 사용 후 직사광선에 의하여 사용부위가 붉은 반점, 부어오름 또는 가려움증 등의 이상 증상이나 부작용이 있는 경우에는 전문의 등과 상담할 것 나. 상처가 있는 부위 등에는 사용을 자제할 것 다. 보관 및 취급 시 주의사항2) 직사광선을 피해서 보관할 것",본 제품에 이상이 있을 경우 공정거래위원회 고시 '소비자 분쟁 해결기준'에 의거 교환 또는 보상받을 수 있습니다,070-5014-0324,normal,홀리카홀리카(엔프라니),마이페이브 피스 컨실러 [06라벤더헤이즈],2144782,73992,
120ml,"모든피부,건조한피부",개봉전 24개월/개봉후 12개월,사용 부위에서 20cm 정도의 거리를 두고 적당량을 뿌린 후 톡톡 두드려 흡수시켜 줍니다.,한국콜마/엔프라니(주),한국,해당있음,"정제수, 메칠프로판디올, 펜틸렌글라이콜, 느릅나무뿌리추출물, 줄맨드라미씨추출물, 병풀추출물, 무화과추출물, 베르가모트열매오일, 하이드로제네이티드레시틴,라벤더오일, 레몬그라스오일,오렌지오일, 캐모마일꽃오일, 센티드제라늄꽃오일, 글리세린, 디페닐디메치콘, 트리에칠헥사노인, 데실글루코사이드, 폴리글리세릴-10미리스테이트, 바실러스발효물, 소듐시트레이트, 시트릭애씨드,디소듐이디티에이, 디프로필렌글라이콜,부틸렌글라이콜,알테로모나스발효여과물,세라마이드엔피(7,600ppb), 소듐라우로일락틸레이트, 글리세릴아미도에칠메타크릴레이트/스테아릴메타크릴레이트코폴리머, 세라마이드에이피(55ppb), 콜레스테롤, 잔탄검, 카보머, 세라마이드이오피(0.1ppb), 피토스핑고신, 에칠헥실글리세린","화장품을 사용하여 다음과 같이 이상이 있을 경우에는 사용을 중지할 것이며, 계속 사용하면 증상을 악화시키므로 피부과 전문의등에게 상담하십시오. 가) 사용중 붉은반점, 부어오름, 가려움증, 자극 등의 이상이 있을 경우 나) 사용부위가 직사광선에 의해 위와 같은 이상이 있을 경우 상처가 있는 곳 또는 습진 및 피부염 등의 이상이 있는 부위에는 사용하지 마십시오. 보관 및 취급상의 주의사항 가) 사용 후에는 반드시 마개를 닫아 둘 것. 나) 유/소아의 손에 닿지 않는 곳에 보관할 것. 다) 고온 내지 저온의 장소 및 직사광선이 닿는 곳에 보관하지 말 것.",상품상세 참조,"제품·매장문의:080-757-1339 (전국 수신자 요금 부담), 주문·배송문의:070-5014-0324(전국 수신자 요금 부담)",normal,홀리카홀리카(엔프라니),굳세라 수퍼 세라마이드 미스트,1939849,77338,
90ml,모든 피부,개봉전 30개월,적당량을 덜어 얼굴에 고루 펴 바른 후 가볍게 두드려 흡수시켜 줍니다. 닦아내지 마시고 그대로 잠드신 후 다음날 가볍게 물 세안해 줍니다.,엔프라니(주),한국,해당있음,"정제수, 글리세린, 다이메티콘, 부틸렌글라이콜, 1,2-헥산다이올, 글리세레스-26, 꿀추출물, 아세로라추출물, 알지닌, 카보머, 아크릴레이트/C10-30알킬아크릴레이트크로스폴리머, 피이지-2M, 하이드로제네이티드레시틴, 수크로오스다이스테아레이트, 다이포타슘글리시리제이트, 쇠비름추출물, 소듐폴리아크릴레이트, 에틸헥실글리세린, 다이소듐이디티에이, 카라멜, 황색4호, 적색227호, 향료","가. 화장품 사용 시 또는 사용 후 직사광선에 의하여 사용부위가 붉은 반점, 부어 오름 또는 가려움증 등의 이상 증상이나 부작용이 있는 경우에는 전문의 등과 상담할 것 나. 상처가 있는 부위 등에는 사용을 자제할 것 다. 보관 및 취급 시 주의사항 1) 어린이의 손이 닿지 않는 곳에 보관할 것 2) 직사광선을 피해서 보관할 것",본 제품에 이상이 있을 경우 공정거래위원회고시 '소비자분쟁해결기준'에 의해 보상해드립니다.,070-5014-0324,normal,홀리카홀리카(엔프라니),꿀피부 슬리핑 팩 [아세로라꿀],1991665,56008,
0.5 g,모든피부용,개봉전 30개월/개봉 후 6개월,상세 페이지 참조,코스맥스 / 엔프라니(주),한국,해당있음,"정제수, 부틸렌글라이콜, 아크릴레이트/옥틸아크릴아마이드코폴리머, 디글리세린, 접시꽃추출물, 라우레스-25, 디에칠헥실소듐설포석시네이트, 아미노메칠프로판올, 에칠헥실글리세린, 변성알코올, 페녹시에탄올, 황색4호 (CI 19140), 적색227호 (CI 17200), 청색1호 (CI 42090)","화장품을 사용하여 다음과 같이 이상이 있을 경우에는 사용을 중지할 것이며, 계속 사용하면 증상을 악화시키므로 피부과 전문의등에게 상담하십시오. 가) 사용중 붉은반점, 부어오름, 가려움증, 자극 등의 이상이 있을 경우 나) 사용부위가 직사광선에 의해 위와 같은 이상이 있을 경우 상처가 있는 곳 또는 습진 및 피부염 등의 이상이 있는 부위에는 사용하지 마십시오. 보관 및 취급상의 주의사항 가) 사용 후에는 반드시 마개를 닫아 둘 것. 나) 유/소아의 손에 닿지 않는 곳에 보관할 것. 다) 고온 내지 저온의 장소 및 직사광선이 닿는 곳에 보관하지 말 것.",공정거래위원회 고시에 의거 보상받을 수 있음.,070-5014-0324,normal,홀리카홀리카(엔프라니),홀리팝 쌍테라이너 [오리지널],1814707,9427,
50ml,모든 피부,개봉전 30개월,상품상세참조,엔프라니(주)/엔프라니(주),한국,해당없음,"정제수, 세틸에틸헥사노에이트, 에틸헥실스테아레이트, 세테아릴알코올, 1,2-헥산다이올, 폴리글리세릴-3다이스테아레이트, 부틸렌글라이콜, 글리세릴스테아레이트, 글리세린, 다이메티콘, 마카다미아씨오일, 메도우폼씨오일, 해바라기씨오일, 스위트아몬드오일, 시어버터, 세라마이드엔피(220,000 ppb), 세라마이드에이피(1,100 ppb), 세라마이드이오피(100 ppb), 세테아릴올리베이트, 소듐폴리아크릴로일다이메틸타우레이트, 트레할로오스, 솔비탄올리베이트, 팔미틱애씨드, 사이클로펜타실록세인, 하이드로제네이티드폴리데센, 스테아릭애씨드, 베타인, 알지닌, 글리세릴스테아레이트시트레이트, 아크릴레이트/C10-30알킬아크릴레이트크로스폴리머, 알란토인, 에틸헥실아이소노나노에이트, 카보머, 토코페릴아세테이트, 폴리쿼터늄-51, 피토스테릴/이소스테아릴/세틸/스테아릴/베헤닐다이머디리놀리에이트, 글리세릴폴리메타크릴레이트, 돌콩스테롤, 하이드록시프로필비스팔미타마이드엠이에이, 트라이데세스-10, 메도우폼에스톨라이드, 카프릴릭/카프릭트라이글리세라이드, 세테아릴글루코사이드, 다이프로필렌글라이콜, 하이드로제네이티드레시틴, 글라이코스핑고리피드, 글리세릴시트레이트/락테이트/리놀리에이트/올리에이트, 세테아레스-20, 소듐하이알루로네이트, 카카오추출물, 알류리틱애씨드, 효모추출물, 라벤더오일, 레몬그라스잎오일, 자몽껍질오일, 센티드제라늄오일, 오렌지껍질오일, 단향오일, 광곽향오일, 마트리카리아꽃오일, 글라이코프로테인, 알테로모나스발효추출물, 글리세릴아미도에틸메타크릴레이트/스테아릴메타크릴레이트코폴리머, 글루코오스, 프로필렌글라이콜, 바실러스발효물, 토코페롤, 다이소듐이디티에이, 덱스트린, 에틸헥실글리세린, 리모넨, 리날룰, 시트로넬올","1) 화장품 사용 시 또는 사용 후 직사광선에 의하여 사용부위가 붉은 반점,부어오름 또는 가려움증 등의 이상 증상이나 부작용이 있는 경우 전문의 등과 상담할 것 2) 상처가 있는 부위 등에는 사용을 자제할 것 3) 보관 및 취급 시의 주의사항 가) 어린이의 손이 닿지 않는 곳에 보관할 것 나) 직사광선을 피해서 보관할 것",본 상품의 품질보증 및 피해보상에 관한 사항은 관련 법률 및 공정거래위원회 고시 「소비자분쟁해결기준」에 따릅니다.,070-5014-0324,normal,홀리카홀리카(엔프라니),굳세라 수퍼 세라마이드 핸드크림,1988650,48433,
90ml,모든 피부,개봉전 30개월,적당량을 덜어 얼굴에 고루 펴 바른 후 가볍게 두드려 흡수시켜 줍니다. 닦아내지 마시고 그대로 잠드신 후 다음날 가볍게 물 세안해 줍니다.,엔프라니(주),한국,해당있음,"정제수, 글리세린, 다이메티콘, 부틸렌글라이콜, 1,2-헥산다이올, 글리세레스-26, 꿀추출물, 로우스위트블루베리추출물, 알지닌, 하이드로제네이티드캐스터오일아이소스테아레이트, 카보머, 하이드로제네이티드레시틴, 아크릴레이트/C10-30알킬아크릴레이트크로스폴리머, 피이지-2M, 수크로오스다이스테아레이트, 다이포타슘글리시리제이트, 쇠비름추출물, 소듐폴리아크릴레이트, 다이소듐이디티에이, 카라멜, 황색5호, 적색227호, 에틸헥실글리세린, 향료","가. 화장품 사용 시 또는 사용 후 직사광선에 의하여 사용부위가 붉은 반점, 부어 오름 또는 가려움증 등의 이상 증상이나 부작용이 있는 경우에는 전문의 등과 상담할 것 나. 상처가 있는 부위 등에는 사용을 자제할 것 다. 보관 및 취급 시 주의사항 1) 어린이의 손이 닿지 않는 곳에 보관할 것 2) 직사광선을 피해서 보관할 것",본 제품에 이상이 있을 경우 공정거래위원회고시 '소비자분쟁해결기준'에 의해 보상해드립니다.,070-5014-0324,normal,홀리카홀리카(엔프라니),꿀피부 슬리핑 팩 [블루베리꿀],1991662,56009,
5g,모든 피부용,개봉 전 36개월/개봉 후 12개월,내장되어 있는 퍼프에 적당량을 덜어 볼 위에 가볍게 톡톡 두드리듯이 발라줍니다.,(주)코스메카코리아/엔프라니(주),대한민국,해당있음,"카올린, 다이메티콘, 폴리프로필실세스퀴옥세인, 페닐트라이메티콘, 티타늄디옥사이드, 폴리글리세릴-2트라이아이소스테아레이트, 비닐다이메티콘/메티콘실세스퀴옥세인크로스폴리머, 에이치디아이/트라이메틸올헥실락톤크로스폴리머, 합성왁스, 브이피/헥사데센코폴리머, 마이크로크리스탈린왁스, 다이아이소스테아릴말레이트, 합성비즈왁스, 폴리글리세릴-6폴리리시놀리에이트, 적색104호의(1), 다이메티콘크로스폴리머, 메틸메타크릴레이트크로스폴리머, 라우릴폴리글리세릴-3폴리다이메틸실록시에틸다이메티콘, 1,2-헥산다이올, 에틸렌/프로필렌코폴리머, 토코페릴아세테이트, 카프릴릴글라이콜, 실리카, 황색4호, 에틸헥실글리세린, 토코페롤","가. 화장품 사용 시 또는 사용 후 직사광선에 의하여 사용부위가 붉은 반점, 부어오름 또는 가려움증 등의 이상 증상이나 부작용이 있는 경우에는 전문의 등과 상담할 것 나. 상처가 있는 부위 등에는 사용을 자제할 것 다. 보관 및 취급 시 주의사항 1) 어린이의 손이 닿지 않는 곳에 보관할 것 2) 직사광선을 피해서 보관할 것 라. 눈에 들어갔을 때에는 즉시 씻어낼 것",본 제품에 이상이 있을 경우 공정거래위원회고시 '소비자분쟁해결기준'에 의해 보상해드립니다.,070-5014-0324,normal,홀리카홀리카(엔프라니),틴티드 밀크 크림 블러쉬 [05 프리티쿨],2101890,74744,
5g,모든 피부용,개봉 전 36개월 / 개봉 후 즉시,상세페이지참조,코스맥스아이큐어㈜/ 엔프라니㈜,대한민국,해당있음,"정제수, 글리세린, 부틸렌글라이콜, 코코넛야자오일, 글리세레스-26, 나이아신아마이드, 아이리쉬모스가루, 1,2-헥산다이올, 캐롭검, 다이프로필렌글라이콜, 하이드록시아세토페논, 폴리아크릴레이트-13, 잔탄검, 폴리글리세릴-3메틸글루코오스다이스테아레이트, 베타인, 하이드로제네이티드폴리아이소부텐, 판테놀, 글루코만난, 포타슘클로라이드, 셀룰로오스검 , 알란토인, 소듐폴리아크릴레이트, 아데노신, 한련초추출물, 폴리글리세릴-10라우레이트, 다이포타슘글리시리제이트, 에틸헥실팔미테이트, 에틸헥실글리세린, 메틸프로판다이올, 솔비탄아이소스테아레이트, 하이드롤라이즈드콜라겐(100ppm), 인도멀구슬나무잎추출물, 드럼스틱씨오일, 소듐하이알루로네이트, 토코페롤, 아세틸헥사펩타이드-8, 카퍼트라이펩타이드-1, 팔미토일펜타펩타이드-4, 아세틸테트라펩타이드-5, 팔미토일테트라펩타이드-7, 콜라겐추출물(0.00001ppm), 팔미토일트라이펩타이드-1","가. 화장품 사용 시 또는 사용 후 직사광선에 의하여 사용부위가 붉은 반점, 부어오름 또는 가려움증 등의 이상 증상이나 부작용이 있는 경우에는 전문의 등과 상담할 것 나. 상처가 있는 부위 등에는 사용을 자제할 것 다. 보관 및 취급 시 주의사항 1) 어린이의 손이 닿지 않는 곳에 보관할 것 2) 직사광선을 피해서 보관할 것 라. 눈에 들어갔을 때에는 즉시 씻어낼 것",본 제품에 이상이 있을 경우 공정거래위원회고시 '소비자분쟁해결기준'에 의해 보상해드립니다.,070-5014-0324,normal,홀리카홀리카(엔프라니),더 리얼 겔 마스크 [콜라겐],2121681,75002,
14g * 2ea,모든 피부,상품 별도 표기,상세페이지 참조,엔프라니(주) / 엔프라니(주),한국,해당있음,상품상세참조,"화장품을 사용하여 다음과 같이 이상이 있을 경우에는 사용을 중지할 것이며, 계속 사용하면 증상을 악화시키므로 피부과 전문의등에게 상담하십시오. 가) 사용중 붉은반점, 부어오름, 가려움증, 자극 등의 이상이 있을 경우 나) 사용부위가 직사광선에 의해 위와 같은 이상이 있을 경우 상처가 있는 곳 또는 습진 및 피부염 등의 이상이 있는 부위에는 사용하지 마십시오. 보관 및 취급상의 주의사항 가) 사용 후에는 반드시 마개를 닫아 둘 것. 나) 유/소아의 손에 닿지 않는 곳에 보관할 것. 다) 고온 내지 저온의 장소 및 직사광선이 닿는 곳에 보관하지 말 것.",공정거래위원회 고시에 의거 보상받을 수 있음.,070-5014-0324,detail,홀리카홀리카(엔프라니),하드커버 글로우 쿠션 EX [SPF50+/PA+++] [03 샌드아이보리],1832875,9416,img/하드커버 글로우 쿠션 EX [SPF50+PA+++] [03 샌드아이보리]_0.jpg;img/하드커버 글로우 쿠션 EX [SPF50+PA+++] [03 샌드아이보리]_1.jpg;img/하드커버 글로우 쿠션 EX [SPF50+PA+++] [03 샌드아이보리]_2.jpg;img/하드커버 글로우 쿠션 EX [SPF50+PA+++] [03 샌드아이보리]_3.jpg;img/하드커버 글로우 쿠션 EX [SPF50+PA+++] [03 샌드아이보리]_4.jpg
40ml,상세설명참조,제품별도표기,상세설명참조,엔프라니(주) / 엔프라니(주),한국,해당있음,상품상세참조,"화장품을 사용하여 다음과 같이 이상이 있을 경우에는 사용을 중지할 것이며, 계속 사용하면 증상을 악화시키므로 피부과 전문의등에게 상담하십시오. 가) 사용중 붉은반점, 부어오름, 가려움증, 자극 등의 이상이 있을 경우 나) 사용부위가 직사광선에 의해 위와 같은 이상이 있을 경우 상처가 있는 곳 또는 습진 및 피부염 등의 이상이 있는 부위에는 사용하지 마십시오. 보관 및 취급상의 주의사항 가) 사용 후에는 반드시 마개를 닫아 둘 것. 나) 유/소아의 손에 닿지 않는 곳에 보관할 것. 다) 고온 내지 저온의 장소 및 직사광선이 닿는 곳에 보관하지 말 것.",공정거래위원회 고시에 의거 보상받을 수 있음,070-5014-0324,detail,홀리카홀리카(엔프라니),레스온스킨 레드니스 카밍 시카 밤,1824704,8064,img/레스온스킨 레드니스 카밍 시카 밤_0.jpg;img/레스온스킨 레드니스 카밍 시카 밤_1.jpg;img/레스온스킨 레드니스 카밍 시카 밤_2.jpg;img/레스온스킨 레드니스 카밍 시카 밤_3.jpg;img/레스온스킨 레드니스 카밍 시카 밤_4.jpg;img/레스온스킨 레드니스 카밍 시카 밤_5.jpg;img/레스온스킨 레드니스 카밍 시카 밤_6.jpg
5g,모든 피부용,개봉 전 36개월/개봉 후 12개월,내장되어 있는 퍼프에 적당량을 덜어 볼 위에 가볍게 톡톡 두드리듯이 발라줍니다.,(주)코스메카코리아/엔프라니(주),대한민국,해당있음,"카올린, 다이메티콘, 폴리프로필실세스퀴옥세인, 페닐트라이메티콘, 티타늄디옥사이드, 비닐다이메티콘/메티콘실세스퀴옥세인크로스폴리머, 폴리글리세릴-2트라이아이소스테아레이트, 에이치디아이/트라이메틸올헥실락톤크로스폴리머, 합성왁스, 브이피/헥사데센코폴리머, 마이크로크리스탈린왁스, 합성비즈왁스, 폴리글리세릴-6폴리리시놀리에이트, 다이메티콘크로스폴리머, 다이아이소스테아릴말레이트, 메틸메타크릴레이트크로스폴리머, 라우릴폴리글리세릴-3폴리다이메틸실록시에틸다이메티콘, 1,2-헥산다이올, 에틸렌/프로필렌코폴리머, 토코페릴아세테이트, 적색산화철, 흑색산화철, 카프릴릴글라이콜, 황색산화철, 적색104호의(1), 실리카, 적색202호, 에틸헥실글리세린, 청색1호, 토코페롤","가. 화장품 사용 시 또는 사용 후 직사광선에 의하여 사용부위가 붉은 반점, 부어오름 또는 가려움증 등의 이상 증상이나 부작용이 있는 경우에는 전문의 등과 상담할 것 나. 상처가 있는 부위 등에는 사용을 자제할 것 다. 보관 및 취급 시 주의사항 1) 어린이의 손이 닿지 않는 곳에 보관할 것 2) 직사광선을 피해서 보관할 것 라. 눈에 들어갔을 때에는 즉시 씻어낼 것",본 제품에 이상이 있을 경우 공정거래위원회고시 '소비자분쟁해결기준'에 의해 보상해드립니다.,070-5014-0324,normal,홀리카홀리카(엔프라니),틴티드 밀크 크림 블러쉬 [06 타로라떼],2101891,74745,
9ml,모든피부타입,개봉 전 24개월/개봉 후 6개월,상품상세참조,한국콜마㈜ / ㈜엔프라니,한국,해당없음,"정제수;사이클로펜타실록세인;트라이메틸실록시실리케이트;탤크;메틸메타크릴레이트크로스폴리머;피이지-10다이메티콘;티타늄다이옥사이드;다이메티콘/비닐다이메티콘크로스폴리머;메틸트라이메티콘;메틸프로판다이올;펜틸렌글라이콜;마그네슘설페이트;다이스테아다이모늄헥토라이트;다이메티콘;1,2-헥산다이올;실리카다이메틸실릴레이트;트라이에톡시카프릴릴실레인;에틸헥실글리세린;알루미늄하이드록사이드;토코페롤;바이오틴;아라비아고무나무검;카카오씨버터;판테놀;하이드롤라이즈드케라틴;류코노스톡/무발효여과물;황색산화철;흑색산화철;적색산화철","1) 화장품 사용 시 또는 사용 후 직사광선에 의하여 사용부위가 붉은반점, 부어오름 또는 가려움증 등의 이상 증상이나 부작용이 있는 경우 전문의 등과 상담할 것 2) 상처가 있는 부위 등에는 사용을 자제할 것 3) 보관 및 취급 시의 주의사항 가) 어린이의 손이 닿지 않는 곳에 보관할 것 나) 직사광선을 피해서 보관할 것 4) 흔들리는 장소에서는 사용하지 말 것 5) 팁이 안구에 닿지 않도록 주의하여 사용할 것 6) 팁을 변형/개조하지 말 것 7) 팁은 다음 사용을 위하여 청결을 유지하고, 화장품과 접촉한 채로 두지 말 것 8) 팁을 타인과 같이 사용하지 말 것 9) 눈에 들어갔을 때에는 즉시 씻어낼 것",본 상품에 이상이 있을 경우 공정거래위원회 고시 「소비자분쟁해결기준」에 따라 보상해드립니다.,070-5014-0324,normal,홀리카홀리카(엔프라니),브로우 코렉팅 쉐이퍼 [03 내추럴브라운],1960448,26909,
20ml,상세설명참조,제품별도표기,상세설명참조,(주)이미인랩스 / (주)엔프라니,한국,해당있음,상품상세참조,"화장품을 사용하여 다음과 같이 이상이 있을 경우에는 사용을 중지할 것이며, 계속 사용하면 증상을 악화시키므로 피부과 전문의등에게 상담하십시오. 가) 사용중 붉은반점, 부어오름, 가려움증, 자극 등의 이상이 있을 경우 나) 사용부위가 직사광선에 의해 위와 같은 이상이 있을 경우 상처가 있는 곳 또는 습진 및 피부염 등의 이상이 있는 부위에는 사용하지 마십시오. 보관 및 취급상의 주의사항 가) 사용 후에는 반드시 마개를 닫아 둘 것. 나) 유/소아의 손에 닿지 않는 곳에 보관할 것. 다) 고온 내지 저온의 장소 및 직사광선이 닿는 곳에 보관하지 말 것. 라) 눈 주위를 피하여 사용할 것. 마) 개봉 후 즉시 사용할 것.",공정거래위원회 고시에 의거 보상받을 수 있음,070-5014-0324,detail,홀리카홀리카(엔프라니),퓨어 에센스 마스크시트 [오이],1903841,8072,img/퓨어 에센스 마스크시트 [오이]_0.jpg;img/퓨어 에센스 마스크시트 [오이]_1.jpg;img/퓨어 에센스 마스크시트 [오이]_2.jpg;img/퓨어 에센스 마스크시트 [오이]_3.jpg;img/퓨어 에센스 마스크시트 [오이]_4.jpg;img/퓨어 에센스 마스크시트 [오이]_5.jpg
170ml,모든 피부,"제조일로부터 36개월, 개봉후 18개월",적당량을 취해 피부결에 따라 부드럽게 펴 바르고 가볍게 두드리며 흡수시켜 줍니다.,엔프라니㈜,한국,해당있음,"정제수;판테놀;부틸렌글라이콜;글리세레스-26;1,2-헥산다이올;글리세린;다이프로필렌글라이콜;프로판다이올;폴리글리세릴-10라우레이트;카보머;알란토인;알지닌;에틸헥실글리세린;다이소듐이디티에이;소듐하이알루로네이트;하이드로제네이티드레시틴;솔비탄올리베이트;세테아릴올리베이트","1) 화장품 사용 시 또는 사용 후 직사광선에 의하여 사용부위가 붉은 반점,부어오름 또는 가려움증 등의 이상 증상이나 부작용이 있는 경우 전문의 등과 상담할 것 2) 상처가 있는 부위 등에는 사용을 자제할 것 3) 보관 및 취급 시의 주의사항 가) 어린이의 손이 닿지 않는 곳에 보관할 것 나) 직사광선을 피해서 보관할 것",본 제품에 이상이 있을 경우 공정거래위원회고시 '소비자분쟁해결기준'에 의해 보상해드립니다.,070-5014-0324,normal,홀리카홀리카(엔프라니),레스온스킨 판테바이블 비건 토너,2002615,34392,
3.4 g / 0.11 oz.,모든 피부 타입,개봉 전 36개월 / 개봉 후 18개월,"입술 중앙에 자연스럽게 그라데이션 해주거나, 입술 안쪽부터 바깥쪽을 채우듯 발라줍니다. 슬림한 용기에 촉촉한 내용물로 엘리베이팅이 어려울 수 있으니 1mm만 꺼내어 사용해주세요.",코스맥스㈜/엔프라니㈜,한국,해당없음,"05 블러싱 카프릴릭/카프릭트라이글리세라이드, 하이드로제네이티드폴리아이소부텐, 옥틸도데칸올, 다이펜타에리스리틸펜타아이소스테아레이트, 피토스테릴/베헤닐/옥틸도데실라우로일글루타메이트, 합성왁스, 피토스테릴/이소스테아릴/세틸/스테아릴/베헤닐다이머디리놀리에이트, 파라핀, 글리세린, 합성플루오르플로고파이트, 다이글리세릴세바케이트/아이소팔미테이트, 다이아이소스테아릴말레이트, 에틸헥실하이드록시스테아레이트, 잇꽃씨오일, 사과씨오일, 쿠푸아수씨버터, 부틸렌글라이콜, 솔비탄아이소스테아레이트, 라우릴피이지-9폴리다이메틸실록시에틸다이메티콘, 에틸렌/프로필렌코폴리머, 폴리글리세릴-2트라이아이소스테아레이트, 폴리에틸렌, 스테아랄코늄헥토라이트, 폴리하이드록시스테아릭애씨드, 마이크로크리스탈린왁스, 폴리글리세릴-2다이아이소스테아레이트, 세틸피이지/피피지-10/1다이메티콘, 프로필렌카보네이트, 에틸헥실팔미테이트, 아이소프로필미리스테이트, 아이소스테아릭애씨드, 레시틴, 폴리글리세릴-3폴리리시놀리에이트, 토코페롤, 향료, 티타늄디옥사이드 (CI 77891), 적색202호 (CI 15850), 황색산화철 (CI 77492), 황색5호 (CI 15985), 청색1호 (CI 42090), 적색산화철 (CI 77491), 황색4호 (CI 19140), 흑색산화철 (CI 77499), 적색104호의(1) (CI 45410)","가. 화장품 사용 시 또는 사용 후 직사광선에 의하여 사용부위가 붉은 반점, 부어오름 또는 가려움증 등의 이상 증상이나 부작용이 있는 경우에는 전문의 등과 상담할 것 나. 상처가 있는 부위 등에는 사용을 자제할 것 다. 보관 및 취급 시 주의사항 1) 어린이의 손이 닿지 않는 곳에 보관할 것 2) 직사광선을 피해서 보관할 것",본 상품의 품질보증 및 피해보상에 관한 사항은 관련 법률 및 공정거래위원회 고시 「소비자분쟁해결기준」에 따릅니다.,070-5014-0324,normal,홀리카홀리카(엔프라니),타로즈 컬렉션 본듀 립 쉬어 [05 블러싱],2064865,56918,
7g,모든 피부,제조일로 30개월/ 개봉후 12개월,적당량을 펴바른 다음 손 또는 브러쉬 등으로 톡톡 두드리 듯 펴 발라 경계 없이 자연스럽게 마무리해 줍니다.,㈜한국화장품 / 엔프라니㈜,한국,해당있음,상품상세참조,"화장품을 사용하여 다음과 같이 이상이 있을 경우에는 사용을 중지할 것이며, 계속 사용하면 증상을 악화시키므로 피부과 전문의등에게 상담하십시오. 가) 사용중 붉은반점, 부어오름, 가려움증, 자극 등의 이상이 있을 경우 나) 사용부위가 직사광선에 의해 위와 같은 이상이 있을 경우 상처가 있는 곳 또는 습진 및 피부염 등의 이상이 있는 부위에는 사용하지 마십시오. 보관 및 취급상의 주의사항 가) 사용 후에는 반드시 마개를 닫아 둘 것. 나) 유/소아의 손에 닿지 않는 곳에 보관할 것. 다) 고온 내지 저온의 장소 및 직사광선이 닿는 곳에 보관하지 말 것.",공정거래위원회 고시에 의거 보상받을 수 있음.,070-5014-0324,detail,홀리카홀리카(엔프라니),하드커버 리퀴드 컨실러 [SPF30/PA++] [04 허니],1823262,8676,img/하드커버 리퀴드 컨실러 [SPF30PA++] [04 허니]_0.jpg;img/하드커버 리퀴드 컨실러 [SPF30PA++] [04 허니]_1.jpg;img/하드커버 리퀴드 컨실러 [SPF30PA++] [04 허니]_2.jpg;img/하드커버 리퀴드 컨실러 [SPF30PA++] [04 허니]_3.jpg;img/하드커버 리퀴드 컨실러 [SPF30PA++] [04 허니]_4.jpg;img/하드커버 리퀴드 컨실러 [SPF30PA++] [04 허니]_5.jpg
14g * 2ea,모든 피부,상품 별도 표기,상세페이지 참조,엔프라니(주) / 엔프라니(주),한국,해당있음,상품상세참조,"화장품을 사용하여 다음과 같이 이상이 있을 경우에는 사용을 중지할 것이며, 계속 사용하면 증상을 악화시키므로 피부과 전문의등에게 상담하십시오. 가) 사용중 붉은반점, 부어오름, 가려움증, 자극 등의 이상이 있을 경우 나) 사용부위가 직사광선에 의해 위와 같은 이상이 있을 경우 상처가 있는 곳 또는 습진 및 피부염 등의 이상이 있는 부위에는 사용하지 마십시오. 보관 및 취급상의 주의사항 가) 사용 후에는 반드시 마개를 닫아 둘 것. 나) 유/소아의 손에 닿지 않는 곳에 보관할 것. 다) 고온 내지 저온의 장소 및 직사광선이 닿는 곳에 보관하지 말 것.을 사용하여 다음과 같이 이상이 있을 경우에는 사용을 중지할 것이며, 계속 사용하면 증상을 악화시키므로 피부과 전문의등에게 상담하십시오. 가) 사용중 붉은반점, 부어오름, 가려움증, 자극 등의 이상이 있을 경우 나) 사용부위가 직사광선에 의해 위와 같은 이상이 있을 경우 상처가 있는 곳 또는 습진 및 피부염 등의 이상이 있는 부위에는 사용하지 마십시오. 보관 및 취급상의 주의사항 가) 사용 후에는 반드시 마개를 닫아 둘 것. 나) 유/소아의 손에 닿지 않는 곳에 보관할 것. 다) 고온 내지 저온의 장소 및 직사광선이 닿는 곳에 보관하지 말 것.",공정거래위원회 고시에 의거 보상받을 수 있음.,070-5014-0324,detail,홀리카홀리카(엔프라니),하드커버 글로우 쿠션 EX [SPF50+/PA+++] [01 웜아이보리],1832873,9415,img/하드커버 글로우 쿠션 EX [SPF50+PA+++] [01 웜아이보리]_0.jpg;img/하드커버 글로우 쿠션 EX [SPF50+PA+++] [01 웜아이보리]_1.jpg;img/하드커버 글로우 쿠션 EX [SPF50+PA+++] [01 웜아이보리]_2.jpg;img/하드커버 글로우 쿠션 EX [SPF50+PA+++] [01 웜아이보리]_3.jpg;img/하드커버 글로우 쿠션 EX [SPF50+PA+++] [01 웜아이보리]_4.jpg
0.5g,모든피부용,개봉전 30개월/개봉 후 6개월,상품상세참조,코스맥스(주)/엔프라니(주),한국,해당없음,"정제수;부틸렌글라이콜;아크릴레이트/옥틸아크릴아마이드코폴리머;다이글리세린;콩추출물;백미꽃추출물;접시꽃추출물;라우레스-25;다이에틸헥실소듐설포석시네이트;아미노메틸프로판올;글리세린;에틸헥실글리세린;다이페닐다이메티콘;트라이에틸헥사노인;1,2-헥산다이올;하이드로제네이티드레시틴;펜틸렌글라이콜;옥탄다이올;변성알코올;페녹시에탄올;CI 19140;CI 17200;CI 42090","1) 화장품 사용 시 또는 사용 후 직사광선에 의하여 사용부위가 붉은 반점, 부어오름 또는 가려움증 등의 이상 증상이나 부작용이 있는 경우 전문의 등과 상담할 것 2) 상처가 있는 부위 등에는 사용을 자제할 것 3) 보관 및 취급 시의 주의사항 가) 어린이의 손이 닿지 않는 곳에 보관할 것 나) 직사광선을 피해서 보관할 것",본 상품에 이상이 있을 경우 공정거래위원회 고시 「소비자분쟁해결기준」에 따라 보상해드립니다,070-5014-0324,normal,홀리카홀리카(엔프라니),홀리팝 쌍테라이너 [인텐스],1992910,30638,
9ml,모든피부타입,개봉 전 24개월/개봉 후 6개월,상품상세참조,한국콜마㈜ / ㈜엔프라니,한국,해당없음,"정제수;프로판다이올;카나우바왁스;아크릴레이트코폴리머;해바라기씨왁스;피브이피;C14-22알코올;팔미틱애씨드;실리카;호호바에스터;1,2-헥산다이올;스테아릭애씨드;펜틸렌글라이콜;티타늄다이옥사이드;트로메타민;하이드로제네이티드폴리아이소부텐;합성플루오르플로고파이트;폴리솔베이트60;C12-20알킬글루코사이드;에탄올;다이메티콘;소듐폴리아크릴로일다이메틸타우레이트;에틸헥실글리세린;다이소듐이디티에이;잔탄검;소듐데하이드로아세테이트;미리스틱애씨드;글루코오스;토코페롤;바이오틴;아라비아고무나무검;카카오씨버터;판테놀;하이드롤라이즈드케라틴;류코노스톡/무발효여과물;황색산화철;흑색산화철;적색산화철;울트라마린","1) 화장품 사용 시 또는 사용 후 직사광선에 의하여 사용부위가 붉은반점, 부어오름 또는 가려움증 등의 이상 증상이나 부작용이 있는 경우 전문의 등과 상담할 것 2) 상처가 있는 부위 등에는 사용을 자제할 것 3) 보관 및 취급 시의 주의사항 가) 어린이의 손이 닿지 않는 곳에 보관할 것 나) 직사광선을 피해서 보관할 것 4) 흔들리는 장소에서는 사용하지 말 것 5) 팁이 안구에 닿지 않도록 주의하여 사용할 것 6) 팁을 변형/개조하지 말 것 7) 팁은 다음 사용을 위하여 청결을 유지하고, 화장품과 접촉한 채로 두지 말 것 8) 팁을 타인과 같이 사용하지 말 것 9) 눈에 들어갔을 때에는 즉시 씻어낼 것",본 상품에 이상이 있을 경우 공정거래위원회 고시 「소비자분쟁해결기준」에 따라 보상해드립니다.,070-5014-0324,normal,홀리카홀리카(엔프라니),브로우 코렉팅 쉐이퍼 [02 다크브라운],1960447,26908,
2g,모든 피부용,개봉 전 30개월 / 개봉 후 18개월,내용물을 적당량 취하여 피부에 고르게 펴 바르고 가볍게 두드려 마무리 해줍니다,㈜코스메카코리아 / 엔프라니㈜,대한민국,해당있음,"카프릴릭/카프릭트라이글리세라이드, 티타늄디옥사이드, 옥틸도데칸올, 트라이에틸헥사노인, 합성왁스, 실리카, 다이아이소스테아릴말레이트, 마이크로크리스탈린왁스, 다이펜타에리스리틸헥사하이드록시스테아레이트/헥사스테아레이트/헥사로지네이트, 마이카, 폴리글리세릴-6폴리리시놀리에이트, 솔비탄올리베이트, 브이피/헥사데센코폴리머, 하이드로제네이티드폴리아이소부텐, 솔비탄세스퀴올리에이트, 스테아랄코늄헥토라이트, 적색산화철, 알루미늄하이드록사이드, 다이스테아다이모늄헥토라이트, 1,2-헥산다이올, 트라이에톡시카프릴릴실레인, 황색산화철, 향료, 프로필렌카보네이트, 카프릴릴글라이콜, 에틸헥실글리세린, 펜타에리스리틸테트라-다이-t-부틸하이드록시하이드로신나메이트, 흑색산화철, 정제수, 하이드롤라이즈드하이알루로닉애씨드, 아세틸헥사펩타이드-8","가. 화장품 사용 시 또는 사용 후 직사광선에 의하여 사용부위가 붉은 반점, 부어오름 또는 가려움증 등의 이상 증상이나 부작용이 있는 경우에는 전문의 등과 상담할 것 나. 상처가 있는 부위 등에는 사용을 자제할 것 다. 보관 및 취급 시 주의사항2) 직사광선을 피해서 보관할 것",본 제품에 이상이 있을 경우 공정거래위원회 고시 '소비자 분쟁 해결기준'에 의거 교환 또는 보상받을 수 있습니다,070-5014-0324,normal,홀리카홀리카(엔프라니),마이페이브 피스 컨실러 [03핑크샐먼],2144773,73949,
2g,모든 피부,개봉 전 30개월 / 개봉 후 18개월,내용물을 적당량 취하여 피부에 고르게 펴 바르고 가볍게 두드려 마무리 해줍니다,㈜코스메카코리아 / 엔프라니㈜,대한민국,해당있음,"티타늄디옥사이드, 카프릴릭/카프릭트라이글리세라이드, 옥틸도데칸올, 트라이에틸헥사노인, 실리카, 합성왁스, 마이카, 다이아이소스테아릴말레이트, 마이크로크리스탈린왁스, 다이펜타에리스리틸헥사하이드록시스테아레이트/헥사스테아레이트/헥사로지네이트, 황색산화철, 솔비탄올리베이트, 하이드로제네이티드폴리아이소부텐, 폴리글리세릴-6폴리리시놀리에이트, 솔비탄세스퀴올리에이트, 브이피/헥사데센코폴리머, 크로뮴옥사이드그린, 알루미늄하이드록사이드, 스테아랄코늄헥토라이트, 다이스테아다이모늄헥토라이트, 흑색산화철, 1,2-헥산다이올, 울트라마린, 향료, 프로필렌카보네이트, 카프릴릴글라이콜, 적색산화철, 에틸헥실글리세린, 펜타에리스리틸테트라-다이-t-부틸하이드록시하이드로신나메이트, 카올린, 정제수, 하이드롤라이즈드하이알루로닉애씨드, 아세틸헥사펩타이드-8","가. 화장품 사용 시 또는 사용 후 직사광선에 의하여 사용부위가 붉은 반점, 부어오름 또는 가려움증 등의 이상 증상이나 부작용이 있는 경우에는 전문의 등과 상담할 것 나. 상처가 있는 부위 등에는 사용을 자제할 것 다. 보관 및 취급 시 주의사항2) 직사광선을 피해서 보관할 것",본 제품에 이상이 있을 경우 공정거래위원회 고시 '소비자 분쟁 해결기준'에 의거 교환 또는 보상받을 수 있습니다,070-5014-0324,normal,홀리카홀리카(엔프라니),마이페이브 피스 컨실러 [08그린티무스],2144788,73994,
1.5g,모든 피부용,개봉 전 30개월 / 개봉 후 18개월,내용물을 적당량 취하여 피부에 고르게 펴 바르고 가볍게 두드려 마무리 해줍니다,㈜코스메카코리아 / 엔프라니㈜,대한민국,해당있음,"다이메티콘, 다이메티콘크로스폴리머, 카프릴릭/카프릭트라이글리세라이드, 마이크로크리스탈린왁스, 파라핀, 합성비즈왁스, 에이치디아이/트라이메틸올헥실락톤크로스폴리머, 다이메티콘/비닐다이메티콘크로스폴리머, 카올린, 폴리글리세릴-6폴리리시놀리에이트, 라우릴폴리글리세릴-3폴리다이메틸실록시에틸다이메티콘, 1,2-헥산다이올, 향료, 카프릴릴글라이콜, 에틸헥실글리세린, 펜타에리스리틸테트라-다이-t-부틸하이드록시하이드로신나메이트, 실리카, 정제수, 토코페롤, 하이드롤라이즈드하이알루로닉애씨드, 아세틸헥사펩타이드-8","가. 화장품 사용 시 또는 사용 후 직사광선에 의하여 사용부위가 붉은 반점, 부어오름 또는 가려움증 등의 이상 증상이나 부작용이 있는 경우에는 전문의 등과 상담할 것 나. 상처가 있는 부위 등에는 사용을 자제할 것 다. 보관 및 취급 시 주의사항2) 직사광선을 피해서 보관할 것",본 제품에 이상이 있을 경우 공정거래위원회 고시 '소비자 분쟁 해결기준'에 의거 교환 또는 보상받을 수 있습니다,070-5014-0324,normal,홀리카홀리카(엔프라니),마이페이브 피스 컨실러 [01스노우베일],2144769,73947,
2g,모든 피부용,개봉 전 30개월 / 개봉 후 18개월,내용물을 적당량 취하여 피부에 고르게 펴 바르고 가볍게 두드려 마무리 해줍니다,㈜코스메카코리아 / 엔프라니㈜,대한민국,해당있음,"트라이에틸헥사노인, 다이메티콘, 티타늄디옥사이드, 실리카, 마이카, 합성왁스, 폴리아이소부텐, 다이아이소스테아릴말레이트, 다이펜타에리스리틸헥사하이드록시스테아레이트/헥사스테아레이트/헥사로지네이트, 마이크로크리스탈린왁스, 솔비탄올리베이트, 카프릴릭/카프릭트라이글리세라이드, 비닐다이메티콘/메티콘실세스퀴옥세인크로스폴리머, 세틸피이지/피피지-10/1다이메티콘, 폴리글리세릴-6폴리리시놀리에이트, 흑색산화철, 황색산화철, 적색산화철, 트라이에톡시카프릴릴실레인, 1,2-헥산다이올, 스테아랄코늄헥토라이트, 다이스테아다이모늄헥토라이트, 알루미늄하이드록사이드, 향료, 프로필렌카보네이트, 카프릴릴글라이콜, 에틸헥실글리세린, 펜타에리스리틸테트라-다이-t-부틸하이드록시하이드로신나메이트, 정제수, 하이드롤라이즈드하이알루로닉애씨드, 아세틸헥사펩타이드-8","가. 화장품 사용 시 또는 사용 후 직사광선에 의하여 사용부위가 붉은 반점, 부어오름 또는 가려움증 등의 이상 증상이나 부작용이 있는 경우에는 전문의 등과 상담할 것 나. 상처가 있는 부위 등에는 사용을 자제할 것 다. 보관 및 취급 시 주의사항2) 직사광선을 피해서 보관할 것",본 제품에 이상이 있을 경우 공정거래위원회 고시 '소비자 분쟁 해결기준'에 의거 교환 또는 보상받을 수 있습니다,070-5014-0324,normal,홀리카홀리카(엔프라니),마이페이브 피스 컨실러 [12그레이지],2144794,73998,
5g,모든 피부용,개봉 전 36개월/개봉 후 12개월,내장되어 있는 퍼프에 적당량을 덜어 볼 위에 가볍게 톡톡 두드리듯이 발라줍니다.,(주)코스메카코리아/엔프라니(주),대한민국,해당있음,"카올린, 다이메티콘, 폴리프로필실세스퀴옥세인, 페닐트라이메티콘, 티타늄디옥사이드, 비닐다이메티콘/메티콘실세스퀴옥세인크로스폴리머, 폴리글리세릴-2트라이아이소스테아레이트, 에이치디아이/트라이메틸올헥실락톤크로스폴리머, 합성왁스, 브이피/헥사데센코폴리머, 마이크로크리스탈린왁스, 합성비즈왁스, 폴리글리세릴-6폴리리시놀리에이트, 다이아이소스테아릴말레이트, 다이메티콘크로스폴리머, 메틸메타크릴레이트크로스폴리머, 라우릴폴리글리세릴-3폴리다이메틸실록시에틸다이메티콘, 1,2-헥산다이올, 적색산화철, 에틸렌/프로필렌코폴리머, 토코페릴아세테이트, 황색4호, 카프릴릴글라이콜, 실리카, 흑색산화철, 에틸헥실글리세린, 적색202호, 토코페롤","가. 화장품 사용 시 또는 사용 후 직사광선에 의하여 사용부위가 붉은 반점, 부어오름 또는 가려움증 등의 이상 증상이나 부작용이 있는 경우에는 전문의 등과 상담할 것 나. 상처가 있는 부위 등에는 사용을 자제할 것 다. 보관 및 취급 시 주의사항 1) 어린이의 손이 닿지 않는 곳에 보관할 것 2) 직사광선을 피해서 보관할 것 라. 눈에 들어갔을 때에는 즉시 씻어낼 것",본 제품에 이상이 있을 경우 공정거래위원회고시 '소비자분쟁해결기준'에 의해 보상해드립니다.,070-5014-0324,normal,홀리카홀리카(엔프라니),틴티드 밀크 크림 블러쉬 [07 로지오트],2101893,74746,
2g,모든 피부용,개봉 전 30개월 / 개봉 후 18개월,내용물을 적당량 취하여 피부에 고르게 펴 바르고 가볍게 두드려 마무리 해줍니다,㈜코스메카코리아 / 엔프라니㈜,대한민국,해당있음,"티타늄디옥사이드, 카프릴릭/카프릭트라이글리세라이드, 옥틸도데칸올, 트라이에틸헥사노인, 실리카, 합성왁스, 다이아이소스테아릴말레이트, 합성플루오르플로고파이트, 마이크로크리스탈린왁스, 다이펜타에리스리틸헥사하이드록시스테아레이트/헥사스테아레이트/헥사로지네이트, 솔비탄올리베이트, 하이드로제네이티드폴리아이소부텐, 폴리글리세릴-6폴리리시놀리에이트, 솔비탄세스퀴올리에이트, 브이피/헥사데센코폴리머, 알루미늄하이드록사이드, 스테아랄코늄헥토라이트, 적색산화철, 마이카, 다이스테아다이모늄헥토라이트, 1,2-헥산다이올, 향료, 프로필렌카보네이트, 카프릴릴글라이콜, 에틸헥실글리세린, 펜타에리스리틸테트라-다이-t-부틸하이드록시하이드로신나메이트, 흑색산화철, 정제수, 황색산화철, 하이드롤라이즈드하이알루로닉애씨드, 아세틸헥사펩타이드-8","가. 화장품 사용 시 또는 사용 후 직사광선에 의하여 사용부위가 붉은 반점, 부어오름 또는 가려움증 등의 이상 증상이나 부작용이 있는 경우에는 전문의 등과 상담할 것 나. 상처가 있는 부위 등에는 사용을 자제할 것 다. 보관 및 취급 시 주의사항2) 직사광선을 피해서 보관할 것",본 제품에 이상이 있을 경우 공정거래위원회 고시 '소비자 분쟁 해결기준'에 의거 교환 또는 보상받을 수 있습니다,070-5014-0324,normal,홀리카홀리카(엔프라니),마이페이브 피스 컨실러 [07페일핑크],2144787,73993,
