용량 또는 중량,,제조자 및 제조판매업자,주요성분,브랜드,제품명,goods_id,,
50ml+50ml,,코스맥스(주) / 네이처리퍼블릭,"정제수,글리세린,나이아신아마이드,프로판다이올,글리세레스-26,카프릴릭/카프릭트라이글리세라이드,페닐트라이메티콘,시어버터,1,2-헥산다이올,클로렐라 불가리스추출물,비타민나무오일,레몬추출물,병풀잎추출물,병풀추출물,폴리메틸실세스퀴옥세인,트로메타민,글루코오스,아크릴레이트/C10-30알킬아크릴레이트크로스폴리머,부틸렌글라이콜,카프릴릴글라이콜,프룩토올리고사카라이드,프룩토오스,에틸헥실글리세린,토코페롤,3-O-에틸아스코빅애씨드,글루코노락톤,아스코빅애씨드,카프릴로일살리실릭애씨드,마데카소사이드,글리세릴글루코사이드,아시아티코사이드,아시아틱애씨드,마데카식애씨드,아스코빌팔미테이트,베헤닐알코올,카보머,다이소듐이디티에이,향료",네이처리퍼블릭,비타페어C 잡티 크림,72354,,
상품상세참조,,상품상세참조,"아스퍼질러스발효물;글리세린;다이프로필렌글라이콜;부틸렌글라이콜;카프릴릭/카프릭트라이글리세라이드;펜틸렌글라이콜;나이아신아마이드;1,2-헥산다이올;아이소헥사데칸;밀추출물;폴리글리세릴-6라우레이트;정제수;이눌린라우릴카바메이트;하이드록시에틸우레아;쌀추출물;해바라기씨오일;밀펩타이드;에틸헥실글리세린;알란토인;소듐메틸스테아로일타우레이트;아데노신;유자오일;다이포타슘글리시리제이트;다이소듐이디티에이;셀룰로오스검;토코페롤;시트릭애씨드",비프루브,아스퍼바이옴 더 퍼스트 트리트먼트 크림 에센스,33367,,
상품상세참조,,상품상세참조,정제수;소듐코코일이세티오네이트;글리세린;아스퍼질러스발효물;소듐메틸코코일타우레이트;코코-베타인;소듐클로라이드;프로판다이올;부틸렌글라이콜;구아하이드록시프로필트라이모늄클로라이드;펜틸렌글라이콜;포타슘코코일글리시네이트;코코넛애씨드;밀추출물;카프릴릴글라이콜;판테놀;베타인;소듐메틸타우레이트;포타슘코코에이트;에틸헥실글리세린;쌀추출물;다이소듐이디티에이;시트릭애씨드;밀펩타이드;토코페롤,비프루브,아스퍼바이옴 모이스처 클렌징 폼,44867,,
상품상세참조,,상품상세참조,"정제수;부틸렌글라이콜;글리세린;1,2-헥산다이올;아스퍼질러스발효물;밀펩타이드;밀추출물;쌀추출물;펜틸렌글라이콜;프로판다이올;귤껍질추출물;글루코노락톤;카프릴로일살리실릭애씨드;베타인;판테놀;시트릭애씨드;소듐시트레이트;C12-13파레스-9(구명칭);에틸헥실글리세린;토코페롤",비프루브,아스퍼바이옴 수딩 에센스 패드,33364,,
상품상세참조,,상품상세참조,"아스퍼질러스발효물;카프릴릭/카프릭트라이글리세라이드;글리세린;부틸렌글라이콜;마카다미아씨오일;펜틸렌글라이콜;1,2-헥산다이올;밀추출물;암모늄아크릴로일다이메틸타우레이트/브이피코폴리머;세테아릴올리베이트;세테아릴알코올;트라이에틸헥사노인;솔비탄올리베이트;쌀추출물;트로메타민;카보머;밀펩타이드;에틸헥실글리세린;판테놀;카프릴릴글라이콜;하이드로제네이티드레시틴;다이소듐이디티에이;잔탄검;정제수;토코페롤",비프루브,아스퍼바이옴 엑티베이팅 시너지 크림,33366,,
상품상세참조,,상품상세참조,아스퍼질러스발효물;부틸렌글라이콜;프로판다이올;펜틸렌글라이콜;밀추출물;쌀추출물;하이드록시아세토페논;밀펩타이드;에틸헥실글리세린,비프루브,아스퍼바이옴 워터 에센스,33365,,
"[본품]G.루미에르 파운데이션 30ml, [증정] G.루미에르 프라이머 5ml",,LG생활건강,"정제수;페닐트라이메티콘;트라이에틸헥사노인;다이메티콘;사이클로펜타실록세인;에칠헥실메톡시신나메이트;트라이메틸실록시실리케이트;부틸렌글라이콜;글리세린;라우릴피이지-10트리스(트라이메틸실록시)실릴에틸다이메티콘;티타늄다이옥사이드;마그네슘/포타슘/실리콘/플루오라이드/하이드록사이드/옥사이드;다이메티콘크로스폴리머;1,2-헥산다이올;다이아이소스테아릴말레이트;피이지-30다이폴리하이드록시스테아레이트;다이스테아다이모늄헥토라이트;알루미늄하이드록사이드;합성플루오르플로고파이트;판테놀;소듐클로라이드;징크스테아레이트;스테아릭애씨드;알루미나;아크릴레이트/에틸헥실아크릴레이트/다이메티콘메타크릴레이트코폴리머;팔미토일프롤린;다이스테아릴다이모늄클로라이드;마그네슘팔미토일글루타메이트;소듐팔미토일사코시네이트;트라이에톡시카프릴릴실레인;아데노신;팔미틱애씨드;트라이에톡시실릴에틸폴리다이메틸실록시에틸헥실다이메티콘;틴옥사이드;진주가루;향료;벤질벤조에이트;벤질살리실레이트;리날룰;알파-아이소메틸아이오논;제라니올;리모넨;하이드록시시트로넬알;쿠마린;황색산화철;적색산화철;흑색산화철",코드 글로컬러,G.루미에르 파운데이션 [SPF35/PA++] [22.5호 진저베이지],22301,,
"[본품]G.루미에르 파운데이션 30ml, [증정] G.루미에르 프라이머 5ml",,LG생활건강,"정제수;페닐트라이메티콘;트라이에틸헥사노인;다이메티콘;사이클로펜타실록세인;에칠헥실메톡시신나메이트;트라이메틸실록시실리케이트;부틸렌글라이콜;글리세린;라우릴피이지-10트리스(트라이메틸실록시)실릴에틸다이메티콘;마그네슘/포타슘/실리콘/플루오라이드/하이드록사이드/옥사이드;티타늄다이옥사이드;다이메티콘크로스폴리머;1,2-헥산다이올;다이아이소스테아릴말레이트;피이지-30다이폴리하이드록시스테아레이트;다이스테아다이모늄헥토라이트;알루미늄하이드록사이드;합성플루오르플로고파이트;판테놀;소듐클로라이드;징크스테아레이트;스테아릭애씨드;알루미나;아크릴레이트/에틸헥실아크릴레이트/다이메티콘메타크릴레이트코폴리머;팔미토일프롤린;다이스테아릴다이모늄클로라이드;마그네슘팔미토일글루타메이트;소듐팔미토일사코시네이트;트라이에톡시실릴에틸폴리다이메틸실록시에틸헥실다이메티콘;아데노신;팔미틱애씨드;트라이에톡시카프릴릴실레인;틴옥사이드;진주가루;향료;벤질벤조에이트;벤질살리실레이트;리날룰;알파-아이소메틸아이오논;제라니올;리모넨;하이드록시시트로넬알;쿠마린;황색산화철;적색산화철;흑색산화철",코드 글로컬러,G.루미에르 파운데이션 [SPF35/PA++] [20.5호 피치베이지],22300,,
30ml+10ml,,LG생활건강,"정제수;사이클로펜타실록세인;사이클로헥사실록세인;네오펜틸글라이콜다이에틸헥사노에이트;부틸렌글라이콜;피이지-10다이메티콘;합성플루오르플로고파이트;글리세린;다이프로필렌글라이콜;마그네슘설페이트;다이메티콘크로스폴리머;판테놀;솔비탄세스퀴아이소스테아레이트;다이스테아다이모늄헥토라이트;페녹시에탄올;1,2-헥산다이올;다이스테아릴다이모늄클로라이드;스테아릭애씨드;토코페릴아세테이트;드럼스틱씨추출물;틴옥사이드;다이소듐포스페이트;시트릭애씨드;향료;벤질벤조에이트;벤질살리실레이트;리날룰;알파-아이소메틸아이오논;제라니올;리모넨;하이드록시시트로넬알;쿠마린;티타늄디옥사이드(구명칭)",코드 글로컬러,G.루미에르 프라이머,21712,,
4g,,LG생활건강,탤크;마이카;실리카;다이메티콘;마그네슘미리스테이트;마그네슘스테아레이트;옥틸도데실스테아로일스테아레이트;다이아이소스테아릴말레이트;프로판다이올;메틸프로판다이올;알루미늄다이미리스테이트;트라이에톡시카프릴릴실레인;소듐라우로일글루타메이트;향료;알파-아이소메틸아이오논;벤질벤조에이트;벤질살리실레이트;리날룰;적색산화철;황색산화철;흑색산화철;울트라마린,코드 글로컬러,N.무드 터치 쉐딩 [월넛라떼],21743,,
30ml+5ml,,LG생활건강,"정제수;사이클로펜타실록세인;아이소도데케인;알루미늄전분옥테닐석시네이트;다이프로필렌글라이콜;에칠헥실메톡시신나메이트;피이지-10다이메티콘;티타늄다이옥사이드;폴리메틸메타크릴레이트;부틸렌글라이콜;피브이피;에이치디아이/트라이메틸올헥실락톤크로스폴리머;트라이메틸실록시실리케이트;1,2-헥산다이올;세틸피이지/피피지-10/1다이메티콘;사이클로헥사실록세인;다이스테아다이모늄헥토라이트;알루미늄하이드록사이드;나일론-12;마그네슘설페이트;판테놀;징크스테아레이트;스테아릭애씨드;팔미토일프롤린;다이스테아릴다이모늄클로라이드;마그네슘팔미토일글루타메이트;소듐팔미토일사코시네이트;트라이에톡시카프릴릴실레인;팔미틱애씨드;실리카;에탄올;펜타에리스리틸테트라-다이-t-부틸하이드록시하이드로신나메이트;워터민트추출물;향료;알파-아이소메틸아이오논;벤질벤조에이트;벤질살리실레이트;쿠마린;제라니올;하이드록시시트로넬알;리모넨;리날룰;황색산화철;적색산화철;흑색산화철",코드 글로컬러,L.픽스 온 파운데이션 [SPF35/PA++] [22.5호 진저],21717,,
3.4g,,㈜씨엔씨인터네셔널,"다이아이소스테아릴말레이트,비스-베헤닐/아이소스테아릴/피토스테릴다이머다이리놀레일다이머다이리놀리에이트,폴리글리세릴-2트라이아이소스테아레이트,비스-다이글리세릴폴리아실아디페이트-2,파라핀,마이크로크리스탈린왁스,솔비탄아이소스테아레이트,1,2-헥산다이올,세틸피이지/피피지-10/1다이메티콘,합성왁스,황색4호,티타늄디옥사이드,적색202호,에틸렌/프로필렌코폴리머,황색5호,흑색산화철,향료,코코넛야자오일,동백나무씨오일,달맞이꽃오일,펜타에리스리틸테트라-다이-t-부틸하이드록시하이드로신나메이트",코드 글로컬러,나잇페리프렌즈 컬렉션 잉크 무드 글로이 밤 [010 로지아워],61391,,
3.4g,,㈜씨엔씨인터네셔널,"다이아이소스테아릴말레이트,비스-베헤닐/아이소스테아릴/피토스테릴다이머다이리놀레일다이머다이리놀리에이트,폴리글리세릴-2트라이아이소스테아레이트,비스-다이글리세릴폴리아실아디페이트-2,파라핀,마이크로크리스탈린왁스,솔비탄아이소스테아레이트,1,2-헥산다이올,세틸피이지/피피지-10/1다이메티콘,합성왁스,티타늄디옥사이드,황색4호,황색5호,에틸렌/프로필렌코폴리머,적색산화철,적색202호,향료,흑색산화철,코코넛야자오일,동",코드 글로컬러,나잇페리프렌즈 컬렉션 잉크 무드 글로이 밤 [008 쿨쿨코랄],61389,,
3.4g,,㈜씨엔씨인터네셔널,"다이아이소스테아릴말레이트,비스-베헤닐/아이소스테아릴/피토스테릴다이머다이리놀레일다이머다이리놀리에이트,폴리글리세릴-2트라이아이소스테아레이트,비스-다이글리세릴폴리아실아디페이트-2,파라핀,마이크로크리스탈린왁스,솔비탄아이소스테아레이트,1,2-헥산다이올,세틸피이지/피피지-10/1다이메티콘,합성왁스,티타늄디옥사이드,황색4호,적색104호의(1),에틸렌/프로필렌코폴리머,적색202호,적색산화철,향료,코코넛야자오일,동백나무씨오일,달맞이꽃오일,펜타에리스리틸테트라-다이-t-부틸하이드록시하이드로신나메이트",코드 글로컬러,나잇페리프렌즈 컬렉션 잉크 무드 글로이 밤 [009 핑믈리에],61390,,
3.4g,,코스맥스/㈜클리오,"다이아이소스테아릴말레이트,비스-베헤닐/아이소스테아릴/피토스테릴다이머다이리놀레일다이머다이리놀리에이트,폴리글리세릴-2트라이아이소스테아레이트,비스-다이글리세릴폴리아실아디페이트-2,파라핀,마이크로크리스탈린왁스,솔비탄아이소스테아레이트,1,2-헥산다이올,세틸피이지/피피지-10/1다이메티콘,합성왁스,황색5호,적색산화철,티타늄디옥사이드,에틸렌/프로필렌코폴리머,적색202호,흑색산화철,향료,청색1호,동백나무씨오일,코코넛야자오일,달맞이꽃오일,펜타에리스리틸테트라-다이-t-부틸하이드록시하이드로신나메이트,적색104호의(1),황색4호",코드 글로컬러,힙행열차 컬렉션 잉크 무드 글로이 밤 [5호 누디리스트],58196,,
3.4g,,코스맥스/㈜클리오,"다이아이소스테아릴말레이트,비스-베헤닐/아이소스테아릴/피토스테릴다이머다이리놀레일다이머다이리놀리에이트,폴리글리세릴-2트라이아이소스테아레이트,비스-다이글리세릴폴리아실아디페이트-2,파라핀,마이크로크리스탈린왁스,솔비탄아이소스테아레이트,1,2-헥산다이올,세틸피이지/피피지-10/1다이메티콘,합성왁스,황색5호,티타늄디옥사이드,적색202호,에틸렌/프로필렌코폴리머,청색1호,적색104호의(1),향료,동백나무씨오일,코코넛야자오일,달맞이꽃오일,펜타에리스리틸테트라-다이-t-부틸하이드록시하이드로신나메이트,흑색산화철,황색4호,",코드 글로컬러,힙행열차 컬렉션 잉크 무드 글로이 밤 [6호 숨찐로즈],58197,,
3.4g,,코스맥스/㈜클리오,"다이아이소스테아릴말레이트,비스-베헤닐/아이소스테아릴/피토스테릴다이머다이리놀레일다이머다이리놀리에이트,폴리글리세릴-2트라이아이소스테아레이트,비스-다이글리세릴폴리아실아디페이트-2,파라핀,마이크로크리스탈린왁스,솔비탄아이소스테아레이트,1,2-헥산다이올,세틸피이지/피피지-10/1다이메티콘,합성왁스,적색202호,티타늄디옥사이드,황색5호,에틸렌/프로필렌코폴리머,청색1호,향료,동백나무씨오일,코코넛야자오일,달맞이꽃오일,펜타에리스리틸테트라-다이-t-부틸하이드록시하이드로신나메이트,흑색산화철,적색104호의(1),황색4호",코드 글로컬러,힙행열차 컬렉션 잉크 무드 글로이 밤 [7호 모브다이브],58198,,
5g,,코스맥스(주)/네이처리퍼블릭,"탤크, 마이카 (CI 77019), 마이크로크리스탈린셀룰로오스, 다이메티콘, 알루미늄전분옥테닐석시네이트, 실리카, 마그네슘미리스테이트, 세틸다이메티콘, 마그네슘스테아레이트, 동백나무꽃추출물, 프로방스장미꽃수, 마트리카리아꽃추출물, 메틸프로판다이올, 프로판다이올, 트라이에톡시카프릴릴실레인, 카올린, 정제수, 부틸렌글라이콜, 1,2-헥산다이올, 카프릴릴글라이콜, 에틸헥실글리세린, 울트라마린 (CI 77007), 적색산화철 (CI 77491), 흑색산화철 (CI 77499), 적색226호 (CI 73360), 황색산화철 (CI 77492), 망가니즈바이올렛 (CI 77742), 황색4호 (CI 19140)",네이처리퍼블릭,바이플라워 블러셔 [12 런던로즈],47138,,
5g,,코스맥스(주)/네이처리퍼블릭,"탤크, 마이카 (CI 77019), 마이크로크리스탈린셀룰로오스, 다이메티콘, 알루미늄전분옥테닐석시네이트, 실리카, 마그네슘미리스테이트, 울트라마린 (CI 77007), 세틸다이메티콘, 마그네슘스테아레이트, 동백나무꽃추출물, 프로방스장미꽃수, 마트리카리아꽃추출물, 메틸프로판다이올, 프로판다이올, 트라이에톡시카프릴릴실레인, 카올린, 정제수, 부틸렌글라이콜, 1,2-헥산다이올, 카프릴릴글라이콜, 에틸헥실글리세린, 적색226호 (CI 73360), 흑색산화철 (CI 77499), 황색산화철 (CI 77492), 황색4호 (CI 19140)",네이처리퍼블릭,바이플라워 블러셔 [11 인생퍼플],47049,,
32ml,,(주)코스맥스 / 네이처리퍼블릭,"정제수;사이클로펜타실록세인;CI 77891;에틸헥실팔미테이트;부틸렌글라이콜;에칠헥실메톡시신나메이트;페닐트라이메티콘;아이소도데케인;폴리글리세릴-2다이아이소스테아레이트;아크릴레이트/폴리트라이메틸실록시메타크릴레이트코폴리머;다이페닐실록시페닐트라이메티콘;나이아신아마이드;펜틸렌글라이콜;합성플루오르플로고파이트;히비스커스꽃추출물;로즈힙열매추출물;라벤더꽃추출물;레몬버베나잎추출물;레몬밤추출물;페퍼민트잎추출물;다마스크장미꽃추출물;로즈마리잎추출물;세이지잎추출물(구명칭);선백리향잎추출물(구명칭);린덴꽃추출물(구명칭);글리세린;마그네슘스테아레이트;라우릴피이지-9폴리다이메틸실록시에틸다이메티콘;마그네슘설페이트;다이스테아다이모늄헥토라이트;피이지-30다이폴리하이드록시스테아레이트;비스-피이지/피피지-14/14다이메티콘;비즈왁스;트라이에톡시카프릴릴실레인;알루미늄하이드록사이드;프로필렌카보네이트;다이메티콘/비닐다이메티콘크로스폴리머;스테아릭애씨드;에틸헥실글리세린;아데노신;다이메티콘;1,2-헥산다이올;토코페롤;다이소듐이디티에이;페녹시에탄올;향료;리날룰;리모넨;시트로넬올;제라니올;CI 77947;CI 77492;CI 77491;CI 77499",네이처리퍼블릭,프로방스 에어 스킨 핏 원데이 래스팅 파운데이션 [SPF30/PA++] [P21 로지바닐라],30319,,
5g,,코스맥스(주)/네이처리퍼블릭,"탤크, 마이카 (CI 77019), 마이크로크리스탈린셀룰로오스, 다이메티콘, 알루미늄전분옥테닐석시네이트, 실리카, 마그네슘미리스테이트, 세틸다이메티콘, 마그네슘스테아레이트, 동백나무꽃추출물, 프로방스장미꽃수, 마트리카리아꽃추출물, 메틸프로판다이올, 프로판다이올, 트라이에톡시카프릴릴실레인, 정제수, 부틸렌글라이콜, 1,2-헥산다이올, 카프릴릴글라이콜, 에틸헥실글리세린, 적색산화철 (CI 77491), 적색226호 (CI 73360), 황색4호 (CI 19140), 흑색산화철 (CI 77499), 황색산화철 (CI 77492), 울트라마린 (CI 77007)",네이처리퍼블릭,바이플라워 블러셔 [06 워킹온더핑크],46848,,
3g,,한국콜마(주)/네이처리퍼블릭,"비스-베헤닐/아이소스테아릴/피토스테릴다이머다이리놀레일다이머다이리놀리에이트,비스-다이글리세릴폴리아실아디페이트-2,다이아이소스테아릴말레이트,하이드로제네이티드폴리아이소부텐,마이크로크리스탈린왁스,멘톤글리세린아세탈,파라핀,꿀추출물,망고추출물,프로방스장미꽃추출물,로즈힙열매추출물,달맞이꽃오일,동백나무씨오일,살구씨오일,스위트아몬드오일,아르간커넬오일,올리브오일,호호바씨오일,바닐릴부틸에터,토코페릴아세테이트,폴리글리세릴-2트라이아이소스테아레이트,폴리하이드록시스테아릭애씨드,티타늄디옥사이드,레시틴,아이소스테아릭애씨드,아이소프로필미리스테이트,에틸헥실팔미테이트,폴리글리세릴-3폴리리시놀리에이트,시트릭애씨드,정제수,티타늄/티타늄다이옥사이드,글리세린,1,2-헥산다이올,글루코닉애씨드,시어버터,부틸렌글라이콜,향료,데하이드로아세틱애씨드,적색223호,적색202호,적색산화철",네이처리퍼블릭,허니 멜팅 립 [11 틴트플럼핑],61191,,
5g,,코스맥스(주)/네이처리퍼블릭,"탤크, 마이카 (CI 77019), 마이크로크리스탈린셀룰로오스, 다이메티콘, 알루미늄전분옥테닐석시네이트, 실리카, 마그네슘미리스테이트, 세틸다이메티콘, 마그네슘스테아레이트, 동백나무꽃추출물, 프로방스장미꽃수, 마트리카리아꽃추출물, 메틸프로판다이올, 프로판다이올, 트라이에톡시카프릴릴실레인, 정제수, 부틸렌글라이콜, 1,2-헥산다이올, 카프릴릴글라이콜, 에틸헥실글리세린, 적색산화철 (CI 77491), 황색산화철 (CI 77492), 적색226호 (CI 73360), 황색5호 (CI 15985), 황색4호 (CI 19140), 흑색산화철 (CI 77499)",네이처리퍼블릭,바이플라워 블러셔 [08 코랄이피치해],47039,,
30ml*2,,(주)코스맥스/네이처리퍼블릭,"정제수, 글리세린, 시어버터, 에틸헥실스테아레이트, 폴리메틸실세스퀴옥세인, 1,2-헥산다이올, 세테아릴알코올, 글리세릴스테아레이트에스이, 향료, 클로렐라 불가리스추출물, 레몬버베나잎추출물, 다이메티콘, 하이드로제네이티드코코-글리세라이즈, 글리세릴스테아레이트, 피이지-100스테아레이트, 아크릴레이트/C10-30알킬아크릴레이트크로스폴리머, 카프릴릴글라이콜, 글루코오스, 트로메타민, 팔미틱애씨드, 부틸렌글라이콜, 프룩토올리고사카라이드, 프룩토오스, 스테아릭애씨드, 카프릴릭/카프릭트라이글리세라이드, 에틸헥실글리세린, 하이드로제네이티드레시틴, 소듐파이테이트, 하이드록시에틸아크릴레이트/소듐아크릴로일다이메틸타우레이트코폴리머, 세라마이드엔피, 베타-글루칸, 시트릭애씨드, 토코페롤, 소듐벤조에이트, 제라니올, 헥실신남알, 리모넨, 시트랄, 시트로넬올, 리날룰",네이처리퍼블릭,핸드 앤 네이처 핸드크림 [선셋버베나],59658,,
300ml,,코스맥스(주)/네이처리퍼블릭,"정제수, 글리세린, 하이드로제네이티드팜애씨드, 포타슘하이드록사이드, 폴리쿼터늄-7, 레몬추출물(3ppm), 병풀추출물, 아스코빅애씨드(5ppm), 아스코빌글루코사이드, 율무씨추출물, 쌀겨추출물, 녹두씨추출물, 글리세릴스테아레이트,아크릴레이트/C10-30알킬아크릴레이트크로스폴리머 소듐파이테이트, 1,2-헥산다이올, 부틸렌글라이콜, 에틸헥실글리세린, 소듐벤조에이트, 향료",네이처리퍼블릭,비타페어C 빅폼클렌징,48093,,
5g,,코스맥스(주)/네이처리퍼블릭,"합성플루오르플로고파이트, 티타늄디옥사이드 (CI 77891), 마이카 (CI 77019), 옥틸도데실스테아로일스테아레이트, 에이치디아이/트라이메틸올헥실락톤크로스폴리머, 탤크, 다이메티콘, 실리카, 알루미늄전분옥테닐석시네이트, 글리세린, 울트라마린 (CI 77007), 아이소프로필팔미테이트, 사라수씨버터, 동백나무꽃추출물, 연꽃꽃추출물, 알바수련꽃추출물, 세룰라타벚나무꽃추출물, 장미꽃추출물, 복사나무꽃추출물, 마그네슘미리스테이트, 펜틸렌글라이콜, 폴리솔베이트20, 트라이에톡시카프릴릴실레인, 아크릴아마이드/소듐아크릴로일다이메틸타우레이트코폴리머, 마그네슘알루미늄실리케이트, 솔비탄올리베이트, 솔비탄스테아레이트, 비닐다이메티콘/메티콘실세스퀴옥세인크로스폴리머, 아이소헥사데칸, 에틸헥실글리세린, 카올린, 폴리솔베이트80, 알루미늄하이드록사이드, 메티콘, 아이소프로필티타늄트라이아이소스테아레이트, 솔비탄올리에이트, 부틸렌글라이콜, 토코페롤, 틴옥사이드 (CI 77861), 세테아릴알코올, 페녹시에탄올, 포타슘솔베이트, 소듐데하이드로아세테이트, 향료, 적색226호 (CI 73360), 적색산화철 (CI 77491), 황색산화철 (CI 77492), 흑색산화철 (CI 77499)",네이처리퍼블릭,베이크드 블러셔 [04 핑크소르베],50494,,
24g*2,,코스맥스(주)/네이처리퍼블릭,"정제수, 다이프로필렌글라이콜, 글리세린, 소듐하이알루로네이트, 베르가모트오일, 접시꽃추출물, 유칼립투스잎오일, 하이드록시아세토페논, 알란토인, 폴리글리세릴-10라우레이트, 폴리글리세릴-10미리스테이트, 트로메타민, 카프릴릴글라이콜, 에틸헥실글리세린, 부틸렌글라이콜, 1,2-헥산다이올, 잔탄검, 카페인, 카보머, 다이소듐이디티에이, 리모넨, 리날룰",네이처리퍼블릭,더 착한 마음 마스크 시트 [히알루론산],18430,,
30매(350ml),,(주)엠엘에스 / 네이처리퍼블릭,"정제수, 프로판다이올, 메틸프로판다이올, 나이아신아마이드, 하이드록시아세토페논 , 폴리글리세릴-10라우레이트, 글리세린, 잔탄검, 에틸헥실글리세린, 셀룰로오스검 , 알란토인, 부틸렌글라이콜, 다이프로필렌글라이콜, 레몬추출물(300 ppm), 알지닌, 카보머, 1,2-헥산다이올, 소듐하이알루로네이트, 모란뿌리추출물, 병풀추출물, 글리세릴아크릴레이트/아크릴릭애씨드코폴리머, 피브이엠/엠에이코폴리머, 폴리글리세릴-4라우레이트, 다이포타슘글리시리제이트, 소듐아스코빌포스페이트(10 ppm), 아스코빅애씨드(10 ppm), 다이소듐이디티에이, 향료",네이처리퍼블릭,비타페어C 뽑아쓰는 데일리 마스크팩,48834,,
2.8g,,코스맥스(주)/네이처리퍼블릭,"다이메티콘, 폴리글리세릴-2트라이아이소스테아레이트, 다이에틸헥실카보네이트, 아이소아밀라우레이트, 아이소에이코산, 합성왁스, 적색산화철 (CI 77491), 페닐트라이메티콘, 트라이에틸헥사노인, 메틸메타크릴레이트크로스폴리머, 폴리메틸실세스퀴옥세인, 비닐다이메티콘/메티콘실세스퀴옥세인크로스폴리머, 실리카, 칸데릴라왁스, 다이메티콘크로스폴리머, 적색104호의(1) (CI 45410), 솔비탄아이소스테아레이트, 황색4호 (CI 19140), 카나우바왁스, 망고씨버터, 쿠푸아수씨버터, 동백나무꽃추출물, 프로방스장미꽃수, 마트리카리아꽃추출물, 알바수련꽃추출물, 폴리에틸렌, 폴리하이드록시스테아릭애씨드, 다이아이소스테아릴말레이트, 폴리글리세릴-2다이아이소스테아레이트, 에틸헥실팔미테이트, 아이소프로필미리스테이트, 아이소스테아릭애씨드, 레시틴, 폴리글리세릴-3폴리리시놀리에이트, 트라이에톡시카프릴릴실레인, 카프릴릴글라이콜, 글리세릴카프릴레이트, 펜타에리스리틸테트라-다이-t-부틸하이드록시하이드로신나메이트, 정제수, 다이프로필렌글라이콜, 부틸렌글라이콜, 소듐팔미토일프롤린, 1,2-헥산다이올, 에틸헥실글리세린, 토코페롤, 향료, 적색202호 (CI 15850), 황색산화철 (CI 77492), 티타늄디옥사이드 (CI 77891)",네이처리퍼블릭,바이플라워 에코 크레용 립 벨벳 [4호 칠리레드],46814,,
23ml * 20매,,(주)이미인 / 네이처리퍼블릭,"정제수, 글리세린, 다이프로필렌글라이콜, 에탄올, 하이드록시에틸셀룰로오스, 부틸렌글라이콜, 1,2-헥산다이올, 모란뿌리추출물, 병풀추출물, 트레할로오스, 마트리카리아꽃추출물, 피이지-60하이드로제네이티드캐스터오일, 글리세릴카프릴레이트, 알지닌, 카보머, 에틸헥실글리세린, 소듐하이알루로네이트, 글리세릴아크릴레이트/아크릴릭애씨드코폴리머, 피브이엠/엠에이코폴리머, 디소듐이디티에이, 향료, 헥실신남알",네이처리퍼블릭,리얼 네이처 마스크팩 [녹차],58606,,
200ml*2,,(주)서울화장품/네이처리퍼블릭,"정제수, 다이메티콘, 프로필렌글라이콜, 세테아릴알코올, 스테아라미도프로필다이메틸아민, 쿼터늄-18, 베헨트라이모늄클로라이드, 아이소프로필알코올, 하이드록시에틸셀룰로오스, 지황뿌리추출물, 아모다이메티콘, 시트릭애씨드, 부틸렌글라이콜, 아르간커넬오일, 콘민트추출물, 1,2-헥산다이올, 창포뿌리추출물, 측백나무잎추출물, 산구절초추출물, 스페인감초뿌리추출물, 구기자추출물, 뽕나무껍질추출물, 인삼추출물, 도꼬마리열매추출물, 에틸헥실글리세린, 달맞이꽃오일, 로즈힙열매오일, 바이오틴, 하이드롤라이즈드옥수수단백질, 하이드롤라이즈드콩단백질, 하이드롤라이즈드밀단백질, 향료, 리모넨, 하이드록시시트로넬알, 리날룰",네이처리퍼블릭,아르간 에센셜 딥케어 헤어팩,66294,,
5g,,코스맥스(주)/네이처리퍼블릭,"탤크, 마이카 (CI 77019), 마이크로크리스탈린셀룰로오스, 다이메티콘, 알루미늄전분옥테닐석시네이트, 실리카, 마그네슘미리스테이트, 세틸다이메티콘, 마그네슘스테아레이트, 적색산화철 (CI 77491), 동백나무꽃추출물, 프로방스장미꽃수, 마트리카리아꽃추출물, 메틸프로판다이올, 프로판다이올, 트라이에톡시카프릴릴실레인, 정제수, 부틸렌글라이콜, 1,2-헥산다이올, 카프릴릴글라이콜, 에틸헥실글리세린, 흑색산화철 (CI 77499), 적색226호 (CI 73360), 울트라마린 (CI 77007), 황색산화철 (CI 77492), 황색4호 (CI 19140)",네이처리퍼블릭,바이플라워 블러셔 [13 프라하달리아],47139,,
150ml,,한국콜마(주)/네이처리퍼블릭,"정제수, 변성알코올, 글리세린, 프로판다이올, 1,2-헥산다이올, 메틸프로판다이올, 비닐다이메티콘, 나이아신아마이드, 스테아릴알코올, 폴리메틸실세스퀴옥세인, 다이펜타에리스리틸헥사C5-9애씨드에스터, 카프릴릭/카프릭트라이글리세라이드, 바오밥나무씨추출물, 트루로즈오브예리코추출물, 에난티아 클로란타껍질추출물, 루이보스잎추출물, 보검선인장열매추출물, 세테아릴올리베이트, 글리세릴스테아레이트, 솔비탄올리베이트, 폴리글리세릴-2스테아레이트, 폴리아크릴레이트크로스폴리머-6, 에틸헥실글리세린, 카보머, 트로메타민, 아데노신, 다이소듐이디티에이, 부틸렌글라이콜, 올레아놀릭애씨드, 향료",네이처리퍼블릭,아프리카 버드 옴므 올인원 프레시 밸런서,23695,,
12g,,(주)코스맥스/네이처리퍼블릭,"탤크, 폴리메틸실세스퀴옥세인, 옥틸도데실스테아로일스테아레이트, 다이메티콘, 카프릴릭/카프릭트라이글리세라이드, 다이페닐다이메티콘/비닐다이페닐다이메티콘/실세스퀴옥세인크로스폴리머, 카프릴릴글라이콜, 에틸헥실글리세린, 알란토인, 라우로일라이신, 트라이에톡시카프릴릴실레인, 나일론-12, 메티콘, 토코페롤, 향료, 황색산화철 (CI 77492), 마이카 (CI 77019), 적색산화철 (CI 77491), 울트라마린 (CI 77007), 흑색산화철 (CI 77499)",네이처리퍼블릭,프로방스 픽서 팩트 [02 베이지],49269,,
2.8g,,코스맥스(주)/네이처리퍼블릭,"다이메티콘, 다이에틸헥실카보네이트, 아이소아밀라우레이트, 아이소에이코산, 합성왁스, 다이아이소스테아릴말레이트, 페닐트라이메티콘, 티타늄디옥사이드 (CI 77891), 폴리글리세릴-2트라이아이소스테아레이트, 메틸메타크릴레이트크로스폴리머, 폴리메틸실세스퀴옥세인, 비닐다이메티콘/메티콘실세스퀴옥세인크로스폴리머, 트라이에틸헥사노인, 실리카, 칸데릴라왁스, 다이메티콘크로스폴리머, 솔비탄아이소스테아레이트, 황색산화철 (CI 77492), 적색산화철 (CI 77491), 카나우바왁스, 망고씨버터, 쿠푸아수씨버터, 동백나무꽃추출물, 프로방스장미꽃수, 마트리카리아꽃추출물, 알바수련꽃추출물, 폴리에틸렌, 폴리하이드록시스테아릭애씨드, 폴리글리세릴-2다이아이소스테아레이트, 에틸헥실팔미테이트, 아이소프로필미리스테이트, 아이소스테아릭애씨드, 레시틴, 폴리글리세릴-3폴리리시놀리에이트, 트라이에톡시카프릴릴실레인, 카프릴릴글라이콜, 글리세릴카프릴레이트, 펜타에리스리틸테트라-다이-t-부틸하이드록시하이드로신나메이트, 정제수, 다이프로필렌글라이콜, 부틸렌글라이콜, 소듐팔미토일프롤린, 1,2-헥산다이올, 에틸헥실글리세린, 토코페롤, 향료, 적색201호 (CI 15850), 적색202호 (CI 15850)",네이처리퍼블릭,바이플라워 에코 크레용 립 벨벳 [2호 핑크브리즈],46812,,
9g,,코스맥스(주)/네이처리퍼블릭,"마이카 (CI 77019), 티타늄디옥사이드 (CI 77891), 실리카, 탤크, 나일론-12, 에칠헥실메톡시신나메이트, 징크옥사이드 (CI 77947), 다이아이소스테아릴말레이트, 네오펜틸글라이콜다이에틸헥사노에이트, 황색산화철 (CI 77492), 알로에베라잎추출물, 코코넛야자오일, 아르간커넬오일, 드럼스틱씨추출물, 포트마리골드꽃추출물, 히비스커스꽃추출물, 로즈힙열매추출물, 라벤더꽃추출물, 레몬버베나잎추출물, 레몬밤추출물, 페퍼민트잎추출물, 다마스크장미꽃추출물, 로즈마리잎추출물, 살비아잎추출물, 타임잎추출물, 유럽피나무꽃추출물, 하이드로제네이티드폴리(C6-14올레핀), 마그네슘미리스테이트, 메티콘, 카프릴릭/카프릭트라이글리세라이드, 다이메티콘, 하이드로제네이티드레시틴, 카프릴릴글라이콜, 에틸헥실글리세린, 라우로일라이신, 알루미늄하이드록사이드, 트라이에톡시카프릴릴실레인, 정제수, 말토덱스트린, 토코페롤, 부틸렌글라이콜, 1,2-헥산다이올, 향료, 리모넨, 리날룰, 헥실신남알, 적색산화철 (CI 77491), 흑색산화철 (CI 77499), 울트라마린 (CI 77007)",네이처리퍼블릭,네이처 오리진 커버 투웨이 팩트 [SPF30/PA+++] [2호 내추럴베이지],58612,,
0.3g,,믹스앤매치 / 네이처리퍼블릭,"흑색산화철 (CI 77499), 티타늄디옥사이드 (CI 77891), 하이드로제네이티드코코-글리세라이즈, 징크스테아레이트, 검양옻나무열매왁스, 마이카 (CI 77019), 팔미틱애씨드, 스테아릭애씨드, 마이크로크리스탈린왁스, 카나우바왁스, 울트라마린 (CI 77007), 칸데릴라왁스, 적색산화철 (CI 77491), 황색산화철 (CI 77492), 폴리부텐, 피마자씨오일, 페닐트라이메티콘, 글리세릴카프릴레이트, 카프릴릴글라이콜, 정제수, 부틸렌글라이콜, 감나무잎추출물, 글리세린, 메틸프로판다이올, 밤부사 불가리스추출물, 1,2-헥산다이올, 겨우살이잎추출물, 에틸헥실글리세린",네이처리퍼블릭,보테니컬 오토 아이브로우 [4호 문그레이],57942,,
300ml,,(주)서울화장품/네이처리퍼블릭,"정제수, 코카미도프로필베타인, 소듐코코일알라니네이트, 소듐라우로일메틸아미노프로피오네이트, 프로필렌글라이콜, 코카마이드메틸엠이에이, 피이지-7글리세릴코코에이트, 피이지-150다이스테아레이트, 폴리쿼터늄-10, 피피지-3미리스틸에터, 펜타소듐펜테테이트, 소듐벤조에이트, 카프릴릴글라이콜, 피씨에이, 베타인, 소듐락테이트, 소듐클로라이드, 크레아틴, 알지닌, 라벤더추출물, 베르가못잎추출물, 페퍼민트잎추출물, 프리지어추출물, 마트리카리아꽃추출물, 로즈마리잎추출물, 부틸렌글라이콜, 1,2-헥산다이올, 에틸헥실글리세린, 달맞이꽃오일, 로즈힙열매오일, 아르간커넬오일, 향료, 하이드록시시트로넬알, 리날룰, 리모넨, 헥실신남알",네이처리퍼블릭,아르간 에센셜 딥케어 샴푸,33986,,
500ml,,코스맥스 / 네이처리퍼블릭,"정제수,다이프로필렌글라이콜,글리세린,펜틸렌글라이콜,펜타에리스리틸테트라에틸헥사노에이트,1,2-헥산다이올,부틸렌글라이콜,아이리쉬모스추출물,사탕수수추출물,아틀라스시다나무껍질오일,소듐하이알루로네이트,로즈마리잎오일,백미꽃추출물,클레리오일,일랑일랑꽃오일,퀸즈랜드넛오일,접시꽃추출물,커먼자스민오일,참마뿌리추출물,하이드롤라이즈드식물성단백질,신선초추출물,몰로키아잎추출물,오크라열매추출물,연꽃뿌리추출물,순무잎추출물,하이드롤라이즈드하이알루로닉애씨드,감초뿌리추출물,하이알루로닉애씨드,사탕무뿌리추출물,락토바실러스발효물,마카뿌리추출물,모란뿌리추출물,아보카도열매추출물,사과세포배양추출물,아크릴레이트/C10-30알킬아크릴레이트크로스폴리머,트로메타민,판테놀,에틸헥실글리세린,베타-글루칸,세라마이드엔피,피토스핑고신,토코페롤,말토덱스트린,폴리글리세릴-10라우레이트,다이메틸실란올하이알루로네이트,하이드롤라이즈드소듐하이알루로네이트,니코틴아마이드모노뉴클레오타이드,포타슘하이알루로네이트,솔비톨,하이드록시프로필트라이모늄하이알루로네이트,소듐하이알루로네이트크로스폴리머,수크로오스,소듐하이알루로네이트다이메틸실란올,소듐아세틸레이티드하이알루로네이트,하이드로제네이티드레시틴,마데카소사이드,카프릴릴/카프릴글루코사이드,다이소듐이디티에이",네이처리퍼블릭,루트베리어 하이드로 토너,77310,,
160ml,,(주)서울화장품/네이처리퍼블릭,"정제수, 세테아릴알코올, 프로필렌글라이콜, 글리세린, 사이클로펜타실록세인, 베헨트라이모늄클로라이드, 세틸알코올, 세트리모늄클로라이드, 페녹시에탄올, 아르간커넬오일, 토코페릴아세테이트, 판테놀, 다이소듐이디티에이, 달맞이꽃오일, 로즈힙열매오일, 라벤더추출물, 로즈마리잎추출물, 마트리카리아꽃추출물, 베르가못잎추출물, 부틸렌글라이콜, 페퍼민트잎추출물, 프리지어추출물, 1,2-헥산다이올, 에틸헥실글리세린, 향료, 하이드록시시트로넬알, 리날룰, 리모넨, 헥실신남알, 시트로넬올, 제라니올",네이처리퍼블릭,아르간 에센셜 헤어 노워시 트리트먼트,47802,,
170ml,,코스맥스(주) / 네이처리퍼블릭,"정제수,글리세린,스테아릭애씨드,미리스틱애씨드,피이지-32,포타슘하이드록사이드,팔미틱애씨드,라우릭애씨드,글리세릴스테아레이트,피이지-100스테아레이트,라우라마이드디이에이,포타슘코코에이트,서인도체리열매추출물,살비아잎추출물,레몬버베나잎추출물,일랑일랑꽃추출물,마트리카리아꽃수,히비스커스꽃추출물,커먼자스민꽃수,라벤더꽃수,페퍼민트잎수,애플민트잎추출물,로즈마리잎수,코카미도프로필베타인,티이에이-라우릴설페이트,소듐클로라이드,소듐파이테이트,이디티에이,부틸렌글라이콜,시트릭애씨드,페녹시에탄올,소듐벤조에이트,향료,헥실신남알,벤질살리실레이트,적색504호 (CI 14700),황색5호 (CI 15985)",네이처리퍼블릭,프레시 허브 폼클렌징 [아세로라],73550,,
27ml*2매,,코스맥스(주) / 네이처리퍼블릭,"정제수, 글리세린, 1,2-헥산다이올, 부틸렌글라이콜, 자일리톨, 효모발효여과물, 소듐하이알루로네이트, 백미꽃추출물, 트루로즈오브예리코추출물, 락토바실러스발효물, 접시꽃추출물, 수국잎추출물, 메틸프로판다이올, 에리스리톨, 트로메타민, 알란토인, 프로판다이올, 카프릴릴글라이콜, 에틸헥실글리세린, 폴리글리세릴-10아이소스테아레이트, 소듐파이테이트, 펜틸렌글라이콜, 폴리글리세릴-10올리에이트, 판테놀, 아세틸글루코사민, 하이드록시아세토페논, 다발방패버섯추출물, 소듐하이알루로네이트크로스폴리머, 카보머, 잔탄검, 향료",네이처리퍼블릭,크라이오 아이싱 마스크팩 [하이드레이팅],57907,,
100ml,,코스맥스 / 네이처리퍼블릭,"정제수,부틸렌글라이콜,글리세린,펜틸렌글라이콜,프로판다이올,자일리톨,알로에베라잎수,알로에베라잎추출물,베르가모트오일,로즈마리잎오일,병풀추출물,감나무잎추출물,포도추출물,빙하수,백미꽃추출물,잇꽃꽃추출물,커피콩추출물,호장근뿌리추출물,녹차추출물,밤껍질추출물,초피나무열매추출물,하이드롤라이즈드하이알루로닉애씨드,접시꽃추출물,하이알루로닉애씨드,소듐하이알루로네이트,에리스리톨,글리세레스-26,피피지-13-데실테트라데세스-24,칼슘락테이트,다이펩타이드-15,젤란검,하이드록시아세토페논,판테놀,1,2-헥산다이올,소듐시트레이트,에틸헥실글리세린,시트릭애씨드,베타-글루칸,다이메틸실란올하이알루로네이트,하이드롤라이즈드소듐하이알루로네이트,포타슘하이알루로네이트,하이드록시프로필트라이모늄하이알루로네이트,소듐하이알루로네이트크로스폴리머,카퍼트라이펩타이드-1,소듐하이알루로네이트다이메틸실란올,토코페롤,소듐아세틸레이티드하이알루로네이트,마데카소사이드,리모넨,리날룰",네이처리퍼블릭,블루알로에 카밍 포어 겔 미스트,76773,,
70매/220g,,코스맥스 / 네이처리퍼블,"정제수,글리세린,메틸프로판다이올,다이프로필렌글라이콜,부틸렌글라이콜,알로에베라잎수,알로에베라잎추출물,베르가모트오일,로즈마리잎오일,감나무잎추출물,포도추출물,빙하수,백미꽃추출물,잇꽃꽃추출물,커피콩추출물,호장근뿌리추출물,녹차추출물,밤껍질추출물,초피나무열매추출물,접시꽃추출물,워터민트추출물,하이드롤라이즈드하이알루로닉애씨드,하이알루로닉애씨드,소듐하이알루로네이트,글루코노락톤,하이드록시아세토페논,소듐시트레이트,알란토인,트로메타민,프로판다이올,1,2-헥산다이올,에틸헥실글리세린,카프릴릴글라이콜,폴리글리세릴-10아이소스테아레이트,다이포타슘글리시리제이트,폴리글리세릴-10올리에이트,소듐파이테이트,펜틸렌글라이콜,메틸다이아이소프로필프로피온아마이드,판테놀,베타-글루칸,살리실릭애씨드,카퍼트라이펩타이드-1,카프릴로일살리실릭애씨드,징크피씨에이,글라이콜릭애씨드,다이메틸실란올하이알루로네이트,하이드롤라이즈드소듐하이알루로네이트,팔미토일트라이펩타이드-5,포타슘하이알루로네이트,하이드록시프로필트라이모늄하이알루로네이트,소듐하이알루로네이트크로스폴리머,소듐하이알루로네이트다이메틸실란올,소듐아세틸레이티드하이알루로네이트,카페인,잔탄검,리모넨,리날룰",네이처리퍼블릭,블루알로에 카밍 포어 패드,76774,,
250ml,,한국콜마(주)/네이처리퍼블릭,"정제수, 프로판다이올, 사이클로펜타실록세인, 에칠헥실살리실레이트, 호모살레이트, 다이부틸아디페이트, 나이아신아마이드, 비스-에칠헥실옥시페놀메톡시페닐트리아진, 메칠렌비스-벤조트리아졸릴테트라메칠부틸페놀, 폴리메틸실세스퀴옥세인, 폴리실리콘-15, 디에칠아미노하이드록시벤조일헥실벤조에이트, 카프릴릴메티콘, 하와이무궁화꽃/잎추출물, 노니추출물, 알로에베라잎추출물(2.5 ppm), 불가리스쑥오일, 소듐하이알루로네이트, 1,2-헥산다이올, 펜틸렌글라이콜, 글리세린, 베헤닐알코올, 실리카, 폴리글리세릴-3메틸글루코오스다이스테아레이트, 트로메타민, 데실글루코사이드, 카보머, 판테놀, 아크릴레이트/C10-30알킬아크릴레이트크로스폴리머, 소듐폴리아크릴레이트, 소듐스테아로일글루타메이트, 폴리아크릴레이트크로스폴리머-6, 에틸헥실글리세린, 아데노신, 해수, 부틸렌글라이콜, 폴리에터-1, 프로필렌글라이콜, 잔탄검, t-부틸알코올, 토코페롤, 페녹시에탄올",네이처리퍼블릭,캘리포니아 알로에 아쿠아 점보 선로션 [SPF50+/PA++++],43432,,
30ml*2,,(주)코스맥스 / 네이처리퍼블릭,"정제수,세틸에틸헥사노에이트,글리세린,시어버터,카프릴릭/카프릭트라이글리세라이드,1,2-헥산다이올,다이글리세린,메틸프로판다이올,폴리글리세릴-3메틸글루코오스다이스테아레이트,향료,녹차추출물,퀸즈랜드넛오일,올리브오일,호호바씨오일,포도씨오일,다이스타치포스페이트,암모늄아크릴로일다이메틸타우레이트/브이피코폴리머,글리세릴스테아레이트,아크릴레이트/C10-30알킬아크릴레이트크로스폴리머,세테아릴올리베이트,합성비즈왁스,트로메타민,솔비탄올리베이트,카프릴릴글라이콜,에틸헥실글리세린,다이포타슘글리시리제이트,판테놀,부틸렌글라이콜,베타-글루칸,수크로오스팔미테이트,하이드로제네이티드레시틴,토코페롤,잔탄검,리모넨,리날룰,제라니올",네이처리퍼블릭,핸드 앤 네이처 핸드크림 [그린티],69556,,
40ml X 2,,코스맥스/네이처리퍼블릭,"정제수,디에칠아미노하이드록시벤조일헥실벤조에이트,다이부틸아디페이트,C12-15알킬벤조에이트,옥토크릴렌,프로판다이올,에칠헥실트리아존,글리세린,폴리메틸실세스퀴옥세인,에탄올,메칠렌비스-벤조트리아졸릴테트라메칠부틸페놀,바오밥나무잎추출물,하이알루로닉애씨드,하이드롤라이즈드하이알루로닉애씨드,소듐하이알루로네이트,비닐다이메티콘,1,2-헥산다이올,비스-에칠헥실옥시페놀메톡시페닐트리아진,펜틸렌글라이콜,아크릴레이트/C12-22알킬메타크릴레이트코폴리머,세테아릴올리베이트,다이메틸카프라마이드,트로메타민,비스-다이글리세릴폴리아실아디페이트-2,하이드록시아세토페논,솔비탄올리베이트,C20-22알킬포스페이트,데실글루코사이드,하이드록시에틸셀룰로오스,아크릴레이트/C10-30알킬아크릴레이트크로스폴리머,알지닌,코코-글루코사이드,폴리아크릴레이트크로스폴리머-6,소듐스테아로일글루타메이트,카프릴릭/카프릭트라이글리세라이드,다이소듐라우릴설포석시네이트,부틸렌글라이콜,하이드로제네이티드레시틴,세라마이드엔피,에틸헥실글리세린,카보머,C20-22알코올,잔탄검,향료",네이처리퍼블릭,유브이컷 바오밥 선크림 [SPF50+/PA++++] [수분],71971,,
100ml,,코스맥스(주)/네이처리퍼블릭,"정제수,셀룰로오스,에탄올,디프로필렌글라이콜,글리세린,부틸렌글라이콜,호두껍질가루,스위트아몬드씨가루,블래더랙앨지추출물,레몬그라스추출물,콩추출물,레몬그라스오일,유자씨추출물,레몬껍질오일,오르소시폰추출물,에필로비움 플레이스케리추출물,트로메타민,1,2-헥산디올,소듐파이테이트,하이드록시아세토페논,펜틸렌글라이콜,라우릴피리디늄클로라이드,옥탄디올,에칠헥실글리세린,말토덱스트린,시트릭애씨드,카보머,잔탄검,포타슘소르베이트,리모넨",네이처리퍼블릭,내추럴 메이드 울트라 필링 젤 [레몬그라스],58610,,
2.8g,,코스맥스(주)/네이처리퍼블릭,"다이메티콘, 다이에틸헥실카보네이트, 아이소아밀라우레이트, 아이소에이코산, 다이아이소스테아릴말레이트, 합성왁스, 티타늄디옥사이드 (CI 77891), 페닐트라이메티콘, 트라이에틸헥사노인, 메틸메타크릴레이트크로스폴리머, 폴리메틸실세스퀴옥세인, 비닐다이메티콘/메티콘실세스퀴옥세인크로스폴리머, 폴리글리세릴-2트라이아이소스테아레이트, 실리카, 칸데릴라왁스, 황색산화철 (CI 77492), 다이메티콘크로스폴리머, 솔비탄아이소스테아레이트, 카나우바왁스, 망고씨버터, 쿠푸아수씨버터, 동백나무꽃추출물, 프로방스장미꽃수, 마트리카리아꽃추출물, 알바수련꽃추출물, 폴리에틸렌, 폴리하이드록시스테아릭애씨드, 폴리글리세릴-2다이아이소스테아레이트, 에틸헥실팔미테이트, 아이소프로필미리스테이트, 아이소스테아릭애씨드, 레시틴, 폴리글리세릴-3폴리리시놀리에이트, 트라이에톡시카프릴릴실레인, 카프릴릴글라이콜, 글리세릴카프릴레이트, 펜타에리스리틸테트라-다이-t-부틸하이드록시하이드로신나메이트, 정제수, 다이프로필렌글라이콜, 부틸렌글라이콜, 소듐팔미토일프롤린, 1,2-헥산다이올, 에틸헥실글리세린, 토코페롤, 향료, 적색산화철 (CI 77491), 적색202호 (CI 15850)",네이처리퍼블릭,바이플라워 에코 크레용 립 벨벳 [1호 엔젤블러쉬],46811,,
23ml * 20매,,(주)이미인 / 네이처리퍼블릭,"정제수, 다이프로필렌글라이콜, 세틸에틸헥사노에이트, 글리세린, 폴리글리세릴-3메틸글루코오스다이스테아레이트, 다이메티콘, 글리세릴스테아레이트, 피이지-100스테아레이트, 부틸렌글라이콜, 모란뿌리추출물, 병풀추출물, 1,2-헥산다이올, 카보머, 하이드록시에틸셀룰로오스, 올리브추출물, 마트리카리아꽃추출물, 글리세릴카프릴레이트, 포타슘하이드록사이드, 에틸헥실글리세린, 겐티아나뿌리추출물, 서양톱풀추출물, 쓴쑥추출물, 아르니카 몬타나꽃추출물, 다이소듐이디티에이, 향료, 리날룰, 헥실신남알",네이처리퍼블릭,리얼 네이처 마스크 시트 [올리브],57593,,
2.8g,,코스맥스(주)/네이처리퍼블릭,"다이메티콘, 다이에틸헥실카보네이트, 아이소아밀라우레이트, 아이소에이코산, 합성왁스, 다이아이소스테아릴말레이트, 페닐트라이메티콘, 티타늄디옥사이드 (CI 77891), 폴리글리세릴-2트라이아이소스테아레이트, 메틸메타크릴레이트크로스폴리머, 폴리메틸실세스퀴옥세인, 비닐다이메티콘/메티콘실세스퀴옥세인크로스폴리머, 트라이에틸헥사노인, 적색산화철 (CI 77491), 실리카, 칸데릴라왁스, 다이메티콘크로스폴리머, 솔비탄아이소스테아레이트, 황색산화철 (CI 77492), 카나우바왁스, 망고씨버터, 쿠푸아수씨버터, 동백나무꽃추출물, 프로방스장미꽃수, 마트리카리아꽃추출물, 알바수련꽃추출물, 폴리에틸렌, 폴리하이드록시스테아릭애씨드, 폴리글리세릴-2다이아이소스테아레이트, 에틸헥실팔미테이트, 아이소프로필미리스테이트, 아이소스테아릭애씨드, 레시틴, 폴리글리세릴-3폴리리시놀리에이트, 트라이에톡시카프릴릴실레인, 카프릴릴글라이콜, 글리세릴카프릴레이트, 펜타에리스리틸테트라-다이-t-부틸하이드록시하이드로신나메이트, 정제수, 다이프로필렌글라이콜, 부틸렌글라이콜, 소듐팔미토일프롤린, 1,2-헥산다이올, 에틸헥실글리세린, 토코페롤, 향료, 적색202호 (CI 15850), 흑색산화철 (CI 77499)",네이처리퍼블릭,바이플라워 에코 크레용 립 벨벳 [5호 다즐링라떼],46815,,
0.3g,,믹스앤매치 / 네이처리퍼블릭,"흑색산화철 (CI 77499), 황색산화철 (CI 77492), 하이드로제네이티드코코-글리세라이즈, 적색산화철 (CI 77491), 징크스테아레이트, 검양옻나무열매왁스, 마이카 (CI 77019), 팔미틱애씨드, 스테아릭애씨드, 마이크로크리스탈린왁스, 카나우바왁스, 칸데릴라왁스, 티타늄디옥사이드 (CI 77891), 폴리부텐, 피마자씨오일, 페닐트라이메티콘, 글리세릴카프릴레이트, 카프릴릴글라이콜, 정제수, 부틸렌글라이콜, 감나무잎추출물, 글리세린, 메틸프로판다이올, 1,2-헥산다이올, 밤부사 불가리스추출물, 겨우살이잎추출물, 에틸헥실글리세린",네이처리퍼블릭,보테니컬 오토 아이브로우 [2호 피칸브라운],57940,,
170ml * 4개,,코스맥스(주)/네이처리퍼블릭,"정제수, 글리세린, 스테아릭애씨드, 미리스틱애씨드, 피이지-32, 포타슘하이드록사이드, 라우릭애씨드, 글리세릴스테아레이트, 피이지-100스테아레이트, 라우라마이드디이에이, 소듐라우레스설페이트, 달팽이점액여과물, 일랑일랑꽃추출물, 레몬버베나잎추출물, 마트리카리아꽃수, 히비스커스꽃추출물, 커먼자스민꽃수, 라벤더꽃수, 페퍼민트잎수, 애플민트잎추출물, 로즈마리잎수, 살비아잎추출물, 코카미도프로필베타인, 티이에이-라우릴설페이트, 소듐클로라이드, 포타슘코코일글리시네이트, 라우레스-2, 소듐설페이트, 포타슘코코에이트, 부틸렌글라이콜, 시트릭애씨드, 다이소듐이디티에이, 소듐벤조에이트, 페녹시에탄올, 향료, 카라멜",네이처리퍼블릭,프레시 허브 폼클렌징 [스네일],65789,,
155ml,,(주)서울화장품/네이처리퍼블릭,"정제수, 다이프로필렌글라이콜, 에틸헥실팔미테이트, 부틸렌글라이콜, 하이드로제네이티드폴리데센, 녹차추출물(10,000 ppm), 펜타에리스리틸테트라에틸헥사노에이트, 폴리글리세릴-2스테아레이트, 글리세릴스테아레이트, 폴리글리세릴-4아이소스테아레이트, 스테아릴알코올, 사이클로펜타실록세인, 카프릴릴글라이콜, 아크릴레이트/C10-30알킬아크릴레이트크로스폴리머, 하이드록시아세토페논, 펜틸렌글라이콜, 다이메티콘올, 포타슘하이드록사이드, 다이소듐이디티에이, 애기수영추출물, 에틸헥실글리세린, 토코페릴아세테이트, 잔탄검, 1,2-헥산다이올, 소듐하이알루로네이트, 불가리스쑥추출물, 약모밀추출물, 연꽃추출물, 익모초꽃/잎/줄기추출물, 향료, 리모넨, 리날룰, 헥실신남알, 부틸페닐메틸프로피오날",네이처리퍼블릭,어린녹차 순한 에멀전,57515,,
150ml,,한국콜마(주) / 네이처리퍼블릭,"편백수, 메틸프로판다이올, 변성알코올, 1,2-헥산다이올, 글리세린, 편백잎추출물, 병풀추출물, 무화과추출물, 불가리스쑥추출물, 티트리추출물, 소나무잎추출물, 파스향나무잎추출물, 하이드로제네이티드레시틴, 라벤더오일, 자작나무수액, 정제수, C12-14파레스-12, 옥틸도데세스-16, 부틸렌글라이콜, 소듐시트레이트, 소듐아크릴릭애씨드/엠에이코폴리머, 시트릭애씨드, 다이소듐이디티에이, 세라마이드엔피, 토코페롤, 하이드록시아세토페논, 에틸헥실글리세린, 카프릴릴글라이콜, 리모넨, 리날룰",네이처리퍼블릭,포레스트 릴리프 포 맨 미스트 토너,59620,,
30ml*2,,한국콜마(주)/네이처리퍼블릭,"정제수,시어버터,다이부틸아디페이트,글리세린,다이메티콘올,세테아릴알코올,올리브추출물,맥아추출물,폴리글리세릴-2스테아레이트,1,2-헥산다이올,글리세릴스테아레이트,스테아릴알코올,암모늄아크릴로일다이메틸타우레이트/브이피코폴리머,하이드록시아세토페논,소듐스테아로일글루타메이트,잔탄검,에틸헥실글리세린,판테놀,다이소듐이디티에이,토코페롤,향료",네이처리퍼블릭,핸드 앤 네이처 리치 핸드크림 [프레쉬그로브],63943,,
130ml,,한국콜마 / 네이처리퍼블릭,"정제수,글리세린,하이드로제네이티드폴리아이소부텐,돌콩오일,2,3-부탄다이올,메틸프로판다이올,펜틸렌글라이콜,폴리글리세릴-3메틸글루코오스다이스테아레이트,시어버터,리치추출물,백미꽃추출물,블랙커민씨오일,접시꽃추출물,수용성콜라겐,해마토코쿠스 플루비알리스오일,트루로즈오브예리코추출물,락토바실러스발효물,베타인,세틸에틸헥사노에이트,글리세릴스테아레이트,다이글리세린,다이아이소스테아릴말레이트,다이메티콘,하이드록시에틸아크릴레이트/소듐아크릴로일다이메틸타우레이트코폴리머,카프릴릴글라이콜,하이드록시아세토페논,부틸렌글라이콜,아크릴레이트/C10-30알킬아크릴레이트크로스폴리머,마이크로크리스탈린셀룰로오스,트로메타민,하이드로제네이티드레시틴,에틸헥실글리세린,아데노신,솔비탄아이소스테아레이트,셀룰로오스검,1,2-헥산다이올,소듐파이테이트,베타-글루칸,토코페롤,아스타잔틴,아세틸헥사펩타이드-8,아스코빅애씨드폴리펩타이드,아세틸옥타펩타이드-3,아세틸테트라펩타이드-2,아세틸테트라펩타이드-3,아세틸테트라펩타이드-5,아세틸테트라펩타이드-9,카르노신,카퍼트라이펩타이드-1,노나펩타이드-1,팔미토일펜타펩타이드-4,팔미토일트라이펩타이드-1,팔미토일트라이펩타이드-5,세테아릴알코올,잔탄검,향료",네이처리퍼블릭,콜라겐 드림 에멀전,70325,,
7.5g,,화성코스메틱 / 네이처리퍼블릭,"아이소데실아이소노나노에이트,실리카,옥틸도데실스테아로일스테아레이트,합성왁스,펜타에리스리틸테트라아이소스테아레이트,C12-15알킬벤조에이트,카프릴릭/카프릭트라이글리세라이드,일라이트,합성플루오르플로고파이트,솔비탄아이소스테아레이트,바륨설페이트,페녹시에탄올,토코페릴아세테이트,솔비탄세스퀴올리에이트,라우릴폴리글리세릴-3폴리다이메틸실록시에틸다이메티콘,스테아랄코늄헥토라이트,카프릴릴글라이콜,아이소프로필티타늄트라이아이소스테아레이트,알루미늄하이드록사이드,프로필렌카보네이트,향료,에틸헥실글리세린,트라이에톡시카프릴릴실레인,정제수,시어버터,부틸렌글라이콜,글리세린,토코페롤,1,2-헥산다이올,소듐하이알루로네이트,낫토검,비치스트로베리추출물,크랜베리추출물,서양산딸기추출물,로우스위트블루베리추출물,티타늄디옥사이드,적색104호의(1),흑색산화철,황색4호,청색1호,적색산화철",네이처리퍼블릭,멜팅 스틱 블러셔 [05 라벤더 버터],73984,,
4g,,한국콜마(주)/네이처리퍼블릭,"나일론-12, 폴리메틸실세스퀴옥세인, 합성플루오르플로고파이트, 레몬버베나잎추출물, 라벤더추출물, 티트리꽃/잎/줄기추출물, 포트마리골드꽃추출물, 티트리잎수, 1,2-헥산다이올, 글리세릴카프릴레이트, 트라이에톡시카프릴릴실레인, 정제수, 부틸렌글라이콜, 에틸헥산다이올, 향료, 리날룰, 리모넨, 시트로넬올, 제라니올",네이처리퍼블릭,프로방스 티트리 노세범 파우더 팩트,51346,,
30ml,,한국콜마(주),"이스테아레이트,1,2-헥산다이올,시어버터,호호바에스터,클로렐라 불가리스추출물,카나우바왁스,리치추출물,소듐하이알루로네이트,수용성콜라겐,인디안구스베리열매추출물,라즈베리씨오일/토코페릴석시네이트아미노프로판다이올에스터,신선초추출물,몰로키아잎추출물,참마뿌리추출물,오크라열매추출물,연꽃뿌리추출물,합성비즈왁스,폴리글리세릴-3다이스테아레이트,하이드록시에틸아크릴레이트/소듐아크릴로일다이메틸타우레이트코폴리머,트로메타민,글루코오스,글리세릴스테아레이트,폴리아크릴레이트-13,카프릴릴글라이콜,프룩토올리고사카라이드,프룩토오스,에틸헥실글리세린,다이포타슘글리시리제이트,팔미틱애씨드,하이드로제네이티드폴리아이소부텐,글리세릴스테아레이트시트레이트,아데노신,하이드로제네이티드레시틴,솔비탄아이소스테아레이트,셀룰로오스,폴리글리세릴-10라우레이트,에틸헥실팔미테이트,트라이소듐에틸렌다이아민다이석시네이트,폴리글루타믹애씨드,토코페롤,아세틸헥사펩타이드-8,아스코빅애씨드폴리펩타이드,아세틸옥타펩타이드-3,아세틸테트라펩타이드-2,아세틸테트라펩타이드-3,아세틸테트라펩타이드-5,아세틸테트라펩타이드-9,카르노신,카퍼트라이펩타이드-1,노나펩타이드-1,팔미토일펜타펩타이드-4,팔미토일트라이펩타이드-1,팔미토일트라이펩타이드-5,카보머,C12-16알코올,향료",네이처리퍼블릭,콜라겐 드림 50 올 페이스 아이크림,52387,,
23ml * 20매,,(주)이미인 / 네이처리퍼블릭,"정제수, 다이프로필렌글라이콜, 세틸에틸헥사노에이트, 글리세린, 폴리글리세릴-3메틸글루코오스다이스테아레이트, 다이메티콘, 글리세릴스테아레이트, 피이지-100스테아레이트, 부틸렌글라이콜, 모란뿌리추출물, 병풀추출물, 1,2-헥산다이올, 카보머, 하이드록시에틸셀룰로오스, 시어버터, 마트리카리아꽃추출물, 글리세릴카프릴레이트, 포타슘하이드록사이드, 에틸헥실글리세린, 도둑놈의지팡이뿌리추출물, 인동덩굴꽃추출물, 녹차추출물, 복사나무잎추출물, 은행나무잎추출물, 황금추출물, 다이소듐이디티에이, 향료, 알파-아이소메틸아이오논, 리날룰, 시트로넬올, 부틸페닐메틸프로피오날, 벤질알코올, 쿠마린",네이처리퍼블릭,리얼 네이처 마스크팩 [쉐어버터],58603,,
4.2g,,(주)코스맥스 / 네이처리퍼블릭,"다이아이소스테아릴말레이트,다이페닐실록시페닐트라이메티콘,비스-다이글리세릴폴리아실아디페이트-2,정제수,하이드로제네이티드폴리아이소부텐,다이페닐다이메티콘,세틸피이지/피피지-10/1다이메티콘,폴리솔베이트60,펜틸렌글라이콜,솔비탄아이소스테아레이트,글리세린,폴리글리세릴-4아이소스테아레이트,페녹시에탄올,1,2-헥산다이올,세테아레스-20,하이드록시에틸아크릴레이트/소듐아크릴로일다이메틸타우레이트코폴리머,티타늄디옥사이드(CI 77891),스쿠알란,소듐다이라우미도글루타미드라이신,향료,에틸헥실글리세린,황색5호,적색227호,트라이소듐에틸렌다이아민다이석시네이트,황색4호,알루미늄하이드록사이드,적색104호의(1),암모늄폴리아크릴레이트,청색1호,부틸렌글라이콜,라즈베리씨오일/토코페릴석시네이트아미노프로판다이올에스터,에틸헥실팔미테이트,호호바씨오일,말토덱스트린,아보카도열매추출물,트라이베헤닌,석류나무꽃추출물,폴리글리세릴-3다이아이소스테아레이트,메틸니코티네이트,꿀추출물,락틱애씨드,생강오일,카놀라오일,고추열매추출물,팔미토일트라이펩타이드-1",네이처리퍼블릭,허니 멜팅 꿀광 글로이 틴트 [06 너드코코넛],74018,,
7.5g,,코스맥스(주) / 네이처리퍼블릭,"아이소도데케인, 트라이메틸실록시실리케이트, 탤크, 세레신, 다이스테아다이모늄헥토라이트, 마이크로크리스탈린왁스, 덱스트린팔미테이트/에틸헥사노에이트, 흑색산화철 (CI 77499), 폴리프로필실세스퀴옥세인, 프로필렌카보네이트, 실리카, 하이드롤라이즈드케라틴, 하이드롤라이즈드콩단백질, 류코노스톡/무발효여과물, 하이드롤라이즈드콜라겐, 알루미늄다이스테아레이트, 하이드로제네이티드폴리아이소부텐, 덱스트린팔미테이트, 폴리메틸실세스퀴옥세인, 글리세릴카프릴레이트, 트라이에톡시카프릴릴실레인, 정제수, 펜틸렌글라이콜, 1,2-헥산다이올, 비에이치티",네이처리퍼블릭,보테니컬 수퍼프루프 마스카라 [02 볼륨앤컬],57932,,
27ml*2매,,코스맥스(주) / 네이처리퍼블릭,"정제수, 글리세린, 1,2-헥산다이올, 부틸렌글라이콜, 자일리톨, 효모발효여과물, 소듐하이알루로네이트, 양배추추출물, 백미꽃추출물, 트루로즈오브예리코추출물, 락토바실러스발효물, 접시꽃추출물, 메틸프로판다이올, 에리스리톨, 트로메타민, 알란토인, 프로판다이올, 카프릴릴글라이콜, 에틸헥실글리세린, 폴리글리세릴-10아이소스테아레이트, 소듐파이테이트, 펜틸렌글라이콜, 폴리글리세릴-10올리에이트, 판테놀, 아세틸글루코사민, 하이드록시아세토페논, 다발방패버섯추출물, 소듐하이알루로네이트크로스폴리머, 글루코노락톤, 카보머, 잔탄검, 향료",네이처리퍼블릭,크라이오 아이싱 마스크팩 [포어클리어링],57913,,
40ml,,(주)코스맥스 / 네이처리퍼블릭,"진생 로얄 실크 에센스 (미백·주름개선) 정제수, 글리세린, 부틸렌글라이콜, 변성알코올, 다이프로필렌글라이콜, 나이아신아마이드, 펜틸렌글라이콜, 1,2-헥산다이올, 하이드롤라이즈드호호바에스터, 홍삼추출물, 로얄젤리추출물, 하이드롤라이즈드홍삼사포닌, 카카오추출물, 실크아미노산, 다이메티콘, 피브이피, 암모늄아크릴로일다이메틸타우레이트/브이피코폴리머, 판테놀, 폴리글리세릴-10라우레이트, 카프릴릭/카프릭트라이글리세라이드, 레시틴, 아크릴레이트/C10-30알킬아크릴레이트크로스폴리머, 하이드로제네이티드레시틴, 폴리쿼터늄-51, 소듐폴리아크릴레이트, 트로메타민, 아데노신, 에틸헥산다이올, 세라마이드엔피, 포스파티딜콜린, 시트릭애씨드, 덱스트린, 베타-글루칸, 사이클로헥사실록세인, 에틸헥실글리세린, 다이소듐이디티에이, 틴옥사이드 (CI 77861), 향료, 헥실신남알, 리날룰, 벤질벤조에이트, 알파-아이소메틸아이오논, 리모넨, 마이카 (CI 77019), 티타늄디옥사이드 (CI 77891), 금 (CI 77480), 황색4호 (CI 19140), 황색5호 (CI 15985)",네이처리퍼블릭,진생 로얄 실크 에센스,70585,,
155ml*2,,(주)서울화장품/네이처리퍼블릭,"정제수, 다이프로필렌글라이콜, 부틸렌글라이콜, 녹차추출물(10,000 ppm), 글리세린, 애기수영추출물, 글리세레스-26, 글리세레스-25피씨에이아이소스테아레이트, 카프릴릴글라이콜, 하이드록시아세토페논, 펜틸렌글라이콜, 에틸헥실글리세린, 아크릴레이트/C10-30알킬아크릴레이트크로스폴리머, 1,2-헥산다이올, 포타슘하이드록사이드, 잔탄검, 소듐하이알루로네이트, 익모초꽃/잎/줄기추출물, 연꽃추출물, 약모밀추출물, 불가리스쑥추출물, 토코페릴아세테이트, 다이소듐이디티에이, 향료, 리모넨, 헥실신남알, 부틸페닐메틸프로피오날, 리날룰",네이처리퍼블릭,어린녹차 순한 토너,57517,,
30ml*2,,한국콜마(주)/네이처리퍼블릭,"정제수,시어버터,다이부틸아디페이트,글리세린,다이메티콘올,세테아릴알코올,검은서양송로추출물,맥아추출물,폴리글리세릴-2스테아레이트,1,2-헥산다이올,글리세릴스테아레이트,스테아릴알코올,암모늄아크릴로일다이메틸타우레이트/브이피코폴리머,하이드록시아세토페논,부틸렌글라이콜,소듐스테아로일글루타메이트,잔탄검,에틸헥실글리세린,판테놀,다이소듐이디티에이,토코페롤,향료",네이처리퍼블릭,핸드 앤 네이처 리치 핸드크림 [딥허그],63944,,
170ml,,코스맥스(주) / 네이처리퍼블릭,"정제수,글리세린,스테아릭애씨드,미리스틱애씨드,피이지-32,포타슘하이드록사이드,팔미틱애씨드,라우릭애씨드,글리세릴스테아레이트,피이지-100스테아레이트,라우라마이드디이에이,포타슘코코에이트,살비아잎추출물,레몬버베나잎추출물,알로에베라잎추출물,일랑일랑꽃추출물,마트리카리아꽃수,히비스커스꽃추출물,커먼자스민꽃수,라벤더꽃수,페퍼민트잎수,폴스애플민트잎추출물,로즈마리잎수,코카미도프로필베타인,소듐클로라이드,부틸렌글라이콜,소듐파이테이트,이디티에이,말토덱스트린,시트릭애씨드,페녹시에탄올,소듐벤조에이트,향료,하이드록시시트로넬알,황색4호 (CI 19140),청색1호 (CI 42090)",네이처리퍼블릭,프레시 허브 폼클렌징 [알로에],73547,,
2.8g,,코스맥스(주)/네이처리퍼블릭,"다이메티콘, 다이아이소스테아릴말레이트, 다이에틸헥실카보네이트, 아이소아밀라우레이트, 아이소에이코산, 합성왁스, 페닐트라이메티콘, 티타늄디옥사이드 (CI 77891), 메틸메타크릴레이트크로스폴리머, 폴리메틸실세스퀴옥세인, 비닐다이메티콘/메티콘실세스퀴옥세인크로스폴리머, 트라이에틸헥사노인, 폴리글리세릴-2트라이아이소스테아레이트, 실리카, 칸데릴라왁스, 다이메티콘크로스폴리머, 적색산화철 (CI 77491), 솔비탄아이소스테아레이트, 적색202호 (CI 15850), 폴리글리세릴-2다이아이소스테아레이트, 카나우바왁스, 망고씨버터, 쿠푸아수씨버터, 동백나무꽃추출물, 프로방스장미꽃수, 마트리카리아꽃추출물, 알바수련꽃추출물, 폴리에틸렌, 폴리하이드록시스테아릭애씨드, 에틸헥실팔미테이트, 아이소프로필미리스테이트, 아이소스테아릭애씨드, 레시틴, 폴리글리세릴-3폴리리시놀리에이트, 트라이에톡시카프릴릴실레인, 카프릴릴글라이콜, 글리세릴카프릴레이트, 펜타에리스리틸테트라-다이-t-부틸하이드록시하이드로신나메이트, 정제수, 다이프로필렌글라이콜, 부틸렌글라이콜, 소듐팔미토일프롤린, 1,2-헥산다이올, 에틸헥실글리세린, 토코페롤, 향료, 황색4호 (CI 19140)",네이처리퍼블릭,바이플라워 에코 크레용 립 벨벳 [3호 히비스커스],46813,,
300ml,,(주)코스맥스/네이처리퍼블릭,"정제수, 피이지-8, 스테아트라이모늄메토설페이트, 카보머, 용설란줄기추출물, 소듐클로라이드, 편백잎추출물, 아마씨추출물, 카프릴릴글라이콜, 부틸렌글라이콜, 아이소프로필알코올, 다이소듐이디티에이, 페녹시에탄올, 향료, 헥실신남알, 시트로넬올",네이처리퍼블릭,매끈매끈 때샤워 [피톤치드],47642,,
150ml,,코스맥스 / 네이처리퍼블릭,"정제수,글리세린,글리세레스-26,1,2-헥산다이올,다이글리세린,메틸프로판다이올,클로렐라 불가리스추출물,리치추출물,소듐하이알루로네이트,수용성콜라겐,해마토코쿠스 플루비알리스오일,트루로즈오브예리코추출물,락토바실러스발효물,다이프로필렌글라이콜,글리세릴폴리메타크릴레이트,부틸렌글라이콜,글라이코실트레할로오스,카프릴릴글라이콜,글루코오스,옥틸도데세스-16,트로메타민,하이드로제네이티드스타치하이드롤리세이트,아크릴레이트/C10-30알킬아크릴레이트크로스폴리머,프룩토올리고사카라이드,프룩토오스,판테놀,프로필렌글라이콜,에틸헥실글리세린,아데노신,하이드록시에틸셀룰로오스,펜틸렌글라이콜,아세틸글루코사민,베타-글루칸,하이드록시아세토페논,소듐하이알루로네이트크로스폴리머,다이소듐포스페이트,폴리솔베이트60,토코페롤,소듐포스페이트,아스타잔틴,아세틸헥사펩타이드-8,아스코빅애씨드폴리펩타이드,아세틸옥타펩타이드-3,아세틸테트라펩타이드-2,아세틸테트라펩타이드-3,아세틸테트라펩타이드-5,아세틸테트라펩타이드-9,카르노신,카퍼트라이펩타이드-1,노나펩타이드-1,팔미토일펜타펩타이드-4,팔미토일트라이펩타이드-1,팔미토일트라이펩타이드-5,카보머,다이소듐이디티에이,잔탄검,향료",네이처리퍼블릭,콜라겐 드림 스킨 부스터,70326,,
0.3g,,믹스앤매치 / 네이처리퍼블릭,"흑색산화철 (CI 77499), 티타늄디옥사이드 (CI 77891), 적색산화철 (CI 77491), 하이드로제네이티드코코-글리세라이즈, 황색산화철 (CI 77492), 징크스테아레이트, 검양옻나무열매왁스, 마이카 (CI 77019), 팔미틱애씨드, 스테아릭애씨드, 마이크로크리스탈린왁스, 카나우바왁스, 칸데릴라왁스, 폴리부텐, 피마자씨오일, 페닐트라이메티콘, 글리세릴카프릴레이트, 카프릴릴글라이콜, 정제수, 부틸렌글라이콜, 감나무잎추출물, 글리세린, 메틸프로판다이올, 1,2-헥산다이올, 밤부사 불가리스추출물, 겨우살이잎추출물, 에틸헥실글리세린",네이처리퍼블릭,보테니컬 오토 아이브로우 [3호 애쉬모카],57941,,
5g,,코스맥스(주)/네이처리퍼블릭,"마이카 (CI 77019), 합성플루오르플로고파이트, 티타늄디옥사이드 (CI 77891), 옥틸도데실스테아로일스테아레이트, 에이치디아이/트라이메틸올헥실락톤크로스폴리머, 탤크, 다이메티콘, 실리카, 알루미늄전분옥테닐석시네이트, 글리세린, 울트라마린 (CI 77007), 아이소프로필팔미테이트, 사라수씨버터, 동백나무꽃추출물, 연꽃꽃추출물, 알바수련꽃추출물, 세룰라타벚나무꽃추출물, 장미꽃추출물, 복사나무꽃추출물, 마그네슘미리스테이트, 펜틸렌글라이콜, 폴리솔베이트20, 트라이에톡시카프릴릴실레인, 아크릴아마이드/소듐아크릴로일다이메틸타우레이트코폴리머, 마그네슘알루미늄실리케이트, 솔비탄올리베이트, 솔비탄스테아레이트, 비닐다이메티콘/메티콘실세스퀴옥세인크로스폴리머, 아이소헥사데칸, 에틸헥실글리세린, 폴리솔베이트80, 알루미늄하이드록사이드, 메티콘, 아이소프로필티타늄트라이아이소스테아레이트, 솔비탄올리에이트, 부틸렌글라이콜, 토코페롤, 틴옥사이드 (CI 77861), 세테아릴알코올, 페녹시에탄올, 포타슘솔베이트, 소듐데하이드로아세테이트, 향료, 적색226호 (CI 73360), 적색산화철 (CI 77491), 황색산화철 (CI 77492), 흑색산화철 (CI 77499)",네이처리퍼블릭,베이크드 블러셔 [03 달리아쿠키],50493,,
27ml*2매,,코스맥스(주) / 네이처리퍼블릭,"정제수, 글리세린, 1,2-헥산다이올, 부틸렌글라이콜, 자일리톨, 효모발효여과물, 소듐하이알루로네이트, 백미꽃추출물, 트루로즈오브예리코추출물, 락토바실러스발효물, 접시꽃추출물, 얼룩파인애플추출물, 메틸프로판다이올, 에리스리톨, 트로메타민, 알란토인, 프로판다이올, 카프릴릴글라이콜, 에틸헥실글리세린, 폴리글리세릴-10아이소스테아레이트, 소듐파이테이트, 펜틸렌글라이콜, 폴리글리세릴-10올리에이트, 판테놀, 아세틸글루코사민, 하이드록시아세토페논, 다발방패버섯추출물, 소듐하이알루로네이트크로스폴리머, 아스코빅애씨드, 카보머, 잔탄검, 향료",네이처리퍼블릭,크라이오 아이싱 마스크팩 [바이탈라이징],57915,,
55ml*2,,(주)서울화장품/네이처리퍼블릭,"정제수, 다이프로필렌글라이콜, 부틸렌글라이콜, 다이메티콘, 글리세린, 하이드로제네이티드폴리아이소부텐, 녹차추출물(10,000 ppm), 글리세레스-26, 암모늄아크릴로일다이메틸타우레이트/브이피코폴리머, 트레할로오스, 카프릴릴글라이콜, 카보머, 하이드록시아세토페논, 펜틸렌글라이콜, 트로메타민, 에틸헥실글리세린, 토코페릴아세테이트, 애기수영추출물, 사이클로펜타실록세인, 다이메티콘/비닐다이메티콘크로스폴리머, 다이소듐이디티에이, 1,2-헥산다이올, 잔탄검, 소듐하이알루로네이트, 익모초꽃/잎/줄기추출물, 약모밀추출물, 불가리스쑥추출물, 연꽃추출물, 바이오사카라이드검-4, 향료, 리모넨, 헥실신남알, 부틸페닐메틸프로피오날, 리날룰",네이처리퍼블릭,어린녹차 순한 크림,57518,,
30ml*2,,한국콜마(주)/네이처리퍼블릭,"정제수,세틸에틸헥사노에이트,글리세린,시어버터,카프릴릭/카프릭트라이글리세라이드,1,2-헥산다이올,다이글리세린,메틸프로판다이올,폴리글리세릴-3메틸글루코오스다이스테아레이트,프로방스장미꽃추출물,퀸즈랜드넛오일,올리브오일,호호바씨오일,포도씨오일,다이스타치포스페이트,암모늄아크릴로일다이메틸타우레이트/브이피코폴리머,글리세릴스테아레이트,아크릴레이트/C10-30알킬아크릴레이트크로스폴리머,세테아릴올리베이트,합성비즈왁스,트로메타민,솔비탄올리베이트,카프릴릴글라이콜,에틸헥실글리세린,다이포타슘글리시리제이트,판테놀,부틸렌글라이콜,베타-글루칸,수크로오스팔미테이트,하이드로제네이티드레시틴,토코페롤,잔탄검,향료,벤질살리실레이트,알파-아이소메틸아이오논,하이드록시시트로넬알,시트로넬올,유제놀,제라니올,리모넨,리날룰",네이처리퍼블릭,핸드 앤 네이처 핸드크림 [로즈],69559,,
7.5g,,코스맥스(주) / 네이처리퍼블릭,"아이소도데케인, 트라이메틸실록시실리케이트, 실리카, 세레신, 마이크로크리스탈린왁스, 흑색산화철 (CI 77499), 다이스테아다이모늄헥토라이트, 덱스트린팔미테이트, 폴리프로필실세스퀴옥세인, 폴리아이소부텐, 알루미늄다이스테아레이트, 프로필렌카보네이트, 하이드롤라이즈드케라틴, 하이드롤라이즈드콩단백질, 류코노스톡/무발효여과물, 하이드롤라이즈드콜라겐, 덱스트린팔미테이트/에틸헥사노에이트, 글리세릴카프릴레이트, 폴리메틸실세스퀴옥세인, 나일론-66, 트라이에톡시카프릴릴실레인, 정제수, 펜틸렌글라이콜, 1,2-헥산다이올, 비에이치티, 티타늄디옥사이드 (CI 77891)",네이처리퍼블릭,보테니컬 수퍼프루프 마스카라 [01 롱앤컬],57930,,
155ml,,(주)코스맥스 / 네이처리퍼블릭,"정제수, 글리세린, 셀룰로오스, 부틸렌글라이콜, 다이프로필렌글라이콜, 펜틸렌글라이콜, 1,2-헥산다이올, 돌콩추출물, 프로폴리스추출물, 병풀잎추출물, 드럼스틱씨오일, 판테놀, 트로메타민, 카프릴릴글라이콜, 에틸헥실글리세린, 옥탄다이올, 마데카소사이드, 아시아티코사이드, 아시아틱애씨드, 마데카식애씨드, 세라마이드엔피, 피토스핑고신, 하이드로제네이티드레시틴, 카보머, 다이소듐이디티에이, 향료",네이처리퍼블릭,그린더마 마일드 시카 필링 젤,57577,,
0.3g,,믹스앤매치 / 네이처리퍼블릭,"티타늄디옥사이드 (CI 77891), 황색산화철 (CI 77492), 하이드로제네이티드코코-글리세라이즈, 흑색산화철 (CI 77499), 징크스테아레이트, 마이카 (CI 77019), 검양옻나무열매왁스, 팔미틱애씨드, 스테아릭애씨드, 마이크로크리스탈린왁스, 카나우바왁스, 적색산화철 (CI 77491), 칸데릴라왁스, 폴리부텐, 피마자씨오일, 페닐트라이메티콘, 글리세릴카프릴레이트, 카프릴릴글라이콜, 정제수, 부틸렌글라이콜, 감나무잎추출물, 글리세린, 메틸프로판다이올, 1,2-헥산다이올, 밤부사 불가리스추출물, 겨우살이잎추출물, 에틸헥실글리세린",네이처리퍼블릭,보테니컬 오토 아이브로우 [1호 아몬드브라운],57939,,
27ml*2매,,코스맥스(주) / 네이처리퍼블릭,"정제수, 글리세린, 1,2-헥산다이올, 부틸렌글라이콜, 자일리톨, 효모발효여과물, 소듐하이알루로네이트, 백미꽃추출물, 트루로즈오브예리코추출물, 락토바실러스발효물, 접시꽃추출물, 무화과추출물, 메틸프로판다이올, 에리스리톨, 트로메타민, 알란토인, 프로판다이올, 카프릴릴글라이콜, 에틸헥실글리세린, 폴리글리세릴-10아이소스테아레이트, 소듐파이테이트, 펜틸렌글라이콜, 폴리글리세릴-10올리에이트, 판테놀, 아세틸글루코사민, 하이드록시아세토페논, 다발방패버섯추출물, 소듐하이알루로네이트크로스폴리머, 세라마이드엔피, 카보머, 잔탄검, 향료",네이처리퍼블릭,크라이오 아이싱 마스크팩 [스트렝스닝],57911,,
25ml*2매,,코바스 / 네이처리퍼블릭,"정제수, 다이프로필렌글라이콜, 글리세린, 부틸렌글라이콜, 카프릴릭/카프릭트라이글리세라이드, 베타인, 1,2-헥산다이올, 펜틸렌글라이콜, 다이메티콘, 하이드록시아세토페논, 구주소나무잎추출물, 알지닌, 스타아니스추출물, 판테놀, 카프릴릴글라이콜, 폴리글리세릴-10아이소스테아레이트, 아크릴레이트/C10-30알킬아크릴레이트크로스폴리머, 폴리글리세릴-10올리에이트, 황금추출물, 다이소듐이디티에이, 소듐하이알루로네이트, 향료, 망고스틴껍질추출물(100PPM), 탱자추출물, 복분자딸기열매추출물, 토마토추출물, 다이포타슘글리시리제이트, 나이아신아마이드, 소듐아스코빌포스페이트, 티아민에이치씨엘, 사이아노코발아민, 바이오틴, 아스코빅애씨드, 피리독신, 폴릭애씨드, 리보플라빈",네이처리퍼블릭,콜드 쥬이시 프레시 겔 마스크 [망고스틴소프트닝],57869,,
120ml,,코스맥스(주)/네이처리퍼블릭,"정제수, 글리세린, 셀룰로오스, 부틸렌글라이콜, 펜틸렌글라이콜, 레몬추출물,돌콩추출물, 병풀추출물,흰버드나무껍질추출물, 블랙윌로우나무껍질추출물, 병풀잎추출물,1,2-헥산다이올, 카프릴릴글라이콜, 트로메타민,에틸헥실글리세린, 소듐파이테이트, 에칠아스코빌에텔, 아스코빌글루코사이드, 옥탄다이올,아스코빅애씨드, 토코페롤,마데카소사이드, 글리세릴글루코사이드, 아시아티코사이드, 아시아틱애씨드, 마데카식애씨드, 카보머, 향료",네이처리퍼블릭,비타페어C 비타민 필링젤,48637,,
5g,,코스맥스(주)/네이처리퍼블릭,"탤크, 마이카 (CI 77019), 마이크로크리스탈린셀룰로오스, 다이메티콘, 알루미늄전분옥테닐석시네이트, 실리카, 마그네슘미리스테이트, 세틸다이메티콘, 마그네슘스테아레이트, 동백나무꽃추출물, 프로방스장미꽃수, 마트리카리아꽃추출물, 메틸프로판다이올, 프로판다이올, 트라이에톡시카프릴릴실레인, 정제수, 부틸렌글라이콜, 1,2-헥산다이올, 카프릴릴글라이콜, 에틸헥실글리세린, 울트라마린 (CI 77007), 적색226호 (CI 73360), 적색산화철 (CI 77491), 황색산화철 (CI 77492), 흑색산화철 (CI 77499)",네이처리퍼블릭,바이플라워 블러셔 [10 싱그런라일락],47048,,
100ml,,코스맥스(주)/네이처리퍼블릭,"정제수,셀룰로오스,디프로필렌글라이콜,글리세린,부틸렌글라이콜,변성알코올,유칼립투스잎오일,콩추출물,유자씨추출물,로즈마리잎오일,유칼립투스잎추출물,에필로비움 플레이스케리추출물,애플민트잎추출물,녹차추출물,선백리향잎추출물,베타인,트로메타민,1,2-헥산디올,하이드록시아세토페논,소듐파이테이트,라우릴피리디늄클로라이드,펜틸렌글라이콜,옥탄디올,에칠헥실글리세린,시트릭애씨드,카보머,포타슘소르베이트",네이처리퍼블릭,내추럴 메이드 마일드 필링 젤 [유칼립투스],58609,,
170ml,,코스맥스(주) / 네이처리퍼블릭,"정제수,글리세린,스테아릭애씨드,미리스틱애씨드,피이지-32,포타슘하이드록사이드,팔미틱애씨드,라우릭애씨드,글리세릴스테아레이트,피이지-100스테아레이트,라우라마이드디이에이,포타슘코코에이트,레몬버베나잎추출물,살비아잎추출물,복숭아추출물,일랑일랑꽃추출물,마트리카리아꽃수,히비스커스꽃추출물,커먼자스민꽃수,라벤더꽃수,페퍼민트잎수,폴스애플민트잎추출물,로즈마리잎수,코카미도프로필베타인,소듐클로라이드,소듐파이테이트,부틸렌글라이콜,이디티에이,1,2-헥산다이올,시트릭애씨드,소듐벤조에이트,페녹시에탄올,향료,리모넨,리날룰,헥실신남알,적색227호 (CI 17200),황색4호 (CI 19140)",네이처리퍼블릭,프레시 허브 폼클렌징 [피치],73549,,
3.2g,,씨앤씨인터내셔널 / 네이처리퍼블릭,"아이소노닐아이소노나노에이트,폴리글리세릴-2트라이아이소스테아레이트,폴리아이소부텐,카프릴릭/카프릭트라이글리세라이드,합성왁스,칸데릴라왁스,아이소트라이데실아이소노나노에이트,티타늄디옥사이드,실리카,마이크로크리스탈린왁스,세틸에틸헥사노에이트,옥틸도데칸올,황색4호,1,2-헥산다이올,적색202호,실리카다이메틸실릴레이트,토코페릴아세테이트,황색5호,다이스테아다이모늄헥토라이트,적색산화철,청색1호,벤질벤조에이트,프로필렌카보네이트,에틸헥실글리세린,향료,정제수,황색산화철,흑색산화철,적색104호의(1),장미꽃추출물,스노우로투스추출물,세룰라타벚나무꽃추출물,연꽃꽃추출물,알바수련꽃추출물,마트리카리아꽃추출물,포트마리골드꽃추출물,동백나무꽃추출물",네이처리퍼블릭,립 스튜디오 인텐스 새틴 립스틱 뉴블랙 [08 칠로즈],76895,,
27ml*2매,,코스맥스(주) / 네이처리퍼블릭,"정제수, 글리세린, 1,2-헥산다이올, 부틸렌글라이콜, 자일리톨, 효모발효여과물, 소듐하이알루로네이트, 백미꽃추출물, 트루로즈오브예리코추출물, 락토바실러스발효물, 접시꽃추출물, 아보카도열매추출물, 라즈베리추출물, 메틸프로판다이올, 에리스리톨, 트로메타민, 알란토인, 프로판다이올, 카프릴릴글라이콜, 에틸헥실글리세린, 폴리글리세릴-10아이소스테아레이트, 소듐파이테이트, 펜틸렌글라이콜, 폴리글리세릴-10올리에이트, 판테놀, 아세틸글루코사민, 하이드록시아세토페논, 다발방패버섯추출물, 소듐하이알루로네이트크로스폴리머, 말토덱스트린, 솔비탄라우레이트, 하이드록시에틸셀룰로오스, 아세틸다이펩타이드-1세틸에스터, 아세틸헥사펩타이드-8, 카보머, 잔탄검, 향료",네이처리퍼블릭,크라이오 아이싱 마스크팩 [퍼밍],57909,,
4.2g,,(주)코스맥스 / 네이처리퍼블릭,"다이아이소스테아릴말레이트,다이페닐실록시페닐트라이메티콘,비스-다이글리세릴폴리아실아디페이트-2,정제수,하이드로제네이티드폴리아이소부텐,다이페닐다이메티콘,세틸피이지/피피지-10/1다이메티콘,폴리솔베이트60,펜틸렌글라이콜,솔비탄아이소스테아레이트,글리세린,폴리글리세릴-4아이소스테아레이트,페녹시에탄올,1,2-헥산다이올,세테아레스-20,하이드록시에틸아크릴레이트/소듐아크릴로일다이메틸타우레이트코폴리머,스쿠알란,소듐다이라우미도글루타미드라이신,향료,에틸헥실글리세린,티타늄디옥사이드(CI 77891),적색227호,트라이소듐에틸렌다이아민다이석시네이트,황색4호,황색5호,알루미늄하이드록사이드,암모늄폴리아크릴레이트,청색1호,부틸렌글라이콜,라즈베리씨오일/토코페릴석시네이트아미노프로판다이올에스터,에틸헥실팔미테이트,호호바씨오일,말토덱스트린,아보카도열매추출물,트라이베헤닌,석류나무꽃추출물,폴리글리세릴-3다이아이소스테아레이트,메틸니코티네이트,꿀추출물,락틱애씨드,생강오일,카놀라오일,고추열매추출물,팔미토일트라이펩타이드-1",네이처리퍼블릭,허니 멜팅 꿀광 글로이 틴트 [01 베어베리],74013,,
24g * 2EA,,코스메카코리아 / 네이처리퍼블릭,"정제수, 다이부틸아디페이트, 코코-카프릴레이트/카프레이트, 합성왁스, 비닐다이메티 콘/메티콘실세스퀴옥세인크로스폴리머, 부틸옥틸살리실레이트, 디에칠아미노하이드록시벤조 일헥실벤조에이트, 부틸렌글라이콜, 에칠헥실트리아존, 나이아신아마이드, 오조케라이트, 폴리 실리콘-15, 비닐다이메티콘, 비스-에칠헥실옥시페놀메톡시페닐트리아진, 소듐클로라이드, 프로판다이올, 폴리글리세릴-4다이아이소스테아레이트/폴리하이드록시스테아레이트/세바케이트, 라우릴폴리글리세릴-3폴리다이메틸실록시에틸다이메티콘, 폴리글리세릴-5폴리리시놀리에 이트, 글리세릴카프릴레이트, 에틸헥실글리세린, 알로에베라잎수(958.95 ppm), 빙하수, 글리세린, 아데노신, 1,2-헥산다이올, 알로에베라잎추출물(120 ppm), 참마뿌리추출물, 다시마 추출물, 당느릅나무뿌리추출물, 제비꽃꽃추출물, 유칼립투스잎추출물, 티트리잎추출물, 커피콩 추출물, 월계수잎추출물, 카카오씨추출물, 마시멜로뿌리추출물, 캐모마일꽃추출물, 아티초크잎 추출물, 히비스커스꽃추출물, 서양고추나물추출물, 라벤더꽃추출물, 레몬밤잎추출물, 오레가노잎 추출물, 센티드제라늄추출물, 살비아잎추출물, 토코페롤, 병풀추출물, 판테놀, 쌀겨오일, 카퍼트라이펩타이드-1, 소듐구아이아줄렌설포네이트, 향료",네이처리퍼블릭,캘리포니아 알로에 선스틱 [SPF50+/PA++++] [쿨링수분],70119,,
23ml * 20매,,(주)이미인 / 네이처리퍼블릭,"정제수, 글리세린, 다이프로필렌글라이콜, 에탄올, 하이드록시에틸셀룰로오스, 부틸렌글라이콜, 1,2-헥산다이올, 모란뿌리추출물, 병풀추출물, 트레할로오스, 티트리잎추출물, 피이지-60하이드로제네이티드캐스터오일, 마트리카리아꽃추출물, 글리세릴카프릴레이트, 알지닌, 카보머, 에틸헥실글리세린, 소듐하이알루로네이트, 글리세릴아크릴레이트/아크릴릭애씨드코폴리머, 티트리잎오일, 피브이엠/엠에이코폴리머, 라벤더추출물, 레몬밤잎추출물, 오레가노잎추출물, 센티드제라늄추출물, 유칼립투스잎추출물, 페퍼민트잎추출물, 다이소듐이디티에이, 향료, 벤질살리실레이트",네이처리퍼블릭,리얼 네이처 마스크팩 [티트리],57605,,
30ml * 2EA,,(주)코스맥스/네이처리퍼블릭,"정제수,세틸에틸헥사노에이트,글리세린,시어버터,카프릴릭/카프릭트라이글리세라이드,1,2-헥산다이올,다이글리세린,메틸프로판다이올,폴리글리세릴-3메틸글루코오스다이스테아레이트,세룰라타벚나무꽃추출물,퀸즈랜드넛오일,올리브오일,호호바씨오일,포도씨오일,다이스타치포스페이트,암모늄아크릴로일다이메틸타우레이트/브이피코폴리머,글리세릴스테아레이트,아크릴레이트/C10-30알킬아크릴레이트크로스폴리머,세테아릴올리베이트,합성비즈왁스,트로메타민,솔비탄올리베이트,부틸렌글라이콜,카프릴릴글라이콜,에틸헥실글리세린,다이포타슘글리시리제이트,판테놀,베타-글루칸,수크로오스팔미테이트,하이드로제네이티드레시틴,토코페롤,잔탄검,향료,헥실신남알,리날룰,알파-아이소메틸아이오논,시트로넬올,리모넨,아이소유제놀",네이처리퍼블릭,핸드 앤 네이처 핸드크림 [체리블라썸],69558,,
23ml * 20매,,(주)이미인 / 네이처리퍼블릭,"정제수, 글리세린, 다이프로필렌글라이콜, 에탄올, 하이드록시에틸셀룰로오스, 부틸렌글라이콜, 1,2-헥산다이올, 모란뿌리추출물, 병풀추출물, 트레할로오스, 밤부사 불가리스추출물, 마트리카리아꽃추출물, 피이지-60하이드로제네이티드캐스터오일, 해수, 글리세릴카프릴레이트, 알지닌, 카보머, 에틸헥실글리세린, 소듐하이알루로네이트, 글리세릴아크릴레이트/아크릴릭애씨드코폴리머, 피브이엠/엠에이코폴리머, 다이소듐이디티에이, 향료, 리날룰, 리모넨",네이처리퍼블릭,리얼 네이처 마스크팩 [대나무],58600,,
25ml*2매,,코바스 / 네이처리퍼블릭,"정제수, 다이프로필렌글라이콜, 글리세린, 부틸렌글라이콜, 카프릴릭/카프릭트라이글리세라이드, 베타인, 1,2-헥산다이올, 펜틸렌글라이콜, 다이메티콘, 하이드록시아세토페논, 구주소나무잎추출물, 알지닌, 스타아니스추출물, 판테놀, 카프릴릴글라이콜, 폴리글리세릴-10아이소스테아레이트, 아크릴레이트/C10-30알킬아크릴레이트크로스폴리머, 폴리글리세릴-10올리에이트, 황금추출물, 자몽추출물(100ppm), 다이소듐이디티에이, 소듐하이알루로네이트, 향료, 탱자추출물, 복분자딸기열매추출물, 토마토추출물, 다이포타슘글리시리제이트, 나이아신아마이드, 소듐아스코빌포스페이트, 티아민에이치씨엘, 사이아노코발아민, 바이오틴, 아스코빅애씨드, 피리독신, 폴릭애씨드, 리보플라빈",네이처리퍼블릭,콜드 쥬이시 프레시 겔 마스크 [자몽리파이닝],57744,,
25ml*2매,,코바스 / 네이처리퍼블릭,"정제수, 다이프로필렌글라이콜, 글리세린, 부틸렌글라이콜, 카프릴릭/카프릭트라이글리세라이드, 베타인, 1,2-헥산다이올, 펜틸렌글라이콜, 다이메티콘, 하이드록시아세토페논, 구주소나무잎추출물, 알지닌, 스타아니스추출물, 판테놀, 카프릴릴글라이콜, 폴리글리세릴-10아이소스테아레이트, 아크릴레이트/C10-30알킬아크릴레이트크로스폴리머, 폴리글리세릴-10올리에이트, 황금추출물, 오렌지추출물(100ppm), 다이소듐이디티에이, 소듐하이알루로네이트, 향료, 탱자추출물, 복분자딸기열매추출물, 토마토추출물, 다이포타슘글리시리제이트, 나이아신아마이드, 소듐아스코빌포스페이트, 티아민에이치씨엘, 사이아노코발아민, 바이오틴, 아스코빅애씨드, 피리독신, 폴릭애씨드, 리보플라빈",네이처리퍼블릭,콜드 쥬이시 프레시 겔 마스크 [오렌지에너자이징],57867,,
23ml * 20매,,(주)이미인 / 네이처리퍼블릭,"정제수, 글리세린, 다이프로필렌글라이콜, 에탄올, 하이드록시에틸셀룰로오스, 부틸렌글라이콜, 1,2-헥산다이올, 모란뿌리추출물, 병풀추출물, 트레할로오스, 다마스크장미추출물, 마트리카리아꽃추출물, 피이지-60하이드로제네이티드캐스터오일, 글리세릴카프릴레이트, 알지닌, 카보머, 에틸헥실글리세린, 소듐하이알루로네이트, 글리세릴아크릴레이트/아크릴릭애씨드코폴리머, 피브이엠/엠에이코폴리머, 녹차추출물, 도둑놈의지팡이뿌리추출물, 인동덩굴꽃출물, 복사나무잎추출물, 작약뿌리추출물, 은행나무잎추출물, 황금추출물, 다이소듐이디티에이, 향료, 시트로넬올",네이처리퍼블릭,리얼 네이처 마스크 시트 [장미],57599,,
130ml,,한국콜마(주)/네이처리퍼블릭,"해수, 글리세린, 부틸렌글라이콜, 하이드로제네이티드폴리(C6-14올레핀), 솔비탄스테아레이트, 1,2-헥산다이올, 에틸헥실스테아레이트, 세틸알코올, 감태추출물, 개청각추출물, 겔리듐 카르틸라기네움추출물, 납작파래추출물, 다시마추출물, 두날리엘라 살리나추출물, 록샘파이어추출물, 모자반추출물, 미역추출물, 바다포도추출물, 방사무늬돌김추출물, 블래더랙추출물, 슈가켈프추출물, 슈도알테로모나스발효추출물, 스피룰리나 막시마추출물, 스피룰리나 플라텐시스추출물, 아이리쉬모스추출물, 야니아 루벤스추출물, 오카무라큰실말추출물, 자이언트켈프추출물, 참갈파래추출물, 참미역추출물, 청각추출물, 클로렐라 미누티시마추출물, 클로렐라 불가리스추출물, 톳추출물, 퉁퉁마디추출물, 플랑크톤추출물, 해마토코쿠스 플루비알리스추출물, 호스테일켈프추출물, 스페인감초뿌리추출물, 작약뿌리추출물, 천궁뿌리추출물, 칡뿌리추출물, 쇠비름추출물, 수용성콜라겐, 알로에베라잎즙, 소듐하이알루로네이트, 정제수, 다이에톡시에틸석시네이트, 비닐다이메티콘, 팔미틱애씨드, 스테아릭애씨드, 수크로오스코코에이트, 하이드록시아세토페논, 폴리글리세릴-2스테아레이트, 카보머, 글리세릴스테아레이트, 트로메타민, 스테아릴알코올, 에틸헥실글리세린, 소듐스테아로일글루타메이트, 다이소듐이디티에이, 씨솔트, 토코페롤, 잔탄검, 카프릴릴글라이콜, 노나펩타이드-1, 아세틸헥사펩타이드-8, 카퍼트라이펩타이드-1, 트라이펩타이드-1, 팔미토일테트라펩타이드-7, 팔미토일트라이펩타이드-1, 팔미토일펜타펩타이드-4, 헥사펩타이드-9, 향료, 개다시마추출물, 거머리말추출물",네이처리퍼블릭,슈퍼 아쿠아 맥스 수분 에멀젼,34316,,
32ml,,(주)코스맥스 / 네이처리퍼블릭,"정제수;사이클로펜타실록세인;CI 77891;에틸헥실팔미테이트;부틸렌글라이콜;에칠헥실메톡시신나메이트;페닐트라이메티콘;아이소도데케인;폴리글리세릴-2다이아이소스테아레이트;아크릴레이트/폴리트라이메틸실록시메타크릴레이트코폴리머;다이페닐실록시페닐트라이메티콘;나이아신아마이드;펜틸렌글라이콜;CI 77492;히비스커스꽃추출물;로즈힙열매추출물;라벤더꽃추출물;레몬버베나잎추출물;레몬밤추출물;페퍼민트잎추출물;다마스크장미꽃추출물;로즈마리잎추출물;세이지잎추출물(구명칭);선백리향잎추출물(구명칭);린덴꽃추출물(구명칭);글리세린;합성플루오르플로고파이트;마그네슘스테아레이트;라우릴피이지-9폴리다이메틸실록시에틸다이메티콘;마그네슘설페이트;다이스테아다이모늄헥토라이트;피이지-30다이폴리하이드록시스테아레이트;비스-피이지/피피지-14/14다이메티콘;비즈왁스;트라이에톡시카프릴릴실레인;알루미늄하이드록사이드;프로필렌카보네이트;다이메티콘/비닐다이메티콘크로스폴리머;스테아릭애씨드;에틸헥실글리세린;아데노신;다이메티콘;1,2-헥산다이올;토코페롤;다이소듐이디티에이;페녹시에탄올;향료;리날룰;리모넨;시트로넬올;제라니올;CI 77947;CI 77491;CI 77499",네이처리퍼블릭,프로방스 에어 스킨 핏 원데이 래스팅 파운데이션 [SPF30/PA++] [Y21 퓨어바닐라],30316,,
12.8g,,코스맥스(주)/네이처리퍼블릭,"01 웜 샤이닝 #1 허니 쉬어 마이카 (CI 77019), 티타늄디옥사이드 (CI 77891), 폴리메틸실세스퀴옥세인, 합성플루오르플로고파이트, 칼슘알루미늄보로실리케이트, 다이메티콘, 옥틸도데칸올, 에이치디아이/트라이메틸올헥실락톤크로스폴리머, 글리세린, 실리카, 마그네슘미리스테이트, 아이소프로필팔미테이트, 펜틸렌글라이콜, 마그네슘스테아레이트, 폴리솔베이트20, 옥틸도데실스테아로일스테아레이트, 트라이에톡시카프릴릴실레인, 아크릴아마이드/소듐아크릴로일다이메틸타우레이트코폴리머, 마그네슘알루미늄실리케이트, 솔비탄올리베이트, 솔비탄스테아레이트, 아이소헥사데칸, 에틸헥실글리세린, 폴리솔베이트80, 솔비탄올리에이트, 토코페롤, 틴옥사이드 (CI 77861), 페녹시에탄올, 포타슘솔베이트, 소듐데하이드로아세테이트, 적색산화철 (CI 77491), 흑색산화철 (CI 77499) #2 로맨틱 빔 칼슘알루미늄보로실리케이트, 마이카 (CI 77019), 폴리메틸실세스퀴옥세인, 티타늄디옥사이드 (CI 77891), 다이메티콘, 옥틸도데칸올, 에이치디아이/트라이메틸올헥실락톤크로스폴리머, 실리카, 글리세린, 마그네슘미리스테이트, 합성플루오르플로고파이트, 아이소프로필팔미테이트, 적색산화철 (CI 77491), 펜틸렌글라이콜, 마그네슘스테아레이트, 폴리솔베이트20, 옥틸도데실스테아로일스테아레이트, 아크릴아마이드/소듐아크릴로일다이메틸타우레이트코폴리머, 트라이에톡시카프릴릴실레인, 마그네슘알루미늄실리케이트, 솔비탄올리베이트, 솔비탄스테아레이트, 아이소헥사데칸, 에틸헥실글리세린, 폴리솔베이트80, 솔비탄올리에이트, 메티콘, 토코페롤, 틴옥사이드 (CI 77861), 페녹시에탄올, 포타슘솔베이트, 소듐데하이드로아세테이트, 적색226호 (CI 73360), 울트라마린 (CI 77007), 흑색산화철 (CI 77499) #3 피치 쏠트 합성플루오르플로고파이트, 마이카 (CI 77019), 티타늄디옥사이드 (CI 77891), 폴리메틸실세스퀴옥세인, 옥틸도데칸올, 에이치디아이/트라이메틸올헥실락톤크로스폴리머, 다이메티콘, 칼슘티타늄보로실리케이트, 글리세린, 마그네슘미리스테이트, 아이소프로필팔미테이트, 실리카, 펜틸렌글라이콜, 마그네슘스테아레이트, 폴리솔베이트20, 옥틸도데실스테아로일스테아레이트, 트라이에톡시카프릴릴실레인, 아크릴아마이드/소듐아크릴로일다이메틸타우레이트코폴리머, 마그네슘알루미늄실리케이트, 솔비탄올리베이트, 솔비탄스테아레이트, 아이소헥사데칸, 에틸헥실글리세린, 폴리솔베이트80, 솔비탄올리에이트, 토코페롤, 틴옥사이드 (CI 77861), 페녹시에탄올, 포타슘솔베이트, 소듐데하이드로아세테이트, 적색산화철 (CI 77491) #4 샴페인 베이 마이카 (CI 77019), 티타늄디옥사이드 (CI 77891), 칼슘티타늄보로실리케이트, 폴리메틸실세스퀴옥세인, 합성플루오르플로고파이트, 옥틸도데칸올, 에이치디아이/트라이메틸올헥실락톤크로스폴리머, 다이메티콘, 칼슘소듐보로실리케이트, 글리세린, 마그네슘미리스테이트, 아이소프로필팔미테이트, 적색산화철 (CI 77491), 펜틸렌글라이콜, 마그네슘스테아레이트, 폴리솔베이트20, 트라이에톡시카프릴릴실레인, 옥틸도데실스테아로일스테아레이트, 아크릴아마이드/소듐아크릴로일다이메틸타우레이트코폴리머, 마그네슘알루미늄실리케이트, 솔비탄올리베이트, 솔비탄스테아레이트, 아이소헥사데칸, 에틸헥실글리세린, 실리카, 폴리솔베이트80, 솔비탄올리에이트, 토코페롤, 틴옥사이드 (CI 77861), 페녹시에탄올, 포타슘솔베이트, 소듐데하이드로아세테이트",네이처리퍼블릭,글로이 하이라이터 [01 웜샤이닝],52993,,
12.8g,,코스맥스(주)/네이처리퍼블릭,"02 쿨 샤이닝 #1 밀키 듀 마이카 (CI 77019), 티타늄디옥사이드 (CI 77891), 칼슘알루미늄보로실리케이트, 폴리메틸실세스퀴옥세인, 다이메티콘, 옥틸도데칸올, 에이치디아이/트라이메틸올헥실락톤크로스폴리머, 합성플루오르플로고파이트, 글리세린, 마그네슘미리스테이트, 아이소프로필팔미테이트, 실리카, 펜틸렌글라이콜, 마그네슘스테아레이트, 폴리솔베이트20, 트라이에톡시카프릴릴실레인, 옥틸도데실스테아로일스테아레이트, 아크릴아마이드/소듐아크릴로일다이메틸타우레이트코폴리머, 마그네슘알루미늄실리케이트, 솔비탄올리베이트, 솔비탄스테아레이트, 아이소헥사데칸, 에틸헥실글리세린, 폴리솔베이트80, 솔비탄올리에이트, 토코페롤, 틴옥사이드 (CI 77861), 페녹시에탄올, 포타슘솔베이트, 소듐데하이드로아세테이트 #2 발레 핑크 마이카 (CI 77019), 티타늄디옥사이드 (CI 77891), 합성플루오르플로고파이트, 폴리메틸실세스퀴옥세인, 다이메티콘, 옥틸도데칸올, 에이치디아이/트라이메틸올헥실락톤크로스폴리머, 칼슘알루미늄보로실리케이트, 글리세린, 마그네슘미리스테이트, 아이소프로필팔미테이트, 펜틸렌글라이콜, 마그네슘스테아레이트, 실리카, 폴리솔베이트20, 옥틸도데실스테아로일스테아레이트, 아크릴아마이드/소듐아크릴로일다이메틸타우레이트코폴리머, 트라이에톡시카프릴릴실레인, 마그네슘알루미늄실리케이트, 솔비탄올리베이트, 솔비탄스테아레이트, 아이소헥사데칸, 에틸헥실글리세린, 폴리솔베이트80, 솔비탄올리에이트, 토코페롤, 틴옥사이드 (CI 77861), 페녹시에탄올, 포타슘솔베이트, 소듐데하이드로아세테이트, 황색산화철 (CI 77492), 적색226호 (CI 73360), 적색산화철 (CI 77491), 흑색산화철 (CI 77499) #3 아이시 핑크 마이카 (CI 77019), 티타늄디옥사이드 (CI 77891), 합성플루오르플로고파이트, 폴리메틸실세스퀴옥세인, 칼슘티타늄보로실리케이트, 다이메티콘, 옥틸도데칸올, 에이치디아이/트라이메틸올헥실락톤크로스폴리머, 글리세린, 마그네슘미리스테이트, 아이소프로필팔미테이트, 펜틸렌글라이콜, 마그네슘스테아레이트, 폴리솔베이트20, 옥틸도데실스테아로일스테아레이트, 아크릴아마이드/소듐아크릴로일다이메틸타우레이트코폴리머, 트라이에톡시카프릴릴실레인, 마그네슘알루미늄실리케이트, 솔비탄올리베이트, 솔비탄스테아레이트, 아이소헥사데칸, 에틸헥실글리세린, 실리카, 카올린, 폴리솔베이트80, 솔비탄올리에이트, 토코페롤, 틴옥사이드 (CI 77861), 페녹시에탄올, 포타슘솔베이트, 소듐데하이드로아세테이트, 울트라마린 (CI 77007), 적색226호 (CI 73360), 적색산화철 (CI 77491), 흑색산화철 (CI 77499) #4 자스민 캔디 마이카 (CI 77019), 티타늄디옥사이드 (CI 77891), 합성플루오르플로고파이트, 폴리메틸실세스퀴옥세인, 다이메티콘, 옥틸도데칸올, 에이치디아이/트라이메틸올헥실락톤크로스폴리머, 칼슘알루미늄보로실리케이트, 글리세린, 마그네슘미리스테이트, 아이소프로필팔미테이트, 펜틸렌글라이콜, 마그네슘스테아레이트, 폴리솔베이트20, 옥틸도데실스테아로일스테아레이트, 트라이에톡시카프릴릴실레인, 실리카, 아크릴아마이드/소듐아크릴로일다이메틸타우레이트코폴리머, 마그네슘알루미늄실리케이트, 솔비탄올리베이트, 솔비탄스테아레이트, 아이소헥사데칸, 에틸헥실글리세린, 폴리솔베이트80, 솔비탄올리에이트, 토코페롤, 틴옥사이드 (CI 77861), 페녹시에탄올, 포타슘솔베이트, 소듐데하이드로아세테이트, 울트라마린 (CI 77007), 적색226호 (CI 73360), 적색산화철 (CI 77491), 흑색산화철 (CI 77499)",네이처리퍼블릭,글로이 하이라이터 [02 쿨샤이닝],52994,,
23ml * 20매,,(주)이미인 / 네이처리퍼블릭,"정제수, 글리세린, 다이프로필렌글라이콜, 에탄올, 하이드록시에틸셀룰로오스, 부틸렌글라이콜, 1,2-헥산다이올, 모란뿌리추출물, 병풀추출물, 트레할로오스, 오렌지추출물, 피이지-60하이드로제네이티드캐스터오일, 마트리카리아꽃추출물, 글리세릴카프릴레이트, 알지닌, 카보머, 에틸헥실글리세린, 소듐하이알루로네이트, 글리세릴아크릴레이트/아크릴릭애씨드코폴리머, 피브이엠/엠에이코폴리머, 라임추출물, 레몬추출물, 사과추출물, 포도추출물, 다이소듐이디티에이, 향료",네이처리퍼블릭,리얼 네이처 마스크 시트 [오렌지],57591,,
23ml * 20매,,(주)이미인/네이처리퍼블릭,"정제수, 글리세린, 다이프로필렌글라이콜, 에탄올, 하이드록시에틸셀룰로오스, 부틸렌글라이콜, 1,2-헥산다이올, 모란뿌리추출물, 병풀추출물, 트레할로오스, 피이지-60하이드로제네이티드캐스터오일, 마트리카리아꽃추출물, 캐모마일꽃추출물, 글리세릴카프릴레이트, 알지닌, 카보머, 에틸헥실글리세린, 소듐하이알루로네이트, 글리세릴아크릴레이트/아크릴릭애씨드코폴리머, 피브이엠/엠에이코폴리머, 녹차추출물, 도둑놈의지팡이뿌리추출물, 인동덩굴꽃추출물, 복사나무잎추출물, 작약뿌리추출물, 은행나무잎추출물, 황금추출물, 다이소듐이디티에이, 향료",네이처리퍼블릭,리얼 네이처 마스크 시트 [캐모마일],46362,,
3g,,한국콜마(주)/네이처리퍼블릭,"비스-베헤닐/아이소스테아릴/피토스테릴다이머다이리놀레일다이머다이리놀리에이트,비스-다이글리세릴폴리아실아디페이트-2,다이아이소스테아릴말레이트,하이드로제네이티드폴리아이소부텐,마이크로크리스탈린왁스,멘톤글리세린아세탈,파라핀,꿀추출물,망고추출물,프로방스장미꽃추출물,로즈힙열매추출물,달맞이꽃오일,동백나무씨오일,살구씨오일,스위트아몬드오일,아르간커넬오일,올리브오일,호호바씨오일,바닐릴부틸에터,토코페릴아세테이트,폴리하이드록시스테아릭애씨드,레시틴,아이소스테아릭애씨드,아이소프로필미리스테이트,에틸헥실팔미테이트,폴리글리세릴-2트라이아이소스테아레이트,티타늄/티타늄다이옥사이드,티타늄디옥사이드,폴리글리세릴-3폴리리시놀리에이트,정제수,글리세린,1,2-헥산다이올,글루코닉애씨드,시어버터,부틸렌글라이콜,향료,데하이드로아세틱애씨드,적색202호",네이처리퍼블릭,허니 멜팅 립 [12 무드플럼핑],61192,,
300ml,,(주)서울화장품 / 네이처리퍼블릭,"정제수,에탄올,프로필렌글라이콜,다이프로필렌글라이콜,카보머,알로에베라잎즙,트로메타민,C12-14파레스-12,1,2-헥산다이올,부틸렌글라이콜,카프릴릴글라이콜,펜틸렌글라이콜,베타인,하이드록시아세토페논,향료,글리세린,다이소듐이디티에이,글리세릴폴리아크릴레이트,소듐하이알루로네이트,폴리글루타믹애씨드,스피어민트추출물,레몬밤추출물,포트마리골드꽃추출물,에틸헥실글리세린,리날룰,리모넨",네이처리퍼블릭,수딩 앤 모이스처 알로에베라 수딩젤,73555,,
200ml,,(주)서울화장품/네이처리퍼블릭,"변성알코올, 다이메틸에터, 아크릴레이트/옥틸아크릴아마이드코폴리머, 아미노메틸프로판올, 정제수, 페퍼민트잎추출물, 로즈마리잎추출물, 프리지아추출물, 마트리카리아꽃추출물, 라벤더추출물, 베르가못잎추출물, 부틸렌글라이콜, 1,2-헥산다이올, 에틸헥실글리세린, 향료, 리날룰, 리모넨, 시트로넬롤, 하이드록시시트로넬알",네이처리퍼블릭,헤어 앤 네이처 퍼펙트 스타일링 헤어 스프레이,48324,,
5g,,코스맥스(주)/네이처리퍼블릭,"마이카 (CI 77019), 합성플루오르플로고파이트, 티타늄디옥사이드 (CI 77891), 옥틸도데실스테아로일스테아레이트, 에이치디아이/트라이메틸올헥실락톤크로스폴리머, 탤크, 다이메티콘, 실리카, 알루미늄전분옥테닐석시네이트, 글리세린, 적색산화철 (CI 77491), 아이소프로필팔미테이트, 사라수씨버터, 동백나무꽃추출물, 연꽃꽃추출물, 알바수련꽃추출물, 세룰라타벚나무꽃추출물, 장미꽃추출물, 복사나무꽃추출물, 마그네슘미리스테이트, 펜틸렌글라이콜, 폴리솔베이트20, 트라이에톡시카프릴릴실레인, 아크릴아마이드/소듐아크릴로일다이메틸타우레이트코폴리머, 마그네슘알루미늄실리케이트, 솔비탄올리베이트, 솔비탄스테아레이트, 비닐다이메티콘/메티콘실세스퀴옥세인크로스폴리머, 아이소헥사데칸, 에틸헥실글리세린, 폴리솔베이트80, 알루미늄하이드록사이드, 메티콘, 아이소프로필티타늄트라이아이소스테아레이트, 솔비탄올리에이트, 부틸렌글라이콜, 토코페롤, 틴옥사이드 (CI 77861), 세테아릴알코올, 페녹시에탄올, 포타슘솔베이트, 소듐데하이드로아세테이트, 향료, 적색226호 (CI 73360), 황색산화철 (CI 77492), 울트라마린 (CI 77007), 흑색산화철 (CI 77499)",네이처리퍼블릭,베이크드 블러셔 [02 러블리튤립],50492,,
23ml * 20매,,(주)이미인 / 네이처리퍼블릭,"정제수, 다이프로필렌글라이콜, 세틸에틸헥사노에이트, 글리세린, 폴리글리세릴-3메틸글루코오스다이스테아레이트, 다이메티콘, 글리세릴스테아레이트, 피이지-100스테아레이트, 부틸렌글라이콜, 모란뿌리추출물, 병풀추출물, 1,2-헥산다이올, 카보머, 하이드록시에틸셀룰로오스, 아보카도열매추출물, 마트리카리아꽃추출물, 글리세릴카프릴레이트, 포타슘하이드록사이드, 에틸헥실글리세린, 겐티아나뿌리추출물, 서양톱풀추출물, 쓴쑥추출물, 아르니카 몬타나꽃추출물, 다이소듐이디티에이, 향료, 부틸페닐메틸프로피오날, 헥실신남알, 하이드록시시트로넬알, 리날룰",네이처리퍼블릭,리얼 네이처 마스크 시트 [아보카도],57552,,
30ml*2,,(주)코스맥스/네이처리퍼블릭,"정제수, 글리세린, 시어버터, 에틸헥실스테아레이트, 폴리메틸실세스퀴옥세인, 1,2-헥산다이올, 세테아릴알코올, 글리세릴스테아레이트에스이, 향료, 클로렐라 불가리스추출물, 복숭아추출물, 다이메티콘, 하이드로제네이티드코코-글리세라이즈, 글리세릴스테아레이트, 피이지-100스테아레이트, 부틸렌글라이콜, 아크릴레이트/C10-30알킬아크릴레이트크로스폴리머, 카프릴릴글라이콜, 글루코오스, 트로메타민, 팔미틱애씨드, 프룩토올리고사카라이드, 프룩토오스, 스테아릭애씨드, 카프릴릭/카프릭트라이글리세라이드, 에틸헥실글리세린, 하이드로제네이티드레시틴, 소듐파이테이트, 하이드록시에틸아크릴레이트/소듐아크릴로일다이메틸타우레이트코폴리머, 세라마이드엔피, 베타-글루칸, 토코페롤, 리모넨, 제라니올",네이처리퍼블릭,핸드 앤 네이처 핸드크림 [피치 리퀴어],59651,,
150ml,,(주)서울화장품/네이처리퍼블릭,"정제수, 글리세린, 미리스틱애씨드, 스테아릭애씨드, 포타슘하이드록사이드, 라우릭애씨드, 다이프로필렌글라이콜, 팔미틱애씨드, 하이드레이티드실리카, 피이지-8, 피이지-32, 코카마이드엠이에이, 코카미도프로필베타인, 솔비톨, 피이지-100스테아레이트, 글리세릴스테아레이트, 탄산수, 페녹시에탄올, 향료, 소듐클로라이드, 폴리글리세릴-6폴리리시놀리에이트, 폴리쿼터늄-7, 일라이트, 아라키딕애씨드, 에칠헥실메톡시신나메이트, 다이소듐이디티에이, 몬모릴로나이트, 크로뮴옥사이드그린, 흑색산화철, 카올린, 올레익애씨드, 황색산화철, 1,2-헥산다이올, 다마스크장미꽃추출물, 소듐벤조에이트, 부틸렌글라이콜, 로즈마리꽃추출물, 자이언트켈프추출물, 다시마추출물, 납작파래추출물, 겔리듐 카르틸라기네움추출물, 개청각추출물, 트라이에톡시카프릴릴실레인, 에틸헥실글리세린, 라벤더꽃추출물, 헥실신남알",네이처리퍼블릭,제주 탄산 머드 폼클렌징,71734,,
220ml,,(주)서울화장품/네이처리퍼블릭,"정제수, 사이클로펜타실록세인, 다이프로필렌글라이콜, 아르간커넬오일, 피이지-12다이메티콘, 페녹시에탄올, 메틸파라벤, 폴리쿼터늄-6, 다이메티콘, 폴리쿼터늄-16, 창포뿌리추출물, 부틸렌글라이콜, 하이드록시프로필트라이모늄하이드롤라이즈드케라틴, 달맞이꽃오일, 올리브오일, 락틱애씨드, 1,2-헥산다이올, 콘민트잎추출물, 산구절초추출물, 에틸헥실글리세린, 스페인감초뿌리추출물, 석창포뿌리/줄기추출물, 구기자추출물, 서양측백나무잎추출물, 뽕나무뿌리추출물, 인삼추출물, 도꼬마리열매추출물, 향료, 시트로넬올, 리모넨, 제라니올, 헥실신남알, 하이드록시시트로넬알, 리날룰",네이처리퍼블릭,아르간 에센셜 수분 헤어 미스트,46366,,
40ml X 2,,코스맥스/네이처리퍼블릭,"정제수,옥토크릴렌,티타늄디옥사이드 (CI 77891),호모살레이트,에칠헥실살리실레이트,글리세린,하이드로제네이티드폴리(C6-14올레핀),페닐벤즈이미다졸설포닉애씨드,부틸옥틸살리실레이트,나이아신아마이드,프로판다이올,다이카프릴릴에터,세테아릴알코올,트로메타민,부틸렌글라이콜,스핑고모나스발효추출물,바오밥나무잎추출물,락토바실러스/석류발효추출물,자몽추출물,하이알루로닉애씨드,류코노스톡/무발효여과물,비치스트로베리추출물,하이드롤라이즈드하이알루로닉애씨드,소듐하이알루로네이트,비닐다이메티콘,1,2-헥산다이올,펜틸렌글라이콜,C13-15알케인,폴리글리세릴-3다이스테아레이트,다이메티콘/비닐다이메티콘크로스폴리머,비스-에칠헥실옥시페놀메톡시페닐트리아진,폴리하이드록시스테아릭애씨드,알루미늄하이드록사이드,소듐아크릴레이트/소듐아크릴로일다이메틸타우레이트코폴리머,다이프로필렌글라이콜,스테아릭애씨드,소듐폴리아크릴로일다이메틸타우레이트,다이메티콘올,트라이실록세인,폴리메틸메타크릴레이트,폴리아이소부텐,하이드록시아세토페논,소듐스테아로일글루타메이트,폴리프로필실세스퀴옥세인,글리세릴스테아레이트시트레이트,마이크로크리스탈린셀룰로오스,아데노신,카프릴릴/카프릴글루코사이드,솔비탄올리에이트,트라이에톡시카프릴릴실레인,사이아노코발아민,셀룰로오스검,토코페롤,카프릴릭/카프릭트라이글리세라이드,하이드로제네이티드레시틴,세라마이드엔피,에틸헥실글리세린,메틸프로판다이올,향료",네이처리퍼블릭,유브이컷 바오밥 선크림 [SPF50+/PA++++] [톤업],71973,,
150ml,,한국콜마(주)/네이처리퍼블릭,"정제수, 소듐코코일이세티오네이트, 글리세린, 소듐메틸코코일타우레이트, 메틸프로판다이올, 포타슘코코에이트, 글라이콜다이스테아레이트, 글라이콜스테아레이트, 병풀추출물, 프로폴리스추출물, 한련초잎추출물, 다시마추출물, 무화과추출물, 줄맨드라미씨추출물, 당느릅나무뿌리추출물, 티트리추출물, 티트리꽃/잎/줄기추출물, 라벤더오일, 티트리잎수, 오렌지오일, 필리핀오렌지껍질오일, 리씨열매오일, 캐모마일꽃오일, 하이드로제네이티드레시틴, 소듐클로라이드, 살리실릭애씨드, 시트릭애씨드, 데실렌글라이콜, 다이소듐이디티에이, 부틸렌글라이콜, 다이프로필렌글라이콜, 토코페롤, 프룩토올리고사카라이드, 베타-글루칸, 하이드롤라이즈드하이알루로닉애씨드, 세라마이드엔피, 드럼스틱씨오일, 글루코노락톤, 4-터피네올, 마데카소사이드, 마데카식애씨드, 아시아티코사이드, 아시아틱애씨드, 1,2-헥산다이올, 피토스핑고신, 하이드록시아세토페논, 에틸헥실글리세린, 리모넨, 리날룰, 시트랄",네이처리퍼블릭,그린더마 티트리 시카 아크네 폼클렌징,34446,,
100ml,,(주)서울화장품/네이처리퍼블릭,"정제수, 사이클로펜타실록세인, 프로필렌글라이콜, 다이메티콘, 글리세린, 브이피/브이에이코폴리머, 폴리아크릴아마이드, 사이클로헥사실록세인, 아르간커넬오일, C13-14아이소파라핀, 아모다이메티콘, 브이피/메타크릴아마이드/비닐이미다졸코폴리머, 아크릴레이트/스테아레스-20이타코네이트코폴리머, 페녹시에탄올, 트로메타민, 솔비탄이소스테아레이트, 라우레스-7, 카프릴릴글라이콜, 1,2-헥산다이올, 호호바씨오일, 세트리모늄클로라이드, 트라이데세스 -3, 트라이데세스-15, 다이소듐이디티에이, 에탄올, 페닐프로판올, 프로판다이올, 아세틱애씨드, 토코페롤, 부틸렌글라이콜, 라벤더추출물, 프리지어추출물, 로즈마리잎추출물, 마트리카리아꽃추출물, 베르가못잎추출물, 페퍼민트잎추출물, 하이드롤라이즈드콜라겐, 하이드롤라이즈드케라틴, 피브이피, 에틸헥실글리세린, 드럼스틱씨추출물, 다이소듐포스페이트, 에틸헥산다이올, 시트릭애씨드, 하이드롤라이즈드옥수수단백질, 하이드롤라이즈드콩단백질, 하이드롤라이즈드밀단백질, 향료, 시트로넬올, 리모넨, 제라니올, 헥실신남알, 하이드록시시트로넬알, 리날룰",네이처리퍼블릭,아르간 에센셜 컬링 에센스,46367,,
12g,,(주)코스맥스/네이처리퍼블릭,"탤크, 폴리메틸실세스퀴옥세인, 옥틸도데실스테아로일스테아레이트, 다이메티콘, 카프릴릭/카프릭트라이글리세라이드, 다이페닐다이메티콘/비닐다이페닐다이메티콘/실세스퀴옥세인크로스폴리머, 카프릴릴글라이콜, 에틸헥실글리세린, 알란토인, 라우로일라이신, 트라이에톡시카프릴릴실레인, 나일론-12, 메티콘, 토코페롤, 향료, 적색산화철 (CI 77491), 황색산화철 (CI 77492), 마이카 (CI 77019), 흑색산화철 (CI 77499)",네이처리퍼블릭,프로방스 픽서 팩트 [01 핑크],49268,,
50매(205g),,(주)제일참 / 네이처리퍼블릭,"정제수, 부틸렌글라이콜, 피이지-7글리세릴코코에이트, 사이클로펜타실록세인, 사이클로헥사실록세인, 피이지-8, 세틸에틸헥사노에이트, 피이지-15글리세릴아이소스테아레이트, 피이지-40하이드로제네이티드캐스터오일, 폴록사머184, 올리브오일, 탄산수, 하이드록시에틸아크릴레이트/소듐아크릴로일다이메틸타우레이트코폴리머, 알란토인, 다이소듐이디티에이, 클로페네신, 소듐벤조에이트, 시트릭애씨드, 향료",네이처리퍼블릭,제주 탄산 클렌징 티슈,57724,,
150ml,,한국콜마(주)/네이처리퍼블릭,"해수, 프로판다이올, 다이프로필렌글라이콜, 베타인, 1,2-헥산다이올, 펜틸렌글라이콜, 무화과추출물, 병풀추출물, 감태추출물, 개청각추출물, 겔리듐 카르틸라기네움추출물, 납작파래추출물, 다시마추출물, 두날리엘라 살리나추출물, 록샘파이어추출물, 모자반추출물, 미역추출물, 바다포도추출물, 방사무늬돌김추출물, 블래더랙추출물, 슈가켈프추출물, 슈도알테로모나스발효추출물, 스피룰리나 막시마추출물, 스피룰리나 플라텐시스추출물, 아이리쉬모스추출물, 야니아 루벤스추출물, 오카무라큰실말추출물, 자이언트켈프추출물, 참갈파래추출물, 참미역추출물, 청각추출물, 클로렐라 미누티시마추출물, 클로렐라 불가리스추출물, 톳추출물, 퉁퉁마디추출물, 플랑크톤추출물, 해마토코쿠스 플루비알리스추출물, 호스테일켈프추출물, 스페인감초뿌리추출물, 작약뿌리추출물, 천궁뿌리추출물, 칡뿌리추출물, 쇠비름추출물, 하이드로제네이티드레시틴, 수용성콜라겐, 알로에베라잎즙, 소듐하이알루로네이트, 정제수, 옥틸도데세스-16, 글리세린, 하이드록시아세토페논, 아크릴레이트/C10-30알킬아크릴레이트크로스폴리머, 트로메타민, 에틸헥실글리세린, 부틸렌글라이콜, 다이소듐이디티에이, 세라마이드엔피, 씨솔트, 토코페롤, 잔탄검, 카프릴릴글라이콜, 노나펩타이드-1, 아세틸헥사펩타이드-8, 카퍼트라이펩타이드-1, 트라이펩타이드-1, 팔미토일테트라펩타이드-7, 팔미토일트라이펩타이드-1, 팔미토일펜타펩타이드-4, 헥사펩타이드-9, 향료, 개다시마추출물, 거머리말추출물",네이처리퍼블릭,슈퍼 아쿠아 맥스 수분 토너,34315,,
40ml X 2,,코스맥스/네이처리퍼블릭,"정제수,에틸헥실팔미테이트,티타늄디옥사이드 (CI 77891),사이클로펜타실록세인,부틸옥틸살리실레이트,글리세린,다이부틸아디페이트,디에칠아미노하이드록시벤조일헥실벤조에이트,나이아신아마이드,펜틸렌글라이콜,1,2-헥산다이올,바오밥나무잎추출물,하이알루로닉애씨드,하이드롤라이즈드하이알루로닉애씨드,소듐하이알루로네이트,에칠헥실트리아존,페닐트라이메티콘,트라이세테아레스-4포스페이트,글라이콜스테아레이트,포타슘세틸포스페이트,글리세릴스테아레이트,피이지-100스테아레이트,알루미늄하이드록사이드,피이지-2스테아레이트,메칠렌비스-벤조트리아졸릴테트라메칠부틸페놀,스테아릭애씨드,폴리하이드록시스테아릭애씨드,폴리솔베이트60,아크릴레이트/C10-30알킬아크릴레이트크로스폴리머,실리카,트로메타민,소듐폴리아크릴로일다이메틸타우레이트,네오펜틸글라이콜다이에틸헥사노에이트,아이소도데케인,옥틸도데칸올,데실글루코사이드,소듐아크릴레이트/소듐아크릴로일다이메틸타우레이트코폴리머,에틸헥실글리세린,아이소헥사데칸,아데노신,트라이소듐에틸렌다이아민다이석시네이트,트라이에톡시카프릴릴실레인,폴리솔베이트80,폴리글리세릴-4아이소스테아레이트,아이소프로필티타늄트라이아이소스테아레이트,솔비탄올리에이트,토코페롤,카프릴릭/카프릭트라이글리세라이드,부틸렌글라이콜,하이드로제네이티드레시틴,세라마이드엔피,카보머,잔탄검,향료,황색산화철 (CI 77492),적색산화철 (CI 77491),흑색산화철 (CI 77499)",네이처리퍼블릭,유브이컷 바오밥 선크림 [SPF50+/PA++++] [파데프리],71974,,
28g X 2EA,,코스맥스 / 네이처리퍼블릭,"징크옥사이드 (CI 77947),카프릴릴메티콘,합성왁스,코코-카프릴레이트/카프레이트,부틸렌글라이콜다이카프릴레이트/다이카프레이트,아이소노닐아이소노나노에이트,메틸메타크릴레이트크로스폴리머,부틸옥틸살리실레이트,아크릴레이트코폴리머,마이크로크리스탈린왁스,폴리메틸메타크릴레이트,비닐다이메티콘/메티콘실세스퀴옥세인크로스폴리머,아이소프로필팔미테이트,폴리하이드록시스테아릭애씨드,동백나무씨오일,로즈마리잎오일,알로에베라잎추출물,클레리오일,호호바씨오일,쑥잎추출물,락토바실러스발효용해물,페닐트라이메티콘,실리카,트라이에톡시카프릴릴실레인,폴리글리세릴-4다이아이소스테아레이트/폴리하이드록시스테아레이트/세바케이트,폴리글리세릴-2다이폴리하이드록시스테아레이트,글리세릴카프릴레이트,정제수,부틸렌글라이콜,토코페롤,마데카소사이드,글리세린,베타-시토스테롤,1,2-헥산다이올,폴리글리세릴-10스테아레이트,하이드로제네이티드레시틴,에틸헥실글리세린,잔탄검,아틀라스시다나무껍질오일",네이처리퍼블릭,캘리포니아 알로에 진정 선스틱 [SPF50+/PA++++],77679,,
150ml,,코스맥스(주)/네이처리퍼블릭,"정제수, 다이프로필렌글라이콜, 피이지-8, 변성알코올, 피이지-7글리세릴코코에이트, C12-14알케스-12, 아이소프로필미리스테이트, 글리세린, 메틸프로판다이올, 알로에베라잎즙, 비스-에톡시다이글라이콜사이클로헥산1,4-다이카복실레이트, 아크릴레이트/C10-30알킬아크릴레이트크로스폴리머, 피이지-6카프릴릭/카프릭글리세라이즈, 트로메타민, 카프릴릴글라이콜, 에틸헥산다이올, 아이소프로필팔미테이트, 부틸렌글라이콜, 페녹시에탄올, 향료, 리모넨, 리날룰",네이처리퍼블릭,수딩 앤 모이스처 알로에베라 클렌징 젤 크림,50889,,
30매(350ml),,(주)엠엘에스 / 네이처리퍼블릭,"정제수,프로판다이올,다이프로필렌글라이콜,글리세레스-26,1,2-헥산다이올,하이드록시아세토페논,베타인,해수,알란토인,알지닌,카보머,폴리글리세릴-10라우레이트,폴리글리세릴-4라우레이트,아데노신,셀룰로오스검,잔탄검,부틸렌글라이콜,다이소듐이디티에이,향료,소듐하이알루로네이트,모란뿌리추출물,에틸헥실글리세린,하이드롤라이즈드하이알루로닉애씨드,소듐디엔에이,카퍼트라이펩타이드-1,아세틸헥사펩타이드-8,팔미토일펜타펩타이드-4,소듐아세틸레이티드하이알루로네이트,팔미토일테트라펩타이드-7,팔미토일트라이펩타이드-1",네이처리퍼블릭,인텐스 멀티 마린 피디알엔 뽑아쓰는 데일리 마스크팩,69205,,
250ml,,(주)서울화장품 / 네이처리퍼블릭,"수딩 앤 모이스처 알로에베라 수딩젤(튜브) 정제수,에탄올,프로필렌글라이콜,다이프로필렌글라이콜,카보머,알로에베라잎즙,트로메타민,C12-14파레스-12,1,2-헥산다이올,부틸렌글라이콜,카프릴릴글라이콜,펜틸렌글라이콜,베타인,하이드록시아세토페논,향료,글리세린,다이소듐이디티에이,글리세릴폴리아크릴레이트,소듐하이알루로네이트,폴리글루타믹애씨드,스피어민트추출물,레몬밤추출물,포트마리골드꽃추출물,에틸헥실글리세린,리날룰,리모넨",네이처리퍼블릭,수딩 앤 모이스처 알로에베라 수딩젤,73553,,
150ml,,코스맥스(주)/네이처리퍼블릭,"정제수, 글리세린, 스테아릭애씨드, 미리스틱애씨드, 포타슘하이드록사이드, 하이드로제네이티드팜애씨드, 팔미틱애씨드, 라우릭애씨드, 돌콩추출물, 퀼라자껍질추출물, 맥아추출물, 글리세릴스테아레이트에스이, 코코-글루코사이드, 아크릴레이트/C10-30알킬아크릴레이트크로스폴리머, 소듐코코일이세티오네이트, 폴리쿼터늄-7, 소듐파이테이트, 1,2-헥산다이올, 알로에베라잎폴리사카라이드, 부틸렌글라이콜, 에틸헥산다이올, 펜틸렌글라이콜, 시트릭애씨드, 옥탄다이올, 에틸헥실글리세린, 카프릴릴글라이콜, 소듐벤조에이트, 향료, 리날룰, 헥실신남알, 황색4호 (CI 19140), 청색1호 (CI 42090)",네이처리퍼블릭,수딩 앤 모이스처 알로에베라 폼클렌징,45270,,
50ml,,코스맥스/네이처리퍼블릭,"정제수, 티타늄디옥사이드 (CI 77891), 에틸헥실팔미테이트, 에칠헥실메톡시신나메이트, 징크옥사이드 (CI 77947), 네오펜틸글라이콜다이에틸헥사노에이트, 글리세린, 사이클로펜타실록세인, 부틸렌글라이콜, 피이지-30다이폴리하이드록시스테아레이트, 다이메티콘, 카프릴릭/카프릭트라이글리세라이드, 다이아이소스테아릴말레이트, 나이아신아마이드, 펜틸렌글라이콜, 다이스테아다이모늄헥토라이트, 하이드로제네이티드폴리데센, 클로렐라 불가리스추출물, 홍삼추출물, 하이드롤라이즈드식물성단백질, 인삼열매추출물, 흰목이버섯추출물, 로얄젤리추출물, 소듐하이알루로네이트, 수용성콜라겐, 지모뿌리추출물, 하이드롤라이즈드하이알루로닉애씨드, 하이알루로닉애씨드, 세틸피이지/피피지-10/1다이메티콘, 마그네슘설페이트, 솔비탄올리베이트, 합성플루오르플로고파이트, 보론나이트라이드, 알루미늄하이드록사이드, 트라이에톡시카프릴릴실레인, 스테아릭애씨드, 글루코오스, 다이메티콘/비닐다이메티콘크로스폴리머, 프룩토올리고사카라이드, 프룩토오스, 비닐다이메티콘/메티콘실세스퀴옥세인크로스폴리머, 에틸헥실글리세린, 아데노신, 트라이소듐에틸렌다이아민다이석시네이트, 1,2-헥산다이올, 에틸헥산다이올, 하이드로제네이티드폴리아이소부텐, 말토덱스트린, 펜타에리스리틸테트라-다이-t-부틸하이드록시하이드로신나메이트, 메틸프로판다이올, 팔미토일트라이펩타이드-5, 하이드록시프로필트라이모늄하이알루로네이트, 소듐아세틸레이티드하이알루로네이트, 토코페롤, 하이드롤라이즈드소듐하이알루로네이트, 소듐하이알루로네이트크로스폴리머, 포타슘하이알루로네이트, 페녹시에탄올, 향료, 헥실신남알, 리날룰, 벤질벤조에이트, 알파-아이소메틸아이오논, 리모넨, 황색산화철 (CI 77492), 적색산화철 (CI 77491), 마이카 (CI 77019), 흑색산화철 (CI 77499), 금 (CI 77480)",네이처리퍼블릭,진생 앰플 비비크림 [SPF30/PA++] [라이트베이지],48154,,
9g,,코스맥스(주)/네이처리퍼블릭,"마이카 (CI 77019), 티타늄디옥사이드 (CI 77891), 탤크, 실리카, 나일론-12, 에칠헥실메톡시신나메이트, 징크옥사이드 (CI 77947), 다이아이소스테아릴말레이트, 네오펜틸글라이콜다이에틸헥사노에이트, 황색산화철 (CI 77492), 알로에베라잎추출물, 코코넛야자오일, 아르간커넬오일, 드럼스틱씨추출물, 포트마리골드꽃추출물, 히비스커스꽃추출물, 로즈힙열매추출물, 라벤더꽃추출물, 레몬버베나잎추출물, 레몬밤추출물, 페퍼민트잎추출물, 다마스크장미꽃추출물, 로즈마리잎추출물, 살비아잎추출물, 타임잎추출물, 유럽피나무꽃추출물, 하이드로제네이티드폴리(C6-14올레핀), 마그네슘미리스테이트, 메티콘, 카프릴릭/카프릭트라이글리세라이드, 다이메티콘, 하이드로제네이티드레시틴, 카프릴릴글라이콜, 에틸헥실글리세린, 라우로일라이신, 알루미늄하이드록사이드, 트라이에톡시카프릴릴실레인, 정제수, 말토덱스트린, 토코페롤, 부틸렌글라이콜, 1,2-헥산다이올, 향료, 리모넨, 리날룰, 헥실신남알, 적색산화철 (CI 77491), 흑색산화철 (CI 77499), 울트라마린 (CI 77007)",네이처리퍼블릭,네이처 오리진 커버 투웨이 팩트 [SPF30/PA+++] [1호 라이트베이지],58611,,
7.5g,,화성코스메틱 / 네이처리퍼블릭,"아이소데실아이소노나노에이트,실리카,옥틸도데실스테아로일스테아레이트,합성왁스,펜타에리스리틸테트라아이소스테아레이트,C12-15알킬벤조에이트,카프릴릭/카프릭트라이글리세라이드,일라이트,합성플루오르플로고파이트,솔비탄아이소스테아레이트,바륨설페이트,페녹시에탄올,토코페릴아세테이트,솔비탄세스퀴올리에이트,라우릴폴리글리세릴-3폴리다이메틸실록시에틸다이메티콘,스테아랄코늄헥토라이트,카프릴릴글라이콜,아이소프로필티타늄트라이아이소스테아레이트,프로필렌카보네이트,알루미늄하이드록사이드,향료,에틸헥실글리세린,트라이에톡시카프릴릴실레인,정제수,시어버터,부틸렌글라이콜,글리세린,토코페롤,1,2-헥산다이올,소듐하이알루로네이트,낫토검,비치스트로베리추출물,크랜베리추출물,서양산딸기추출물,로우스위트블루베리추출물,티타늄디옥사이드,적색104호의(1),황색4호,적색산화철,황색산화철,흑색산화철,청색1호",네이처리퍼블릭,멜팅 스틱 블러셔 [04 리치 버터],73983,,
15g*2 (리필포함),,코스맥스 / 네이처리퍼블릭,"정제수,티타늄디옥사이드 (CI 77891),사이클로펜타실록세인,에칠헥실메톡시신나메이트,에칠헥실살리실레이트,메틸트라이메티콘,프로판다이올,트라이메틸실록시실리케이트,아이소도데케인,나이아신아마이드,페닐프로필트라이메티콘,라우릴피이지-10트리스(트라이메틸실록시)실릴에틸다이메티콘,바륨설페이트,합성플루오르플로고파이트,1,2-헥산다이올,C12-15알킬벤조에이트,황색산화철 (CI 77492),글리세린,홍삼추출물,로얄젤리추출물,하이드롤라이즈드식물성단백질,인삼열매추출물,흰목이버섯추출물,소듐하이알루로네이트,수용성콜라겐,지모뿌리추출물,하이드롤라이즈드하이알루로닉애씨드,하이알루로닉애씨드,세틸피이지/피피지-10/1다이메티콘,비닐다이메티콘/메티콘실세스퀴옥세인크로스폴리머,아크릴레이트/스테아릴아크릴레이트/다이메티콘메타크릴레이트코폴리머,실리카,다이스테아다이모늄헥토라이트,마그네슘설페이트,폴리하이드록시스테아릭애씨드,솔비탄아이소스테아레이트,스테아릭애씨드,트라이에톡시카프릴릴실레인,부틸렌글라이콜,알루미나,알루미늄하이드록사이드,글리세릴카프릴레이트,실리카다이메틸실릴레이트,아데노신,트라이소듐에틸렌다이아민다이석시네이트,마그네슘미리스테이트,에틸헥산다이올,토코페롤,하이드로제네이티드폴리아이소부텐,말토덱스트린,메틸프로판다이올,팔미토일트라이펩타이드-5,하이드록시프로필트라이모늄하이알루로네이트,에틸헥실글리세린,소듐아세틸레이티드하이알루로네이트,하이드롤라이즈드소듐하이알루로네이트,소듐하이알루로네이트크로스폴리머,포타슘하이알루로네이트,향료,헥실신남알,리날룰,벤질벤조에이트,알파-아이소메틸아이오논,리모넨,적색산화철 (CI 77491),흑색산화철 (CI 77499),금 (CI 77480)",네이처리퍼블릭,진생 앰플 쿠션 [SPF50+/PA+++] [N23 내추럴베이지],72298,,
50ml,,코스맥스 / 네이처리퍼블릭,"정제수,다이부틸아디페이트,프로판다이올,디에칠아미노하이드록시벤조일헥실벤조에이트,펜틸렌글라이콜,폴리메틸실세스퀴옥세인,에칠헥실트리아존,메칠렌비스-벤조트리아졸릴테트라메칠부틸페놀,코코-카프릴레이트/카프레이트,카프릴릴메티콘,디에칠헥실부타미도트리아존,부틸렌글라이콜,글리세린,로즈마리잎오일,알로에베라잎추출물,클레리오일,쑥잎추출물,폴리C10-30알킬아크릴레이트,폴리글리세릴-3메틸글루코오스다이스테아레이트,마이크로크리스탈린셀룰로오스,데실글루코사이드,트로메타민,아크릴레이트/C10-30알킬아크릴레이트크로스폴리머,카프릴릴글라이콜,하이드록시아세토페논,소듐스테아로일글루타메이트,토코페롤,마데카소사이드,하이드로제네이티드레시틴,스테아릭애씨드,세라마이드엔피,콜레스테롤,피토스핑고신,세라마이드엔지,세라마이드엔에스,세라마이드에이피,세라마이드에이에스,세라마이드이오피,베헤닐알코올,카보머,잔탄검,세테아릴알코올,아틀라스시다나무껍질오일",네이처리퍼블릭,캘리포니아 알로에 진정 수분 선크림 [SPF50+/PA++++],77680,,
7.5g,,화성코스메틱 / 네이처리퍼블릭,"아이소데실아이소노나노에이트,실리카,옥틸도데실스테아로일스테아레이트,합성왁스,펜타에리스리틸테트라아이소스테아레이트,C12-15알킬벤조에이트,카프릴릭/카프릭트라이글리세라이드,일라이트,합성플루오르플로고파이트,솔비탄아이소스테아레이트,바륨설페이트,페녹시에탄올,토코페릴아세테이트,솔비탄세스퀴올리에이트,라우릴폴리글리세릴-3폴리다이메틸실록시에틸다이메티콘,스테아랄코늄헥토라이트,카프릴릴글라이콜,아이소프로필티타늄트라이아이소스테아레이트,알루미늄하이드록사이드,프로필렌카보네이트,향료,에틸헥실글리세린,트라이에톡시카프릴릴실레인,정제수,시어버터,부틸렌글라이콜,글리세린,토코페롤,1,2-헥산다이올,소듐하이알루로네이트,낫토검,비치스트로베리추출물,크랜베리추출물,서양산딸기추출물,로우스위트블루베리추출물,티타늄디옥사이드,적색104호의(1),황색4호,적색산화철,황색산화철,흑색산화철,청색1호",네이처리퍼블릭,멜팅 스틱 블러셔 [02 베리 버터],73981,,
50ml,,한국콜마(주)/네이처리퍼블릭,"해수, 글리세린, 1,2-헥산다이올, 프로판다이올, 부틸렌글라이콜, 정제수, 나이아신아마이드, 다이펜타에리스리틸헥사C5-9애씨드에스터, 메틸프로판다이올, 카프릴릭/카프릭트라이글리세라이드, 다이프로필렌글라이콜, 코코-카프릴레이트/카프레이트, 다시마추출물, 한련초잎추출물, 스페인감초뿌리추출물, 작약뿌리추출물, 천궁뿌리추출물, 칡뿌리추출물, 쇠비름추출물, 감태추출물, 개청각추출물, 겔리듐 카르틸라기네움추출물, 납작파래추출물, 두날리엘라 살리나추출물, 록샘파이어추출물, 모자반추출물, 미역추출물, 바다포도추출물, 방사무늬돌김추출물, 블래더랙추출물, 슈가켈프추출물, 슈도알테로모나스발효추출물, 스피룰리나 막시마추출물, 스피룰리나 플라텐시스추출물, 아이리쉬모스추출물, 야니아 루벤스추출물, 오카무라큰실말추출물, 자이언트켈프추출물, 참갈파래추출물, 참미역추출물, 청각추출물, 클로렐라 미누티시마추출물, 클로렐라 불가리스추출물, 톳추출물, 퉁퉁마디추출물, 플랑크톤추출물, 해마토코쿠스 플루비알리스추출물, 호스테일켈프추출물, 하이드로제네이티드레시틴, 소듐하이알루로네이트, 수용성콜라겐, 알로에베라잎즙, 세테아릴올리베이트, 솔비탄올리베이트, 폴리메틸실세스퀴옥세인, 글리세릴스테아레이트, 세틸에틸헥사노에이트, 폴리글리세릴-2스테아레이트, 카보머, 트로메타민, 스테아릴알코올, 암모늄아크릴로일다이메틸타우레이트/브이피코폴리머, 에틸헥실글리세린, 아데노신, 프룩토올리고사카라이드, 다이소듐이디티에이, 베타-글루칸, 하이드롤라이즈드하이알루로닉애씨드, 잔탄검, 카프릴릴글라이콜, 씨솔트, 토코페롤, 노나펩타이드-1, 아세틸헥사펩타이드-8, 카퍼트라이펩타이드-1, 트라이펩타이드-1, 팔미토일테트라펩타이드-7, 팔미토일트라이펩타이드-1, 팔미토일펜타펩타이드-4, 헥사펩타이드-9, 향료, 개다시마추출물, 거머리말추출물",네이처리퍼블릭,슈퍼 아쿠아 맥스 수분 에센스,34317,,
30ml*2,,(주)코스맥스/네이처리퍼블릭,"정제수, 글리세린, 부틸렌글라이콜, 변성알코올, 다이메티콘, 클로렐라 불가리스추출물, 페퍼민트추출물, 시어버터, 암모늄아크릴로일다이메틸타우레이트/베헤네스-25메타크라일레이트크로스폴리머, 하이드록시에틸아크릴레이트/소듐아크릴로일다이메틸타우레이트코폴리머, 폴리메틸실세스퀴옥세인, 폴리솔베이트20, 하이드록시아세토페논, 카프릴릴글라이콜, 글루코오스, 프룩토올리고사카라이드, 프룩토오스, 에틸헥실글리세린, 1,2-헥산다이올, 피브이엠/엠에이코폴리머, 베타-글루칸, 카프릴릭/카프릭트라이글리세라이드, 하이드로제네이티드레시틴, 세라마이드엔피, 토코페롤, 다이소듐이디티에이, 카보머, 향료, 리모넨, 시트랄, 리날룰",네이처리퍼블릭,핸드 앤 네이처 핸드크림 [가드니아민티],59650,,
9.5g,,씨앤씨 / 네이처리퍼블릭,"정제수,칼슘알루미늄보로실리케이트,칼슘티타늄보로실리케이트,부틸렌글라이콜,글리세린,1,2-헥산다이올,칼슘락테이트,티타늄디옥사이드,실리카,아이리쉬모스,페녹시에탄올,캐롭검,마이카,잔탄검,틴옥사이드,덱스트린,에틸헥실글리세린,향료,벤질벤조에이트,카민,다마스크장미꽃수,소듐하이알루로네이트,소듐하이알루로네이트크로스폴리머,포타슘하이알루로네이트,하이알루로닉애씨드,하이드롤라이즈드하이알루로닉애씨드,하이드롤라이즈드소듐하이알루로네이트,하이드록시프로필트라이모늄하이알루로네이트,카카두플럼추출물,노니열매추출물,까무까무열매추출물,패션프룻열매추출물,인디안구스베리열매추출물,비타민나무열매추출물,소듐아세틸레이티드하이알루로네이트",네이처리퍼블릭,멜팅 스틱 글리터 [01 타로 쿼츠],73985,,
50ml,,코스맥스(주) / 네이처리퍼블릭,"정제수, 글리세린, 부틸렌글라이콜, 글리세레스-26, 프로판다이올, 1,2-헥산다이올, 펜틸렌글라이콜, 카프릴릭/카프릭트라이글리세라이드, 아이리쉬모스추출물, 클로렐라 불가리스추출물, 사탕수수추출물, 인도멀구슬나무잎추출물, 인도멀구슬나무꽃추출물, 아이비고드열매추출물, 호박가루, 가지열매추출물, 울금뿌리추출물, 홀리바질잎추출물, 참산호말추출물, 드럼스틱씨오일, 알로에베라잎추출물, 락토바실러스/석류발효추출물, 알로에베라꽃추출물, 라임추출물, 류코노스톡/무발효여과물, 포도추출물, 베타인, 판테놀, 폴리글리세릴-10라우레이트, 덱스트린팔미테이트/에틸헥사노에이트, 글루코오스, 프룩토올리고사카라이드, 프룩토오스, 트로메타민, 글리세릴글루코사이드, 폴리아크릴레이트크로스폴리머-6, 에틸헥실글리세린, 소듐파이테이트, 알지닌, 베타-글루칸, 말토덱스트린, 토코페롤, 알로에베라잎폴리사카라이드, 에틸헥산다이올, 카보머, 향료, 하이드록시시트로넬알, 제라니올, 리날룰",네이처리퍼블릭,리얼 스퀴즈 알로에베라 에센스,57669,,
15g X 2 (리필 포함),,코스맥스(주) / 네이처리퍼블릭,"티타늄디옥사이드 (CI 77891),사이클로펜타실록산,에칠헥실메톡시신나메이트,에칠헥실살리실레이트,메칠트리메치콘,프로판디올,트리메칠실록시실리케이트,아이소도데케인,합성플루오르플로고파이트,나이아신아마이드,페닐프로필트라이메티콘,라우릴피이지-10트리스(트리메칠실록시)실릴에칠디메치콘,바륨설페이트,1,2-헥산디올,C12-15알킬벤조에이트,글리세린,홍삼추출물,로얄젤리추출물,하이드롤라이즈드식물성단백질,인삼열매추출물,흰목이버섯추출물,소듐하이알루로네이트,수용성콜라겐,지모추출물,하이드롤라이즈드하이알루로닉애씨드,하이알루로닉애씨드,세틸피이지/피피지-10/1디메치콘,비닐디메치콘/메치콘실세스퀴옥산크로스폴리머,아크릴레이트/스테아릴아크릴레이트/디메치콘메타크릴레이트코폴리머,실리카,디스테아디모늄헥토라이트,마그네슘설페이트,폴리하이드록시스테아릭애씨드,소르비탄이소스테아레이트,스테아릭애씨드,트리에톡시카프릴릴실란,부틸렌글라이콜,알루미나,알루미늄하이드록사이드,글리세릴카프릴레이트,실리카디메칠실릴레이트,아데노신,트리소듐에칠렌디아민디석시네이트,마그네슘미리스테이트,에칠헥산디올,토코페롤,하이드로제네이티드폴리이소부텐,말토덱스트린,메칠프로판디올,팔미토일트라이펩타이드-5,하이드록시프로필트리모늄하이알루로네이트,에칠헥실글리세린,소듐아세틸레이티드하이알루로네이트,하이드롤라이즈드소듐하이알루로네이트,소듐하이알루로네이트크로스폴리머,포타슘하이알루로네이트,향료,헥실신남알,리날룰,벤질벤조에이트,알파-아이소메틸아이오논,리모넨,황색산화철 (CI 77492),적색산화철 (CI 77491),흑색산화철 (CI 77499),금 (CI 77480)",네이처리퍼블릭,진생 앰플 쿠션 [SPF50+/PA+++] [N21 라이트베이지],34189,,
52ml,,코스맥스(주) / 네이처리퍼블릭,"정제수, 글리세린, 세틸에틸헥사노에이트, 다이프로필렌글라이콜, 다이메티콘, 세테아릴알코올, 다이 아이소스테아릴말레이트, 나이아신아마이드, 1,2-헥산다이올, 하이드로제네이티드올리브오일, 시어버터, 폴리솔베이트60, 하이드로제네이티드식물성오일, 올리브오일, 올리브오일불검화물, 소듐하이알루로네이트, 병풀잎추출물, 병풀추출물, 카카오추출물, 달팽이점액여과물(0.6376 ppm), 비즈왁스, 판테놀, 글리세릴 스테아레이트,.피이지-100스테아레이트, 암모늄아크릴로일다이메틸타우레이트/브이피코폴리머, 팔미틱애 씨드, 솔비탄세스퀴올리에이트, 스테아릭애씨드, 카프릴릴글라이콜, 소듐폴리아크릴레이트, 소듐파이테이트, 트로메타민, 에틸헥실글리세린, 부틸렌글라이콜, 아데노신, 레시틴, 덱스트린, 세라마이드엔피, 토코페롤, 펜틸렌글라이콜, 마데카소사이드, 카보머, 카라멜, 향료, 리날룰, 시트로넬올",네이처리퍼블릭,스네일 솔루션 크림,72352,,
7.5g,,화성코스메틱 / 네이처리퍼블릭,"아이소데실아이소노나노에이트,실리카,옥틸도데실스테아로일스테아레이트,합성왁스,펜타에리스리틸테트라아이소스테아레이트,C12-15알킬벤조에이트,카프릴릭/카프릭트라이글리세라이드,일라이트,합성플루오르플로고파이트,솔비탄아이소스테아레이트,바륨설페이트,페녹시에탄올,라우릴폴리글리세릴-3폴리다이메틸실록시에틸다이메티콘,토코페릴아세테이트,솔비탄세스퀴올리에이트,스테아랄코늄헥토라이트,카프릴릴글라이콜,프로필렌카보네이트,아이소프로필티타늄트라이아이소스테아레이트,알루미늄하이드록사이드,향료,에틸헥실글리세린,트라이에톡시카프릴릴실레인,정제수,시어버터,부틸렌글라이콜,글리세린,토코페롤,1,2-헥산다이올,소듐하이알루로네이트,낫토검,비치스트로베리추출물,크랜베리추출물,서양산딸기추출물,로우스위트블루베리추출물,티타늄디옥사이드,황색4호,적색201호,적색202호,적색226호,적색104호의(1)",네이처리퍼블릭,멜팅 스틱 블러셔 [03 토마토 버터],73982,,
7.5g,,화성코스메틱 / 네이처리퍼블릭,"아이소데실아이소노나노에이트,실리카,옥틸도데실스테아로일스테아레이트,합성왁스,펜타에리스리틸테트라아이소스테아레이트,C12-15알킬벤조에이트,카프릴릭/카프릭트라이글리세라이드,일라이트,솔비탄아이소스테아레이트,바륨설페이트,합성플루오르플로고파이트,페녹시에탄올,토코페릴아세테이트,솔비탄세스퀴올리에이트,라우릴폴리글리세릴-3폴리다이메틸실록시에틸다이메티콘,스테아랄코늄헥토라이트,카프릴릴글라이콜,아이소프로필티타늄트라이아이소스테아레이트,알루미늄하이드록사이드,프로필렌카보네이트,향료,에틸헥실글리세린,트라이에톡시카프릴릴실레인,정제수,시어버터,부틸렌글라이콜,글리세린,토코페롤,1,2-헥산다이올,소듐하이알루로네이트,낫토검,비치스트로베리추출물,크랜베리추출물,서양산딸기추출물,로우스위트블루베리추출물,티타늄디옥사이드,황색4호,적색104호의(1),적색201호,청색1호",네이처리퍼블릭,멜팅 스틱 블러셔 [01 피치 버터],73980,,
50ml,,코스맥스,"정제수,다이프로필렌글라이콜,부틸렌글라이콜,글리세린,카프릴릴메티콘,세테아릴알코올,비닐다이메티콘,1,2-헥산다이올,카프릴릭/카프릭트라이글리세라이드,트라이에틸헥사노인,녹차씨오일,하이드로제네이티드식물성오일,효모발효추출물,리치추출물,칸디다 봄비콜라/글루코오스/메틸레이프씨데이트발효물,소듐하이알루로네이트,수용성콜라겐,펜틸렌글라이콜,세테아릴올리베이트,합성비즈왁스,하이드록시에틸아크릴레이트/소듐아크릴로일다이메틸타우레이트코폴리머,솔비탄올리베이트,다이메티콘올,글리세릴스테아레이트,트로메타민,암모늄아크릴로일다이메틸타우레이트/브이피코폴리머,소듐아크릴레이트/소듐아크릴로일다이메틸타우레이트코폴리머,글라이콜다이스테아레이트,팔미틱애씨드,폴리아이소부텐,세테아릴글루코사이드,스테아릭애씨드,에틸헥실글리세린,아데노신,다이포타슘글리시리제이트,소듐파이테이트,카프릴릴/카프릴글루코사이드,솔비탄올리에이트,셀룰로오스,폴리글루타믹애씨드,토코페롤,아세틸헥사펩타이드-8,아스코빅애씨드폴리펩타이드,아세틸옥타펩타이드-3,아세틸테트라펩타이드-2,아세틸테트라펩타이드-3,아세틸테트라펩타이드-5,아세틸테트라펩타이드-9,카르노신,카퍼트라이펩타이드-1,노나펩타이드-1,팔미토일펜타펩타이드-4,팔미토일트라이펩타이드-1,팔미토일트라이펩타이드-5,카보머,잔탄검,향료",네이처리퍼블릭,콜라겐 드림 크림,72104,,
150ml,,한국콜마(주) / 네이처리퍼블릭,"편백수, 메틸프로판다이올, 글리세린, 1,2-헥산다이올, 네오펜틸글라이콜다이헵타노에이트, 메틸트라이메티콘, 폴리글리세릴-3메틸글루코오스다이스테아레이트, 프로판다이올, 베헤닐알코올, 글리세릴스테아레이트, 베타인, 편백잎추출물, 다시마추출물, 한련초잎추출물, 병풀추출물, 불가리스쑥추출물, 무화과추출물, 티트리잎추출물, 소나무잎추출물, 하이드로제네이티드레시틴, 라벤더오일, 녹차수, 소듐하이알루로네이트, 자작나무수액, 폴리메틸실세스퀴옥세인, 정제수, 팔미틱애씨드, 스테아릭애씨드, 카보머, 세테아릴알코올, 마이크로크리스탈린셀룰로오스, 다이프로필렌글라이콜, 트로메타민, 글리세릴스테아레이트에스이, 소듐스테아로일글루타메이트, 부틸렌글라이콜, 다이소듐이디티에이, 콜레스테롤, 셀룰로오스검, 프룩토올리고사카라이드, 베타-글루칸, 세라마이드엔피, 하이드롤라이즈드하이알루로닉애씨드, 토코페롤, 팔미토일펜타펩타이드-4, 에틸헥실글리세린, 리모넨, 리날룰",네이처리퍼블릭,포레스트 릴리프 포 맨 에멀젼,59376,,
25ml*2매,,코바스 / 네이처리퍼블릭,"정제수, 다이프로필렌글라이콜, 글리세린, 부틸렌글라이콜, 카프릴릭/카프릭트라이글리세라이드, 나이아신아마이드, 베타인, 1,2-헥산다이올, 펜틸렌글라이콜, 다이메티콘, 하이드록시아세토페논, 구주소나무잎추출물, 알지닌, 스타아니스추출물, 판테놀, 카프릴릴글라이콜, 폴리글리세릴-10아이소스테아레이트, 아크릴레이트/C10-30알킬아크릴레이트크로스폴리머, 폴리글리세릴-10올리에이트, 황금추출물, 다이소듐이디티에이, 소듐하이알루로네이트, 향료, 유자추출물(100ppm), 탱자추출물, 복분자딸기열매추출물, 토마토추출물, 다이포타슘글리시리제이트, 소듐아스코빌포스페이트, 티아민에이치씨엘, 사이아노코발아민, 바이오틴, 아스코빅애씨드, 피리독신, 폴릭애씨드, 리보플라빈",네이처리퍼블릭,콜드 쥬이시 프레시 겔 마스크 [유자브라이트닝],57865,,
4.2g,,(주)코스맥스 / 네이처리퍼블릭,"다이아이소스테아릴말레이트,다이페닐실록시페닐트라이메티콘,비스-다이글리세릴폴리아실아디페이트-2,정제수,하이드로제네이티드폴리아이소부텐,다이페닐다이메티콘,세틸피이지/피피지-10/1다이메티콘,폴리솔베이트60,펜틸렌글라이콜,솔비탄아이소스테아레이트,글리세린,폴리글리세릴-4아이소스테아레이트,페녹시에탄올,1,2-헥산다이올,세테아레스-20,하이드록시에틸아크릴레이트/소듐아크릴로일다이메틸타우레이트코폴리머,스쿠알란,티타늄디옥사이드(CI 77891),소듐다이라우미도글루타미드라이신,향료,적색227호,에틸헥실글리세린,황색5호,트라이소듐에틸렌다이아민다이석시네이트,황색4호,알루미늄하이드록사이드,암모늄폴리아크릴레이트,청색1호,부틸렌글라이콜,라즈베리씨오일/토코페릴석시네이트아미노프로판다이올에스터,에틸헥실팔미테이트,호호바씨오일,말토덱스트린,아보카도열매추출물,트라이베헤닌,석류나무꽃추출물,폴리글리세릴-3다이아이소스테아레이트,메틸니코티네이트,꿀추출물,락틱애씨드,생강오일,카놀라오일,고추열매추출물,팔미토일트라이펩타이드-1",네이처리퍼블릭,허니 멜팅 꿀광 글로이 틴트 [05 듀이플럼],74017,,
4.2g,,(주)코스맥스 / 네이처리퍼블릭,"다이아이소스테아릴말레이트,다이페닐실록시페닐트라이메티콘,비스-다이글리세릴폴리아실아디페이트-2,정제수,하이드로제네이티드폴리아이소부텐,다이페닐다이메티콘,세틸피이지/피피지-10/1다이메티콘,폴리솔베이트60,펜틸렌글라이콜,솔비탄아이소스테아레이트,글리세린,폴리글리세릴-4아이소스테아레이트,페녹시에탄올,1,2-헥산다이올,세테아레스-20,하이드록시에틸아크릴레이트/소듐아크릴로일다이메틸타우레이트코폴리머,스쿠알란,소듐다이라우미도글루타미드라이신,향료,황색5호,에틸헥실글리세린,적색227호,티타늄디옥사이드(CI 77891),트라이소듐에틸렌다이아민다이석시네이트,적색104호의(1),황색4호,알루미늄하이드록사이드,암모늄폴리아크릴레이트,청색1호,부틸렌글라이콜,라즈베리씨오일/토코페릴석시네이트아미노프로판다이올에스터,에틸헥실팔미테이트,호호바씨오일,말토덱스트린,아보카도열매추출물,트라이베헤닌,석류나무꽃추출물,폴리글리세릴-3다이아이소스테아레이트,메틸니코티네이트,꿀추출물,락틱애씨드,생강오일,카놀라오일,고추열매추출물,팔미토일트라이펩타이드-1",네이처리퍼블릭,허니 멜팅 꿀광 글로이 틴트 [03 플러팅체리],74015,,
150ml,,코스맥스 / 네이처리퍼블릭,"정제수,글리세린,하이드로제네이티드팜애씨드,포타슘하이드록사이드,홍삼추출물,로얄젤리추출물,실크아미노산,시어버터,드럼스틱씨오일,하이드롤라이즈드홍삼사포닌,포타슘코코일글리시네이트,글리세릴스테아레이트,폴리쿼터늄-7,아크릴레이트/C10-30알킬아크릴레이트크로스폴리머,사이클로헥사실록세인,부틸렌글라이콜,소듐파이테이트,1,2-헥산다이올,에틸헥산다이올,에틸헥실글리세린,스쿠알란,다이프로필렌글라이콜,폴리글리세릴-10라우레이트,포스파티딜콜린,토코페롤,소듐벤조에이트,향료,헥실신남알,리날룰,황색5호 (CI 15985),황색4호 (CI 19140),금 (CI 77480)",네이처리퍼블릭,진생 로얄 실크 폼 클렌저,76799,,
120ml,,코스맥스㈜/네이처리퍼블릭,"자작나무수액, 글리세린, 변성알코올, 메틸글루세스-20, 나이아신아마이드, 펜틸렌글라이콜, 메틸프로판다이올, 정제수, 만주자작나무수액, 클로렐라 불가리스추출물, 소듐하이알루로네이트, 마카뿌리추출물, 수용성콜라겐, 야니아 루벤스추출물, C12-14알케스-12, 글루코오스, 판테놀, 카프릴릴글라이콜, 아크릴레이트/C10-30알킬아크릴레이트크로스폴리머, 부틸렌글라이콜, 프룩토올리고사카라이드, 프룩토오스, 옥틸도데세스-16, 소듐폴리아크릴레이트, 트로메타민, 아데노신, 1,2-헥산다이올, 다이페닐다이메티콘, 트라이에틸헥사노인, 폴리쿼터늄-51, 하이드로제네이티드레시틴, 베타-글루칸, 에틸헥실글리세린, 말토덱스트린, 소듐카라기난, 다이소듐이디티에이, 페네틸알코올, 향료, 리날룰",네이처리퍼블릭,버치 모이스트 포 맨 토너,58594,,
3.2g,,씨앤씨인터내셔널 / 네이처리퍼블릭,"아이소노닐아이소노나노에이트,폴리글리세릴-2트라이아이소스테아레이트,폴리아이소부텐,카프릴릭/카프릭트라이글리세라이드,합성왁스,칸데릴라왁스,아이소트라이데실아이소노나노에이트,마이크로크리스탈린왁스,실리카,세틸에틸헥사노에이트,옥틸도데칸올,적색202호,티타늄디옥사이드,1,2-헥산다이올,황색4호,실리카다이메틸실릴레이트,토코페릴아세테이트,황색5호,다이스테아다이모늄헥토라이트,흑색산화철,벤질벤조에이트,프로필렌카보네이트,에틸헥실글리세린,향료,정제수,적색산화철,황색산화철,적색104호의(1),연꽃꽃추출물,알바수련꽃추출물,마트리카리아꽃추출물,포트마리골드꽃추출물,동백나무꽃추출물,세룰라타벚나무꽃추출물,장미꽃추출물,스노우로투스추출물",네이처리퍼블릭,립 스튜디오 인텐스 새틴 립스틱 뉴블랙 [03 비바마젠타],76890,,
4.2g,,(주)코스맥스 / 네이처리퍼블릭,"다이아이소스테아릴말레이트,다이페닐실록시페닐트라이메티콘,비스-다이글리세릴폴리아실아디페이트-2,정제수,하이드로제네이티드폴리아이소부텐,다이페닐다이메티콘,세틸피이지/피피지-10/1다이메티콘,폴리솔베이트60,펜틸렌글라이콜,솔비탄아이소스테아레이트,글리세린,폴리글리세릴-4아이소스테아레이트,페녹시에탄올,1,2-헥산다이올,세테아레스-20,하이드록시에틸아크릴레이트/소듐아크릴로일다이메틸타우레이트코폴리머,티타늄디옥사이드(CI 77891),스쿠알란,소듐다이라우미도글루타미드라이신,향료,황색5호,에틸헥실글리세린,적색227호,트라이소듐에틸렌다이아민다이석시네이트,황색4호,알루미늄하이드록사이드,암모늄폴리아크릴레이트,부틸렌글라이콜,청색1호,라즈베리씨오일/토코페릴석시네이트아미노프로판다이올에스터,에틸헥실팔미테이트,호호바씨오일,말토덱스트린,아보카도열매추출물,트라이베헤닌,석류나무꽃추출물,폴리글리세릴-3다이아이소스테아레이트,메틸니코티네이트,꿀추출물,락틱애씨드,생강오일,카놀라오일,고추열매추출물,팔미토일트라이펩타이드-1",네이처리퍼블릭,허니 멜팅 꿀광 글로이 틴트 [02 멜로우피그],74014,,
3.2g,,씨앤씨인터내셔널 / 네이처리퍼블릭,"아이소노닐아이소노나노에이트,폴리글리세릴-2트라이아이소스테아레이트,폴리아이소부텐,카프릴릭/카프릭트라이글리세라이드,합성왁스,칸데릴라왁스,아이소트라이데실아이소노나노에이트,티타늄디옥사이드,실리카,마이크로크리스탈린왁스,세틸에틸헥사노에이트,옥틸도데칸올,1,2-헥산다이올,황색5호,황색4호,실리카다이메틸실릴레이트,적색202호,토코페릴아세테이트,다이스테아다이모늄헥토라이트,청색1호,벤질벤조에이트,프로필렌카보네이트,에틸헥실글리세린,향료,정제수,적색산화철,적색104호의(1),장미꽃추출물,스노우로투스추출물,마트리카리아꽃추출물,포트마리골드꽃추출물,동백나무꽃추출물,세룰라타벚나무꽃추출물,연꽃꽃추출물,알바수련꽃추출물",네이처리퍼블릭,립 스튜디오 인텐스 새틴 립스틱 뉴블랙 [01 크레마핑크],76888,,
150ml,,한국콜마(주) / 네이처리퍼블릭,"정제수, 미리스틱애씨드, 글리세린, 메틸프로판다이올, 포타슘하이드록사이드, 코코-글루코사이드, 라우릭애씨드, 팔미틱애씨드, 스테아릭애씨드, 글리세릴스테아레이트, 편백수, 편백잎추출물, 병풀추출물, 티트리추출물, 무환자추출물, 불가리스쑥추출물, 비누풀잎추출물, 파스향나무잎추출물, 소나무잎추출물, 라벤더오일, 자작나무수액, 솔비탄올리베이트, 에틸헥실글리세린, 소듐파이테이트, 1,2-헥산다이올, 부틸렌글라이콜, 베타-글루칸, 토코페롤, 살리실릭애씨드, 리모넨, 리날룰",네이처리퍼블릭,포레스트 릴리프 포 맨 폼클렌징,59622,,
4.2g,,(주)코스맥스 / 네이처리퍼블릭,"다이아이소스테아릴말레이트,다이페닐실록시페닐트라이메티콘,비스-다이글리세릴폴리아실아디페이트-2,정제수,하이드로제네이티드폴리아이소부텐,다이페닐다이메티콘,세틸피이지/피피지-10/1다이메티콘,폴리솔베이트60,펜틸렌글라이콜,솔비탄아이소스테아레이트,글리세린,폴리글리세릴-4아이소스테아레이트,페녹시에탄올,1,2-헥산다이올,세테아레스-20,하이드록시에틸아크릴레이트/소듐아크릴로일다이메틸타우레이트코폴리머,스쿠알란,소듐다이라우미도글루타미드라이신,향료,황색5호,에틸헥실글리세린,적색227호,티타늄디옥사이드(CI 77891),트라이소듐에틸렌다이아민다이석시네이트,황색4호,알루미늄하이드록사이드,암모늄폴리아크릴레이트,청색1호,부틸렌글라이콜,라즈베리씨오일/토코페릴석시네이트아미노프로판다이올에스터,에틸헥실팔미테이트,호호바씨오일,말토덱스트린,아보카도열매추출물,트라이베헤닌,석류나무꽃추출물,폴리글리세릴-3다이아이소스테아레이트,메틸니코티네이트,꿀추출물,락틱애씨드,생강오일,카놀라오일,고추열매추출물,팔미토일트라이펩타이드-1",네이처리퍼블릭,허니 멜팅 꿀광 글로이 틴트 [04 블러쉬드애플],74016,,
30ml,,한국콜마 / 네이처리퍼블릭,"정제수, 글리세린, 다이프로필렌글라이콜, 세테아릴알코올, 하이드로제네이티드폴리데센, 카프릴릭/카프릭트라이글리세라이드, 하이드로제네이티드 폴리(C6-14올레핀), 1, 2-헥산다이올, 나이아신아마이드, 베타인, 사이클로헥사실록세인, 판테놀, 다이카프릴릴에터, 시어버터, 글리세릴스테아레이트에스이, 다시마추출물, 한련초잎추출물, 맥아추출물, 홍차추출물(100 ppm), 갈랑가갈랑갈추출물, 하이드로제네이티드레시틴, 베르가모트오일, 오렌지껍질오일, 자몽껍질오일, 소듐하이알루로네이트, 세테아릴올리베이트, 베헤닐알코올,솔비탄올리베이트, 마이크로크리스탈린셀룰로오스, 암모늄아크릴로일다이메틸타우레이트/브이피코폴리머, 세테아릴글루코사이드, 에틸헥실글리세린, 하이드로제네이티드채종유, 콜레스테롤,셀룰로오스검, 아데노신, 프룩토올리고사카라이드, 부틸렌글라이콜, 다이소듐이디티에이, 베타-글루칸, 세라마이드엔피, 수크로오스(100 ppm), 효모발효여과물(100 ppm), 하이드롤라이즈드하이알루로닉애씨드, 글루코오스, 토코페롤, 펜틸렌글라이콜, 잔탄검, 리모넨, 리날룰",네이처리퍼블릭,콤부차 아이크림 [블랙티],72353,,
3.2g,,씨앤씨인터내셔널 / 네이처리퍼블릭,"아이소노닐아이소노나노에이트,폴리글리세릴-2트라이아이소스테아레이트,폴리아이소부텐,카프릴릭/카프릭트라이글리세라이드,합성왁스,칸데릴라왁스,아이소트라이데실아이소노나노에이트,티타늄디옥사이드,실리카,마이크로크리스탈린왁스,세틸에틸헥사노에이트,옥틸도데칸올,적색산화철,황색5호,1,2-헥산다이올,실리카다이메틸실릴레이트,토코페릴아세테이트,적색202호,흑색산화철,다이스테아다이모늄헥토라이트,벤질벤조에이트,프로필렌카보네이트,에틸헥실글리세린,향료,정제수,황색산화철,적색104호의(1),황색4호,세룰라타벚나무꽃추출물,장미꽃추출물,스노우로투스추출물,연꽃꽃추출물,알바수련꽃추출물,마트리카리아꽃추출물,포트마리골드꽃추출물,동백나무꽃추출물",네이처리퍼블릭,립 스튜디오 인텐스 새틴 립스틱 뉴블랙 [07 누코랄],76894,,
3.2g,,씨앤씨인터내셔널 / 네이처리퍼블릭,"아이소노닐아이소노나노에이트,폴리글리세릴-2트라이아이소스테아레이트,폴리아이소부텐,카프릴릭/카프릭트라이글리세라이드,합성왁스,칸데릴라왁스,아이소트라이데실아이소노나노에이트,황색5호,실리카,마이크로크리스탈린왁스,세틸에틸헥사노에이트,옥틸도데칸올,적색202호,1,2-헥산다이올,실리카다이메틸실릴레이트,적색104호의(1),토코페릴아세테이트,다이스테아다이모늄헥토라이트,황색4호,벤질벤조에이트,프로필렌카보네이트,에틸헥실글리세린,향료,정제수,티타늄디옥사이드,적색산화철,황색산화철,흑색산화철,연꽃꽃추출물,알바수련꽃추출물,마트리카리아꽃추출물,포트마리골드꽃추출물,동백나무꽃추출물,세룰라타벚나무꽃추출물,장미꽃추출물,스노우로투스추출물",네이처리퍼블릭,립 스튜디오 인텐스 새틴 립스틱 뉴블랙 [04 탠저린레드],76891,,
3.2g,,씨앤씨인터내셔널 / 네이처리퍼블릭,"아이소노닐아이소노나노에이트,폴리글리세릴-2트라이아이소스테아레이트,폴리아이소부텐,카프릴릭/카프릭트라이글리세라이드,합성왁스,칸데릴라왁스,아이소트라이데실아이소노나노에이트,티타늄디옥사이드,실리카,마이크로크리스탈린왁스,세틸에틸헥사노에이트,옥틸도데칸올,황색4호,1,2-헥산다이올,황색5호,실리카다이메틸실릴레이트,적색202호,토코페릴아세테이트,흑색산화철,다이스테아다이모늄헥토라이트,벤질벤조에이트,프로필렌카보네이트,에틸헥실글리세린,향료,정제수,적색산화철,황색산화철,적색104호의(1),연꽃꽃추출물,알바수련꽃추출물,마트리카리아꽃추출물,포트마리골드꽃추출물,동백나무꽃추출물,세룰라타벚나무꽃추출물,장미꽃추출물,스노우로투스추출물",네이처리퍼블릭,립 스튜디오 인텐스 새틴 립스틱 뉴블랙 [06 레어베이지],76893,,
3.2g,,씨앤씨인터내셔널 / 네이처리퍼블릭,"아이소노닐아이소노나노에이트,폴리글리세릴-2트라이아이소스테아레이트,폴리아이소부텐,카프릴릭/카프릭트라이글리세라이드,합성왁스,칸데릴라왁스,아이소트라이데실아이소노나노에이트,마이크로크리스탈린왁스,티타늄디옥사이드,실리카,황색5호,세틸에틸헥사노에이트,옥틸도데칸올,1,2-헥산다이올,실리카다이메틸실릴레이트,적색104호의(1),토코페릴아세테이트,적색202호,다이스테아다이모늄헥토라이트,벤질벤조에이트,프로필렌카보네이트,에틸헥실글리세린,향료,정제수,적색산화철,황색산화철,흑색산화철,황색4호,세룰라타벚나무꽃추출물,장미꽃추출물,스노우로투스추출물,연꽃꽃추출물,알바수련꽃추출물,마트리카리아꽃추출물,포트마리골드꽃추출물,동백나무꽃추출물",네이처리퍼블릭,립 스튜디오 인텐스 새틴 립스틱 뉴블랙 [05 쏠코랄],76892,,
3.2g,,씨앤씨인터내셔널 / 네이처리퍼블릭,"아이소노닐아이소노나노에이트,폴리글리세릴-2트라이아이소스테아레이트,폴리아이소부텐,카프릴릭/카프릭트라이글리세라이드,합성왁스,칸데릴라왁스,아이소트라이데실아이소노나노에이트,마이크로크리스탈린왁스,실리카,티타늄디옥사이드,세틸에틸헥사노에이트,옥틸도데칸올,적색202호,황색5호,1,2-헥산다이올,실리카다이메틸실릴레이트,황색4호,토코페릴아세테이트,다이스테아다이모늄헥토라이트,벤질벤조에이트,프로필렌카보네이트,에틸헥실글리세린,향료,흑색산화철,정제수,적색산화철,황색산화철,적색104호의(1),장미꽃추출물,스노우로투스추출물,세룰라타벚나무꽃추출물,연꽃꽃추출물,알바수련꽃추출물,마트리카리아꽃추출물,포트마리골드꽃추출물,동백나무꽃추출물",네이처리퍼블릭,립 스튜디오 인텐스 새틴 립스틱 뉴블랙 [02 핑크티],76889,,
150ml,,한국콜마(주)/네이처리퍼블릭,"정제수, 글리세린, 변성알코올, 1,2-헥산다이올, 나이아신아마이드, 펜틸렌글라이콜, 메틸글루세스-20, 클로렐라 불가리스추출물, 소듐하이알루로네이트, 백미꽃추출물, 병풀잎추출물, 접시꽃추출물, 병풀추출물, 달팽이점액여과물, 피이지-60하이드로제네이티드캐스터오일, 피이지-32, 피이지-6, 글루코오스, 옥틸도데세스-16, 부틸렌글라이콜, 아크릴레이트/C10-30알킬아크릴레이트크로스폴리머, 카프릴릴글라이콜, 프룩토올리고사카라이드, 프룩토오스, 판테놀, 레시틴, 소듐폴리아크릴레이트, 에틸헥실글리세린, 트로메타민, 프로판다이올, 아데노신, 폴리글리세릴-10아이소스테아레이트, 다이페닐다이메티콘, 트라이에틸헥사노인, 폴리글리세릴-10올리에이트, 하이드로제네이티드레시틴, 카프릴릭/카프릭트라이글리세라이드, 토코페롤, 세라마이드엔피, 마데카소사이드, 다이소듐이디티에이, 향료, 리날룰",네이처리퍼블릭,스네일 솔루션 폼클렌징,62178,,
300ml,,(주)서울화장품/네이처리퍼블릭,"정제수, 프로필렌글라이콜, 다이메티콘, 글리세린, 비스(C13-15알콕시)피지-아모다이메티콘, 세테아릴알코올, 세틸알코올, 베헨트라이모늄클로라이드, 베헨트라이모늄메토설페이트, 페녹시에탄올, 피씨에이, 베타인, 아르간커넬오일, 알지닌, 락틱애씨드, 크레아틴, 라벤더추출물, 베르가못잎추출물, 페퍼민트잎추출물, 프리지어추출물, 마트리카리아꽃추출물, 로즈마리잎추출물, 달맞이꽃오일, 로즈힙열매오일, 향료, 리날룰, 하이드록시시트로넬알, 리모넨",네이처리퍼블릭,아르간 에센셜 딥케어 컨디셔너,44717,,
80ml,,(주)서울화장품/네이처리퍼블릭,"사이클로펜타실록세인, 세틸에틸헥사노에이트, C12-15알킬벤조에이트, 다이메티콘, 아르간커넬오일, 토코페릴아세테이트, 동백나무씨오일, 달맞이꽃오일, 로즈힙열매오일, 하이드롤라이즈드실크, 소듐클로라이드, 향료, 시트로넬올, 리모넨, 제라니올, 헥실신남알, 하이드록시시트로넬알, 리날룰",네이처리퍼블릭,아르간 에센셜 딥케어 헤어 에센스,46752,,
50ml,,주식회사 정코스/네이처리퍼블릭,"정제수, 다이메티콘, 메틸프로판다이올, 글리세린, 사이클로헥사실록세인, 나이아신아마이드, 1,2-헥산다이올, 암모늄아크릴로일다이메틸타우레이트/브이피코폴리머, 판테놀, 부틸렌글라이콜, 하이드록시아세토페논, 폴리솔베이트80, 아크릴레이트/C10-30알킬아크릴레이트크로스폴리머, 향료, 라피노오스, 오크라열매추출물, 트로메타민, 버지니아풍년화추출물, 에틸헥실글리세린, 소듐하이알루로네이트, 아데노신, 다이소듐이디티에이, 글리세릴폴리메타크릴레이트, 하이드로제네이티드레시틴, 소듐스테아로일글루타메이트, 타마린드씨추출물, 병풀추출물, 무화과추출물, 세라마이드엔피, 마트리카리아꽃추출물, 덱스트린, 하이드롤라이즈드식물성단백질, 말토덱스트린, 치자추출물, 소듐아세테이트, 다이펩타이드-2",네이처리퍼블릭,히아테놀 하이드라 크림,45175,,
150ml,,주식회사 정코스/네이처리퍼블릭,"정제수, 미리스틱애씨드, 글리세린, 프로필렌글라이콜, 포타슘하이드록사이드, 라우릭애씨드, 팔미틱애씨드, 포타슘코코일글리시네이트, 스테아릭애씨드, 피이지-40스테아레이트, 코카미도프로필베타인, 글리세릴스테아레이트, 피이지-100스테아레이트, 소듐메틸코코일타우레이트, 향료, 판테놀, 소듐클로라이드, 토코페릴아세테이트, 트라이소듐이디티에이, 소듐하이알루로네이트, 부틸렌글라이콜, 아라키딕애씨드, 1,2-헥산다이올, 피이지-14M, 오크라열매추출물, 타마린드씨추출물, 카프릭애씨드, 올레익애씨드, 마트리카리아꽃추출물, 하이드로제네이티드레시틴, 하이드롤라이즈드식물성단백질, 말토덱스트린, 소듐아세테이트, 다이펩타이드-2",네이처리퍼블릭,히아테놀 하이드라 폼클렌저,45178,,
30매(350ml),,(주)엠엘에스/네이처리퍼블릭,"정제수,프로판다이올,다이프로필렌글라이콜,1,2-헥산다이올,부틸렌글라이콜,소듐하이알루로네이트,베타인,하이드록시아세토페논,알란토인,다이포타슘글리시리제이트,프로폴리스추출물,모란뿌리추출물,옥틸도데칸올,하이드로제네이티드레시틴,세라마이드엔피,카프릴릴글라이콜,병풀추출물 (95.2 ppm),포타슘하이알루로네이트,소듐하이알루로네이트크로스폴리머,소듐아세틸레이티드하이알루로네이트,하이알루로닉애씨드,하이드록시프로필트라이모늄하이알루로네이트,하이드롤라이즈드하이알루로닉애씨드,하이드롤라이즈드소듐하이알루로네이트,드럼스틱씨오일,폴리글리세릴-10라우레이트,폴리글리세릴-4라우레이트,하이드로제네이티드포스파티딜콜린,카프릴릭/카프릭트라이글리세라이드,수크로오스스테아레이트,아시아티코사이드 (0.4 ppm),마데카식애씨드 (0.6 ppm),아시아틱애씨드 (0.6 ppm),콜레스테롤,마데카소사이드 (0.1 ppm),아세틸테트라펩타이드-5,아세틸헥사펩타이드-8,헥사펩타이드-9,올리고펩타이드-29,올리고펩타이드-32,트라이펩타이드-1,글리세린,피브이엠/엠에이코폴리머,글리세릴아크릴레이트/아크릴릭애씨드코폴리머,셀룰로오스검,알지닌,카보머,잔탄검,에틸헥실글리세린,다이소듐이디티에이,향료",네이처리퍼블릭,그린더마 마일드 시카 뽑아쓰는 데일리 마스크팩,70552,,
470ml,,(주)서울화장품/네이처리퍼블릭,"정제수, 다이메티콘, 프로필렌글라이콜, 세테아릴알코올, 스테아라미도프로필다이메틸아민, 쿼터늄-18, 베헨트라이모늄클로라이드, 아이소프로필알코올, 하이드록시에틸셀룰로오스, 지황뿌리추출물, 아모다이메티콘, 시트릭애씨드, 부틸렌글라이콜, 아르간커넬오일, 콘민트추출물, 1,2-헥산다이올, 창포뿌리추출물, 측백나무잎추출물, 산구절초추출물, 스페인감초뿌리추출물, 구기자추출물, 뽕나무껍질추출물, 인삼추출물, 도꼬마리열매추출물, 에틸헥실글리세린, 달맞이꽃오일, 로즈힙열매오일, 바이오틴, 하이드롤라이즈드옥수수단백질, 하이드롤라이즈드콩단백질, 하이드롤라이즈드밀단백질, 향료, 리모넨, 하이드록시시트로넬알, 리날룰",네이처리퍼블릭,아르간 에센셜 딥케어 헤어팩,45766,,
5g,,코스맥스(주)/네이처리퍼블릭,"탤크, 마이카 (CI 77019), 합성플루오르플로고파이트, 알루미늄전분옥테닐석시네이트, 마이크로크리스탈린셀룰로오스, 마그네슘미리스테이트, 칼슘카보네이트, 세테아릴에틸헥사노에이트, 마그네슘스테아레이트, 페닐트라이메티콘, 티타늄디옥사이드 (CI 77891), 다이메티콘, 실리카, 트라이에톡시카프릴릴실레인, 동백나무꽃추출물, 프로방스장미꽃수, 마트리카리아꽃추출물, 다이아이소스테아릴말레이트, 메틸프로판다이올, 프로판다이올, 정제수, 부틸렌글라이콜, 1,2-헥산다이올, 카프릴릴글라이콜, 에틸헥실글리세린, 울트라마린 (CI 77007), 적색226호 (CI 73360), 적색산화철 (CI 77491), 황색산화철 (CI 77492), 황색4호 (CI 19140)",네이처리퍼블릭,바이플라워 블러셔 [01 디어핑크],46847,,
23ml*20매,,(주)이미인 / 네이처리퍼블릭,"정제수, 글리세린, 다이프로필렌글라이콜, 에탄올, 하이드록시에틸셀룰로오스, 부틸렌글라이콜, 1,2-헥산다이올, 모란뿌리추출물, 병풀추출물, 피이지-60하이드로제네이티드캐스터오일, 트레할로오스, 마트리카리아꽃추출물, 오이열매추출물, 글리세릴카프릴레이트, 알지닌, 카보머, 에틸헥실글리세린, 소듐하이알루로네이트, 글리세릴아크릴레이트/아크릴릭애씨드코폴리머, 피브이엠/엠에이코폴리머, 라벤더추출물, 레몬밤잎추출물, 오레가노잎추출물, 센티드제라늄추출물, 유칼립투스잎추출물, 티트리잎추출물, 페퍼민트잎추출물, 다이소듐이디티에이, 향료, 벤질벤조에이트",네이처리퍼블릭,리얼 네이처 마스크팩 [오이],57550,,
23ml * 20매,,(주)이미인 / 네이처리퍼블릭,"정제수, 글리세린, 다이프로필렌글라이콜, 나이아신아마이드, 에탄올, 하이드록시에틸셀룰로오스, 부틸렌글라이콜, 1,2-헥산다이올, 모란뿌리추출물, 병풀추출물, 피이지-60하이드로제네이티드캐스터오일, 트레할로오스, 마트리카리아꽃추출물, 토마토추출물, 글리세릴카프릴레이트, 알지닌, 카보머, 에틸헥실글리세린, 소듐하이알루로네이트, 글리세릴아크릴레이트/아크릴릭애씨드코폴리머, 피브이엠/엠에이코폴리머, 라임추출물, 레몬추출물, 사과추출물, 오렌지추출물, 포도추출물, 다이소듐이디티에이, 향료",네이처리퍼블릭,리얼 네이처 마스크팩 [토마토],57603,,
23ml * 20매,,(주)이미인 / 네이처리퍼블릭,"정제수, 다이프로필렌글라이콜, 세틸에틸헥사노에이트, 글리세린, 폴리글리세릴-3메틸글루코오스다이스테아레이트, 다이메티콘, 글리세릴스테아레이트, 피이지-100스테아레이트, 부틸렌글라이콜, 모란뿌리추출물, 병풀추출물, 1,2-헥산다이올, 카보머, 하이드록시에틸셀룰로오스, 아사이팜열매추출물, 마트리카리아꽃추출물, 글리세릴카프릴레이트, 포타슘하이드록사이드, 아데노신, 에틸헥실글리세린, 겐티아나뿌리추출물, 서양톱풀추출물, 쓴쑥추출물, 아르니카 몬타나꽃추출물, 다이소듐이디티에이, 향료, 리모넨",네이처리퍼블릭,리얼 네이처 마스크팩 [아사이베리],57588,,
25ml,,코스맥스(주) / 네이처리퍼블릭,"정제수, 미네랄오일, 폴리글리세릴-2다이아이소스테아레이트, 하이드로제네이티드폴리(C6-14올레핀), 글리세린, 부틸렌글라이콜, 페트롤라툼, 나이아신아마이드, 세틸피이지/피피지-10/1다이메티콘, 파라핀, 메틸프로판다이올, 펜틸렌글라이콜, 홍삼추출물, 로얄젤리추출물, 백미꽃추출물, 실크아미노산, 접시꽃추출물, 하이드롤라이즈드홍삼사포닌, 마그네슘설페이트, 1,2-헥산다이올, 합성비즈왁스, 다이스테아다이모늄헥토라이트, 에틸헥실글리세린, 메틸메타크릴레이트크로스폴리머, 마이크로크리스탈린왁스, 합성왁스, 사이클로헥사실록세인, 다이포타슘글리시리제이트, 아데노신, 에틸헥산다이올, 소듐파이테이트, 베타-글루칸, 토코페롤, 다이프로필렌글라이콜, 폴리글리세릴-10라우레이트, 포스파티딜콜린, 펜타에리스리틸테트라-다이-t-부틸하이드록시하이드로신나메이트, 틴옥사이드 (CI 77861), 비에이치티, 향료, 헥실신남알, 리날룰, 벤질벤조에이트, 알파-아이소메틸아이오논, 리모넨, 시트로넬올, 쿠마린, 마이카 (CI 77019), 티타늄디옥사이드 (CI 77891), 금 (CI 77480), 적색산화철 (CI 77491)",네이처리퍼블릭,진생 로얄 실크 아이크림,34369,,
23ml * 20매,,(주)이미인 / 네이처리퍼블릭,"정제수, 글리세린, 다이프로필렌글라이콜, 에탄올, 하이드록시에틸셀룰로오스, 부틸렌글라이콜, 1,2-헥산다이올, 모란뿌리추출물, 병풀추출물, 트레할로오스, 피이지-60하이드로제네이티드캐스터오일, 마트리카리아꽃추출물, 글리세릴카프릴레이트, 알지닌, 카보머, 아데노신, 에틸헥실글리세린, 소듐하이알루로네이트, 글리세릴아크릴레이트/아크릴릭애씨드코폴리머, 피브이엠/엠에이코폴리머, 로얄젤리추출물, 라임추출물, 레몬추출물, 사과추출물, 오렌지추출물, 포도추출물, 다이소듐이디티에이, 향료",네이처리퍼블릭,리얼 네이처 마스크팩 [로얄젤리],57585,,
50ml,,(주)한국생명과학연구소,"아스퍼질러스/고본뿌리발효추출물,부틸렌글라이콜,글리세린,카프릴릭/카프릭트리글리세라이드,바이오사카라이드검-1,하이드로제네이티드레시틴 ,C12-16알코올, 팔미틱애씨드, 사이클로메티콘, 베타인, 네오펜틸글라이콜다이헵타노에이트, 마치현추출물,컴프리잎추출물,페퍼민트잎추출물,고삼추출물, 세테아릴알코올,나이아신아마이드,쉐어버터,호호바씨오일,동백오일,판테놀 ,황금캘러스세포배양추출물,소듐하이알루로네이트,알로에베라잎즙,비즈왁스,아세틸헥사펩타이드-8,알에이치-올리고펩타이드-1 ,알에이치-폴리펩타이드-3,알에이치-폴리펩타이드-7,알에이치-폴리펩타이드-14,알에이치-폴리펩타이드-62,알란토인,다이포타슘글리시리제이트 ,아데노신,카보머,라벤더오일,유칼립투스잎오일,다이메티콘올,알지닌,1,2-헥산디올,카프릴릴글라이콜,팔각회향추출물",바닐라코(F&F),가오벤F 크림,54752,,
30ml,,(주)한국생명과학연구소,"아스퍼질러스/고본뿌리발효추출물,부틸렌글라이콜,아세틸헥사펩타이드-8,에톡시다이글라이콜,나이아신아마이드,폴리글루타믹애씨드,판테놀,글리세릴아크릴레이트/아크릴릭애씨드코폴리머,황금캘러스세포배양추출물,소듐하이알루로네이트,알로에베라잎추출물,다이포타슘글리시리제이트,폴리글리세릴-10라우레이트,폴리글리세릴-10미리스테이트,알지닌,카보머,하이드록시에칠셀룰로오스,아데노신,피리독신,쉐어버터,알라닌,글라이신,세린,류신,이소류신,트레할로스,잔탄검,1,2-헥산디올,카프릴릴글라이콜,팔각회향추출물,다이소듐이디티에이,라벤더오일,유칼립투스잎오일",바닐라코(F&F),가오벤 F 컴플렉스,54753,,
10 ml,,(주)한국생명과학연구소,"아스퍼질러스/고본뿌리발효추출물,아세틸헥사펩타이드-8,글리세린,부틸렌글라이콜 ,나이아신아마이드 ,아나토씨오일,조류올리고사카라이드,초피나무열매추출물,할미꽃추출물,어스니어추출물,젤란검,하이드로제네이티드레시틴,소듐하이알루로네이트,글리세릴아크릴레이트/아크릴릭애씨드코폴리머,폴리글루타믹애씨드,판테놀,팔각회향추출물,황금캘러스세포배양추출물,다이포타슘글리시리제이트,트레할로스,알라닌,글라이신,세린,류신,이소류신,카프릴릴글라이콜,아데노신,피리독신,쉐어버터,폴리글리세릴-10라우레이트,폴리글리세릴-10미리스테이트,에칠헥실팔미테이트,세틸에칠헥사노에이트,폴리글리세릴-10올리에이트,다이페닐실록시페닐트리메치콘,잔탄검,다이소듐이디티에이,카보머,라벤더오일,유칼립투스잎오일,알지닌,1,2-헥산디올",바닐라코(F&F),가오벤F 아이캡슐 세럼,54751,,
2.9g,,코코,"아이소노닐아이소노나노에이트,실리카,아이소트라이데실아이소노나노에이트,티타늄디옥사이드,폴리글리세릴-2트라이아이소스테아레이트,합성왁스,폴리하이드록시스테아릭애씨드,마이카,해바라기씨왁스,카프릴릭/카프릭트라이글리세라이드,피이지-10다이메티콘,메티콘,레시틴,적색산화철,글리세릴카프릴레이트,에틸헥실팔미테이트,아이소스테아릭애씨드,아이소프로필미리스테이트,다이아이소스테아릴말레이트,흑색산화철,황색산화철,에틸헥실글리세린,폴리글리세릴-3폴리리시놀리에이트,알루미늄하이드록사이드,에틸렌/프로필렌코폴리머,적색202호",바닐라코(F&F),톡 블러쉬 키캡 [14 F 폴 인 모브],74118,,
8g,,엔프라니㈜,"05호 닛니트 01오트 :마이카 (CI 77019), 탤크, 티타늄디옥사이드 (CI 77891), 합성플루오르플로고파이트, 보론나이트라이드, 다이아이소스테아릴말레이트, 마그네슘미리스테이트, 실리카, 나일론-12, 카프릴릭/카프릭트라이글리세라이드, 마카다미아씨오일, 메틸프로판다이올, 다이메티콘, 마그네슘스테아레이트, 프로판다이올, 라우로일라이신, 하이드록시프로필비스팔미타마이드엠이에이, 다이메티콘올스테아레이트, 트라이에톡시카프릴릴실레인, 알루미늄하이드록사이드, 메티콘, 카올린, 정제수, 향료, 헥실신남알, 리날룰, 시트로넬올, 하이드록시시트로넬알, 리모넨, 제라니올, 황색산화철 (CI 77492), 망가니즈바이올렛 (CI 77742), 적색산화철 (CI 77491), 흑색산화철 (CI 77499), 울트라마린 (CI 77007) 02제로:탤크, 마이카 (CI 77019), 티타늄디옥사이드 (CI 77891), 나일론-12, 보론나이트라이드, 마그네슘미리스테이트, 실리카, 네오펜틸글라이콜다이에틸헥사노에이트, 페닐트라이메티콘, 메틸프로판다이올, 다이펜타에리스리틸헥사하이드록시스테아레이트/헥사스테아레이트/헥사로지네이트, 다이아이소스테아릴말레이트, 아이소스테아릴네오펜타노에이트, 옥틸도데실스테아로일스테아레이트, 마그네슘스테아레이트, 프로판다이올, 다이메티콘, 폴리부텐, 하이드로제네이티드레시틴, 트라이에톡시카프릴릴실레인, 알루미늄하이드록사이드, 라우로일라이신, 카올린, 정제수, 향료, 헥실신남알, 리날룰, 시트로넬올, 하이드록시시트로넬알, 리모넨, 제라니올, 황색산화철 (CI 77492), 망가니즈바이올렛 (CI 77742), 적색산화철 (CI 77491), 흑색산화철 (CI 77499), 울트라마린 (CI 77007) 03니트:탤크, 마이카 (CI 77019), 티타늄디옥사이드 (CI 77891), 보론나이트라이드, 실리카, 옥틸도데실스테아로일스테아레이트, 페닐트라이메티콘, 황색산화철 (CI 77492), 다이메티콘, 적색산화철 (CI 77491), 마카다미아씨오일, 사라수씨버터, 마그네슘미리스테이트, 나일론-12, 메틸프로판다이올, 다이펜타에리스리틸헥사하이드록시스테아레이트/헥사스테아레이트/헥사로지네이트, 다이아이소스테아릴말레이트, 알루미늄하이드록사이드, 프로판다이올, 트라이에톡시카프릴릴실레인, 마그네슘스테아레이트, 라우로일라이신, 정제수, 카올린, 향료, 헥실신남알, 리날룰, 시트로넬올, 하이드록시시트로넬알, 리모넨, 제라니올, 흑색산화철 (CI 77499), 망가니즈바이올렛 (CI 77742) 04누가:탤크, 합성플루오르플로고파이트, 마이카 (CI 77019), 실리카, 카프릴릭/카프릭트라이글리세라이드, 마그네슘미리스테이트, 망가니즈바이올렛 (CI 77742), 마그네슘스테아레이트, 황색산화철 (CI 77492), 마카다미아씨오일, 다이메티콘, 메틸프로판다이올, 트라이에톡시카프릴릴실레인, 알루미늄다이미리스테이트, 프로판다이올, 카올린, 알루미늄하이드록사이드, 말토덱스트린, 정제수, 향료, 헥실신남알, 리날룰, 시트로넬올, 하이드록시시트로넬알, 리모넨, 제라니올, 적색산화철 (CI 77491), 티타늄디옥사이드 (CI 77891), 흑색산화철 (CI 77499), 울트라마린 (CI 77007), 카민 (CI 75470) 05노트:마이카 (CI 77019), 칼슘소듐보로실리케이트, 합성플루오르플로고파이트, 칼슘티타늄보로실리케이트, 칼슘알루미늄보로실리케이트, 다이메티콘, 티타늄디옥사이드 (CI 77891), 옥틸도데실스테아로일스테아레이트, 다이아이소스테아릴말레이트, 글리세린, 마그네슘미리스테이트, 아이소프로필팔미테이트, 실리카, 알루미늄전분옥테닐석시네이트, 마그네슘스테아레이트, 펜틸렌글라이콜, 폴리솔베이트20, 트라이에톡시카프릴릴실레인, 아크릴아마이드/소듐아크릴로일다이메틸타우레이트코폴리머, 마그네슘알루미늄실리케이트, 솔비탄올리베이트, 솔비탄스테아레이트, 아이소헥사데칸, 에틸헥실글리세린, 폴리솔베이트80, 솔비탄올리에이트, 토코페롤, 틴옥사이드 (CI 77861), 페녹시에탄올, 포타슘솔베이트, 소듐데하이드로아세테이트, 적색산화철 (CI 77491), 흑색산화철 (CI 77499), 황색산화철 (CI 77492) 06캐슈:탤크, 마이카 (CI 77019), 티타늄디옥사이드 (CI 77891), 보론나이트라이드, 나일론-12, 네오펜틸글라이콜다이에틸헥사노에이트, 실리카, 페닐트라이메티콘, 황색산화철 (CI 77492), 적색산화철 (CI 77491), 흑색산화철 (CI 77499), 마그네슘미리스테이트, 메틸프로판다이올, 다이아이소스테아릴말레이트, 다이펜타에리스리틸헥사하이드록시스테아레이트/헥사스테아레이트/헥사로지네이트, 아이소스테아릴네오펜타노에이트, 옥틸도데실스테아로일스테아레이트, 마그네슘스테아레이트, 프로판다이올, 다이메티콘, 폴리부텐, 하이드로제네이티드레시틴, 라우로일라이신, 알루미늄하이드록사이드, 메티콘, 트라이에톡시카프릴릴실레인, 카올린, 정제수, 향료, 헥실신남알, 리날룰, 시트로넬올, 하이드록시시트로넬알, 리모넨, 제라니올, 망가니즈바이올렛 (CI 77742) 07크로쉐:탤크, 마이카 (CI 77019), 보론나이트라이드, 다이아이소스테아릴말레이트, 나일론-12, 실리카, 마그네슘미리스테이트, 티타늄디옥사이드 (CI 77891), 망가니즈바이올렛 (CI 77742), 카프릴릭/카프릭트라이글리세라이드, 마그네슘스테아레이트, 메틸프로판다이올, 다이메티콘올스테아레이트, 프로판다이올, 다이메티콘, 라우로일라이신, 하이드록시프로필비스팔미타마이드엠이에이, 트라이에톡시카프릴릴실레인, 카올린, 알루미늄하이드록사이드, 메티콘, 정제수, 향료, 헥실신남알, 리날룰, 시트로넬올, 하이드록시시트로넬알, 리모넨, 제라니올, 황색산화철 (CI 77492), 흑색산화철 (CI 77499), 적색산화철 (CI 77491), 울트라마린 (CI 77007) 08버튼:탤크, 마이카 (CI 77019), 실리카, 다이아이소스테아릴말레이트, 보론나이트라이드, 흑색산화철 (CI 77499), 적색산화철 (CI 77491), 황색산화철 (CI 77492), 망가니즈바이올렛 (CI 77742), 나일론-12, 마그네슘미리스테이트, 카프릴릭/카프릭트라이글리세라이드, 티타늄디옥사이드 (CI 77891), 마그네슘스테아레이트, 마카다미아씨오일, 메틸프로판다이올, 다이메티콘, 프로판다이올, 다이메티콘올스테아레이트, 라우로일라이신, 하이드록시프로필비스팔미타마이드엠이에이, 카올린, 트라이에톡시카프릴릴실레인, 알루미늄하이드록사이드, 메티콘, 말토덱스트린, 정제수, 향료, 헥실신남알, 리날룰, 시트로넬올, 하이드록시시트로넬알, 리모넨, 제라니올, 울트라마린 (CI 77007), 카민 (CI 75470), 황색4호 (CI 19140) 09니티드 :탤크, 마이카 (CI 77019), 티타늄디옥사이드 (CI 77891), 실리카, 옥틸도데실스테아로일스테아레이트, 페닐트라이메티콘, 울트라마린 (CI 77007), 망가니즈바이올렛 (CI 77742), 적색산화철 (CI 77491), 황색산화철 (CI 77492), 마카다미아씨오일, 메틸프로판다이올, 다이펜타에리스리틸헥사하이드록시스테아레이트/헥사스테아레이트/헥사로지네이트, 다이메티콘, 다이아이소스테아릴말레이트, 트라이에톡시카프릴릴실레인, 마그네슘미리스테이트, 마그네슘스테아레이트, 프로판다이올, 카올린, 하이드로제네이티드레시틴, 알루미늄하이드록사이드, 메티콘, 정제수, 향료, 헥실신남알, 리날룰, 시트로넬올, 하이드록시시트로넬알, 리모넨, 제라니올, 흑색산화철 (CI 77499), 적색226호 (CI 73360), 황색4호 (CI 19140)",바닐라코(F&F),22 F/W 잇츠 니트 컬렉션 마이페이브 무드 아이 팔레트 [05 닛니트],46116,,
8g,,엔프라니㈜,"06버튼업 01제미:마이카 (CI 77019), 합성플루오르플로고파이트, 티타늄디옥사이드 (CI 77891), 탤크, 네오펜틸글라이콜다이에틸헥사노에이트, 페닐트라이메티콘, 보론나이트라이드, 나일론-12, 실리카, 적색산화철 (CI 77491), 다이펜타에리스리틸헥사하이드록시스테아레이트/헥사스테아레이트/헥사로지네이트, 칼슘티타늄보로실리케이트, 마그네슘미리스테이트, 다이아이소스테아릴말레이트, 아이소스테아릴네오펜타노에이트, 옥틸도데실스테아로일스테아레이트, 메틸프로판다이올, 트라이에톡시카프릴릴실레인, 마그네슘스테아레이트, 폴리부텐, 프로판다이올, 다이메티콘, 하이드로제네이티드레시틴, 알루미늄하이드록사이드, 정제수, 틴옥사이드 (CI 77861), 향료, 헥실신남알, 황색산화철 (CI 77492), 흑색산화철 (CI 77499) 02코지:마이카 (CI 77019), 탤크, 보론나이트라이드, 실리카, 나일론-12, 티타늄디옥사이드 (CI 77891), 옥틸도데실스테아로일스테아레이트, 페닐트라이메티콘, 마그네슘미리스테이트, 메틸프로판다이올, 다이펜타에리스리틸헥사하이드록시스테아레이트/헥사스테아레이트/헥사로지네이트, 다이아이소스테아릴말레이트, 마그네슘스테아레이트, 프로판다이올, 트라이에톡시카프릴릴실레인, 다이메티콘올스테아레이트, 하이드록시프로필비스팔미타마이드엠이에이, 다이메티콘, 알루미늄하이드록사이드, 메티콘, 카올린, 정제수, 향료, 헥실신남알, 황색산화철 (CI 77492), 적색산화철 (CI 77491), 흑색산화철 (CI 77499), 망가니즈바이올렛 (CI 77742) 03언버튼:탤크, 마이카 (CI 77019), 나일론-12, 실리카, 티타늄디옥사이드 (CI 77891), 옥틸도데실스테아로일스테아레이트, 페닐트라이메티콘, 다이메티콘, 합성플루오르플로고파이트, 마카다미아씨오일, 마그네슘미리스테이트, 메틸프로판다이올, 다이펜타에리스리틸헥사하이드록시스테아레이트/헥사스테아레이트/헥사로지네이트, 트라이에톡시카프릴릴실레인, 다이아이소스테아릴말레이트, 마그네슘스테아레이트, 프로판다이올, 알루미늄하이드록사이드, 메티콘, 정제수, 향료, 헥실신남알, 황색산화철 (CI 77492), 적색산화철 (CI 77491), 흑색산화철 (CI 77499), 울트라마린 (CI 77007), 적색226호 (CI 73360), 황색4호 (CI 19140) 04토프:탤크, 마이카 (CI 77019), 흑색산화철 (CI 77499), 실리카, 적색산화철 (CI 77491), 티타늄디옥사이드 (CI 77891), 나일론-12, 옥틸도데실스테아로일스테아레이트, 페닐트라이메티콘, 황색산화철 (CI 77492), 울트라마린 (CI 77007), 마카다미아씨오일, 메틸프로판다이올, 다이펜타에리스리틸헥사하이드록시스테아레이트/헥사스테아레이트/헥사로지네이트, 마그네슘미리스테이트, 다이아이소스테아릴말레이트, 다이메티콘, 마그네슘스테아레이트, 프로판다이올, 다이메티콘올스테아레이트, 하이드로제네이티드레시틴, 라우로일라이신, 트라이에톡시카프릴릴실레인, 알루미늄하이드록사이드, 메티콘, 말토덱스트린, 정제수, 향료헥실신남알, 카민 (CI 75470) 05스터드:마이카 (CI 77019), 칼슘소듐보로실리케이트, 티타늄디옥사이드 (CI 77891), 다이메티콘, 칼슘티타늄보로실리케이트, 합성플루오르플로고파이트, 옥틸도데실스테아로일스테아레이트, 적색산화철 (CI 77491), 다이아이소스테아릴말레이트, 글리세린, 마그네슘미리스테이트, 아이소프로필팔미테이트, 흑색산화철 (CI 77499), 알루미늄전분옥테닐석시네이트, 마그네슘스테아레이트, 실리카, 펜틸렌글라이콜, 폴리솔베이트20, 트라이에톡시카프릴릴실레인, 아크릴아마이드/소듐아크릴로일다이메틸타우레이트코폴리머, 마그네슘알루미늄실리케이트, 솔비탄올리베이트, 솔비탄스테아레이트, 아이소헥사데칸, 에틸헥실글리세린, 폴리솔베이트80, 솔비탄올리에이트, 토코페롤, 틴옥사이드 (CI 77861), 페녹시에탄올, 포타슘솔베이트, 소듐데하이드로아세테이트, 황색산화철 (CI 77492) 06다마스크:탤크, 마이카 (CI 77019), 티타늄디옥사이드 (CI 77891), 망가니즈바이올렛 (CI 77742), 울트라마린 (CI 77007), 적색산화철 (CI 77491), 실리카, 보론나이트라이드, 옥틸도데실스테아로일스테아레이트, 페닐트라이메티콘, 황색산화철 (CI 77492), 흑색산화철 (CI 77499), 다이메티콘, 마카다미아씨오일, 마그네슘미리스테이트, 메틸프로판다이올, 다이펜타에리스리틸헥사하이드록시스테아레이트/헥사스테아레이트/헥사로지네이트, 다이아이소스테아릴말레이트, 트라이에톡시카프릴릴실레인, 마그네슘스테아레이트, 프로판다이올, 하이드로제네이티드레시틴, 카올린, 알루미늄하이드록사이드, 라우로일라이신, 정제수, 향료, 헥실신남알, 적색226호 (CI 73360) 07우디:탤크, 마이카 (CI 77019), 티타늄디옥사이드 (CI 77891), 나일론-12, 보론나이트라이드, 실리카, 적색산화철 (CI 77491), 옥틸도데실스테아로일스테아레이트, 페닐트라이메티콘, 흑색산화철 (CI 77499), 망가니즈바이올렛 (CI 77742), 황색산화철 (CI 77492), 마카다미아씨오일, 메틸프로판다이올, 다이펜타에리스리틸헥사하이드록시스테아레이트/헥사스테아레이트/헥사로지네이트, 마그네슘미리스테이트, 다이메티콘, 다이아이소스테아릴말레이트, 다이메티콘올스테아레이트, 프로판다이올, 트라이에톡시카프릴릴실레인, 마그네슘스테아레이트, 알루미늄하이드록사이드, 라우로일라이신, 메티콘, 카올린, 정제수, 향료, 헥실신남알, 울트라마린 (CI 77007), 황색4호 (CI 19140) 08버틀러:탤크, 마이카 (CI 77019), 흑색산화철 (CI 77499), 적색산화철 (CI 77491), 황색산화철 (CI 77492), 망가니즈바이올렛 (CI 77742), 실리카, 나일론-12, 옥틸도데실스테아로일스테아레이트, 페닐트라이메티콘, 다이메티콘, 마카다미아씨오일, 메틸프로판다이올, 다이펜타에리스리틸헥사하이드록시스테아레이트/헥사스테아레이트/헥사로지네이트, 다이아이소스테아릴말레이트, 마그네슘미리스테이트, 프로판다이올, 트라이에톡시카프릴릴실레인, 카올린, 정제수, 향료, 헥실신남알, 울트라마린 (CI 77007), 적색226호 (CI 73360) 09벨베틴:마이카 (CI 77019), 탤크, 티타늄디옥사이드 (CI 77891), 적색산화철 (CI 77491), 나일론-12, 흑색산화철 (CI 77499), 네오펜틸글라이콜다이에틸헥사노에이트, 실리카, 페닐트라이메티콘, 다이펜타에리스리틸헥사하이드록시스테아레이트/헥사스테아레이트/헥사로지네이트, 다이아이소스테아릴말레이트, 아이소스테아릴네오펜타노에이트, 옥틸도데실스테아로일스테아레이트, 마카다미아씨오일, 마그네슘미리스테이트, 메틸프로판다이올, 다이메티콘, 폴리부텐, 마그네슘스테아레이트, 프로판다이올, 라우로일라이신, 트라이에톡시카프릴릴실레인, 카올린, 정제수, 향료, 헥실신남알, 망가니즈바이올렛 (CI 77742), 황색산화철 (CI 77492), 울트라마린 (CI 77007)",바닐라코(F&F),22 F/W 잇츠 니트 컬렉션 마이페이브 무드 아이 팔레트 [06 버튼업],46118,,
4g,,(주)코스맥스/(주)토니모리,"[N13애프리콧쇼킹] 정제수,옥틸도데칸올,부틸렌글라이콜,다이프로필렌글라이콜,사과씨오일,글리세린,펜틸렌글라이콜,베타인,에틸셀룰로오스,클로렐라 불가리스추출물,해바라기씨오일,퀸즈랜드넛오일,올리브오일,호호바씨오일,포도씨오일,빌베리씨오일,폴리솔베이트60,솔비탄스테아레이트,폴리아크릴레이트크로스폴리머-6,암모늄아크릴로일다이메틸타우레이트/브이피코폴리머,하이드록시에틸아크릴레이트/소듐아크릴로일다이메틸타우레이트코폴리머,글루코오스,프룩토올리고사카라이드,프룩토오스,에틸헥실글리세린,소듐다이라우미도글루타미드라이신,알루미늄하이드록사이드,트라이소듐에틸렌다이아민다이석시네이트,암모늄폴리아크릴레이트,1,2-헥산다이올,수크로오스팔미테이트,하이드로제네이티드레시틴,세테아릴알코올,페녹시에탄올,향료,벤질알코올,신나밀알코올,티타늄디옥사이드 (CI 77891),황색5호 (CI 15985),적색227호 (CI 17200),황색4호 (CI 19140),적색104호의(1) (CI 45410),청색1호 (CI 42090)",토니모리,퍼펙트립스 쇼킹립 틴트 [N13 애프리콧쇼킹],69713,,
500ml,,(주)메가코스,"정제수;글리세레스-26;1,2-헥산다이올;글리세린;병풀추출물;쇠비름추출물;체이스트트리추출물;마트리카리아꽃추출물;해수;판테놀;소듐하이알루로네이트;하이드록시프로필트라이모늄하이알루로네이트;하이드롤라이즈드하이알루로닉애씨드;소듐아세틸레이티드하이알루로네이트;하이드롤라이즈드소듐하이알루로네이트;하이알루로닉애씨드;소듐하이알루로네이트크로스폴리머;포타슘하이알루로네이트;로즈마리잎오일;멜론추출물;서양송악잎/줄기추출물;오리스뿌리추출물;서양배추출물;다마스크장미꽃수;프로판다이올;부틸렌글라이콜;아이소펜틸다이올;폴리글리세릴-10라우레이트;옥틸도데세스-16;아크릴레이트/C10-30알킬아크릴레이트크로스폴리머;에틸헥실글리세린;알지닌",토니모리,원더 히알루론산 촉촉 토너,33921,,
13g (2 ea),,(주)코스맥스/ (주)토니모리,"[00 포슬린] 정제수, 다이메티콘, 티타늄디옥사이드 (CI 77891), 글리세린, 아이소도데케인, 코코-카프릴레이트/카프레이트, 트라이메틸실록시실리케이트, 메틸트라이메티콘, 피이지-10다이메티콘, 나이아신아마이드, 1,2-헥산다이올, 실리카, 피이지/피피지-18/18다이메티콘, 다이메티콘크로스폴리머, 사과추출물, 동백나무꽃추출물, 소듐하이알루로네이트, 히비스커스꽃추출물, 다마스크장미꽃수, 다마스크장미꽃오일, 작약꽃추출물, 아크릴레이트/폴리트라이메틸실록시메타크릴레이트코폴리머, 카프릴릴메티콘, 다이스테아다이모늄헥토라이트, 마그네슘설페이트, 폴리글리세릴-3폴리다이메틸실록시에틸다이메티콘, 합성플루오르플로고파이트, 옥틸도데칸올, 알루미늄하이드록사이드, 스테아릭애씨드, 알루미나, 트라이에톡시카프릴릴실레인, 헥토라이트, 폴리글리세릴-4아이소스테아레이트, 라우로일라이신, 아데노신, 트라이소듐에틸렌다이아민다이석시네이트, 아이소프로필티타늄트라이아이소스테아레이트, 글리세릴베헤네이트/에이코사디오에이트, 부틸렌글라이콜, 판테놀, 펜틸렌글라이콜, 토코페롤, 프로판다이올, 소듐클로라이드, 에틸헥실글리세린, 소듐바이카보네이트, 칼슘클로라이드, 포타슘클로라이드, 향료, 황색산화철 (CI 77492), 적색산화철 (CI 77491), 흑색산화철 (CI 77499)",토니모리,스킨톤 픽싱 커버 쿠션 [SPF40/PA++] [00 포슬린],71951,,
45g,,코스맥스㈜,정제수;CI 77891;에칠헥실메톡시신나메이트;사이클로펜타실록세인;다이프로필렌글라이콜;부틸렌글라이콜다이카프릴레이트/다이카프레이트;페닐트라이메티콘;사이클로헥사실록세인;CI 77947;세틸피이지/피피지-10/1다이메티콘;알부틴;헥실데실미리스토일메틸아미노프로피오네이트;헥실라우레이트;미네랄워터;흰목이버섯추출물;레몬밤잎추출물;말로우추출물(구명칭);서양톱풀추출물;성모초추출물(구명칭);카우슬립추출물(구명칭);페퍼민트잎추출물;꼬리풀추출물(구명칭);산소;글리세린;솔비탄세스퀴올리에이트;마그네슘설페이트;실리카;다이스테아다이모늄헥토라이트;이소아밀p-메톡시신나메이트;트라이베헤닌;알루미늄하이드록사이드;C30-45알킬세테아릴다이메티콘크로스폴리머;스테아릭애씨드;트라이에톡시카프릴릴실레인;글리세릴베헤네이트;칼슘스테아레이트;폴리글리세릴-6옥타스테아레이트;에틸헥실글리세린;다이메티콘;아데노신;부틸렌글라이콜;세라마이드3(구명칭);에틸헥산다이올;다이소듐이디티에이;페녹시에탄올;향료;CI 77492;CI 77491;CI 77499;CI 77019,토니모리,루미너스 여신 광채 비비 [SPF37/PA++] [01 화사한베이지],29612,,
100매*2ea,,씨앤텍(주),"정제수,프로필렌글라이콜,글리세린,변성알코올,폴리솔베이트20,페녹시에탄올,피이지-40하이드로제네이티드캐스터오일,세틸피리디늄클로라이드,카프릴릴글라이콜,코카미도프로필피지-다이모늄클로라이드포스페이트,시트릭애씨드,리모넨,리날룰,판테놀,로즈우드오일,레몬껍질오일,소듐시트레이트,소듐바이카보네이트,토코페릴아세테이트,알로에베라잎즙,프로방스장미꽃수,부틸렌글라이콜,1,2-헥산다이올,올리브오일,호호바씨오일,아르간커넬오일,아보카도오일,녹차추출물,라벤더오일,세룰라타벚나무꽃추출물,히비스커스꽃추출물,포트마리골드추출물,포타슘솔베이트,에틸헥실글리세린,소듐벤조에이트",토니모리,더 촉촉 그린티 노-워시 클렌징 티슈,64821,,
4g,,(주)코스맥스,"[01 루비쇼킹] 정제수, 옥틸도데칸올, 부틸렌글라이콜, 다이프로필렌글라이콜, 사과씨오일, 글리세린, 펜틸렌글라이콜, 베타인, 에틸셀룰로오스, 클로렐라 불가리스추출물, 해바라기씨오일, 퀸즈랜드넛오일, 올리브오일, 호호바씨오일, 포도씨오일, 빌베리씨오일 ,폴리솔베이트60, 솔비탄스테아레이트, 폴리아크릴레이트크로스폴리머-6, 암모늄아크릴로일다이메틸타우레이트/브이피코폴리머, 하이드록시에틸아크릴레이트/소듐아크릴로일다이메틸타우레이트코폴리머, 글루코오스, 프룩토올리고사카라이드, 프룩토오스, 에틸헥실글리세린, 소듐다이라우미도글루타미드라이신, 트라이소듐에틸렌다이아민다이석시네이트, 1,2-헥산다이올, 수크로오스팔미테이트, 하이드로제네이티드레시틴, FN, 페녹시에탄올, 향료, 벤질알코올, 신나밀알코올, 황색4호 (CI 19140), 적색104호의(1) (CI 45410), 황색5호 (CI 15985), 적색223호 (CI 45380), 적색227호 (CI 17200)",토니모리,퍼펙트립스 쇼킹립 틴트 [01 루비쇼킹],27428,,
15 g / 0.52 oz.,,코스맥스㈜,"정제수,티타늄디옥사이드 (CI 77891),사이클로펜타실록산,글리세린,이소노닐이소노나노에이트,C12-15알킬벤조에이트,디페닐실록시페닐트리메치콘,프로판디올,라우릴폴리글리세릴-3폴리디메칠실록시에칠디메치콘,옥틸도데칸올,트리메칠실록시실리케이트,나이아신아마이드,프로필렌글라이콜디벤조에이트,프로필헵틸카프릴레이트,합성플루오르플로고파이트,이소도데칸,1,2-헥산디올,디스테아디모늄헥토라이트,덱스트린팔미테이트,폴리글리세릴-4이소스테아레이트,드럼스틱씨오일,폴리글리세릴-3폴리디메칠실록시에칠디메치콘,브이피/에이코센코폴리머,마그네슘설페이트,스테아릭애씨드,알루미나,트리에톡시카프릴릴실란,알루미늄하이드록사이드,아데노신,트리소듐에칠렌디아민디석시네이트,에칠셀룰로오스,이소프로필티타늄트리이소스테아레이트,토코페롤,카프릴릭/카프릭트리글리세라이드,하이드로제네이티드레시틴,세라마이드엔피,피토스핑고신 프로필갈레이트,소듐스테아로일글루타메이트,향료,황색산화철 (CI 77492),적색산화철 (CI 77491),흑색산화철 (CI 77499)",토니모리,마이 루미너스 젤 글로우 쿠션 [SPF40/PA++] [02 웜베이지],57014,,
250ml(3ea),,(주)메가코스/(주)토니모리,"알로에베라잎수(93.68%), 글리세린, 카보머, 트로메타민, 하이드록시아세토페논, 피이지-60하이드로제네이티드캐스터오일, 에틸헥실글리세린, 향료",토니모리,알로에 촉촉 수딩젤,71929,,
50g,,코스맥스㈜,"정제수;티타늄다이옥사이드;페닐트라이메티콘;사이클로펜타실록세인;부틸렌글라이콜다이카프릴레이트/다이카프레이트;글리세린;하이드로제네이티드폴리아이소부텐;피이지-10다이메티콘;트라이에틸헥사노인;사이클로헥사실록세인;사이클로메티콘;부틸렌글라이콜;헥실라우레이트;나이아신아마이드;펜틸렌글라이콜;다이카프릴릴카보네이트;황색산화철;실리카;소듐하이알루로네이트;황금추출물;감초뿌리추출물;왜당귀뿌리추출물;타임추출물;산수유열매추출물;녹용추출물;효모발효물;솔비탄세스퀴올리에이트;라우릴피이지-9폴리다이메틸실록시에틸다이메티콘;아이소도데케인;옥틸도데칸올;다이스테아다이모늄헥토라이트;마그네슘설페이트;마이크로크리스탈린왁스;다이메티콘크로스폴리머;글리세릴베헤네이트/에이코사디오에이트;스테아릭애씨드;알루미나;알루미늄하이드록사이드;글리세릴카프릴레이트;폴리글리세릴-4아이소스테아레이트;트라이에톡시카프릴릴실레인;아이소프로필티타늄트라이아이소스테아레이트;아데노신;트라이소듐에틸렌다이아민다이석시네이트;토코페롤;1,2-헥산다이올;에틸헥실글리세린;향료;리날룰;헥실신남알;시트로넬올;벤질살리실레이트;알파-아이소메틸아이오논;적색산화철;흑색산화철",토니모리,결 고운 세럼 비비크림 [SPF45/PA++][02 자연스러운빛],32168,,
300ml,,㈜메가코스,"정제수, 글리세린, 하이드로제네이티드폴리(C6-14올레핀), 카프릴릭/카프릭트라이글리세라이드, 글리세릴스테아레이트, 페닐트라이메티콘, 폴리글리세릴-10라우레이트, C14-22알코올, 세테아릴알코올, 하이드록시아세토페논, 트로메타민, 1,2-헥산다이올, 아크릴레이트/C10-30알킬아크릴레이트크로스폴리머, C12-20알킬글루코사이드, 카보머, 에틸헥실글리세린, 소듐하이알루로네이트, 잔탄검, 다이소듐이디티에이, 레몬껍질오일, 하이드로제네이티드레시틴, 로즈우드오일, 피토스테릴/옥틸도데실라우로일글루타메이트, 세라마이드엔피(5,000ppb), 하이드롤라이즈드하이알루로닉애씨드, 소듐아세틸레이티드하이알루로네이트, 시트랄, 리모넨, 리날룰",토니모리,원더 세라마이드 모찌 에멀전,62013,,
110 ml / 3.71 fl. oz.,,화장품책임판매업자: ㈜토니모리/ 화장품제조업자: ㈜제이앤제이코스텍,"정제수, 트라이에틸헥사노인, 하이드로제네이티드폴리(C6-14올레핀), 1,2-헥산다이올, 부틸렌글라이콜, 메틸프로판다이올, 페닐트라이메티콘, 다이에톡시에틸석시네이트, 폴리글리세릴-10미리스테이트, 아이소펜틸다이올, 알란토인, 글리세린, 옥틸도데칸올, 스쿠알란, 서양배추출물, 다마스크장미꽃수, 캐모마일꽃오일, 다이소듐이디티에이, 서양측백나무잎오일, 네오펜틸글라이콜다이헵타노에이트, 세틸에틸헥사노에이트, 복숭아추출물, 약모밀추출물(100 ppm), 커먼자스민꽃수, 로즈마리잎오일, 셀룰로오스검, 양까막까치밥나무씨오일, 하이드로제네이티드포스파티딜콜린, 하이드록시아세토페논, 서양송악잎/줄기추출물, 비터오렌지꽃추출물, 멜론추출물, 광곽향오일, 스테아릭애씨드, 폴리글리세릴-2스테아레이트, 세테아릴알코올, 잇꽃씨오일, 달맞이꽃오일, 해바라기씨오일불검화물, 에틸헥실글리세린, 세라마이드엔피, 폴리쿼터늄-51, 풍선덩굴꽃/잎/덩굴추출물, 해바라기씨오일, 병풀추출물(1 ppm), 병풀잎추출물(1 ppm), 병풀뿌리추출물(1 ppm), 토코페롤, 로즈마리잎추출물, 바실러스발효물, 아시아틱애씨드(10 ppb), 아시아티코사이드(10ppb), 하이드로제네이티드레시틴, 콜레스테롤, 마카다미아씨오일, 마데카식애씨드(1 ppb), 마데카소사이드(1 ppb), 올레익애씨드, 폴리데센, 유채스테롤",토니모리,어성초시카 크림 미스트,64629,,
300 ml / 10.14 fl. oz.,,㈜제이앤제이코스텍,"정제수;메틸프로판다이올;약모밀추출물;에리스리톨;1,2-헥산다이올;하이드록시아세토페논;폴리글리세릴-10라우레이트;프로판다이올;카보머;소듐아크릴레이트코폴리머;에틸헥실글리세린;트로메타민;세테아릴올리베이트;레시틴;잔탄검;솔비탄올리베이트;부테스-3;소듐하이알루로네이트;소듐벤조트라이아졸릴부틸페놀설포네이트;알란토인;서양배추출물;다마스크장미꽃수;캐모마일꽃오일;서양측백나무잎오일;복숭아추출물;커먼자스민꽃수;로즈마리잎오일;트라이부틸시트레이트;비터오렌지꽃추출물;멜론추출물;서양송악잎/줄기추출물;글리세린;광곽향오일;쓴박하추출물;레몬밤잎추출물;페퍼민트잎추출물;애플민트잎추출물;바실러스발효물;병풀추출물;병풀잎추출물;병풀뿌리추출물;아시아틱애씨드;아시아티코사이드;마데카식애씨드;마데카소사이드;다이소듐이디티에이",토니모리,어성초시카 퀵 카밍 수딩젤,33114,,
110 ml / 3.71 fl. oz.,,㈜제이앤제이코스텍,"정제수, 메틸프로판다이올, 다이에톡시에틸석시네이트, 베타인, 에리스리톨, 1,2-헥산다이올, 하이드록시아세토페논, 폴리글리세릴-10라우레이트, 프로판다이올, 에틸헥실글리세린, 알란토인, 소듐시트레이트, 시트릭애씨드, 약모밀추출물 (100 ppm), 판테놀, 글리세린, 서양배추출물, 다마스크장미꽃수, 캐모마일꽃오일, 서양측백나무잎오일, 복숭아추출물, 커먼자스민꽃수, 로즈마리잎오일, 광곽향오일, 서양송악잎/줄기추출물, 비터오렌지꽃추출물, 멜론추출물, 병풀뿌리추출물, 병풀추출물 (1 ppm), 병풀잎추출물 (1 ppm), 부틸렌글라이콜, 바실러스발효물, 쓴박하추출물, 레몬밤잎추출물, 페퍼민트잎추출물, 애플민트잎추출물, 아시아틱애씨드 (10 ppb), 아시아티코사이드 (10 ppb), 마데카식애씨드 (1 ppb), 마데카소사이드 (1 ppb), 다이소듐이디티에이",토니모리,어성초시카 퀵카밍 미스트 세럼,64630,,
4g,,(주)코스맥스,"[S02브릭쇼킹] 정제수,옥틸도데칸올,부틸렌글라이콜,다이프로필렌글라이콜,사과씨오일,글리세린,펜틸렌글라이콜,베타인,에틸셀룰로오스,클로렐라 불가리스추출물,해바라기씨오일,퀸즈랜드넛오일,올리브오일,호호바씨오일,포도씨오일,빌베리씨오일,폴리솔베이트60,솔비탄스테아레이트,폴리아크릴레이트크로스폴리머-6,암모늄아크릴로일다이메틸타우레이트/브이피코폴리머,하이드록시에틸아크릴레이트/소듐아크릴로일다이메틸타우레이트코폴리머,글루코오스,프룩토올리고사카라이드,프룩토오스,에틸헥실글리세린,소듐다이라우미도글루타미드라이신,알루미늄하이드록사이드,암모늄폴리아크릴레이트,트라이소듐에틸렌다이아민다이석시네이트,1,2-헥산다이올,수크로오스팔미테이트,하이드로제네이티드레시틴,세테아릴알코올,페녹시에탄올,향료,벤질알코올,신나밀알코올,티타늄디옥사이드 (CI 77891),황색4호 (CI 19140),황색5호 (CI 15985),적색227호 (CI 17200),청색1호 (CI 42090),적색223호 (CI 45380)",토니모리,퍼펙트립스 쇼킹립 틴트 [S02 브릭쇼킹],69083,,
4.8 g,,(주)코코/(주)토니모리,"04베이비피치 [촉촉] 올레익/리놀레익/리놀레닉폴리글리세라이즈, 폴리글리세릴-2트라이아이소스테아레이트, 피토스테릴/이소스테아릴/세틸/스테아릴/베헤닐다이머디리놀리에이트, 다이머다이리놀레일다이머다이리놀리에이트, 카프릴릭/카프릭트라이글리세라이드, 세레신, 티타늄디옥사이드, 합성왁스, 폴리하이드록시스테아릭애씨드, 황색산화철, 에틸렌/프로필렌코폴리머, 적색산화철, 글리세릴카프릴레이트, 레시틴, 에틸헥실글리세린, 적색202호, 에틸헥실팔미테이트, 아이소스테아릭애씨드, 아이소프로필미리스테이트, 향료, 폴리글리세릴-3폴리리시놀리에이트, 알루미늄하이드록사이드, 토코페릴아세테이트, 아스코빅애씨드, 글리세린, 정제수, 부틸렌글라이콜, 실크아미노산, 1,2-헥산다이올, 팔미토일헥사펩타이드-12 [벨벳] 다이메티콘, 아이소트라이데실아이소노나노에이트, 메틸메타크릴레이트크로스폴리머, 실리카, 다이메티콘/비닐다이메티콘크로스폴리머, 폴리글리세릴-2트라이아이소스테아레이트, 티타늄디옥사이드, 세레신, 합성왁스, 마이카, 황색산화철, 폴리하이드록시스테아릭애씨드, 적색산화철, 에틸렌/프로필렌코폴리머, 글리세릴카프릴레이트, 레시틴, 에틸헥실글리세린, 적색202호, 알루미늄하이드록사이드, 메티콘, 에틸헥실팔미테이트, 아이소스테아릭애씨드, 아이소프로필미리스테이트, 향료, 폴리글리세릴-3폴리리시놀리에이트, 토코페릴아세테이트, 아스코빅애씨드, 글리세린, 정제수, 부틸렌글라이콜, 실크아미노산, 1,2-헥산다이올, 팔미토일헥사펩타이드-12",토니모리,치크톤 립앤치크 듀오밤 [04 베이비피치],69087,,
4g,,(주)코스맥스,"[08 로즈쇼킹] 정제수, 옥틸도데칸올, 부틸렌글라이콜, 다이프로필렌글라이콜, 사과씨오일, 글리세린, 펜틸렌글라이콜, 베타인, 에틸셀룰로오스, 클로렐라, 불가리스추출물, 해바라기씨오일, 퀸즈랜드넛오일, 올리브오일, 호호바씨오일, 포도씨오일, 빌베리씨오일, 폴리솔베이트60, 솔비탄스테아레이트, 폴리아크릴레이트크로스폴리머-6, 암모늄아크릴로일다이메틸타우레이트/브이피코폴리머, 하이드록시에틸아크릴레이트/소듐아크릴로일다이메틸타우레이트코폴리머, 글루코오스, 프룩토올리고사카라이드, 프룩토오스, 에틸헥실글리세린, 소듐다이라우미도글루타미드라이신, 알루미늄하이드록사이드, 암모늄폴리아크릴레이트, 트라이소듐에틸렌다이아민다이석시네이트, 1,2-헥산다이올, 수크로오스팔미테이트, 하이드로제네이티드레시틴, 세테아릴알코올, 페녹시에탄올, 향료, 벤질알코올, 신나밀 알코올, 티타늄디옥사이드 (CI 77891), 황색4호 (CI 19140), 황색5호 (CI 15985), 적색227호 (CI 17200), 적색104호의(1) (CI 45410), 청색1호 (CI 42090), 적색223호 (CI 45380)",토니모리,퍼펙트립스 쇼킹립 틴트 [08 로즈쇼킹],27442,,
50 ml / 1.69 fl. oz.,,코스맥스㈜,"정제수, 부틸렌글라이콜, 다이부틸아디페이트, 프로판다이올, 디에칠아미노하이드록시벤조일헥실벤조에이트, 다이아이소프로필세바케이트, 에칠헥실트리아존, 메칠렌비스-벤조트리아졸릴테트라메칠부틸페놀, 디에칠헥실부타미도트리아존, 코코-카프릴레이트/카프레이트, 실리카, 블루아가베잎추출물, 스핑고모나스발효추출물, 병풀추출물, 병풀잎추출물, 병풀뿌리추출물, 아이소도데케인, 1,2-헥산다이올, 펜틸렌글라이콜, 세테아릴올리베이트, 데실글루코사이드, 나일론-12, 솔비탄올리베이트, 트로메타민, C20-22알킬포스페이트, 팔미틱애씨드, 스테아릭애씨드, 다이메틸카프라마이드, 하이드록시아세토페논, 바이오사카라이드검-1, 소듐스테아로일글루타메이트, 글리세린, 메틸프로판다이올, 폴리아크릴레이트크로스폴리머-6, 폴리에터-1, 폴리아마이드-8, 소듐하이알루로네이트크로스폴리머, 마이크로크리스탈린셀룰로오스, 에틸헥실글리세린, 셀룰로오스검, 토코페롤, 카프릴릴글라이콜, 펜타에리스리틸테트라-다이-t-부틸하이드록시하이드로신나메이트, 마데카소사이드, 카보머, C20-22알코올, 잔탄검, 향료",토니모리,순한 블루아가베 수딩 선 젤 [SPF50+/PA++++],64617,,
13g * 2 ea,,(주)코스맥스/(주)토니모리,"[02 베이지] 정제수, 다이메티콘, 티타늄디옥사이드 (CI 77891), 글리세린, 아이소도데케인, 코코-카프릴레이트/카프레이트, 트라이메틸실록시실리케이트, 메틸트라이메티콘, 피이지-10다이메티콘, 나이아신아마이드, 1,2-헥산다이올, 실리카, 피이지/피피지-18/18다이메티콘, 황색산화철 (CI 77492), 다이메티콘크로스폴리머, 사과추출물, 동백나무꽃추출물, 소듐하이알루로네이트, 히비스커스꽃추출물, 다마스크장미꽃수, 다마스크장미꽃오일, 작약꽃추출물, 아크릴레이트/폴리트라이메틸실록시메타크릴레이트코폴리머, 카프릴릴메티콘, 다이스테아다이모늄헥토라이트, 옥틸도데칸올, 마그네슘설페이트, 폴리글리세릴-3폴리다이메틸실록시에틸다이메티콘, 합성플루오르플로고파이트, 알루미늄하이드록사이드, 스테아릭애씨드, 알루미나, 트라이에톡시카프릴릴실레인, 폴리글리세릴-4아이소스테아레이트, 헥토라이트, 라우로일라이신, 아이소프로필티타늄트라이아이소스테아레이트, 아데노신, 트라이소듐에틸렌다이아민다이석시네이트, 글리세릴베헤네이트/에이코사디오에이트, 부틸렌글라이콜, 판테놀, 펜틸렌글라이콜, 토코페롤, 프로판다이올, 소듐클로라이드, 에틸헥실글리세린, 소듐바이카보네이트, 칼슘클로라이드, 포타슘클로라이드, 향료, 적색산화철 (CI 77491), 흑색산화철 (CI 77499)",토니모리,스킨톤 픽싱 커버 쿠션 [SPF40/PA++] [02 베이지],71954,,
13g * 2 ea,,(주)코스맥스/(주)토니모리,"[01 아이보리] 정제수, 다이메티콘, 티타늄디옥사이드 (CI 77891), 글리세린, 아이소도데케인, 코코-카프릴레이트/카프레이트, 트라이메틸실록시실리케이트, 메틸트라이메티콘, 피이지-10다이메티콘, 나이아신아마이드, 1,2-헥산다이올, 실리카, 피이지/피피지-18/18다이메티콘, 다이메티콘크로스폴리머, 사과추출물, 동백나무꽃추출물, 소듐하이알루로네이트, 히비스커스꽃추출물, 다마스크장미꽃수, 다마스크장미꽃오일, 작약꽃추출물, 아크릴레이트/폴리트라이메틸실록시메타크릴레이트코폴리머, 카프릴릴메티콘, 다이스테아다이모늄헥토라이트, 마그네슘설페이트, 옥틸도데칸올, 폴리글리세릴-3폴리다이메틸실록시에틸다이메티콘, 합성플루오르플로고파이트, 알루미늄하이드록사이드, 스테아릭애씨드, 알루미나, 트라이에톡시카프릴릴실레인, 폴리글리세릴-4아이소스테아레이트, 헥토라이트, 라우로일라이신, 아데노신, 아이소프로필티타늄트라이아이소스테아레이트, 트라이소듐에틸렌다이아민다이석시네이트, 글리세릴베헤네이트/에이코사디오에이트, 부틸렌글라이콜, 판테놀, 펜틸렌글라이콜, 토코페롤, 프로판다이올, 소듐클로라이드, 에틸헥실글리세린, 소듐바이카보네이트, 칼슘클로라이드, 포타슘클로라이드, 향료, 황색산화철 (CI 77492), 적색산화철 (CI 77491), 흑색산화철 (CI 77499)",토니모리,스킨톤 픽싱 커버 쿠션 [SPF40/PA++] [01 아이보리],71952,,
5.3 g,,(주)씨앤씨인터내셔널/ (주)토니모리,"[04 무화과 시럽] 정제수, 다이아이소스테아릴말레이트, 다이페닐다이메티콘, 비스-다이글리세릴폴리아실아디페이트-2, 비스-베헤닐/아이소스테아릴/피토스테릴다이머다이리놀레일다이머다이리놀리에이트, 하이드로제네이티드폴리아이소부텐, 다이글리세린, 옥틸도데칸올, 다이프로필렌글라이콜, 세틸피이지/피피지-10/1다이메티콘, 솔비탄아이소스테아레이트, 폴리솔베이트60, 1,2-헥산다이올, 하이드록시에틸아크릴레이트/소듐아크릴로일다이메틸타우레이트코폴리머, 페녹시에탄올, 세테아레스-20, 티타늄디옥사이드, 스쿠알란, 향료, 에틸헥실글리세린, 황색5호, 적색227호, 황색4호, 알루미늄하이드록사이드, 암모늄폴리아크릴레이트, 부틸렌글라이콜, 청색1호, 아르간커넬오일, 코코넛야자오일, 호호바씨오일, 아보카도오일, 해바라기씨오일, 올리브오일, 판테놀, 펜타에리스리틸테트라-다이-t-부틸하이드록시하이드로신나메이트, 소듐하이알루로네이트, 하이드록시프로필트라이모늄하이알루로네이트, 소듐아세틸레이티드하이알루로네이트, 하이드롤라이즈드하이알루로닉애씨드, 하이알루로닉애씨드, 하이드롤라이즈드소듐하이알루로네이트, 소듐하이알루로네이트크로스폴리머, 포타슘하이알루로네이트, 세라마이드엔피",토니모리,겟잇 틴트 워터풀 시럽 [04 무화과시럽],76693,,
150 ml / 5.07 fl. oz.,,㈜제이앤제이코스텍,"정제수;미리스틱애씨드;글리세린;포타슘하이드록사이드;라우라마이드디이에이;라우릭애씨드;비즈왁스;스테아릭애씨드;코카미도프로필베타인;글리세릴스테아레이트;약모밀추출물;글라이콜다이스테아레이트;피이지-200;트라이하이드록시스테아린;피이지-100스테아레이트;폴리솔베이트20;페녹시에탄올;폴리쿼터늄-7;소듐클로라이드;에틸헥실글리세린;서양배추출물;다마스크장미꽃수;캐모마일꽃오일;서양측백나무잎오일;테트라소듐이디티에이;복숭아추출물;커먼자스민꽃수;로즈마리잎오일;판테놀;소듐벤조에이트;비터오렌지꽃추출물;멜론추출물;서양송악잎/줄기추출물;광곽향오일;하이드록시아세토페논;부틸렌글라이콜;1,2-헥산다이올;알란토인;글루코노락톤;토코페릴아세테이트;병풀추출물;병풀잎추출물;병풀뿌리추출물;버지니아풍년화추출물;흰버드나무껍질추출물;소듐하이알루로네이트;바실러스발효물;아시아틱애씨드;아시아티코사이드;마데카식애씨드;마데카소사이드",토니모리,어성초시카 퀵 수딩 클렌징 폼,33241,,
45ml,,(주)한국콜마,"정제수, 사이클로펜타실록세인, 징크옥사이드, 티타늄디옥사이드, 글리세린, 다이메티콘, 다이카프릴릴카보네이트, 피이지-10다이메티콘, 다이스테아다이모늄헥토라이트, 쇠비름추출물, 알로에베라잎추출물, 접시꽃추출물, 부들레야추출물, 타임추출물, 마그네슘설페이트, 알루미늄하이드록사이드, 알루미늄스테아레이트, 다이메티콘/비닐다이메티콘크로스폴리머, 메티콘, 글리세릴카프릴레이트, 메틸메타크릴레이트크로스폴리머, 카프릴릴글라이콜, 솔비탄세스퀴올리에이트, 폴리글리세릴-6폴리리시놀리에이트, 향료, 시트로넬올, 벤질살리실레이트, 리날룰",토니모리,유브이 마스터 키즈앤맘 선크림 [SPF35/PA+++],64607,,
4g,,(주)코스맥스,"[12페어리쇼킹] 정제수, 옥틸도데칸올, 부틸렌글라이콜, 다이프로필렌글라이콜, 사과씨오일, 글리세린, 펜틸렌글라이콜, 베타인, 에틸셀룰로오스, 클로렐라 불가리스추출물, 해바라기씨오일, 퀸즈랜드넛오일, 올리브오일, 호호바씨오일, 포도씨오일, 빌베리씨오일, 폴리솔베이트60, 솔비탄스테아레이트, 폴리아크릴레이트크로스폴리머-6, 암모늄아크릴로일다이메틸타우레이트/브이피코폴리머, 하이드록시에틸아크릴레이트/소듐아크릴로일다이메틸타우레이트코폴리머, 글루코오스, 프룩토올리고사카라이드, 프룩토오스, 에틸헥실글리세린, 소듐다이라우미도글루타미드라이신, 트라이소듐에틸렌다이아민다이석시네이트, 알루미늄하이드록사이드, 암모늄폴리아크릴레이트, 1,2-헥산다이올, 수크로오스팔미테이트, 하이드로제네이티드레시틴, 세테아릴알코올, 페녹시에탄올, 향료, 벤질알코올, 신나밀알코올, 티타늄디옥사이드 (CI 77891), 적색104호의(1) (CI 45410), 황색4호 (CI 19140), 적색227호 (CI 17200), 청색1호 (CI 42090)",토니모리,퍼펙트립스 쇼킹립 틴트 [12 페어리쇼킹],69081,,
4.3 g,,(주)코스맥스/(주)토니모리,"[08호 로지 모카] 정제수, 다이메티콘, 카프릴릴메티콘, 글리세린, 다이메티콘/비닐다이메티콘크로스폴리머, 펜틸렌글라이콜, 다이메티콘크로스폴리머, 소듐아크릴레이트크로스폴리머-2, 시어버터, 소듐하이알루로네이트, 1,2-헥산다이올, 세테아레스-20, 세틸피이지/피피지-10/1다이메티콘, 폴리글리세릴-10미리스테이트, 부틸렌글라이콜, 암모늄아크릴로일다이메틸타우레이트/브이피코폴리머, 글리세릴스테아레이트, 피이지-100스테아레이트, 다이페닐실록시페닐트라이메티콘, 폴리아크릴레이트-13, 폴리아이소부텐, 카프릴릭/카프릭트라이글리세라이드, 에틸헥실글리세린, 트라이소듐에틸렌다이아민다이석시네이트, 하이드로제네이티드레시틴, 폴리솔베이트20, 솔비탄아이소스테아레이트, 알지닌, 알루미늄하이드록사이드, 암모늄폴리아크릴레이트, 세라마이드엔피, 카보머, 페녹시에탄올, 벤질벤조에이트, 향료, 티타늄디옥사이드 (CI 77891), 황색5호 (CI 15985), 적색227호 (CI 17200), 황색4호 (CI 19140), 적색104호의(1) (CI 45410), 청색1호 (CI 42090)",토니모리,겟잇 틴트 워터풀 버터 [08 로지모카],60632,,
4.3 g,,(주)코스맥스,"[05 모브브루] 정제수, 다이메티콘, 카프릴릴메티콘, 글리세린, 다이메티콘/비닐다이메티콘크로스폴리머, 펜틸렌글라이콜, 다이메티콘크로스폴리머, 소듐아크릴레이트크로스폴리머-2, 시어버터, 소듐하이알루로네이트, 1,2-헥산다이올, 세테아레스-20, 세틸피이지/피피지-10/1다이메티콘, 폴리글리세릴-10미리스테이트, 부틸렌글라이콜, 암모늄아크릴로일다이메틸타우레이트/브이피코폴리머, 글리세릴스테아레이트, 피이지-100스테아레이트, 다이페닐실록시페닐트라이메티콘, 폴리아크릴레이트-13, 폴리아이소부텐 카프릴릭/카프릭트라이글리세라이드, 에틸헥실글리세린, 트라이소듐에틸렌다이아민다이석시네이트, 하이드로제네이티드레시틴, 폴리솔베이트20, 솔비탄아이소스테아레이트, 알루미늄하이드록사이드, 알지닌, 암모늄폴리아크릴레이트, 세라마이드엔피 카보머, 페녹시에탄올, 벤질벤조에이트, 향료, 티타늄디옥사이드 (CI 77891), 적색227호 (CI 17200), 황색4호 (CI 19140), 황색5호 (CI 15985), 적색104호의(1) (CI 45410), 청색1호 (CI 42090)",토니모리,겟잇 틴트 워터풀 버터 [05 모브브루],60611,,
60g,,(주)코스메카코리아,"옥수수전분, 소듐코코일이세티오네이트, 소듐라우로일글루타메이트, 소듐라우로일아스파테이트, 말토덱스트린, 쌀가루, 호두나무열매껍질가루, 알란토인, 파파인, 소듐메타바이설파이트, 프로테아제, 보리추출물, 돌콩추출물, 검은깨추출물, 쌀추출물, 1,2-헥산다이올",토니모리,프롬해남 까만보리 효소 세안제,43774,,
3.5 g / 0.12 oz.,,(주)한국콜마/(주)토니모리,"[06 버블핑크] 마이카,다이메티콘,다이카프릴릴카보네이트,티타늄디옥사이드,다이메티콘/비닐다이메티콘크로스폴리머,페닐트라이메티콘,하이드로제네이티드폴리데센,동백나무꽃추출물,연꽃꽃추출물,히비스커스꽃추출물,비타민나무열매오일,실리카,라우로일라이신,1,2-헥산다이올,알루미늄하이드록사이드,글리세릴카프릴레이트,카올린,토코페롤,정제수,스쿠알란,프로판다이올,부틸렌글라이콜,울트라마린,적색226호,적색202호,적색산화철,황색4호 ]",토니모리,치크톤 젤리 블러셔 [06 버블핑크],62028,,
50g,,(주)메가코스,"정제수, 글리세린, 다이프로필렌글라이콜, 나이아신아마이드(5 %), 페닐트라이메티콘, 카프릴릭/카프릭트라이글리세라이드, 알부틴(2 %), 세테아릴알코올, 시어버터, 폴리글리세릴-2스테아레이트, 부틸렌글라이콜, 글리세릴스테아레이트, 비사보롤, 스테아릴알코올, 세테아릴올리베이트, 솔비탄올리베이트, 비닐다이메티콘, 세틸알코올, 하이드록시아세토페논, 스쿠알란, 소듐폴리아크릴레이트, 에틸헥실스테아레이트, 세틸에틸헥사노에이트, 카보머, 하이드록시에틸아크릴레이트/소듐아크릴로일다이메틸타우레이트코폴리머, 트로메타민, 에틸헥실글리세린, 잔탄검, 네오펜틸글라이콜다이헵타노에이트, 폴리글리세릴-4올리에이트, 1,2-헥산다이올, 아데노신, 하이드로제네이티드포스파티딜콜린, 하이드로제네이티드레시틴, 서양배추출물, 폴리글리세릴-10미리스테이트, 다이소듐이디티에이, 트라이데세스-6, 인도멀구슬나무잎추출물, 캐모마일꽃오일, 다마스크장미꽃수, 달맞이꽃오일, 잇꽃씨오일, 서양측백나무잎오일, 인도멀구슬나무꽃추출물, 병풀추출물, 울금뿌리추출물, 팔미틱애씨드, 오리스뿌리추출물, 솔비탄아이소스테아레이트, 폴리솔베이트60, 스테아릭애씨드, 멜론추출물, 우엉뿌리추출물, 진흙버섯추출물, 서양송악잎/줄기추출물, 쇠비름추출물, 복숭아추출물, 세라마이드엔피, 비터오렌지꽃추출물, 마트리카리아꽃추출물, 체이스트트리추출물, 바닐라열매추출물, 레인보우랙추출물, 홀리바질잎추출물, 녹차추출물, 참산호말추출물, 폴리쿼터늄-51, 티옥틱애씨드, 트라넥사믹애씨드, 알파-알부틴",토니모리,기미야 미백 크림,47565,,
10g,,(주)메가코스,"카프릴릭/카프릭트라이글리세라이드;합성왁스;비닐다이메티콘/메티콘실세스퀴옥세인크로스폴리머;다이아이소스테아릴말레이트;검양옻나무열매왁스;마이카;쌀겨왁스;비스-다이글리세릴폴리아실아디페이트-2;하이드로제네이티드쌀겨오일;실리카;에틸렌/프로필렌코폴리머;다이프로필렌글라이콜;글리세린;알파-비사보롤;실리카다이메틸실릴레이트;정제수;해바라기씨오일;트라이에톡시카프릴릴실레인;하이드로제네이티드레시틴;폴리글리세릴-10올리에이트;데하이드로아세틱애씨드;아데노신;돌콩오일;아나토씨오일;토코페롤;부틸렌글라이콜;아스코빅애씨드;에칠아스코빌에텔;1,2-헥산다이올;하이드롤라이즈드콘키올린단백질;하이드롤라이즈드옥수수단백질;하이드롤라이즈드귀리단백질;하이드롤라이즈드콩단백질;하이드롤라이즈드밀단백질;리모넨;시트랄;리날룰;시트로넬올;향료",토니모리,마스터랩 솔루션 멀티밤 [비타민씨],32937,,
200ml,,제품 별도 표기 / (주)토니모리,"정제수, 글리세린, 1,2-헥산다이올, 하이드로제네이티드폴리아이소부텐, 다이카프릴릴카보네이트, C14-22알코올, 프로판다이올, 녹차추출물(8,700 ppm), 사이클로펜타실록세인, 세틸알코올, 하이드록시에틸아크릴레이트/소듐아크릴로일다이메틸타우레이트코폴리머, 사이클로헥사실록세인, C12-20알킬글루코사이드, 암모늄아크릴로일다이메틸타우레이트/브이피코폴리머, 리날룰, 리모넨, 폴리솔베이트60, 솔비탄아이소스테아레이트, 다이소듐이디티에이, 레몬껍질오일, 향료, 시트랄, 에칠아스코빌에텔, 토코페롤",토니모리,그린티 수분 로션,73625,,
3.5 g,,(주)한국콜마/(주)토니모리,"[08리본핑크] 마이카,다이메티콘,다이카프릴릴카보네이트,티타늄디옥사이드,다이메티콘/비닐다이메티콘크로스폴리머,폴리아이소부텐,페닐트라이메티콘,하이드로제네이티드폴리데센,라우로일라이신,동백나무꽃추출물,연꽃꽃추출물,히비스커스꽃추출물,비타민나무열매오일,알루미늄하이드록사이드,1,2-헥산다이올,글리세릴카프릴레이트,실리카,토코페롤,정제수,스쿠알란,프로판다이올,부틸렌글라이콜,적색226호,적색202호,황색4호",토니모리,치크톤 젤리 블러셔 [08 리본핑크],69139,,
15 g,,㈜코스맥스,"정제수;CI 77891;사이클로펜타실록세인;에칠헥실메톡시신나메이트;에칠헥실살리실레이트;글리세린;페닐트라이메티콘;부틸렌글라이콜다이카프릴레이트/다이카프레이트;라우릴피이지-10트리스(트라이메틸실록시)실릴에틸다이메티콘;다이메티콘;다이아이소스테아릴말레이트;나이아신아마이드;합성플루오르플로고파이트;1,2-헥산다이올;CI 77492;클로렐라 불가리스추출물;황금추출물;감초뿌리추출물;왜당귀뿌리추출물;타임추출물;산수유열매추출물;녹용추출물;효모발효물;아크릴레이트/스테아릴아크릴레이트/다이메티콘메타크릴레이트코폴리머;세틸피이지/피피지-10/1다이메티콘;피토스테릴/아이소스테아릴/세틸/스테아릴/베헤닐다이머디리놀리에이트;다이스테아다이모늄헥토라이트;마그네슘설페이트;라우로일라이신;트라이메틸실록시실리케이트;다이메티콘크로스폴리머;알루미늄하이드록사이드;스테아릭애씨드;알루미나;트라이에톡시카프릴릴실레인;폴리하이드록시스테아릭애씨드;글루코오스;아이소도데케인;옥틸도데칸올;피이지-9폴리다이메틸실록시에틸다이메티콘;부틸렌글라이콜;프룩토올리고사카라이드;프룩토오스;에틸헥실팔미테이트;아이소프로필미리스테이트;아이소스테아릭애씨드;레시틴;아데노신;트라이소듐에틸렌다이아민다이석시네이트;폴리글리세릴-3폴리리시놀리에이트;폴리프로필실세스퀴옥세인;폴리글리세릴-4아이소스테아레이트;아이소프로필티타늄트라이아이소스테아레이트;에틸헥실글리세린;토코페롤;향료;리날룰;헥실신남알;시트로넬올;벤질살리실레이트;알파-아이소메틸아이오논;CI 77491;CI 77499",토니모리,결 고운 세럼 쿠션 [SPF48/PA+++] [02 자연스러운빛],32128,,
5.3 g,,(주)씨앤씨인터내셔널/ (주)토니모리,"[10 베리 시럽] 정제수, 다이아이소스테아릴말레이트, 다이페닐다이메티콘, 비스-다이글리세릴폴리아실아디페이트-2, 비스-베헤닐/아이소스테아릴/피토스테릴다이머다이리놀레일다이머다이리놀리에이트, 하이드로제네이티드폴리아이소부텐, 다이글리세린, 옥틸도데칸올, 다이프로필렌글라이콜, 세틸피이지/피피지-10/1다이메티콘, 솔비탄아이소스테아레이트, 폴리솔베이트60, 1,2-헥산다이올, 하이드록시에틸아크릴레이트/소듐아크릴로일다이메틸타우레이트코폴리머, 티타늄디옥사이드, 페녹시에탄올, 세테아레스-20, 스쿠알란, 향료, 에틸헥실글리세린, 적색227호, 황색5호, 알루미늄하이드록사이드, 암모늄폴리아크릴레이트, 황색4호, 부틸렌글라이콜, 청색1호, 아르간커넬오일, 코코넛야자오일, 호호바씨오일, 아보카도오일, 해바라기씨오일, 올리브오일, 판테놀, 펜타에리스리틸테트라-다이-t-부틸하이드록시하이드로신나메이트, 소듐하이알루로네이트, 하이드록시프로필트라이모늄하이알루로네이트, 소듐아세틸레이티드하이알루로네이트, 하이드롤라이즈드하이알루로닉애씨드, 하이알루로닉애씨드, 하이드롤라이즈드소듐하이알루로네이트, 소듐하이알루로네이트크로스폴리머, 포타슘하이알루로네이트, 세라마이드엔피",토니모리,겟잇 틴트 워터풀 시럽 [10 베리시럽],76696,,
300ml,,주식회사 메가코스 / 토니모리,"정제수, 다이프로필렌글라이콜, 사이클로펜타실록세인, 글리세린, 사이클로헥사실록세인, 빙하수(7,400ppm), 다이메티콘, 베타인, 페녹시에탄올, 암모늄아크릴로일다이메틸타우레이트/브이피코폴리머, 아크릴레이트/C10-30알킬아크릴레이트크로스폴리머, 트로메타민, 자일리톨, 에틸헥실글리세린, 폴리아크릴레이트-13, 폴리아이소부텐, 다이소듐이디티에이, 하이드록시에틸아크릴레이트/소듐아크릴로일다이메틸타우레이트코폴리머, 잔탄검, 소듐하이알루로네이트, 솔비탄아이소스테아레이트, 폴리솔베이트20, 폴리솔베이트60, 청색1호, 밤부사 불가리스수, 페퍼민트잎수, 버지니아풍년화수, 벤질살리실레이트, 향료",토니모리,원더 아쿠아 수분 크림,68634,,
4.8 g,,(주)코코/(주)토니모리,"01버니핑크 [촉촉] 올레익/리놀레익/리놀레닉폴리글리세라이즈, 폴리글리세릴-2트라이아이소스테아레이트, 다이머다이리놀레일다이머다이리놀리에이트, 피토스테릴/이소스테아릴/세틸/스테아릴/베헤닐다이머디리놀리에이트, 카프릴릭/카프릭트라이글리세라이드, 세레신, 티타늄디옥사이드, 합성왁스, 폴리하이드록시스테아릭애씨드, 에틸렌/프로필렌코폴리머, 글리세릴카프릴레이트, 황색5호, 황색산화철, 적색202호, 에틸헥실글리세린, 레시틴, 적색산화철, 아이소프로필미리스테이트, 에틸헥실팔미테이트, 아이소스테아릭애씨드, 향료, 알루미늄하이드록사이드, 폴리글리세릴-3폴리리시놀리에이트, 흑색산화철, 다이아이소스테아릴말레이트, 아스코빅애씨드, 토코페릴아세테이트, 글리세린, 정제수, 부틸렌글라이콜, 실크아미노산, 1,2-헥산다이올, 팔미토일헥사펩타이드-12 [벨벳] 다이메티콘, 아이소트라이데실아이소노나노에이트, 메틸메타크릴레이트크로스폴리머, 티타늄디옥사이드, 실리카, 다이메티콘/비닐다이메티콘크로스폴리머, 폴리글리세릴-2트라이아이소스테아레이트, 세레신, 합성왁스, 마이카, 폴리하이드록시스테아릭애씨드, 에틸렌/프로필렌코폴리머, 황색5호, 글리세릴카프릴레이트, 황색산화철, 적색산화철, 적색202호, 알루미늄하이드록사이드, 에틸헥실글리세린, 다이아이소스테아릴말레이트, 흑색산화철, 레시틴, 메티콘, 아이소프로필미리스테이트, 에틸헥실팔미테이트, 아이소스테아릭애씨드, 향료, 폴리글리세릴-3폴리리시놀리에이트, 토코페릴아세테이트, 아스코빅애씨드, 글리세린, 정제수, 부틸렌글라이콜, 실크아미노산, 1,2-헥산다이올, 팔미토일헥사펩타이드-12",토니모리,치크톤 립앤치크 듀오밤 [01 버니핑크],69084,,
50 ml / 1.69 fl. oz.,,㈜메가코스,"티타늄디옥사이드, 에칠헥실메톡시신나메이트, 4-메칠벤질리덴캠퍼, 부틸메톡시디벤조일메탄, 에칠헥실살리실레이트, 옥토크릴렌, 트로메타민, 페녹시에탄올, 페닐벤즈이미다졸설포닉애씨드, 호모살레이트, 벤질살리실레이트, 제라니올, 리모넨, 헥실신남알, 리날룰 [효능성분] 티타늄디옥사이드, 에칠헥실메톡시신나메이트, 4-메칠벤질리덴캠퍼, 부틸메톡시디벤조일메탄, 에칠헥실살리실레이트, 옥토크릴렌",토니모리,유브이 마스터 올인원 선 [SPF50+/PA+++],64611,,
150 ml,,㈜메가코스,"정제수, 글리세린, 소듐코코일이세티오네이트, 코코-베타인, 글리세릴스테아레이트, 스테아릴알코올, 코코넛애씨드, 소듐메틸코코일타우레이트, 소듐이세티오네이트, 포타슘코코일글리시네이트, 하이드록시프로필스타치포스페이트, 라우릴하이드록시설테인, 포타슘코코에이트, 하이드록시아세토페논, 라우릴글루코사이드, 레몬추출물(2,000 ppm), 녹차추출물(200 ppm), 소듐클로라이드, 로즈마리잎오일, 시트릭애씨드, 에틸헥실글리세린, 다이소듐이디티에이, 1,2-헥산다이올, 라벤더오일, 오렌지껍질오일, 리씨열매오일, 필리핀오렌지껍질오일, 베르가모트오일, 판테놀, 부틸렌글라이콜, 수레국화꽃추출물, 마트리카리아꽃/잎추출물, 보리지추출물, 히아신스전초추출물, 라벤더꽃수, 클레리추출물, 파파인, 리모넨, 시트랄, 리날룰",토니모리,더 촉촉 그린티 레몬 저자극 클렌징 폼,57020,,
4g,,(주)코스맥스,"[07 번트로즈쇼킹] 정제수, 옥틸도데칸올, 부틸렌글라이콜, 다이프로필렌글라이콜, 사과씨오일, 글리세린, 펜틸렌글라이콜, 베타인, 에틸셀룰로오스, 클로렐라, 불가리스추출물, 해바라기씨오일, 퀸즈랜드넛오일, 올리브오일, 호호바씨오일, 포도씨오일, 빌베리씨오일, 폴리솔베이트60, 솔비탄스테아레이트, 폴리아크릴레이트크로스폴리머-6, 암모늄아크릴로일다이메틸타우레이트/브이피코폴리머, 하이드록시에틸아크릴레이트/소듐아크릴로일다이메틸타우레이트코폴리머, 글루코오스, 프룩토올리고사카라이드, 프룩토오스, 에틸헥실글리세린, 소듐다이라우미도글루타미드라이신, 트라이소듐에틸렌다이아민다이석시네이트, 알루미늄하이드록사이드, 암모늄폴리아크릴레이트, 1,2-헥산다이올, 수크로오스팔미테이트, 하이드로제네이티드레시틴, 세테아릴알코올, 페녹시에탄올, 향료, 벤질알코올, 신나밀알코올, 티타늄디옥사이드 (CI 77891), 적색227호 (CI 17200), 황색5호 (CI 15985), 황색4호 (CI 19140), 적색223호 (CI 45380), 청색1호 (CI 42090)",토니모리,퍼펙트립스 쇼킹립 틴트 [07 번트로즈쇼킹],27495,,
3 g,,코스맥스,"[04 레드 핫] 정제수, 부틸렌글라이콜, 글리세린, 다이프로필렌글라이콜, 모란꽃수, 워터민트추출물, 알로에베라잎수, 암모늄아크릴로일다이메틸타우레이트/브이피코폴리머, 폴리아크릴레이트크로스폴리머-6, 다이메티콘, 피이지-60하이드로제네이티드캐스터오일, 레시틴, 스테비오사이드, 에틸헥실글리세린, 페녹시에탄올, 향료, 벤질살리실레이트, 리날룰, 등색205호 (CI 15510), 적색104호의(1) (CI 45410), 적색102호 (CI 16255)",토니모리,겟잇 틴트 컬러풀 워터 [04 레드핫],60661,,
150ml,,제품 별도 표기 / (주)토니모리,"정제수, 글리세린, 포타슘코코일글리시네이트, 프로필렌글라이콜, 프로판다이올, 솔비톨, 다이소듐라우레스설포석시네이트, 코카미도프로필베타인, 코코-글루코사이드, 부틸렌글라이콜, 라우릴하이드록시설테인, 소듐클로라이드, 하이드록시아세토페논, 올리브오일글리세레스-8에스터, 향료, 에틸헥실글리세린, 다이소듐이디티에이, 소듐벤조에이트, 트로메타민, 스쿠알란, 카프릴로일살리실릭애씨드, 시트릭애씨드, 1,2-헥산다이올, 호호바씨오일, 소듐헤파린, 아줄렌 (0.01 ppb), 베타-시토스테롤",토니모리,아줄렌 안티 블레미쉬 버블 폼 클렌저,73809,,
2g,,코스맥스㈜,탤크;마이카;티타늄다이옥사이드;황색산화철;흑색산화철;나일론-12;실리카;적색산화철;네오펜틸글라이콜다이에틸헥사노에이트;페닐트라이메티콘;다이메티콘;다이아이소스테아릴말레이트;다이펜타에리스리틸헥사하이드록시스테아레이트/헥사스테아레이트/헥사로지네이트;옥틸도데실스테아로일스테아레이트;아이소스테아릴네오펜타노에이트;프로판다이올;마그네슘미리스테이트;폴리부텐;하이드로제네이티드레시틴;메티콘;토코페릴아세테이트;판테놀;소듐데하이드로아세테이트;탤크;마이카;흑색산화철;황색산화철;티타늄다이옥사이드;적색산화철;실리카;망가니즈바이올렛;네오펜틸글라이콜다이에틸헥사노에이트;나일론-12;페닐트라이메티콘;다이메티콘;다이아이소스테아릴말레이트;다이펜타에리스리틸헥사하이드록시스테아레이트/헥사스테아레이트/헥사로지네이트;옥틸도데실스테아로일스테아레이트;아이소스테아릴네오펜타노에이트;프로판다이올;마그네슘미리스테이트;폴리부텐;하이드로제네이티드레시틴;메티콘;토코페릴아세테이트;판테놀;소듐데하이드로아세테이트,토니모리,이지터치 케익 아이브로우 [내추럴브라운],27391,,
4g,,(주)코스맥스,"[S01오렌지쇼킹] 정제수, 옥틸도데칸올, 부틸렌글라이콜, 다이프로필렌글라이콜, 사과씨오일, 글리세린, 펜틸렌글라이콜, 베타인, 에틸셀룰로오스, 클로렐라 불가리스추출물, 해바라기씨오일, 퀸즈랜드넛오일, 올리브오일, 호호바씨오일, 포도씨오일, 빌베리씨오일, 폴리아크릴레이트크로스폴리머-6, 폴리솔베이트60, 솔비탄스테아레이트, 암모늄아크릴로일다이메틸타우레이트/브이피코폴리머, 하이드록시에틸아크릴레이트/소듐아크릴로일다이메틸타우레이트코폴리머, 글루코오스, 프룩토올리고사카라이드, 프룩토오스, 에틸헥실글리세린, 소듐다이라우미도글루타미드라이신, 트라이소듐에틸렌다이아민다이석시네이트, 알루미늄하이드록사이드, 암모늄폴리아크릴레이트, 1,2-헥산다이올, 수크로오스팔미테이트, 하이드로제네이티드레시틴, 세테아릴알코올, 페녹시에탄올, 향료, 벤질알코올, 신나밀알코올, 황색4호 (CI 19140), 황색5호 (CI 15985), 티타늄디옥사이드 (CI 77891), 적색223호 (CI 45380), 적색104호의(1) (CI 45410), 적색227호 (CI 17200)",토니모리,퍼펙트립스 쇼킹립 틴트 [S01 오렌지쇼킹],69082,,
4g,,(주)코스맥스,"[04 핑크쇼킹] 정제수, 옥틸도데칸올, 부틸렌글라이콜, 다이프로필렌글라이콜, 사과씨오일, 글리세린, 펜틸렌글라이콜, 베타인, 에틸셀룰로오스, 클로렐라 불가리스추출물, 해바라기씨오일, 퀸즈랜드넛오일, 올리브오일, 호호바씨오일, 포도씨오일, 빌베리씨오일, 폴리솔베이트60, 솔비탄스테아레이트, 폴리아크릴레이트크로스폴리머-6, 암모늄아크릴로일다이메틸타우레이트/브이피코폴리머 ,하이드록시에틸아크릴레이트/소듐아크릴로일다이메틸타우레이트코폴리머, 글루코오스, 프룩토올리고사카라이드, 프룩토오스, 에틸헥실글리세린, 소듐다이라우미도글루타미드라이신, 트라이소듐에틸렌다이아민다이석시네이트, 1,2-헥산다이올, 수크로오스팔미테이트, 하이드로제네이티드레시틴, 세테아릴알코올, 페녹시에탄올, 향료, 벤질알코올, 신나밀알코올, 적색223호 (CI 45380), 적색104호의(1) (CI 45410), 적색227호 (CI 17200), 황색4호 (CI 19140)",토니모리,퍼펙트립스 쇼킹립 [04 핑크쇼킹],27431,,
150ml,,제품 별도 표기 / (주)토니모리,"정제수, 글리세린, 미리스틱애씨드, 포타슘하이드록사이드, 스테아릭애씨드, 글리세릴스테아레이트에스이, 라우릭애씨드, 소듐메틸코코일타우레이트, 살리실릭애씨드, 솔비탄올리베이트, 포타슘코코일글리시네이트, 로즈마리잎오일, 카프릴릴글라이콜, 아크릴레이트/C10-30알킬아크릴레이트크로스폴리머, 포타슘코코에이트, 폴리쿼터늄-7, 다이소듐이디티에이, 티트리잎오일, 소듐벤조에이트, 부틸렌글라이콜, 카프릴로일살리실릭애씨드, 1,2-헥산다이올, 아줄렌(0.3 ppb), 베타-시토스테롤, 소듐헤파린",토니모리,아줄렌 안티 블레미쉬 아크네 폼 클렌저,73810,,
4g,,㈜ 토니모리,트라이메틸실록시실리케이트;CI 77499;아이소도데케인;사이클로펜타실록세인;사이클로헥사실록세인;세레신;CI 77491;CI 77492;탤크;CI 77891;실리카실릴레이트;카프릴릴메티콘;퀸즈랜드넛오일;포도씨오일;트라이에톡시카프릴릴실레인;다이스테아다이모늄헥토라이트;폴리글리세릴-4아이소스테아레이트;프로필렌카보네이트;카프릴릴글라이콜;글리세릴카프릴레이트,토니모리,백젤 아이라이너Z [02 브라운],30239,,
4g,,(주)코스맥스/(주)토니모리,"[N18 베리진 쇼킹] 정제수, 옥틸도데칸올, 부틸렌글라이콜, 다이프로필렌글라이콜, 사과씨오일, 글리세린, 베타인, 펜틸렌글라이콜, 에틸셀룰로오스, 세테아릴알코올, 솔비탄스테아레이트, 폴리솔베이트60, 폴리아크릴레이트크로스폴리머-6, 페녹시에탄올, 1,2-헥산다이올, 암모늄아크릴로일다이메틸타우레이트/브이피코폴리머, 하이드록시에틸아크릴레이트/소듐아크릴로일다이메틸타우레이트코폴리머, 티타늄디옥사이드 (CI 77891), 글루코오스, 클로렐라 불가리스추출물, 적색227호 (CI 17200), 프룩토오스, 프룩토올리고사카라이드, 에틸헥실글리세린, 향료, 황색5호 (CI 15985), 적색104호의(1) (CI 45410), 황색4호 (CI 19140), 소듐다이라우미도글루타미드라이신, 트라이소듐에틸렌다이아민다이석시네이트, 알루미늄하이드록사이드, 암모늄폴리아크릴레이트, 청색1호 (CI 42090), 벤질알코올, 신나밀알코올, 해바라기씨오일, 수크로오스팔미테이트, 하이드로제네이티드레시틴, 올리브오일, 퀸즈랜드넛오일, 포도씨오일, 호호바씨오일, 빌베리씨오일",토니모리,주토피아 에디션 퍼펙트립스 쇼킹립 틴트 [N18 베리진 쇼킹],74951,,
3.2 g,,(주)한국콜마,"[09 헤이즐 쿠키] 티타늄디옥사이드, 마이카, 폴리메틸실세스퀴옥세인, 헥실라우레이트, 실리카, 다이메티콘, 다이메티콘/비닐다이메티콘크로스폴리머, 다이아이소스테아릴말레이트, 페닐트라이메티콘, 황색산화철, 탤크, 카프릴릭/카프릭트라이글리세라이드, 울트라마린, 1,2-헥산다이올, 다이메티콘크로스폴리머, 흑색산화철, 적색산화철, 메티콘, 카프릴릴글라이콜, 트라이에톡시카프릴릴실레인, 알루미늄하이드록사이드, 벤질벤조에이트, 세테아릴알코올, 향료, 카카오씨버터, 코코넛야자오일, 토코페롤",토니모리,치크톤 젤리 블러셔 [09 헤이즐쿠키],69140,,
300ml,,(주)메가코스,"정제수;글리세린;다이글리세린;베헤닐알코올;에틸헥실팔미테이트;피토스테릴/옥틸도데실라우로일글루타메이트;부틸렌글라이콜;스테아릴알코올;다이메티콘;에틸헥실스테아레이트;폴리글리세릴-10라우레이트;1,2-헥산다이올;알로에베라잎추출물;만주자작나무수액;아사이팜열매추출물;보검선인장줄기추출물;세라마이드엔피;구아바잎추출물;소듐하이알루로네이트;병풀추출물;하이드로제네이티드레시틴;쇠비름추출물;체이스트트리추출물;마트리카리아꽃추출물;폴리글리세린-3;레몬껍질오일;로즈우드오일;잔탄검;소듐폴리아크릴레이트;트라이데세스-6;카보머;토코페롤;에틸헥실글리세린;다이소듐이디티에이;트로메타민;하이드록시아세토페논",토니모리,원더 세라마이드 모찌 수분크림,27379,,
4.3 g,,(주)코스맥스/(주)토니모리,"[25 라스트로지] 정제수,다이메티콘,카프릴릴메티콘,글리세린,다이메티콘/비닐다이메티콘크로스폴리머,펜틸렌글라이콜,다이메티콘크로스폴리머,소듐아크릴레이트크로스폴리머-2,시어버터,소듐하이알루로네이트,1,2-헥산다이올,세테아레스-20,세틸피이지/피피지-10/1다이메티콘,폴리글리세릴-10미리스테이트,부틸렌글라이콜,암모늄아크릴로일다이메틸타우레이트/브이피코폴리머,글리세릴스테아레이트,피이지-100스테아레이트,다이페닐실록시페닐트라이메티콘,폴리아크릴레이트-13,폴리아이소부텐,카프릴릭/카프릭트라이글리세라이드,에틸헥실글리세린,트라이소듐에틸렌다이아민다이석시네이트,하이드로제네이티드레시틴,폴리솔베이트20,솔비탄아이소스테아레이트,알루미늄하이드록사이드,암모늄폴리아크릴레이트,알지닌,세라마이드엔피,카보머,페녹시에탄올,벤질벤조에이트,향료,티타늄디옥사이드 (CI 77891),황색5호 (CI 15985),적색227호 (CI 17200),적색104호의(1) (CI 45410),청색1호 (CI 42090)",토니모리,겟잇 틴트 워터풀 버터 [25 라스트로지],69712,,
4g,,(주)코스맥스,"[10호 모브쇼킹] 정제수, 옥틸도데칸올, 부틸렌글라이콜, 다이프로필렌글라이콜, 사과씨오일, 글리세린, 펜틸렌글라이콜, 베타인, 에틸셀룰로오스, 클로렐라, 불가리스추출물, 해바라기씨오일, 퀸즈랜드넛오일, 올리브오일, 호호바씨오일, 포도씨오일, 빌베리씨오일, 폴리솔베이트60, 솔비탄스테아레이트, 폴리아크릴레이트크로스폴리머-6, 암모늄아크릴로일다이메틸타우레이트/브이피코폴리머, 하이드록시에틸아크릴레이트/소듐아크릴로일다이메틸타우레이트코폴리머, 글루코오스, 프룩토올리고사카라이드, 프룩토오스, 에틸헥실글리세린, 소듐다이라우미도글루타미드라이신, 알루미늄하이드록사이드, 암모늄폴리아크릴레이트, 트라이소듐에틸렌다이아민다이석시네이트, 1,2-헥산다이올, 수크로오스팔미테이트, 하이드로제네이티드레시틴, 세테아릴알코올, 페녹시에탄올, 향료, 벤질알코올, 신나밀알코올, 티타늄디옥사이드 (CI 77891), 적색227호 (CI 17200), 황색4호 (CI 19140), 청색1호 (CI 42090), 적색223호 (CI 45380)",토니모리,퍼펙트립스 쇼킹립 틴트 [10 모브쇼킹],57224,,
10g,,(주)메가코스,"해바라기씨오일;카프릴릭/카프릭트라이글리세라이드;펜타에리스리틸테트라아이소스테아레이트;칸데릴라왁스;시어버터;폴리글리세릴-2트라이아이소스테아레이트;다이프로필렌글라이콜;글리세린;알파-비사보롤;정제수;한련초추출물;카프릴릴글라이콜;하이드로제네이티드레시틴;폴리글리세릴-10올리에이트;아데노신;인도멀구슬나무잎추출물;드럼스틱씨오일;부틸렌글라이콜;하이드롤라이즈드콜라겐;1,2-헥산다이올;하이드롤라이즈드엘라스틴;하이드롤라이즈드귀리단백질;하이드롤라이즈드콩단백질;하이드롤라이즈드밀단백질;하이드롤라이즈드콘키올린단백질;하이드롤라이즈드옥수수단백질;향료",토니모리,마스터랩 솔루션 멀티밤 [콜라겐],32936,,
4.3 g,,(주)코스맥스/(주)토니모리,"[02 너티크림] 정제수, 다이메티콘, 카프릴릴메티콘, 글리세린, 다이메티콘/비닐다이메티콘크로스폴리머, 펜틸렌글라이콜, 다이메티콘크로스폴리머, 소듐아크릴레이트크로스폴리머-2, 시어버터, 소듐하이알루로네이트, 1,2-헥산다이올, 세테아레스-20, 세틸피이지/피피지-10/1다이메티콘, 폴리글리세릴-10미리스테이트, 부틸렌글라이콜, 암모늄아크릴로일다이메틸타우레이트/브이피코폴리머, 글리세릴스테아레이트, 피이지-100스테아레이트, 다이페닐실록시페닐트라이메티콘, 폴리아크릴레이트-13, 폴리아이소부텐, 카프릴릭/카프릭트라이글리세라이드, 에틸헥실글리세린, 트라이소듐에틸렌다이아민다이석시네이트, 하이드로제네이티드레시틴, 폴리솔베이트20, 알루미늄하이드록사이드, 솔비탄아이소스테아레이트, 암모늄폴리아크릴레이트, 알지닌, 세라마이드엔피 카보머, 페녹시에탄올, 벤질벤조에이트, 향료, 티타늄디옥사이드 (CI 77891), 황색5호 (CI 15985), 적색227호 (CI 17200), 황색4호 (CI 19140), 적색104호의(1) (CI 45410), 청색1호 (CI 42090)",토니모리,겟잇 틴트 워터풀 버터 [02 너티크림],60607,,
30 ml,,대한민국,"[이지에프 스피큘 토닝 앰플] 정제수, 글리세린, 나이아신아마이드, 다이메티콘, 사이클로펜타실록세인, 카프릴릭/카프릭트라이글리세라이드, 부틸렌글라이콜, 사이클로헥사실록세인, 글라이코실트레할로오스, 세테아릴알코올, C14-22알코올, 아크릴레이트/C10-30알킬아크릴레이트크로스폴리머, 트로메타민, 하이드록시아세토페논, 글리세릴스테아레이트, 하이드로제네이티드스타치하이드롤리세이트, 폴리솔베이트80, 카프릴릴글라이콜, 알란토인, C12-20알킬글루코사이드, 하이드롤라이즈드해면(0.07%), 에틸헥실글리세린, 아데노신, 잔탄검, 1,2-헥산다이올, 하이드롤라이즈드콜라겐, 병풀추출물, 병풀잎추출물, 병풀뿌리추출물, 아시아틱애씨드, 아시아티코사이드, 에스에이치-올리고펩타이드-1(1 ppb), 에스에이치-올리고펩타이드-2(1 ppb), 에스에이치-폴리펩타이드-1(1 ppb), 에스에이치-폴리펩타이드-22(1 ppb), 에스에이치-폴리펩타이드-3(1 ppb), 마데카식애씨드, 마데카소사이드, 향료",토니모리,스피큘 앰플 [이지에프토닝],64442,,
4.8 g,,(주)코코/(주)토니모리,"13마리핑크빔 [촉촉] 펜타에리스리틸테트라아이소스테아레이트, 피토스테릴/이소스테아릴/세틸/스테아릴/베헤닐다이머디리놀리에이트, 폴리글리세릴-2트라이아이소스테아레이트, 카프릴릭/카프릭트라이글리세라이드, 아이소노닐아이소노나노에이트, 마이카, 티타늄디옥사이드, 합성플루오르플로고파이트, 아이소트라이데실아이소노나노에이트, 세레신, 합성왁스, 적색산화철, 마이크로크리스탈린왁스, 에틸렌/프로필렌코폴리머, 글리세릴카프릴레이트, 에틸헥실글리세린, 향료, 틴옥사이드, 카민, 토코페릴아세테이트, 아스코빅애씨드, 글리세린, 정제수, 부틸렌글라이콜, 실크아미노산, 1,2-헥산다이올, 팔미토일헥사펩타이드-12 [벨벳] 다이메티콘, 아이소트라이데실아이소노나노에이트, 메틸메타크릴레이트크로스폴리머, 티타늄디옥사이드, 실리카, 다이메티콘/비닐다이메티콘크로스폴리머, 폴리글리세릴-2트라이아이소스테아레이트, 세레신, 합성왁스, 마이카, 폴리하이드록시스테아릭애씨드, 에틸렌/프로필렌코폴리머, 글리세릴카프릴레이트, 알루미늄하이드록사이드, 적색산화철, 레시틴, 에틸헥실글리세린, 메티콘, 아이소프로필미리스테이트, 에틸헥실팔미테이트, 아이소스테아릭애씨드, 향료, 황색5호, 폴리글리세릴-3폴리리시놀리에이트, 적색202호, 토코페릴아세테이트, 아스코빅애씨드, 글리세린, 정제수, 부틸렌글라이콜, 실크아미노산, 1,2-헥산다이올, 팔미토일헥사펩타이드-12",토니모리,디즈니 마리 콜라보 치크톤 립앤치크 듀오밤 [13 마리핑크빔],71612,,
5.3 g,,(주)씨앤씨인터내셔널/ (주)토니모리,"[12 탱글 포도 시럽] 정제수, 다이아이소스테아릴말레이트, 다이페닐다이메티콘, 비스-다이글리세릴폴리아실아디페이트-2, 비스-베헤닐/아이소스테아릴/피토스테릴다이머다이리놀레일다이머다이리놀리에이트, 하이드로제네이티드폴리아이소부텐, 다이글리세린, 옥틸도데칸올, 다이프로필렌글라이콜, 세틸피이지/피피지-10/1다이메티콘, 솔비탄아이소스테아레이트, 폴리솔베이트60, 1,2-헥산다이올, 하이드록시에틸아크릴레이트/소듐아크릴로일다이메틸타우레이트코폴리머, 페녹시에탄올, 세테아레스-20, 스쿠알란, 티타늄디옥사이드, 향료, 에틸헥실글리세린, 적색227호, 황색5호, 황색4호, 적색104호의(1), 알루미늄하이드록사이드, 암모늄폴리아크릴레이트, 청색1호, 부틸렌글라이콜, 아르간커넬오일, 코코넛야자오일, 아보카도오일, 해바라기씨오일, 올리브오일, 판테놀, 호호바씨오일, 펜타에리스리틸테트라-다이-t-부틸하이드록시하이드로신나메이트, 소듐하이알루로네이트, 하이드록시프로필트라이모늄하이알루로네이트, 소듐아세틸레이티드하이알루로네이트, 하이드롤라이즈드하이알루로닉애씨드, 하이알루로닉애씨드, 소듐하이알루로네이트크로스폴리머, 하이드롤라이즈드소듐하이알루로네이트, 포타슘하이알루로네이트, 세라마이드엔피",토니모리,주토피아 에디션 겟잇 틴트 워터풀 시럽 [12 탱글 포도 시럽],76697,,
5.3 g,,(주)씨앤씨인터내셔널/ (주)토니모리,"[08 그레이프 시럽] 정제수, 다이아이소스테아릴말레이트, 다이페닐다이메티콘, 비스-다이글리세릴폴리아실아디페이트-2, 비스-베헤닐/아이소스테아릴/피토스테릴다이머다이리놀레일다이머다이리놀리에이트, 하이드로제네이티드폴리아이소부텐, 다이글리세린, 옥틸도데칸올, 다이프로필렌글라이콜, 세틸피이지/피피지-10/1다이메티콘, 솔비탄아이소스테아레이트, 폴리솔베이트60, 1,2-헥산다이올, 하이드록시에틸아크릴레이트/소듐아크릴로일다이메틸타우레이트코폴리머, 페녹시에탄올, 세테아레스-20, 스쿠알란, 티타늄디옥사이드, 향료, 에틸헥실글리세린, 적색227호, 황색5호, 황색4호, 알루미늄하이드록사이드, 암모늄폴리아크릴레이트, 청색1호, 부틸렌글라이콜, 아르간커넬오일, 코코넛야자오일, 호호바씨오일, 아보카도오일, 해바라기씨오일, 올리브오일, 판테놀, 펜타에리스리틸테트라-다이-t-부틸하이드록시하이드로신나메이트, 소듐하이알루로네이트, 하이드록시프로필트라이모늄하이알루로네이트, 소듐아세틸레이티드하이알루로네이트, 하이드롤라이즈드하이알루로닉애씨드, 하이알루로닉애씨드, 하이드롤라이즈드소듐하이알루로네이트, 소듐하이알루로네이트크로스폴리머, 포타슘하이알루로네이트, 세라마이드엔피",토니모리,겟잇 틴트 워터풀 시럽 [08 그레이프시럽],76695,,
20 g / 0.70 oz.,,㈜메가코스,"다이메티콘, 비닐다이메티콘/메티콘실세스퀴옥세인크로스폴리머, 합성왁스, 에틸헥실팔미테이트, 다이페닐실록시페닐트라이메티콘, 호모살레이트, 옥토크릴렌, 에칠헥실살리실레이트, 부틸메톡시디벤조일메탄, 에칠헥실메톡시신나메이트, 폴리실리콘-15, 비스-에칠헥실옥시페놀메톡시페닐트리아진, 마이크로크리스탈린왁스, 폴리C10-30알킬아크릴레이트, 벤조트라이아졸릴도데실p-크레솔, 카프릴릴글라이콜, 토코페릴아세테이트, 한련초추출물, 인도멀구슬나무잎추출물, 드럼스틱씨오일, 비에이치티, 칼라민, 엑토인, 판테놀, 포도주추출물, 글리세린, 하이드록시프로필사이클로덱스트린, 정제수, 1,2-헥산다이올, 7-데하이드로콜레스테롤, 에틸헥실글리세린, 포도씨추출물, 레스베라트롤, 벤질살리실레이트, 제라니올, 헥실신남알, 리모넨, 리날룰, 향료",토니모리,유브이 마스터 에어리 선스틱 [SPF50+/PA++++],64619,,
0.7g,,화성코스메틱,"정제수;부틸렌글라이콜;펜틸렌글라이콜;아크릴레이트코폴리머;폴리솔베이트20;페녹시에탄올;변성알코올;소듐데하이드로아세테이트;글리세린;캐모마일꽃추출물;1,2-헥산다이올;알로에베라잎추출물;황색4호;적색227호;청색1호",토니모리,애교 빔 소프트 라이너 [01밀크브라운],31712,,
50ml,,제품 별도 표기 / (주)토니모리,"정제수, 메틸프로판다이올, 사이클로펜타실록세인, 1,2-헥산다이올, 피피지-14부틸에터, 에탄올, 하이드로제네이티드에틸헥실올리베이트, 사이클로헥사실록세인, 폴리글리세릴-3메틸글루코오스다이스테아레이트, 녹차추출물(8,100 ppm), 다이메티콘/비닐다이메티콘크로스폴리머, 하이드록시에틸아크릴레이트/소듐아크릴로일다이메틸타우레이트코폴리머, 암모늄아크릴로일다이메틸타우레이트/브이피코폴리머, 아크릴레이트/C10-30알킬아크릴레이트크로스폴리머, 하이드로제네이티드올리브오일불검화물, 트로메타민, 리날룰, 리모넨, 폴리솔베이트60, 솔비탄아이소스테아레이트, 다이소듐이디티에이, 레몬껍질오일, 향료, 에칠아스코빌에텔",토니모리,그린티 수분 세럼,73626,,
4.8g,,(주)코코 / (주)토니모리,"16 밀키 구아바 [촉촉] 올레익/리놀레익/리놀레닉폴리글리세라이즈, 폴리글리세릴-2트라이아이소스테아레이트, 피토스테릴/이소스테아릴/세틸/스테아릴/베헤닐다이머디리놀리에이트, 다이머다이리놀레일다이머다이리놀리에이트, 카프릴릭/카프릭트라이글리세라이드, 티타늄디옥사이드, 세레신, 합성왁스, 폴리하이드록시스테아릭애씨드, 에틸렌/프로필렌코폴리머, 글리세릴카프릴레이트, 적색104호의(1), 레시틴, 에틸헥실글리세린, 알루미늄하이드록사이드, 황색산화철, 에틸헥실팔미테이트, 아이소스테아릭애씨드, 아이소프로필미리스테이트, 향료, 폴리글리세릴-3폴리리시놀리에이트, 적색201호, 터피네올, 제라닐아세테이트, 리날릴아세테이트, 다이메틸페네틸아세테이트, 아스코빅애씨드, 토코페릴아세테이트, 글리세린, 정제수, 부틸렌글라이콜, 실크아미노산, 1,2-헥산다이올, 팔미토일헥사펩타이드-12 [벨벳] 다이메티콘, 아이소트라이데실아이소노나노에이트, 메틸메타크릴레이트크로스폴리머, 티타늄디옥사이드, 실리카, 폴리글리세릴-2트라이아이소스테아레이트, 다이메티콘/비닐다이메티콘크로스폴리머, 세레신, 합성왁스, 마이카, 폴리하이드록시스테아릭애씨드, 다이메티콘크로스폴리머, 에틸렌/프로필렌코폴리머, 글리세릴카프릴레이트, 알루미늄하이드록사이드, 메티콘, 레시틴, 에틸헥실글리세린, 황색산화철, 에틸헥실팔미테이트, 아이소스테아릭애씨드, 아이소프로필미리스테이트, 향료, 폴리글리세릴-3폴리리시놀리에이트, 적색202호, 터피네올, 제라닐아세테이트, 리날릴아세테이트, 다이메틸페네틸아세테이트, 아스코빅애씨드, 토코페릴아세테이트, 글리세린, 정제수, 부틸렌글라이콜, 실크아미노산, 1,2-헥산다이올, 팔미토일헥사펩타이드-12",토니모리,주토피아 에디션 치크톤 립앤치크 듀오밤 [16 밀키구아바],74907,,
5.3 g,,(주)씨앤씨인터내셔널/ (주)토니모리,"[02 살구 시럽] 정제수, 다이아이소스테아릴말레이트, 다이페닐다이메티콘, 비스-다이글리세릴폴리아실아디페이트-2, 비스-베헤닐/아이소스테아릴/피토스테릴다이머다이리놀레일다이머다이리놀리에이트, 하이드로제네이티드폴리아이소부텐, 다이글리세린, 옥틸도데칸올, 다이프로필렌글라이콜, 세틸피이지/피피지-10/1다이메티콘, 솔비탄아이소스테아레이트, 폴리솔베이트60, 1,2-헥산다이올, 하이드록시에틸아크릴레이트/소듐아크릴로일다이메틸타우레이트코폴리머, 티타늄디옥사이드, 페녹시에탄올, 세테아레스-20, 스쿠알란, 향료, 에틸헥실글리세린, 황색5호, 황색4호, 적색227호, 알루미늄하이드록사이드, 암모늄폴리아크릴레이트, 적색104호의(1), 부틸렌글라이콜, 청색1호, 아르간커넬오일, 코코넛야자오일, 아보카도오일, 해바라기씨오일, 올리브오일, 판테놀, 호호바씨오일, 펜타에리스리틸테트라-다이-t-부틸하이드록시하이드로신나메이트, 소듐하이알루로네이트, 하이드록시프로필트라이모늄하이알루로네이트, 하이드롤라이즈드하이알루로닉애씨드, 소듐아세틸레이티드하이알루로네이트, 하이알루로닉애씨드, 소듐하이알루로네이트크로스폴리머, 하이드롤라이즈드소듐하이알루로네이트, 포타슘하이알루로네이트,세라마이드엔피",토니모리,겟잇 틴트 워터풀 시럽 [02 살구시럽],76691,,
4g,,(주)코스맥스,"[03 코랄쇼킹] 정제수, 옥틸도데칸올,부틸렌글라이콜, 다이프로필렌글라이콜, 사과씨오일, 글리세린, 펜틸렌글라이콜, 베타인,에틸셀룰로오스,클로렐라, 불가리스추출물, 해바라기씨오일,퀸즈랜드넛오일,올리브오일, 호호바씨오일, 포도씨오일, 빌베리씨오일, 폴리솔베이트60, 솔비탄스테아레이트, 폴리아크릴레이트크로스폴리머-6, 암모늄아크릴로일다이메틸타우레이트/브이피코폴리머,하이드록시에틸아크릴레이트/소듐아크릴로일다이메틸타우레이트코폴리머, 글루코오스, 프룩토올리고사카라이드, 프룩토오스, 에틸헥실글리세린, 소듐다이라우미도글루타미드라이신, 트라이소듐에틸렌다이아민다이석시네이트, 1,2-헥산다이올, 알루미늄하이드록사이드, 암모늄폴리아크릴레이트, 수크로오스팔미테이트, 하이드로제네이티드레시틴, 세테아릴알코올, 페녹시에탄올, 향료, 벤질알코올, 신나밀알코올, 적색223호 (CI 45380), 적색104호의(1) (CI 45410), 황색4호 (CI 19140), 티타늄디옥사이드 (CI 77891), 황색5호 (CI 15985),적색227호 (CI 17200)",토니모리,퍼펙트립스 쇼킹립 [03 코랄쇼킹],27433,,
55 ml,,㈜메가코스,정제수;세틸에틸헥사노에이트;다이프로필렌글라이콜;글리세레스-26;프로판다이올;피이지/피피지-17/6코폴리머;카프릴릭/카프릭트라이글리세라이드;나이아신아마이드;사이클로펜타실록세인;사이클로헥사실록세인;다이메티콘;금사연둥지추출물;목련나무가지/꽃/잎추출물(구명칭);서양수수꽃다리추출물;황련뿌리추출물;카카오씨추출물;서양민들레뿌리줄기/뿌리추출물;세룰라타벚나무꽃추출물;시어버터;망고씨버터;마카다미아씨오일(구명칭);금;세테아릴올리베이트;솔비탄올리베이트;피토스테릴/옥틸도데실라우로일글루타메이트;폴리솔베이트60;폴리아크릴레이트-13;하이드로제네이티드레시틴;아라키딜알코올;폴리아이소부텐;베헤닐알코올;카보머;팔미틱애씨드;소듐폴리아크릴레이트;C12-16알코올;아라키딜글루코사이드;마이카;티타늄다이옥사이드;트로메타민;에틸헥실글리세린;잔탄검;부틸렌글라이콜;아데노신;폴리솔베이트20;페녹시에탄올;다이소듐이디티에이;적색산화철;향료;부틸페닐메틸프로피오날;리모넨,토니모리,프리미엄 RX 제비집 에센스,27463,,
4g,,코스맥스(주),"정제수;다이메티콘;다이메티콘/비닐다이메티콘크로스폴리머;펜틸렌글라이콜;폴리글리세릴-10미리스테이트;부틸렌글라이콜;다마스크장미꽃오일;하이드롤라이즈드콜라겐;지모뿌리추출물;암모늄아크릴로일다이메틸타우레이트/브이피코폴리머;폴리아크릴레이트크로스폴리머-6;폴리솔베이트20;에틸헥실글리세린;글리세린;다이페닐다이메티콘;트라이에틸헥사노인;하이드로제네이티드레시틴;알지닌;알루미늄하이드록사이드;암모늄폴리아크릴레이트;알란토인;하이드로제네이티드폴리아이소부텐;1,2-헥산다이올;토코페롤;카보머;페녹시에탄올;향료;CI 15985;CI 17200;CI 77891;CI 19140;CI 42090",토니모리,더 쇼킹 립블러 틴트 [08 배드라이어],29280,,
4.3 g,,(주)코스맥스/(주)토니모리,"[12호 애프터 코랄] 정제수, 다이메티콘, 카프릴릴메티콘, 글리세린, 다이메티콘/비닐다이메티콘크로스폴리머, 펜틸렌글라이콜, 다이메티콘크로스폴리머, 소듐아크릴레이트크로스폴리머-2, 시어버터, 소듐하이알루로네이트, 1,2-헥산다이올, 세테아레스-20, 세틸피이지/피피지-10/1다이메티콘, 폴리글리세릴-10미리스테이트, 부틸렌글라이콜, 암모늄아크릴로일다이메틸타우레이트/브이피코폴리머, 글리세릴스테아레이트, 피이지-100스테아레이트, 다이페닐실록시페닐트라이메티콘, 폴리아크릴레이트-13, 폴리아이소부텐, 카프릴릭/카프릭트라이글리세라이드, 에틸헥실글리세린, 트라이소듐에틸렌다이아민다이석시네이트, 하이드로제네이티드레시틴, 폴리솔베이트20, 솔비탄아이소스테아레이트, 알루미늄하이드록사이드, 암모늄폴리아크릴레이트, 알지닌, 세라마이드엔피, 카보머, 페녹시에탄올, 벤질벤조에이트, 향료, 티타늄디옥사이드 (CI 77891), 황색5호 (CI 15985), 적색227호 (CI 17200), 황색4호 (CI 19140), 적색104호의(1) (CI 45410)",토니모리,겟잇 틴트 워터풀 버터 [12 애프터코랄],60644,,
3 g,,코스맥스,"[03 푸시아 판타지] 정제수, 부틸렌글라이콜, 글리세린, 다이프로필렌글라이콜, 모란꽃수, 워터민트추출물, 알로에베라잎수, 암모늄아크릴로일다이메틸타우레이트/브이피코폴리머, 폴리아크릴레이트크로스폴리머-6, 다이메티콘, 피이지-60하이드로제네이티드캐스터오일, 레시틴, 스테비오사이드, 에틸헥실글리세린, 알루미늄하이드록사이드, 암모늄폴리아크릴레이트, 페녹시에탄올, 향료, 벤질살리실레이트, 리날룰, 티타늄디옥사이드 (CI 77891), 황색5호 (CI 15985), 적색104호의(1) (CI 45410), 적색227호 (CI 17200), 적색102호 (CI 16255)",토니모리,겟잇 틴트 컬러풀 워터 [03 푸시아판타지],60660,,
3.5 g / 0.12 oz.,,(주)한국콜마/(주)토니모리,"[04 퍼지피치] 마이카,다이메티콘,다이카프릴릴카보네이트,티타늄디옥사이드,다이메티콘/비닐다이메티콘크로스폴리머,페닐트라이메티콘,하이드로제네이티드폴리데센,동백나무꽃추출물,연꽃꽃추출물,히비스커스꽃추출물,비타민나무열매오일,실리카,라우로일라이신,1,2-헥산다이올,알루미늄하이드록사이드,글리세릴카프릴레이트,토코페롤,정제수,스쿠알란,프로판다이올,부틸렌글라이콜,황색4호,적색226호,적색산화철",토니모리,치크톤 젤리 블러셔 [04 퍼지피치],62023,,
4g,,(주)코스맥스,"[09 플럼쇼킹] 정제수, 옥틸도데칸올, 부틸렌글라이콜, 다이프로필렌글라이콜, 사과씨오일, 글리세린, 펜틸렌글라이콜, 베타인, 에틸셀룰로오스, 클로렐라, 불가리스추출물, 해바라기씨오일, 퀸즈랜드넛오일, 올리브오일, 호호바씨오일, 포도씨오일, 빌베리씨오일, 폴리솔베이트60, 솔비탄스테아레이트, 폴리아크릴레이트크로스폴리머-6, 암모늄아크릴로일다이메틸타우레이트/브이피코폴리머, 하이드록시에틸아크릴레이트/소듐아크릴로일다이메틸타우레이트코폴리머, 글루코오스, 프룩토올리고사카라이드, 프룩토오스, 에틸헥실글리세린, 소듐다이라우미도글루타미드라이신, 트라이소듐에틸렌다이아민다이석시네이트, 1,2-헥산다이올, 알루미늄하이드록사이드, 암모늄폴리아크릴레이트, 수크로오스팔미테이트, 하이드로제네이티드레시틴, 세테아릴알코올, 페녹시에탄올, 향료, 벤질알코올, 신나밀알코올, 티타늄디옥사이드 (CI 77891), 적색227호 (CI 17200), 황색5호 (CI 15985), 황색4호 (CI 19140), 적색104호의(1) (CI 45410), 청색1호 (CI 42090)",토니모리,퍼펙트립스 쇼킹립 틴트 [09 플럼쇼킹],60237,,
4.8 g,,(주)코코/(주)토니모리,"06앤티스레드 [촉촉] 올레익/리놀레익/리놀레닉폴리글리세라이즈, 폴리글리세릴-2트라이아이소스테아레이트, 다이머다이리놀레일다이머다이리놀리에이트, 피토스테릴/이소스테아릴/세틸/스테아릴/베헤닐다이머디리놀리에이트, 카프릴릭/카프릭트라이글리세라이드, 세레신, 합성왁스, 폴리하이드록시스테아릭애씨드, 티타늄디옥사이드, 에틸렌/프로필렌코폴리머, 적색산화철, 황색5호, 황색산화철, 적색202호, 글리세릴카프릴레이트, 에틸헥실글리세린, 레시틴, 다이아이소스테아릴말레이트, 흑색산화철, 아이소프로필미리스테이트, 에틸헥실팔미테이트, 아이소스테아릭애씨드, 향료, 폴리글리세릴-3폴리리시놀리에이트, 알루미늄하이드록사이드, 아스코빅애씨드, 토코페릴아세테이트, 글리세린, 정제수, 부틸렌글라이콜, 실크아미노산, 1,2-헥산다이올, 팔미토일헥사펩타이드-12 [벨벳] 다이메티콘, 아이소트라이데실아이소노나노에이트, 메틸메타크릴레이트크로스폴리머, 실리카, 폴리글리세릴-2트라이아이소스테아레이트, 다이메티콘/비닐다이메티콘크로스폴리머, 세레신, 티타늄디옥사이드, 합성왁스, 마이카, 황색산화철, 폴리하이드록시스테아릭애씨드, 적색202호, 황색5호, 에틸렌/프로필렌코폴리머, 글리세릴카프릴레이트, 다이아이소스테아릴말레이트, 흑색산화철, 에틸헥실글리세린, 레시틴, 메티콘, 아이소프로필미리스테이트, 에틸헥실팔미테이트, 아이소스테아릭애씨드, 향료, 알루미늄하이드록사이드, 폴리글리세릴-3폴리리시놀리에이트, 아스코빅애씨드, 토코페릴아세테이트, 글리세린, 정제수, 부틸렌글라이콜, 실크아미노산, 1,2-헥산다이올, 팔미토일헥사펩타이드-12",토니모리,치크톤 립앤치크 듀오밤 [06 앤티스레드],69089,,
3 g,,코스맥스,"[05 칠리 페퍼] 정제수, 부틸렌글라이콜, 글리세린, 다이프로필렌글라이콜, 모란꽃수, 워터민트추출물, 알로에베라잎수, 암모늄아크릴로일다이메틸타우레이트/브이피코폴리머, 폴리아크릴레이트크로스폴리머-6, 다이메티콘, 피이지-60하이드로제네이티드캐스터오일, 레시틴, 스테비오사이드, 에틸헥실글리세린, 알루미늄하이드록사이드, 암모늄폴리아크릴레이트, 페녹시에탄올, 향료, 벤질살리실레이트, 리날룰, 황색5호 (CI 15985), 적색104호의(1) (CI 45410), 적색227호 (CI 17200), 티타늄디옥사이드 (CI 77891), 청색1호 (CI 42090)",토니모리,겟잇 틴트 컬러풀 워터 [05 칠리페퍼],60662,,
3 g,,코스맥스,"[01 베이비 오렌지] 정제수, 부틸렌글라이콜, 글리세린, 다이프로필렌글라이콜, 모란꽃수, 워터민트추출물, 알로에베라잎수, 암모늄아크릴로일다이메틸타우레이트/브이피코폴리머, 폴리아크릴레이트크로스폴리머-6, 다이메티콘, 피이지-60하이드로제네이티드캐스터오일, 레시틴, 스테비오사이드, 에틸헥실글리세린, 알루미늄하이드록사이드, 암모늄폴리아크릴레이트, 페녹시에탄올, 향료, 벤질살리실레이트, 리날룰, 티타늄디옥사이드 (CI 77891), 황색5호 (CI 15985), 적색227호 (CI 17200), 황색4호 (CI 19140), 적색104호의(1) (CI 45410), 청색1호 (CI 42090)",토니모리,겟잇 틴트 컬러풀 워터 [01 베이비오렌지],60657,,
4g,,(주)코스맥스/(주)토니모리,"[07호 라떼브라운] 트리메칠실록시실리케이트,사이클로펜타실록산,이소도데칸,흑색산화철 (CI 77499),황색산화철 (CI 77492),사이클로헥사실록산,세레신,티타늄디옥사이드 (CI 77891),탤크,적색산화철 (CI 77491),메칠트리메치콘,카프릴릴메치콘,실리카실릴레이트,마카다미아씨오일,포도씨오일,디스테아디모늄헥토라이트,폴리에칠렌,트리에톡시카프릴릴실란,프로필렌카보네이트,카프릴릴글라이콜",토니모리,백젤 아이라이너 [07 라떼브라운],77860,,
3.5 g / 0.12 oz.,,한국콜마(주),"[05 발레핑크] 마이카,다이메티콘,다이카프릴릴카보네이트,티타늄디옥사이드,다이메티콘/비닐다이메티콘크로스폴리머,페닐트라이메티콘,하이드로제네이티드폴리데센,동백나무꽃추출물,연꽃꽃추출물,히비스커스꽃추출물,비타민나무열매오일,실리카,라우로일라이신,1,2-헥산다이올,알루미늄하이드록사이드,글리세릴카프릴레이트,카올린,토코페롤,정제수,트라이에톡시카프릴릴실레인,스쿠알란,프로판다이올,부틸렌글라이콜,울트라마린,적색226호,황색산화철",토니모리,치크톤 젤리 블러셔 [05 발레핑크],62026,,
15 g,,㈜코스맥스,"정제수;CI 77891;사이클로펜타실록세인;에칠헥실메톡시신나메이트;에칠헥실살리실레이트;글리세린;페닐트라이메티콘;부틸렌글라이콜다이카프릴레이트/다이카프레이트;라우릴피이지-10트리스(트라이메틸실록시)실릴에틸다이메티콘;다이메티콘;다이아이소스테아릴말레이트;나이아신아마이드;합성플루오르플로고파이트;1,2-헥산다이올;클로렐라 불가리스추출물;황금추출물;감초뿌리추출물;왜당귀뿌리추출물;타임추출물;산수유열매추출물;녹용추출물;효모발효물;아크릴레이트/스테아릴아크릴레이트/다이메티콘메타크릴레이트코폴리머;세틸피이지/피피지-10/1다이메티콘;피토스테릴/아이소스테아릴/세틸/스테아릴/베헤닐다이머디리놀리에이트;다이스테아다이모늄헥토라이트;마그네슘설페이트;라우로일라이신;트라이메틸실록시실리케이트;다이메티콘크로스폴리머;알루미늄하이드록사이드;스테아릭애씨드;알루미나;폴리하이드록시스테아릭애씨드;트라이에톡시카프릴릴실레인;글루코오스;아이소도데케인;옥틸도데칸올;부틸렌글라이콜;프룩토올리고사카라이드;프룩토오스;피이지-9폴리다이메틸실록시에틸다이메티콘;에틸헥실팔미테이트;아이소프로필미리스테이트;아이소스테아릭애씨드;레시틴;아데노신;트라이소듐에틸렌다이아민다이석시네이트;폴리글리세릴-3폴리리시놀리에이트;폴리프로필실세스퀴옥세인;폴리글리세릴-4아이소스테아레이트;아이소프로필티타늄트라이아이소스테아레이트;에틸헥실글리세린;토코페롤;향료;리날룰;헥실신남알;시트로넬올;벤질살리실레이트;알파-아이소메틸아이오논;CI 77492;CI 77491;CI 77499",토니모리,결 고운 세럼 쿠션 [SPF48/PA+++] [01 화사한빛],32127,,
4.8g,,(주)코코/(주)토니모리,"15 믹스 베리 [촉촉] 피토스테릴/이소스테아릴/세틸/스테아릴/베헤닐다이머디리놀리에이트, 폴리글리세릴-2트라이아이소스테아레이트, 하이드로제네이티드폴리아이소부텐, 다이아이소스테아릴말레이트, 카프릴릭/카프릭트라이글리세라이드, 세레신, 합성왁스, 폴리하이드록시스테아릭애씨드, 에틸렌/프로필렌코폴리머, 마이크로크리스탈린왁스, 글리세릴카프릴레이트, 에틸헥실글리세린, 티타늄디옥사이드, 적색104호의(1), 적색202호, 황색4호, 향료, 적색201호, 터피네올, 알루미늄하이드록사이드, 제라닐아세테이트, 리날릴아세테이트, 다이메틸페네틸아세테이트, 아스코빅애씨드, 토코페릴아세테이트, 글리세린, 정제수, 부틸렌글라이콜, 실크아미노산, 1,2-헥산다이올, 팔미토일헥사펩타이드-12",토니모리,주토피아 에디션 치크톤 립앤치크 듀오밤 [15 믹스베리],74906,,
4g,,(주)코스맥스/(주)토니모리,"[N14피치쇼킹] 정제수, 옥틸도데칸올, 부틸렌글라이콜, 다이프로필렌글라이콜, 사과씨오일, 글리세린, 펜틸렌글라이콜, 베타인, 에틸셀룰로오스, 클로렐라 불가리스추출물, 해바라기씨오일, 퀸즈랜드넛오일, 올리브오일, 호호바씨오일, 포도씨오일, 빌베리씨오일, 폴리솔베이트60, 솔비탄스테아레이트, 폴리아크릴레이트크로스폴리머-6, 암모늄아크릴로일다이메틸타우레이트/브이피코폴리머, 하이드록시에틸아크릴레이트/소듐아크릴로일다이메틸타우레이트코폴리머, 글루코오스, 프룩토올리고사카라이드, 프룩토오스, 에틸헥실글리세린, 소듐다이라우미도글루타미드라이신, 트라이소듐에틸렌다이아민다이석시네이트, 1,2-헥산다이올, 알루미늄하이드록사이드, 암모늄폴리아크릴레이트, 수크로오스팔미테이트, 하이드로제네이티드레시틴, 세테아릴알코올, 페녹시에탄올, 향료, 벤질알코올, 신나밀알코올, 티타늄디옥사이드 (CI 77891), 적색227호 (CI 17200), 황색5호 (CI 15985), 적색104호의(1) (CI 45410), 황색4호 (CI 19140), 청색1호 (CI 42090)",토니모리,퍼펙트립스 쇼킹립 틴트 [N14 피치쇼킹],71925,,
30ml,,(주)메가코스,"정제수;부틸렌글라이콜;메틸프로판다이올;살구씨오일;1,2-헥산다이올;글리세린;나이아신아마이드;다이메티콘;소듐폴리아크릴레이트;금사연둥지추출물;에틸헥실스테아레이트;사이클로펜타실록세인;C13-15알케인;시어버터;C14-22알코올;세테아릴알코올;글리세레스-26;하이드로제네이티드레시틴;피토스테릴/옥틸도데실라우로일글루타메이트;폴리글리세릴-10라우레이트;C12-20알킬글루코사이드;피이지-20글리세릴아이소스테아레이트;펜틸렌글라이콜;글리세릴스테아레이트;피이지-100스테아레이트;병풀추출물;트라이데세스-6;아데노신;쇠비름추출물;마트리카리아꽃추출물;체이스트트리추출물;토코페릴아세테이트;다이메티콘/비닐다이메티콘크로스폴리머;다이글리세린;테아닌;인도멀구슬나무잎추출물;우유지질;인도멀구슬나무꽃추출물;울금뿌리추출물;글루타티온;덱스트린;우엉뿌리추출물;진흙버섯추출물;카카오추출물;홀리바질잎추출물;금;참산호말추출물;하이드롤라이즈드콜라겐;부틸페닐메틸프로피오날;리모넨;향료",토니모리,프리미엄 RX 제비집 아이크림,27465,,
4.8 g,,(주)코코/(주)토니모리,"08어나더로즈 [촉촉] 올레익/리놀레익/리놀레닉폴리글리세라이즈, 폴리글리세릴-2트라이아이소스테아레이트, 다이머다이리놀레일다이머다이리놀리에이트, 피토스테릴/이소스테아릴/세틸/스테아릴/베헤닐다이머디리놀리에이트, 카프릴릭/카프릭트라이글리세라이드, 세레신, 합성왁스, 폴리하이드록시스테아릭애씨드, 티타늄디옥사이드, 적색산화철, 적색104호의(1), 에틸렌/프로필렌코폴리머, 글리세릴카프릴레이트, 에틸헥실글리세린, 레시틴, 청색1호, 아이소프로필미리스테이트, 에틸헥실팔미테이트, 아이소스테아릭애씨드, 향료, 폴리글리세릴-3폴리리시놀리에이트, 알루미늄하이드록사이드, 황색산화철, 다이아이소스테아릴말레이트, 흑색산화철, 아스코빅애씨드, 토코페릴아세테이트, 글리세린, 정제수, 부틸렌글라이콜, 실크아미노산, 1,2-헥산다이올, 팔미토일헥사펩타이드-12 [벨벳] 다이메티콘, 아이소트라이데실아이소노나노에이트, 메틸메타크릴레이트크로스폴리머, 실리카, 폴리글리세릴-2트라이아이소스테아레이트, 다이메티콘/비닐다이메티콘크로스폴리머, 세레신, 티타늄디옥사이드, 합성왁스, 마이카, 적색산화철, 적색104호의(1), 폴리하이드록시스테아릭애씨드, 에틸렌/프로필렌코폴리머, 글리세릴카프릴레이트, 황색4호, 청색1호, 에틸헥실글리세린, 레시틴, 메티콘, 에틸헥실팔미테이트, 아이소스테아릭애씨드, 아이소프로필미리스테이트, 향료, 알루미늄하이드록사이드, 폴리글리세릴-3폴리리시놀리에이트, 흑색산화철, 다이아이소스테아릴말레이트, 토코페릴아세테이트, 아스코빅애씨드, 글리세린, 정제수, 부틸렌글라이콜, 실크아미노산, 1,2-헥산다이올, 팔미토일헥사펩타이드-12",토니모리,치크톤 립앤치크 듀오밤 [08 어나더로즈],69091,,
4g,,(주)코스맥스,"02 토마토쇼킹] 정제수, 옥틸도데칸올, 부틸렌글라이콜, 다이프로필렌글라이콜, 사과씨오일, 글리세린 ,펜틸렌글라이콜, 베타인, 에틸셀룰로오스, 클로렐라, 불가리스추출물, 해바라기씨오일, 퀸즈랜드넛오일, 올리브오일,호호바씨오일, 포도오일,빌베리씨오일, 폴리솔베이트60, 솔비탄스테아레이트, 폴리아크릴레이트크로스폴리머-6, 암모늄아크릴로일다이메틸타우레이트/브이피코폴리머, 하이드록시에틸아크릴레이트/소듐아크릴로일다이메틸타우레이트코폴리머,글루코오스,프룩토올리고사카라이드,프룩토오스,에틸헥실글리세린,소듐다이라우미도글루타미드라이신,트라이소듐에틸렌다이아민다이석시네이트,1,2-헥산다이올, 수크로오스팔미테이트, 하이드로제네이티드레시틴, 세테아릴알코올, 페녹시에탄올, 향료, 벤질알코올, 신나밀알코올, 적색104호의(1) (CI 45410), 황색4호 (CI 19140), 황색5호 (CI 15985), 적색223호 (CI 45380), 적색227호 (CI 17200)",토니모리,퍼펙트립스 쇼킹립 틴트 [02 토마토쇼킹],27432,,
4.8 g,,(주)코코/(주)토니모리,"14 캣츠라벤더빔 [촉촉] 펜타에리스리틸테트라아이소스테아레이트, 피토스테릴/이소스테아릴/세틸/스테아릴/베헤닐다이머디리놀리에이트, 카프릴릭/카프릭트라이글리세라이드, 아이소노닐아이소노나노에이트, 폴리글리세릴-2트라이아이소스테아레이트, 티타늄디옥사이드, 마이카, 아이소트라이데실아이소노나노에이트, 세레신, 합성플루오르플로고파이트, 합성왁스, 마이크로크리스탈린왁스, 에틸렌/프로필렌코폴리머, 칼슘티타늄보로실리케이트, 폴리하이드록시스테아릭애씨드, 글리세릴카프릴레이트, 칼슘알루미늄보로실리케이트, 에틸헥실글리세린, 레시틴, 아이소프로필미리스테이트, 에틸헥실팔미테이트, 아이소스테아릭애씨드, 향료, 폴리글리세릴-3폴리리시놀리에이트, 적색104호의(1), 황색4호, 틴옥사이드, 페릭페로시아나이드, 토코페릴아세테이트, 아스코빅애씨드, 글리세린, 정제수, 부틸렌글라이콜, 실크아미노산, 1,2-헥산다이올, 팔미토일헥사펩타이드-12 [벨벳] 다이메티콘, 아이소트라이데실아이소노나노에이트, 메틸메타크릴레이트크로스폴리머, 티타늄디옥사이드, 실리카, 다이메티콘/비닐다이메티콘크로스폴리머, 폴리글리세릴-2트라이아이소스테아레이트, 세레신, 합성왁스, 마이카, 폴리하이드록시스테아릭애씨드, 에틸렌/프로필렌코폴리머, 글리세릴카프릴레이트, 알루미늄하이드록사이드, 적색104호의(1), 에틸헥실글리세린, 레시틴, 메티콘, 아이소프로필미리스테이트, 에틸헥실팔미테이트, 아이소스테아릭애씨드, 향료, 폴리글리세릴-3폴리리시놀리에이트, 청색1호, 흑색산화철, 다이아이소스테아릴말레이트, 황색4호, 아스코빅애씨드, 토코페릴아세테이트, 글리세린, 정제수, 부틸렌글라이콜, 실크아미노산, 1,2-헥산다이올, 팔미토일헥사펩타이드-12",토니모리,디즈니 마리 콜라보 치크톤 립앤치크 듀오밤 [14 캣츠라벤더빔],71614,,
0.25g / 0.008 oz.,,㈜씨앤씨인터네셔널,"[05 스윗핑크] 다이메티콘, 합성왁스, 폴리글리세릴-2트라이아이소스테아레이트, 트라이데실트라이멜리테이트, 페닐트라이메티콘, 티타늄디옥사이드, 비닐다이메티콘/메티콘실세스퀴옥세인크로스폴리머, 비스-다이글리세릴폴리아실아디페이트-2, 다이메티콘/비닐다이메티콘크로스폴리머, 세틸피이지/피피지-10/1다이메티콘, 메틸메타크릴레이트크로스폴리머 , 실리카실릴레이트, 황색5호, 적색202호, 흑색산화철, 향료, 리날룰, 정제수, 황색4호, 펜타에리스리틸테트라-다이-t-부틸하이드록시하이드로신나메이트, 1,2-헥산다이올, 연꽃꽃추출물, 알바수련꽃추출물, 마트리카리아꽃추출물, 카렌둘라추출물, 동백나무꽃추출물, 장미꽃추출물, 스노우로투스추출물, 세룰라타벚나무꽃추출물",토니모리,겟잇 틴트 립 라이너 [05 스윗핑크],65006,,
50 ml / 1.69 fl. oz.,,㈜제이앤제이코스텍,"정제수, 부틸렌글라이콜, 글리세린, 1,2-헥산다이올, 폴리글리세린-3, 약모밀추출물 (8,200 ppm), 하이드록시아세토페논, 프로판다이올, 다이에톡시에틸석시네이트, 폴리글리세릴-10라우레이트, 카보머, 알란토인, 판테놀, 하이드롤라이즈드호호바에스터, 에리스리톨, 에틸헥실글리세린, 수크로오스팔미테이트, 트로메타민, 하이드로제네이티드레시틴, 부테스-3, 잔탄검, 소듐하이알루로네이트, 마카다미아씨오일, 올리브오일, 호호바씨오일, 포도씨오일, 소듐벤조트라이아졸릴부틸페놀설포네이트, 하이드록시에틸셀룰로오스, 바이오사카라이드검-1, 바실러스발효물, 카카오추출물, 풀루란, 덱스트린, 서양배추출물, 다마스크장미꽃수, 캐모마일꽃오일, 서양측백나무잎오일, 복숭아추출물, 커먼자스민꽃수, 로즈마리잎오일, 트라이부틸시트레이트, 광곽향오일, 서양송악잎/줄기추출물, 비터오렌지꽃추출물, 멜론추출물, 병풀뿌리추출물 (1 ppm), 병풀추출물 (1 ppm), 병풀잎추출물 (1 ppm), 세라마이드엔피, 콜레스테롤, 스테아릭애씨드, 토코페롤, 스쿠알란, 폴리데센, 올레익애씨드, 유채스테롤, 아시아틱애씨드 (10 ppb), 아시아티코사이드 (10 ppb), 마데카식애씨드 (1 ppb), 마데카소사이드 (1 ppb), 다이소듐이디티에이",토니모리,어성초시카 퀵 카밍 앰플,45594,,
0.5g,,(주)수한,"정제수;아크릴레이트/에틸헥실아크릴레이트코폴리머;카본블랙;부틸렌글라이콜;스타이렌/아크릴레이트코폴리머;1,2-헥산다이올;라우레스-20;암모늄하이드록사이드;벤질알코올;시메티콘;에틸헥실글리세린;페녹시에탄올;실리카",토니모리,더 쇼킹 비건라이너 수퍼픽싱 [01 쇼킹블랙],33284,,
4.3 g,,(주)코스맥스/(주)토니모리,"[01 베리슈] 정제수, 다이메티콘, 카프릴릴메티콘, 글리세린, 다이메티콘/비닐다이메티콘크로스폴리머, 펜틸렌글라이콜, 다이메티콘크로스폴리머, 소듐아크릴레이트크로스폴리머-2, 시어버터, 소듐하이알루로네이트, 1,2-헥산다이올, 세테아레스-20, 세틸피이지/피피지-10/1다이메티콘, 폴리글리세릴-10미리스테이트, 부틸렌글라이콜, 암모늄아크릴로일다이메틸타우레이트/브이피코폴리머, 글리세릴스테아레이트, 피이지-100스테아레이트, 다이페닐실록시페닐트라이메티콘, 폴리아크릴레이트-13, 폴리아이소부텐 카프릴릭/카프릭트라이글리세라이드, 에틸헥실글리세린, 트라이소듐에틸렌다이아민다이석시네이트, 하이드로제네이티드레시틴, 폴리솔베이트20, 솔비탄아이소스테아레이트, 알루미늄하이드록사이드, 암모늄폴리아크릴레이트, 알지닌, 세라마이드엔피 카보머, 페녹시에탄올, 벤질벤조에이트, 향료, 티타늄디옥사이드 (CI 77891), 황색5호 (CI 15985), 적색227호 (CI 17200), 적색104호의(1) (CI 45410), 청색1호 (CI 42090)",토니모리,겟잇 틴트 워터풀 버터 [01 베리슈],60604,,
50ml,,㈜한국콜마,"잇꽃꽃추출물;글리세린;하이드로제네이티드폴리데센;다이프로필렌글라이콜;카프릴릭/카프릭트라이글리세라이드;하이드로제네이티드폴리(C6-14올레핀);세테아릴알코올;1,2-헥산다이올;다이메티콘;사이클로메티콘;식물성오일;정제수;글리세릴스테아레이트에스이;다이메티콘올;사이클로펜타실록세인;카바카바잎/뿌리/줄기추출물;우엉뿌리추출물;진흙버섯추출물;미로탐누스 플라벨리폴리아캘러스배양추출물;쇠비름추출물;칡뿌리추출물;스페인감초뿌리추출물;작약뿌리추출물;천궁뿌리추출물;아르간커넬추출물;하이드로제네이티드레시틴;아르간커넬오일;수용성콜라겐;소듐하이알루로네이트;알로에베라잎즙;세테아릴글루코사이드;세테아릴올리베이트;솔비탄올리베이트;C12-16알코올;마이크로크리스탈린셀룰로오스;스쿠알란;하이드록시에틸아크릴레이트/소듐아크릴로일다이메틸타우레이트코폴리머;부틸렌글라이콜;글리세릴스테아레이트;하이드롤라이즈드콜라겐;팔미틱애씨드;붉은누룩곰팡이/아르간트리씨드케이크발효오일;셀룰로오스검;아라비아고무나무검;판테놀;아데노신;솔비탄라우레이트;폴릭애씨드;세라마이드엔피;콜레스테롤;라피노오스;하이드록시에틸셀룰로오스;아세틸다이펩타이드-1세틸에스터;탤크;잔탄검;트로메타민;하이드록시데실유비퀴논;팔미토일펜타펩타이드-4;글라이콜릭애씨드;피이지-100스테아레이트;폴리솔베이트60;향료;펜틸렌글라이콜;황색5호;황색4호",토니모리,플로리아 뉴트라 에너지 100시간 크림,27468,,
4g,,코스맥스,다이메티콘;합성플루오르플로고파이트;CI 77891;CI 77019;메틸메타크릴레이트크로스폴리머;네오펜틸글라이콜다이에틸헥사노에이트;헥실라우레이트;마그네슘미리스테이트;나일론-12;다이메티콘/비닐다이메티콘크로스폴리머;다이글리세릴세바케이트/아이소팔미테이트;솔비탄세스퀴아이소스테아레이트;다이펜타에리스리틸헥사하이드록시스테아레이트/헥사스테아레이트/헥사로지네이트;합성왁스;실리카;프로판다이올;트라이에톡시카프릴릴실레인;CI 77861;페녹시에탄올;CI 77491;CI 75470,토니모리,더 쇼킹 베어 하이라이터 [02 문라이츠],31063,,
45ml,,(주)메가코스,정제수;부틸렌글라이콜;다이프로필렌글라이콜;사이클로펜타실록세인;세테아릴알코올;피씨에이다이메티콘;다이메티콘;나이아신아마이드;사이클로헥사실록세인;글리세릴스테아레이트에스이;세틸에틸헥사노에이트;호호바에스터;비즈왁스;시어버터;하이드로제네이티드폴리데센;부틸렌글라이콜다이카프릴레이트/다이카프레이트;금사연둥지추출물;글리세릴스테아레이트;피이지-100스테아레이트;토코페롤;마카다미아씨오일(구명칭);망고씨버터;서양수수꽃다리추출물;목련가지/꽃/잎추출물;세룰라타벚나무꽃추출물;서양민들레뿌리줄기/뿌리추출물;황련뿌리추출물;카카오씨추출물;아데노신;금;티타늄디옥사이드(구명칭);마이카;적색산화철;폴리아크릴레이트-13;소듐하이알루로네이트;다이메티콘올;폴리아이소부텐;폴리솔베이트20;페녹시에탄올;에틸헥실글리세린;다이소듐이디티에이;향료,토니모리,프리미엄 RX 제비집 영양 크림,27464,,
4.6g,,씨앤씨인터내셔널,"마이카;탤크;티타늄다이옥사이드;나일론-12;보론나이트라이드;옥틸도데실스테아로일스테아레이트;다이메티콘올스테아레이트;페닐트라이메티콘;에이치디아이/트라이메틸올헥실락톤크로스폴리머;옥틸도데칸올;카프릴릭/카프릭트라이글리세라이드;다이아이소스테아릴말레이트;라우로일라이신;황색산화철;흑색산화철;다이메티콘;카민;다이펜타에리스리틸헥사하이드록시스테아레이트/헥사스테아레이트/헥사로지네이트;에틸헥실글리세린;글리세릴카프릴레이트;적색산화철;마그네슘미리스테이트;실리카;정제수;칼슘알루미늄보로실리케이트;폴리메틸실세스퀴옥세인;다이아이소스테아릴말레이트;페닐트라이메티콘;다이메티콘;다이메티콘크로스폴리머;트라이메틸펜탄다이올/아디픽애씨드/글리세린크로스폴리머;티타늄다이옥사이드;마이카;적색산화철;1,2-헥산다이올;흑색산화철;페녹시에탄올;틴옥사이드;카민;탤크;메틸메타크릴레이트크로스폴리머;실리카;흑색산화철;페닐트라이메티콘;울트라마린;티타늄다이옥사이드;적색산화철;카민;황색산화철;다이아이소스테아릴말레이트;다이펜타에리스리틸헥사하이드록시스테아레이트/헥사스테아레이트/헥사로지네이트;징크스테아레이트;다이메티콘;에틸헥실글리세린;글리세릴카프릴레이트;정제수;폴리메틸실세스퀴옥세인;칼슘알루미늄보로실리케이트;다이아이소스테아릴말레이트;페닐트라이메티콘;다이메티콘;다이메티콘크로스폴리머;트라이메틸펜탄다이올/아디픽애씨드/글리세린크로스폴리머;마이카;티타늄다이옥사이드;적색산화철;1,2-헥산다이올;페녹시에탄올;틴옥사이드;알루미늄전분옥테닐석시네이트;탤크;마이카;보론나이트라이드;칼슘티타늄보로실리케이트;티타늄다이옥사이드;흑색산화철;카민;옥틸도데실스테아로일스테아레이트;다이메티콘올스테아레이트;페닐트라이메티콘;황색산화철;에이치디아이/트라이메틸올헥실락톤크로스폴리머;옥틸도데칸올;카프릴릭/카프릭트라이글리세라이드;다이아이소스테아릴말레이트;적색산화철;울트라마린;라우로일라이신;다이메티콘;에틸헥실글리세린;글리세릴카프릴레이트;다이펜타에리스리틸헥사하이드록시스테아레이트/헥사스테아레이트/헥사로지네이트;마그네슘미리스테이트;실리카;틴옥사이드;정제수;알루미늄전분옥테닐석시네이트;탤크;마이카;보론나이트라이드;칼슘티타늄보로실리케이트;티타늄다이옥사이드;흑색산화철;카민;옥틸도데실스테아로일스테아레이트;다이메티콘올스테아레이트;페닐트라이메티콘;황색산화철;에이치디아이/트라이메틸올헥실락톤크로스폴리머;옥틸도데칸올;카프릴릭/카프릭트라이글리세라이드;다이아이소스테아릴말레이트;적색산화철;울트라마린;라우로일라이신;다이메티콘;에틸헥실글리세린;글리세릴카프릴레이트;다이펜타에리스리틸헥사하이드록시스테아레이트/헥사스테아레이트/헥사로지네이트;마그네슘미리스테이트;실리카;틴옥사이드;정제수",토니모리,더 쇼킹 스핀오프 팔레트 [04 팝모브],31718,,
4g,,코스맥스(주),"정제수;다이메티콘;다이메티콘/비닐다이메티콘크로스폴리머;펜틸렌글라이콜;폴리글리세릴-10미리스테이트;부틸렌글라이콜;다마스크장미꽃오일;하이드롤라이즈드콜라겐;지모뿌리추출물;암모늄아크릴로일다이메틸타우레이트/브이피코폴리머;폴리아크릴레이트크로스폴리머-6;폴리솔베이트20;에틸헥실글리세린;글리세린;다이페닐다이메티콘;트라이에틸헥사노인;하이드로제네이티드레시틴;알루미늄하이드록사이드;암모늄폴리아크릴레이트;알지닌;알란토인;하이드로제네이티드폴리아이소부텐;1,2-헥산다이올;토코페롤;카보머;페녹시에탄올;향료;CI 77891;CI 19140;CI 15985;CI 45410;CI 17200;CI 42090",토니모리,더 쇼킹 립블러 틴트 [06 빌리버],29278,,
3.5 g,,(주)한국콜마/(주)토니모리,"[01 포그핑크] 마이카,다이메티콘,다이카프릴릴카보네이트,티타늄디옥사이드,다이메티콘/비닐다이메티콘크로스폴리머,페닐트라이메티콘,하이드로제네이티드폴리데센,동백나무꽃추출물,연꽃꽃추출물,히비스커스꽃추출물,비타민나무열매오일,실리카,라우로일라이신,1,2-헥산다이올,글리세릴카프릴레이트,알루미늄하이드록사이드,트라이에톡시카프릴릴실레인,식물성스쿠알란,정제수,부틸렌글라이콜,황색4호,울트라마린,적색226호,흑색산화철",토니모리,치크톤 젤리 블러셔 [01 포그핑크],60677,,
45g,,코스맥스㈜,정제수;CI 77891;에칠헥실메톡시신나메이트;사이클로펜타실록세인;다이프로필렌글라이콜;부틸렌글라이콜다이카프릴레이트/다이카프레이트;페닐트라이메티콘;사이클로헥사실록세인;CI 77947;세틸피이지/피피지-10/1다이메티콘;알부틴;헥실데실미리스토일메틸아미노프로피오네이트;헥실라우레이트;미네랄워터;흰목이버섯추출물;레몬밤잎추출물;말로우추출물(구명칭);서양톱풀추출물;성모초추출물(구명칭);카우슬립추출물(구명칭);페퍼민트잎추출물;꼬리풀추출물(구명칭);산소;글리세린;솔비탄세스퀴올리에이트;마그네슘설페이트;실리카;다이스테아다이모늄헥토라이트;이소아밀p-메톡시신나메이트;트라이베헤닌;알루미늄하이드록사이드;C30-45알킬세테아릴다이메티콘크로스폴리머;스테아릭애씨드;트라이에톡시카프릴릴실레인;글리세릴베헤네이트;칼슘스테아레이트;폴리글리세릴-6옥타스테아레이트;에틸헥실글리세린;다이메티콘;아데노신;부틸렌글라이콜;세라마이드3(구명칭);에틸헥산다이올;다이소듐이디티에이;페녹시에탄올;향료;CI 77492;CI 77491;CI 77499;CI 77019,토니모리,루미너스 여신 광채 비비 [SPF37/PA++] [02 차분한베이지],29613,,
8.3ml,,㈜메가코스,"정제수;글리세린;트레할로오스;로즈힙열매오일;아르간커넬오일;시어버터;해바라기씨오일;호호바씨오일;동백나무꽃추출물;석류추출물;트로메타민;등색205호;카보머;향료;글리세릴아크릴레이트/아크릴릭애씨드코폴리머;스테비오사이드;폴리아크릴레이트크로스폴리머-6;적색227호;부틸렌글라이콜;카프릴릴글라이콜;글리세릴카프릴레이트;에틸헥산다이올;1,2-헥산다이올;페녹시에탄올",토니모리,딜라이트 토니 틴트 [3호 오렌지차차],31569,,
4.6g,,씨앤씨인터내셔널,탤크;마이카;알루미늄전분옥테닐석시네이트;티타늄다이옥사이드;보론나이트라이드;다이메티콘올스테아레이트;옥틸도데실스테아로일스테아레이트;페닐트라이메티콘;에이치디아이/트라이메틸올헥실락톤크로스폴리머;옥틸도데칸올;카프릴릭/카프릭트라이글리세라이드;다이아이소스테아릴말레이트;라우로일라이신;적색산화철;황색산화철;다이메티콘;에틸헥실글리세린;다이펜타에리스리틸헥사하이드록시스테아레이트/헥사스테아레이트/헥사로지네이트;글리세릴카프릴레이트;흑색산화철;마그네슘미리스테이트;실리카;정제수;마이카;탤크;알루미늄전분옥테닐석시네이트;티타늄다이옥사이드;보론나이트라이드;황색산화철;옥틸도데실스테아로일스테아레이트;다이메티콘올스테아레이트;흑색산화철;적색산화철;페닐트라이메티콘;에이치디아이/트라이메틸올헥실락톤크로스폴리머;카프릴릭/카프릭트라이글리세라이드;옥틸도데칸올;다이아이소스테아릴말레이트;라우로일라이신;카민;다이메티콘;에틸헥실글리세린;다이펜타에리스리틸헥사하이드록시스테아레이트/헥사스테아레이트/헥사로지네이트;글리세릴카프릴레이트;마그네슘미리스테이트;실리카;정제수;마이카;탤크;알루미늄전분옥테닐석시네이트;티타늄다이옥사이드;보론나이트라이드;황색산화철;옥틸도데실스테아로일스테아레이트;다이메티콘올스테아레이트;페닐트라이메티콘;에이치디아이/트라이메틸올헥실락톤크로스폴리머;적색산화철;옥틸도데칸올;카프릴릭/카프릭트라이글리세라이드;다이아이소스테아릴말레이트;라우로일라이신;흑색산화철;다이메티콘;에틸헥실글리세린;다이펜타에리스리틸헥사하이드록시스테아레이트/헥사스테아레이트/헥사로지네이트;글리세릴카프릴레이트;마그네슘미리스테이트;실리카;정제수;탤크;마이카;알루미늄전분옥테닐석시네이트;티타늄다이옥사이드;적색산화철;보론나이트라이드;흑색산화철;옥틸도데실스테아로일스테아레이트;다이메티콘올스테아레이트;울트라마린;페닐트라이메티콘;에이치디아이/트라이메틸올헥실락톤크로스폴리머;옥틸도데칸올;카프릴릭/카프릭트라이글리세라이드;다이아이소스테아릴말레이트;황색산화철;라우로일라이신;다이메티콘;에틸헥실글리세린;다이펜타에리스리틸헥사하이드록시스테아레이트/헥사스테아레이트/헥사로지네이트;글리세릴카프릴레이트;마그네슘미리스테이트;실리카;정제수;마이카;탤크;알루미늄전분옥테닐석시네이트;적색산화철;흑색산화철;황색산화철;보론나이트라이드;옥틸도데실스테아로일스테아레이트;다이메티콘올스테아레이트;페닐트라이메티콘;에이치디아이/트라이메틸올헥실락톤크로스폴리머;옥틸도데칸올;카프릴릭/카프릭트라이글리세라이드;다이아이소스테아릴말레이트;라우로일라이신;다이메티콘;에틸헥실글리세린;글리세릴카프릴레이트;다이펜타에리스리틸헥사하이드록시스테아레이트/헥사스테아레이트/헥사로지네이트;마그네슘미리스테이트;실리카;정제수;탤크;메틸메타크릴레이트크로스폴리머;실리카;흑색산화철;황색산화철;적색산화철;페닐트라이메티콘;다이아이소스테아릴말레이트;다이펜타에리스리틸헥사하이드록시스테아레이트/헥사스테아레이트/헥사로지네이트;징크스테아레이트;다이메티콘;트라이에톡시카프릴릴실레인;에틸헥실글리세린;글리세릴카프릴레이트;정제수,토니모리,더 쇼킹 스핀오프 팔레트 [05 빈티지누드],31719,,
200 ml,,(주)제이앤제이코스텍/ (주)토니모리,"약모밀꽃/잎/줄기수(78%), 정제수, 글리세린, 하이드록시아세토페논, 1,2-헥산다이올, 폴리글리세릴-10라우레이트, 프로판다이올, 알란토인, 에틸헥실글리세린, 셀룰로오스검, 다이포타슘글리시리제이트, 다이소듐이디티에이, 소듐하이알루로네이트, 서양배추출물, 장미추출물, 바실러스발효물, 캐모마일꽃오일, 서양측백나무잎오일, 복숭아추출물, 로즈마리잎오일, 멜론추출물, 서양송악잎/줄기추출물, 비터오렌지꽃추출물, 광곽향오일, 병풀추출물(1ppm), 병풀잎추출물(1ppm), 병풀뿌리추출물(1ppm), 아시아틱애씨드(10ppb), 아시아티코사이드(10ppb), 마데카식애씨드(1ppb), 마데카소사이드(1ppb)",토니모리,어성초시카 퀵 카밍 토너,31574,,
4.6g,,씨앤씨인터내셔널,"탤크;마이카;알루미늄전분옥테닐석시네이트;티타늄다이옥사이드;보론나이트라이드;다이메티콘올스테아레이트;옥틸도데실스테아로일스테아레이트;황색산화철;페닐트라이메티콘;에이치디아이/트라이메틸올헥실락톤크로스폴리머;적색산화철;옥틸도데칸올;카프릴릭/카프릭트라이글리세라이드;다이아이소스테아릴말레이트;흑색산화철;라우로일라이신;다이메티콘;에틸헥실글리세린;다이펜타에리스리틸헥사하이드록시스테아레이트/헥사스테아레이트/헥사로지네이트;글리세릴카프릴레이트;실리카;정제수;합성플루오르플로고파이트;칼슘티타늄보로실리케이트;다이페닐실록시페닐트라이메티콘;폴리프로필렌;비스-베헤닐/아이소스테아릴/피토스체릴다이머다이리놀레일다이머다이리놀리에이트;페트롤라툼;비스-다이글리세릴폴리아실아디페이트-2;다이아이소스테아릴말레이트;적색산화철;티타늄다이옥사이드;실버;에틸헥실글리세린;글리세릴카프릴레이트;틴옥사이드;정제수;마이카;탤크;알루미늄전분옥테닐석시네이트;적색산화철;황색산화철;보론나이트라이드;흑색산화철;티타늄다이옥사이드;옥틸도데실스테아로일스테아레이트;다이메티콘올스테아레이트;페닐트라이메티콘;에이치디아이/트라이메틸올헥실락톤크로스폴리머;카프릴릭/카프릭트라이글리세라이드;옥틸도데칸올;다이아이소스테아릴말레이트;라우로일라이신;다이메티콘;에틸헥실글리세린;카민;다이펜타에리스리틸헥사하이드록시스테아레이트/헥사스테아레이트/헥사로지네이트;글리세릴카프릴레이트;실리카;정제수;폴리메틸실세스퀴옥세인;합성플루오르플로고파이트;페닐트라이메티콘;다이아이소스테아릴말레이트;다이메티콘크로스폴리머;칼슘알루미늄보로실리케이트;다이메티콘;티타늄다이옥사이드;트라이메틸펜탄다이올/아디픽애씨드/글리세린크로스폴리머;적색산화철;1,2-헥산다이올;페녹시에탄올;틴옥사이드;합성플루오르플로고파이트;적색산화철;마이카;페닐트라이메티콘;탤크;실리카;다이펜타에리스리틸헥사하이드록시스테아레이트/헥사스테아레이트/헥사로지네이트;징크스테아레이트;흑색산화철;폴리글리세릴-2트라이아이소스테아레이트;티타늄다이옥사이드;에틸헥실글리세린;트라이메틸실록시실리케이트;글리세릴카프릴레이트;정제수;탤크;적색산화철;메틸메타크릴레이트크로스폴리머;실리카;흑색산화철;페닐트라이메티콘;황색산화철;카민;다이아이소스테아릴말레이트;황색4호;다이펜타에리스리틸헥사하이드록시스테아레이트/헥사스테아레이트/헥사로지네이트;징크스테아레이트;다이메티콘;에틸헥실글리세린;글리세릴카프릴레이트;정제수",토니모리,더 쇼킹 스핀오프 팔레트 [03 탠쥬쥬브],31717,,
4g,,(주)코스맥스,"[05 페탈쇼킹] 정제수, 옥틸도데칸올, 부틸렌글라이콜,다이프로필렌글라이콜, 사과씨오일, 글리세린, 펜틸렌글라이콜, 베타인, 적색104호의(1) (CI 45410), 에틸셀룰로오스, 클로렐라 불가리스추출물, 해바라기씨오일, 퀸즈랜드넛오일, 올리브오일, 호호바씨오일, 포도씨오일, 빌베리씨오일, 폴리아크릴레이트크로스폴리머-6, 폴리솔베이트60, 솔비탄스테아레이트, 암모늄아크릴로일다이메틸타우레이트/브이피코폴리머, 하이드록시에틸아크릴레이트/소듐아크릴로일다이메틸타우레이트코폴리머, 글루코오스, 프룩토올리고사카라이드, 프룩토오스, 에틸헥실글리세린, 소듐다이라우미도글루타미드라이신, 트라이소듐에틸렌다이아민다이석시네이트, 1,2-헥산다이올, 수크로오스팔미테이트, 하이드로제네이티드레시틴, 세테아릴알코올, 페녹시에탄올, 향료, 벤질알코올, 신나밀알코올, 황색4호 (CI 19140), 적색223호 (CI 45380), 적색227호 (CI 17200), 황색5호 (CI 15985)",토니모리,퍼펙트립스 쇼킹립 틴트 [05 페탈쇼킹],27429,,
4.6g,,씨앤씨인터내셔널,"탤크;마이카;알루미늄전분옥테닐석시네이트;티타늄다이옥사이드;보론나이트라이드;다이메티콘올스테아레이트;옥틸도데실스테아로일스테아레이트;칼슘알루미늄보로실리케이트;페닐트라이메티콘;에이치디아이/트라이메틸올헥실락톤크로스폴리머;옥틸도데칸올;카프릴릭/카프릭트라이글리세라이드;다이아이소스테아릴말레이트;라우로일라이신;황색산화철;적색산화철;다이메티콘;에틸헥실글리세린;글리세릴카프릴레이트;다이펜타에리스리틸헥사하이드록시스테아레이트/헥사스테아레이트/헥사로지네이트;흑색산화철;마그네슘미리스테이트;실리카;틴옥사이드;정제수;탤크;마이카;알루미늄전분옥테닐석시네이트;보론나이트라이드;티타늄다이옥사이드;다이메티콘올스테아레이트;옥틸도데실스테아로일스테아레이트;황색산화철;적색산화철;카민;페닐트라이메티콘;에이치디아이/트라이메틸올헥실락톤크로스폴리머;옥틸도데칸올;카프릴릭/카프릭트라이글리세라이드;다이아이소스테아릴말레이트;라우로일라이신;다이메티콘;에틸헥실글리세린;글리세릴카프릴레이트;다이펜타에리스리틸헥사하이드록시스테아레이트/헥사스테아레이트/헥사로지네이트;마그네슘미리스테이트;실리카;정제수;폴리메틸실세스퀴옥세인;칼슘알루미늄보로실리케이트;다이아이소스테아릴말레이트;페닐트라이메티콘;칼슘티타늄보로실리케이트;다이메티콘;다이메티콘크로스폴리머;트라이메틸펜탄다이올/아디픽애씨드/글리세린크로스폴리머;티타늄다이옥사이드;마이카;1,2-헥산다이올;페녹시에탄올;틴옥사이드;적색산화철;카민;에틸렌/브이에이코폴리머;비스-다이글리세릴폴리아실아디페이트-2;아크릴레이트코폴리머;폴리부틸렌테레프탈레이트;칼슘알루미늄보로실리케이트;폴리글리세릴-2트라이아이소스테아레이트;마이카;1,2-헥산다이올;티타늄다이옥사이드;페녹시에탄올;적색산화철;페닐메티콘;폴리비닐알코올;폴리비닐부틸알;틴옥사이드;폴리비닐아세테이트;마이카;탤크;알루미늄전분옥테닐석시네이트;티타늄다이옥사이드;칼슘티타늄보로실리케이트;보론나이트라이드;옥틸도데실스테아로일스테아레이트;다이메티콘올스테아레이트;적색산화철;황색산화철;페닐트라이메티콘;에이치디아이/트라이메틸올헥실락톤크로스폴리머;옥틸도데칸올;카프릴릭/카프릭트라이글리세라이드;다이아이소스테아릴말레이트;카민;라우로일라이신;흑색산화철;다이메티콘;에틸헥실글리세린;글리세릴카프릴레이트;다이펜타에리스리틸헥사하이드록시스테아레이트/헥사스테아레이트/헥사로지네이트;마그네슘미리스테이트;틴옥사이드;실리카;정제수;탤크;실리카;메틸메타크릴레이트크로스폴리머;적색산화철;페닐트라이메티콘;흑색산화철;티타늄다이옥사이드;황색산화철;카민;다이아이소스테아릴말레이트;다이펜타에리스리틸헥사하이드록시스테아레이트/헥사스테아레이트/헥사로지네이트;징크스테아레이트;다이메티콘;에틸헥실글리세린;글리세릴카프릴레이트;정제수",토니모리,더 쇼킹 스핀오프 팔레트 [01 스윗코랄],31715,,
4.6g,,씨앤씨인터내셔널,"마이카;탤크;티타늄다이옥사이드;나일론-12;보론나이트라이드;옥틸도데실스테아로일스테아레이트;다이메티콘올스테아레이트;페닐트라이메티콘;적색산화철;에이치디아이/트라이메틸올헥실락톤크로스폴리머;옥틸도데칸올;카프릴릭/카프릭트라이글리세라이드;칼슘티타늄보로실리케이트;다이아이소스테아릴말레이트;라우로일라이신;다이메티콘;황색산화철;흑색산화철;다이펜타에리스리틸헥사하이드록시스테아레이트/헥사스테아레이트/헥사로지네이트;에틸헥실글리세린;글리세릴카프릴레이트;마그네슘미리스테이트;실리카;틴옥사이드;정제수;칼슘티타늄보로실리케이트;카프릴릭/카프릭트라이글리세라이드;마이카;티타늄다이옥사이드;칼슘알루미늄보로실리케이트;다이메티콘;다이페닐다이메티콘;1,2-헥산다이올;적색산화철;에틸렌/브이에이코폴리머;실버;페녹시에탄올;아크릴레이트코폴리머;폴리아이소부텐;틴옥사이드;폴리비닐아세테이트;탤크;마이카;알루미늄전분옥테닐석시네이트;보론나이트라이드;티타늄다이옥사이드;다이메티콘올스테아레이트;옥틸도데실스테아로일스테아레이트;페닐트라이메티콘;적색산화철;흑색산화철;에이치디아이/트라이메틸올헥실락톤크로스폴리머;황색산화철;옥틸도데칸올;카프릴릭/카프릭트라이글리세라이드;카민;다이아이소스테아릴말레이트;라우로일라이신;다이메티콘;에틸헥실글리세린;글리세릴카프릴레이트;다이펜타에리스리틸헥사하이드록시스테아레이트/헥사스테아레이트/헥사로지네이트;마그네슘미리스테이트;실리카;정제수;폴리메틸실세스퀴옥세인;칼슘알루미늄보로실리케이트;다이아이소스테아릴말레이트;페닐트라이메티콘;다이메티콘;다이메티콘크로스폴리머;칼슘티타늄보로실리케이트;트라이메틸펜탄다이올/아디픽애씨드/글리세린크로스폴리머;티타늄다이옥사이드;마이카;1,2-헥산다이올;적색산화철;페녹시에탄올;틴옥사이드;카민;마이카;알루미늄전분옥테닐석시네이트;탤크;티타늄다이옥사이드;칼슘티타늄보로실리케이트;보론나이트라이드;황색산화철;흑색산화철;적색산화철;카민;옥틸도데실스테아로일스테아레이트;페닐트라이메티콘;에이치디아이/트라이메틸올헥실락톤크로스폴리머;다이메티콘올스테아레이트;카프릴릭/카프릭트라이글리세라이드;옥틸도데칸올;다이아이소스테아릴말레이트;라우로일라이신;황색4호;다이메티콘;에틸헥실글리세린;글리세릴카프릴레이트;다이펜타에리스리틸헥사하이드록시스테아레이트/헥사스테아레이트/헥사로지네이트;마그네슘미리스테이트;틴옥사이드;실리카;정제수;탤크;메틸메타크릴레이트크로스폴리머;실리카;흑색산화철;페닐트라이메티콘;적색산화철;티타늄다이옥사이드;황색산화철;카민;다이아이소스테아릴말레이트;다이펜타에리스리틸헥사하이드록시스테아레이트/헥사스테아레이트/헥사로지네이트;징크스테아레이트;다이메티콘;에틸헥실글리세린;글리세릴카프릴레이트;정제수",토니모리,더 쇼킹 스핀오프 팔레트 [02 러브로지],31716,,
4.3g,,(주)코스맥스/(주)토니모리,"[04 로즈타르트] 정제수, 다이메티콘, 카프릴릴메티콘, 글리세린, 다이메티콘/비닐다이메티콘크로스폴리머, 펜틸렌글라이콜, 다이메티콘크로스폴리머, 소듐아크릴레이트크로스폴리머-2, 시어버터, 소듐하이알루로네이트, 1,2-헥산다이올, 세테아레스-20 세틸피이지/피피지-10/1다이메티콘, 폴리글리세릴-10미리스테이트, 부틸렌글라이콜, 암모늄아크릴로일다이메틸타우레이트/브이피코폴리머, 글리세릴스테아레이트, 피이지-100스테아레이트, 다이페닐실록시페닐트라이메티콘, 폴리아크릴레이트-13 폴리아이소부텐, 카프릴릭/카프릭트라이글리세라이드, 에틸헥실글리세린, 트라이소듐에틸렌다이아민다이석시네이트, 하이드로제네이티드레시틴, 폴리솔베이트20, 솔비탄아이소스테아레이트, 알루미늄하이드록사이드, 암모늄폴리아크릴레이트, 알지닌, 세라마이드엔피, 카보머, 페녹시에탄올, 벤질벤조에이트, 향료, 티타늄디옥사이드 (CI 77891), 황색5호 (CI 15985), 적색227호 (CI 17200), 황색4호 (CI 19140), 적색104호의(1) (CI 45410), 청색1호 (CI 42090)",토니모리,겟잇 틴트 워터풀 버터 [04 로즈타르트],60610,,
8.3ml,,㈜메가코스,"정제수;글리세린;트레할로오스;로즈힙열매오일;아르간커넬오일;시어버터;해바라기씨오일;호호바씨오일;동백나무꽃추출물;석류추출물;트로메타민;카보머;적색227호;향료;글리세릴아크릴레이트/아크릴릭애씨드코폴리머;등색205호;스테비오사이드;폴리아크릴레이트크로스폴리머-6;부틸렌글라이콜;카프릴릴글라이콜;글리세릴카프릴레이트;에틸헥산다이올;1,2-헥산다이올;페녹시에탄올",토니모리,딜라이트 토니 틴트 [2호 레드],31568,,
84g (60매),,상품상세참조,"정제수, 글리세린, 나이아신아마이드, 부틸렌글라이콜, 카라기난, 헥실렌글라이콜, 캐롭검, 펜틸렌글라이콜, 셀룰로오스검, 포타슘클로라이드, 프로판다이올, 폴리글리세릴-10라우레이트, 구주소나무잎추출물, 구아검, 하이드록시아세토페논, 알란토인, 수크로오스, 판테놀, 카페인, 스타아니스추출물, 다이포타슘글리시리제이트, 칼슘클로라이드, 아데노신, 에틸헥실글리세린, 다이소듐이디티에이, 알지닌, 카프릴릭/카프릭트라이글리세라이드, 토코페롤, 유자추출물, 비터오렌지꽃추출물, 1,2-헥산다이올, 비타민나무열매추출물(50 ppm), 카프릴릴글라이콜, 황색산화철, 소듐하이알루로네이트, 알부틴, 아스코빅애씨드(10 ppm), 에칠아스코빌에텔(10 ppm), 하이드록시프로필트라이모늄하이알루로네이트, 소듐아세틸레이티드하이알루로네이트, 하이드롤라이즈드하이알루로닉애씨드, 하이알루로닉애씨드, 소듐하이알루로네이트크로스폴리머, 하이드롤라이즈드소듐하이알루로네이트, 포타슘하이알루로네이트, 향료",토니모리,투엑스 비타민C 아이 겔 패치,64637,,
15g,,(주)메가코스,"[02 차분한 베이지] 탤크, 마이카, 실리카, 옥수수전분, 다이메티콘, 트라이에톡시카프릴릴실레인, 합성플루오르플로고파이트, 티타늄디옥사이드, 1,2-헥산다이올, 황색산화철, 적색산화철, 향료, 흑색산화철, 틴옥사이드, 정제수, 부틸렌글라이콜, 자수정가루, 다이아몬드가루, 연옥가루, 진주가루, 루비가루, 사파이어가루, 토르말린, 에틸헥실글리세린",토니모리,루미너스 퍼퓸 페이스 파우더 [02 차분한베이지],41352,,
4g,,㈜ 토니모리,트라이메틸실록시실리케이트;아이소도데케인;사이클로펜타실록세인;CI 77499;합성플루오르플로고파이트;CI 77019;세레신;사이클로헥사실록세인;CI 77491;CI 77891;실리카실릴레이트;카프릴릴메티콘;퀸즈랜드넛오일;포도씨오일;다이스테아다이모늄헥토라이트;폴리글리세릴-4아이소스테아레이트;프로필렌카보네이트;카프릴릴글라이콜;글리세릴카프릴레이트;트라이에톡시카프릴릴실레인;CI 77861,토니모리,백젤 아이라이너Z [03 펄브라운],30307,,
4.3 g,,(주)코스맥스/(주)토니모리,"[03 리치플럼] 정제수, 다이메티콘, 카프릴릴메티콘, 글리세린, 다이메티콘/비닐다이메티콘크로스폴리머, 펜틸렌글라이콜, 다이메티콘크로스폴리머, 소듐아크릴레이트크로스폴리머-2, 시어버터, 소듐하이알루로네이트, 1,2-헥산다이올, 세테아레스-20, 세틸피이지/피피지-10/1다이메티콘, 폴리글리세릴-10미리스테이트, 부틸렌글라이콜, 암모늄아크릴로일다이메틸타우레이트/브이피코폴리머, 글리세릴스테아레이트, 피이지-100스테아레이트, 다이페닐실록시페닐트라이메티콘, 폴리아크릴레이트-13, 폴리아이소부텐, 카프릴릭/카프릭트라이글리세라이드, 에틸헥실글리세린, 트라이소듐에틸렌다이아민다이석시네이트, 하이드로제네이티드레시틴, 폴리솔베이트20, 솔비탄아이소스테아레이트, 알루미늄하이드록사이드, 암모늄폴리아크릴레이트, 알지닌, 세라마이드엔피 카보머, 페녹시에탄올, 벤질벤조에이트, 향료, 티타늄디옥사이드 (CI 77891), 적색227호 (CI 17200), 황색5호 (CI 15985), 적색104호의(1) (CI 45410), 황색4호 (CI 19140), 청색1호 (CI 42090)",토니모리,겟잇 틴트 워터풀 버터 [03 리치플럼],60608,,
4.8 g,,(주)코코/(주)토니모리,"05토스티로즈 [촉촉] 올레익/리놀레익/리놀레닉폴리글리세라이즈, 폴리글리세릴-2트라이아이소스테아레이트, 피토스테릴/이소스테아릴/세틸/스테아릴/베헤닐다이머디리놀리에이트, 다이머다이리놀레일다이머다이리놀리에이트, 카프릴릭/카프릭트라이글리세라이드, 세레신, 합성왁스, 티타늄디옥사이드, 폴리하이드록시스테아릭애씨드, 황색5호, 에틸렌/프로필렌코폴리머, 글리세릴카프릴레이트, 다이아이소스테아릴말레이트, 흑색산화철, 에틸헥실글리세린, 레시틴, 적색202호, 적색산화철, 아이소스테아릭애씨드, 아이소프로필미리스테이트, 에틸헥실팔미테이트, 향료, 폴리글리세릴-3폴리리시놀리에이트, 알루미늄하이드록사이드, 토코페릴아세테이트, 아스코빅애씨드, 글리세린, 정제수, 부틸렌글라이콜, 실크아미노산, 1,2-헥산다이올, 팔미토일헥사펩타이드-12 [벨벳] 다이메티콘, 아이소트라이데실아이소노나노에이트, 메틸메타크릴레이트크로스폴리머, 실리카, 다이메티콘/비닐다이메티콘크로스폴리머, 폴리글리세릴-2트라이아이소스테아레이트, 티타늄디옥사이드, 세레신, 황색5호, 합성왁스, 마이카, 폴리하이드록시스테아릭애씨드, 에틸렌/프로필렌코폴리머, 다이아이소스테아릴말레이트, 흑색산화철, 글리세릴카프릴레이트, 적색202호, 레시틴, 에틸헥실글리세린, 적색산화철, 메티콘, 알루미늄하이드록사이드, 에틸헥실팔미테이트, 아이소스테아릭애씨드, 아이소프로필미리스테이트, 향료, 폴리글리세릴-3폴리리시놀리에이트, 아스코빅애씨드, 토코페릴아세테이트, 글리세린, 정제수, 부틸렌글라이콜, 실크아미노산, 1,2-헥산다이올, 팔미토일헥사펩타이드-12",토니모리,치크톤 립앤치크 듀오밤 [05 토스티로즈],69088,,
70 g,,㈜제이앤제이코스텍,"정제수, 글리세린, 다이카프릴릴카보네이트, 카프릴릭/카프릭트라이글리세라이드, 1,2-헥산다이올, 폴리글리세린-3, 폴리글리세릴-3스테아레이트, 스테아릴헵타노에이트, 해바라기씨오일글리세라이즈, 세테아릴알코올, 베타인, 판테놀, 소듐카보머, 아크릴레이트/C10-30알킬아크릴레이트크로스폴리머, 하이드로제네이티드레시틴, 카프릴릴글라이콜, 스테아릴카프릴레이트, 잔탄검, 알란토인, 약모밀추출물(1,000 ppm), 하이드록시에틸셀룰로오스, 하이드록시아세토페논, 다이소듐이디티에이, 유칼립투스잎추출물, 오레가노잎추출물, 레몬밤추출물, 쇠비름추출물, 에틸헥실글리세린, 병풀뿌리추출물(1 ppm), 병풀추출물(1 ppm), 병풀잎추출물(1 ppm), 바실러스발효물, 세라마이드엔피, 콜레스테롤, 스테아릭애씨드, 스쿠알란, 폴리데센, 토코페롤, 마카다미아씨오일, 올레익애씨드, 유채스테롤, 아시아틱애씨드(10 ppb), 아시아티코사이드(10 ppb), 마데카식애씨드(1 ppb), 마데카소사이드(1 ppb), 서양배추출물, 다마스크장미꽃수, 캐모마일꽃오일, 서양측백나무잎오일, 복숭아추출물, 커먼자스민꽃수, 로즈마리잎오일, 광곽향오일, 서양송악잎/줄기추출물, 비터오렌지꽃추출물, 멜론추출물",토니모리,어성초시카 퀵카밍 크림,45595,,
50ml / 1.69 fl. oz.,,㈜메가코스,"정제수, 다이프로필렌글라이콜, 에칠헥실메톡시신나메이트, 티타늄디옥사이드, 세테아릴에틸헥사노에이트, 다이메티콘, 4-메칠벤질리덴캠퍼, 폴리글리세릴-3메틸글루코오스다이스테아레이트, 부틸메톡시디벤조일메탄, 에칠헥실살리실레이트, 나이아신아마이드, 옥토크릴렌, 폴리C10-30알킬아크릴레이트, 사이클로펜타실록세인, 실리카, 프로판다이올, 세테아릴알코올, 솔비탄세스퀴올리에이트, 사이클로헥사실록세인, 트로메타민, 벤조트라이아졸릴도데실p-크레솔, 글리세릴스테아레이트, 페닐벤즈이미다졸설포닉애씨드, 호모살레이트, 포타슘세틸포스페이트, 하이드록시아세토페논, 카보머, 카프릴릴글라이콜, 소듐스테아로일글루타메이트, 한련초추출물, 에틸헥실글리세린, 아크릴레이트/C10-30알킬아크릴레이트크로스폴리머, 알란토인, 알루미늄하이드록사이드, 아데노신, 트라이에톡시카프릴릴실레인, 다이소듐이디티에이, 인도멀구슬나무잎추출물, 드럼스틱씨오일, 소듐하이알루로네이트, 에칠아스코빌에텔(10ppb), 아스코빅애씨드(10ppb), 소듐아스코베이트(10ppb), 부틸렌글라이콜, 1,2-헥산다이올, 비타민나무열매추출물, 유자추출물, 오렌지껍질오일, 필리핀오렌지껍질오일, 베르가모트오일, 리날룰, 리모넨",토니모리,투엑스 비타민C 톤업 크림 [SPF50+/PA+++],64640,,
200ml,,제품 별도 표기 / (주)토니모리,"정제수, 메틸프로판다이올, 글리세레스-26, 글리세린, 1,2-헥산다이올, 에탄올, 녹차추출물(8,700 ppm), C12-14알케스-12, 하이드록시에틸아크릴레이트/소듐아크릴로일다이메틸타우레이트코폴리머, 리날룰, 리모넨, 다이소듐이디티에이, 레몬껍질오일, 폴리솔베이트60, 솔비탄아이소스테아레이트, 향료, 시트랄, 에칠아스코빌에텔",토니모리,그린티 수분 토너,73616,,
13g,,(주)코스맥스/(주)토니모리,"[02 베이지] 정제수, 다이메티콘, 티타늄디옥사이드 (CI 77891), 글리세린, 아이소도데케인, 코코-카프릴레이트/카프레이트, 트라이메틸실록시실리케이트, 메틸트라이메티콘, 피이지-10다이메티콘, 나이아신아마이드, 1,2-헥산다이올, 실리카, 피이지/피피지-18/18다이메티콘, 황색산화철 (CI 77492), 다이메티콘크로스폴리머, 사과추출물, 동백나무꽃추출물, 소듐하이알루로네이트, 히비스커스꽃추출물, 다마스크장미꽃수, 다마스크장미꽃오일, 작약꽃추출물, 아크릴레이트/폴리트라이메틸실록시메타크릴레이트코폴리머, 카프릴릴메티콘, 다이스테아다이모늄헥토라이트, 옥틸도데칸올, 마그네슘설페이트, 폴리글리세릴-3폴리다이메틸실록시에틸다이메티콘, 합성플루오르플로고파이트, 알루미늄하이드록사이드, 스테아릭애씨드, 알루미나, 트라이에톡시카프릴릴실레인, 폴리글리세릴-4아이소스테아레이트, 헥토라이트, 라우로일라이신, 아이소프로필티타늄트라이아이소스테아레이트, 아데노신, 트라이소듐에틸렌다이아민다이석시네이트, 글리세릴베헤네이트/에이코사디오에이트, 부틸렌글라이콜, 판테놀, 펜틸렌글라이콜, 토코페롤, 프로판다이올, 소듐클로라이드, 에틸헥실글리세린, 소듐바이카보네이트, 칼슘클로라이드, 포타슘클로라이드, 향료, 적색산화철 (CI 77491), 흑색산화철 (CI 77499)",토니모리,주토피아 에디션 스킨톤 픽싱 커버 쿠션 [SPF40/PA++] [02 베이지],74911,,
4.8 g,,(주)코코/(주)토니모리,"11스트로베리휩 [촉촉] 올레익/리놀레익/리놀레닉폴리글리세라이즈, 폴리글리세릴-2트라이아이소스테아레이트, 피토스테릴/이소스테아릴/세틸/스테아릴/베헤닐다이머디리놀리에이트, 다이머다이리놀레일다이머다이리놀리에이트, 카프릴릭/카프릭트라이글리세라이드, 티타늄디옥사이드, 세레신, 합성왁스, 폴리하이드록시스테아릭애씨드, 에틸렌/프로필렌코폴리머, 황색산화철, 글리세릴카프릴레이트, 적색산화철, 레시틴, 에틸헥실글리세린, 아이소프로필미리스테이트, 에틸헥실팔미테이트, 아이소스테아릭애씨드, 알루미늄하이드록사이드, 향료, 적색202호, 폴리글리세릴-3폴리리시놀리에이트, 토코페릴아세테이트, 아스코빅애씨드, 글리세린, 정제수, 부틸렌글라이콜, 실크아미노산, 1,2-헥산다이올, 팔미토일헥사펩타이드-12, 실크아미노산, 1,2-헥산다이올, 팔미토일헥사펩타이드-12 [벨벳] 다이메티콘, 아이소트라이데실아이소노나노에이트, 메틸메타크릴레이트크로스폴리머, 티타늄디옥사이드, 실리카, 다이메티콘/비닐다이메티콘크로스폴리머, 폴리글리세릴-2트라이아이소스테아레이트, 세레신, 합성왁스, 마이카, 폴리하이드록시스테아릭애씨드, 에틸렌/프로필렌코폴리머, 적색산화철, 황색산화철, 글리세릴카프릴레이트, 알루미늄하이드록사이드, 에틸헥실글리세린, 레시틴, 메티콘, 에틸헥실팔미테이트, 아이소스테아릭애씨드, 아이소프로필미리스테이트, 향료, 적색202호, 폴리글리세릴-3폴리리시놀리에이트, 아스코빅애씨드, 토코페릴아세테이트, 글리세린, 정제수, 부틸렌글라이콜, 실크아미노산, 1,2-헥산다이올, 팔미토일헥사펩타이드-12",토니모리,치크톤 립앤치크 듀오밤 [11 스트로베리휩],69094,,
0.5g,,(주)수한,"정제수;스타이렌/아크릴레이트코폴리머;적색산화철;부틸렌글라이콜;티타늄다이옥사이드;아크릴레이트코폴리머;1,2-헥산다이올;피피지-17/아이피디아이/디엠피에이코폴리머;카본블랙;소듐폴리아크릴레이트;스테아레스-20;폴리솔베이트20;카프릴릭/카프릭트라이글리세라이드;벤질알코올;페녹시에탄올;벤토나이트;시메티콘;헥실렌글라이콜",토니모리,더 쇼킹 비건라이너 수퍼픽싱 [02 쇼킹브라운],33285,,
4.8g,,(주)코코/(주)토니모리,"17 밀키 탠저린 [촉촉] 올레익/리놀레익/리놀레닉폴리글리세라이즈, 폴리글리세릴-2트라이아이소스테아레이트, 피토스테릴/이소스테아릴/세틸/스테아릴/베헤닐다이머디리놀리에이트, 다이머다이리놀레일다이머다이리놀리에이트, 카프릴릭/카프릭트라이글리세라이드, 티타늄디옥사이드, 세레신, 합성왁스, 폴리하이드록시스테아릭애씨드, 에틸렌/프로필렌코폴리머, 황색5호, 글리세릴카프릴레이트, 레시틴, 에틸헥실글리세린, 알루미늄하이드록사이드, 적색104호의(1), 에틸헥실팔미테이트, 아이소스테아릭애씨드, 아이소프로필미리스테이트, 향료, 폴리글리세릴-3폴리리시놀리에이트, 터피네올, 제라닐아세테이트, 리날릴아세테이트, 다이메틸페네틸아세테이트, 아스코빅애씨드, 토코페릴아세테이트, 글리세린, 정제수, 부틸렌글라이콜, 실크아미노산, 1,2-헥산다이올, 팔미토일헥사펩타이드-12 [벨벳] 다이메티콘, 아이소트라이데실아이소노나노에이트, 메틸메타크릴레이트크로스폴리머, 티타늄디옥사이드, 실리카, 폴리글리세릴-2트라이아이소스테아레이트, 다이메티콘/비닐다이메티콘크로스폴리머, 세레신, 합성왁스, 마이카, 폴리하이드록시스테아릭애씨드, 다이메티콘크로스폴리머, 에틸렌/프로필렌코폴리머, 글리세릴카프릴레이트, 황색5호, 황색4호, 알루미늄하이드록사이드, 메티콘, 레시틴, 에틸헥실글리세린, 에틸헥실팔미테이트, 아이소스테아릭애씨드, 아이소프로필미리스테이트, 적색201호, 향료, 폴리글리세릴-3폴리리시놀리에이트, 적색202호, 터피네올, 제라닐아세테이트, 리날릴아세테이트, 다이메틸페네틸아세테이트, 아스코빅애씨드, 토코페릴아세테이트, 글리세린, 정제수, 부틸렌글라이콜, 실크아미노산, 1,2-헥산다이올, 팔미토일헥사펩타이드-12",토니모리,주토피아 에디션 치크톤 립앤치크 듀오밤 [17 밀키탠저린],74908,,
8.5g,,(주) 한국콜마,아이소도데케인;트라이메틸실록시실리케이트;세레신;합성플루오르플로고파이트;마이크로크리스탈린왁스;폴리프로필실세스퀴옥세인;다이스테아다이모늄헥토라이트;하이드로제네이티드폴리아이소부텐;덱스트린팔미테이트/에틸헥사노에이트;베헤네스-30;가시대나무줄기가루;덱스트린팔미테이트;요엽후박나무껍질추출물;검정콩추출물;프로필렌카보네이트;트라이에톡시카프릴릴실레인;실리카다이메틸실릴레이트;정제수;부틸렌글라이콜;하이드롤라이즈드밀단백질;하이드롤라이즈드옥수수단백질;하이드롤라이즈드콩단백질;데하이드로아세틱애씨드;페녹시에탄올;흑색산화철,토니모리,더 쇼킹 카라 비건 [03 밀리그램볼륨],32301,,
3 g,,코스맥스,"[02 오 마이 로즈] 정제수, 부틸렌글라이콜, 글리세린, 다이프로필렌글라이콜, 모란꽃수, 워터민트추출물, 알로에베라잎수, 암모늄아크릴로일다이메틸타우레이트/브이피코폴리머, 폴리아크릴레이트크로스폴리머-6, 다이메티콘, 피이지-60하이드로제네이티드캐스터오일, 레시틴, 스테비오사이드, 에틸헥실글리세린, 알루미늄하이드록사이드, 암모늄폴리아크릴레이트, 페녹시에탄올, 향료, 벤질살리실레이트, 리날룰, 티타늄디옥사이드 (CI 77891), 적색102호 (CI 16255), 황색5호 (CI 15985), 적색104호의(1) (CI 45410), 적색227호 (CI 17200), 청색1호 (CI 42090)",토니모리,겟잇 틴트 컬러풀 워터 [02 오마이로즈],60658,,
4g,,(주)코스맥스/(주)토니모리,"[1호 블랙] 흑색산화철 (CI 77499), 트리메칠실록시실리케이트, 사이클로펜타실록산, 이소도데칸, 사이클로헥사실록산, 세레신, 카프릴릴메치콘, 탈크, 울트라마린 (CI 77007), 실리카실릴레이트, 디스테아디모늄헥토라이트, 트리에톡시카프릴릴실란, 프로필렌카보네이트, 마카다미아씨오일, 포도씨오일, 비에이치티, 부틸파라벤",토니모리,백젤 아이라이너 [01 블랙],78120,,
50ml (2ea),,(주)코스모코스/ (주)토니모리,"정제수, 프로판다이올, 에칠헥실메톡시신나메이트, 에칠헥실살리실레이트, 부틸렌글라이콜, 티타늄디옥사이드, 카프릴릭/카프릭트라이글리세라이드, 나이아신아마이드, 옥토크릴렌, 카프릴릴메티콘, 브이피/에이코신코폴리머, 세테아릴알코올, 폴리글리세릴-3메틸글루코오스다이스테아레이트, 비스-에칠헥실옥시페놀메톡시페닐트리아진, 디에칠아미노하이드록시벤조일헥실벤조에이트, 콘민트추출물, 유칼립투스잎추출물, 레몬그라스추출물, 알로에베라잎추출물, 피토스테롤, 포도덩굴추출물, 하이드롤라이즈드하이알루로닉애씨드, 하이드롤라이즈드소듐하이알루로네이트, 다이메틸실란올하이알루로네이트, 하이알루로닉애씨드, 소듐하이알루로네이트, 포타슘하이알루로네이트, 하이드록시프로필트라이모늄하이알루로네이트, 소듐하이알루로네이트크로스폴리머, 소듐하이알루로네이트다이메틸실란올, 소듐아세틸레이티드하이알루로네이트, 에리스리톨, 자일리톨, 판테놀, 알란토인, 엑토인, 세테아릴올리베이트, 1,2-헥산다이올, 스테아릭애씨드, 팔미틱애씨드, 하이드록시아세토페논, 솔비탄올리베이트, 폴리하이드록시스테아릭애씨드, 멘톡시프로판다이올, 암모늄아크릴로일다이메틸타우레이트/브이피코폴리머, 글리세릴스테아레이트, 알루미나, 소듐스테아로일글루타메이트, 카프릴릴글라이콜, 아크릴레이트/C10-30알킬아크릴레이트크로스폴리머, 트로메타민, 아데노신, 잔탄검, 비에이치티, 트라이에톡시카프릴릴실레인, 울트라마린, 향료",토니모리,유브이 마스터 아쿠아 쿨링 선크림 [SPF50+/PA++++],76797,,
200ml,,제품 별도 표기 / (주)토니모리,"정제수, 글리세린, 프로판다이올, 1,2-헥산다이올, 페닐트라이메티콘, 네오펜틸글라이콜다이카프레이트, 비닐다이메티콘, 아크릴레이트/C10-30알킬아크릴레이트크로스폴리머, 트로메타민, 폴리메틸실세스퀴옥세인, 바이오사카라이드검-1, 암모늄아크릴로일다이메틸타우레이트/브이피코폴리머, 하이드록시프로필구아, 로즈마리잎오일, 하이드록시에틸셀룰로오스, 다이소듐이디티에이, 트레할로오스, 부틸렌글라이콜, 판테놀, 티트리잎오일, 소듐헤파린, 아줄렌(1 ppb), 베타-시토스테롤",토니모리,아줄렌 안티 블레미쉬 로션,73807,,
200ml,,제품 별도 표기 / (주)토니모리,"정제수, 부틸렌글라이콜, 글리세린, 메틸프로판다이올, 에리스리톨, 하이드록시아세토페논, 옥틸도데세스-16, 에틸헥실글리세린, 알란토인, 아크릴레이트/C10-30알킬아크릴레이트크로스폴리머, 다이소듐이디티에이, 트로메타민, 1,2-헥산다이올, 로즈마리잎오일, 티트리잎오일, 카프릴로일살리실릭애씨드, 아줄렌(5 ppb), 베타-시토스테롤, 소듐헤파린",토니모리,아줄렌 안티 블레미쉬 토너,73806,,
190ml,,(주)메가코스/(주)토니모리,"미네랄오일, 피이지-8글리세릴아이소스테아레이트, 에틸헥실팔미테이트, 아이소프로필미리스테이트, 아이소스테아릭애씨드, 정제수, 향료, 살구씨오일(1,000ppm), 석류씨오일, 호호바씨오일, 메도우폼씨오일, 마카다미아씨오일",토니모리,원더 살구씨 딥 클렌징 오일,76631,,
15 g,,코스맥스㈜,"[03샌드베이지] 정제수,티타늄디옥사이드 (CI 77891),사이클로펜타실록세인,글리세린,아이소노닐아이소노나노에이트,트라이메틸실록시실리케이트,옥틸도데칸올,아이소도데케인,C12-15알킬벤조에이트,프로판다이올,라우릴폴리글리세릴-3폴리다이메틸실록시에틸다이메티콘,합성플루오르플로고파이트,나이아신아마이드,프로필렌글라이콜다이벤조에이트,프로필헵틸카프릴레이트,1,2-헥산다이올,다이스테아다이모늄헥토라이트,황색산화철 (CI 77492),덱스트린팔미테이트,폴리글리세릴-4아이소스테아레이트,브이피/에이코신코폴리머,드럼스틱씨오일,다이페닐실록시페닐트라이메티콘,폴리글리세릴-3폴리다이메틸실록시에틸다이메티콘,마그네슘설페이트,스테아릭애씨드,알루미나,트라이에톡시카프릴릴실레인,알루미늄하이드록사이드,아데노신,아이소프로필티타늄트라이아이소스테아레이트,트라이소듐에틸렌다이아민다이석시네이트,에틸셀룰로오스,토코페롤,카프릴릭/카프릭트라이글리세라이드,하이드로제네이티드레시틴,세라마이드엔피,피토스핑고신,소듐스테아로일글루타메이트,향료,적색산화철 (CI 77491),흑색산화철 (CI 77499)",토니모리,마이 루미너스 젤 글로우 쿠션 [SPF40/PA++] [03 샌드베이지],64454,,
100ml,,제품 별도 표기 / (주)토니모리,"정제수, 아이소펜틸다이올, 부틸렌글라이콜, C12-14알케스-12, 하이드록시아세토페논, 에틸헥실글리세린, 스타이렌/브이피코폴리머, 리날룰, 다이소듐이디티에이, 리모넨, 1,2-헥산다이올, 녹차추출물(100 ppm), 베르가모트오일, 향료, 필리핀오렌지껍질오일, 오렌지껍질오일, 글리세린, 스쿠알란, 네오펜틸글라이콜다이헵타노에이트, 세틸에틸헥사노에이트, 하이드로제네이티드포스파티딜콜린, 폴리글리세릴-10미리스테이트, 세테아릴알코올, 폴리글리세릴-2스테아레이트, 달맞이꽃오일, 잇꽃씨오일, 팔미틱애씨드, 스테아릭애씨드, 세라마이드엔피, 폴리쿼터늄-51",토니모리,그린티 수분 미스트,73628,,
5.3 g,,(주)씨앤씨인터내셔널/ (주)토니모리,"[03 피치 시럽] 정제수, 다이아이소스테아릴말레이트, 다이페닐다이메티콘, 비스-다이글리세릴폴리아실아디페이트-2, 비스-베헤닐/아이소스테아릴/피토스테릴다이머다이리놀레일다이머다이리놀리에이트, 하이드로제네이티드폴리아이소부텐, 다이글리세린, 옥틸도데칸올, 다이프로필렌글라이콜, 세틸피이지/피피지-10/1다이메티콘, 솔비탄아이소스테아레이트, 폴리솔베이트60, 1,2-헥산다이올, 하이드록시에틸아크릴레이트/소듐아크릴로일다이메틸타우레이트코폴리머, 페녹시에탄올, 세테아레스-20, 스쿠알란, 티타늄디옥사이드, 향료, 에틸헥실글리세린, 적색227호, 황색4호, 황색5호, 알루미늄하이드록사이드, 암모늄폴리아크릴레이트, 적색104호의(1), 부틸렌글라이콜, 청색1호, 아르간커넬오일, 코코넛야자오일, 아보카도오일, 해바라기씨오일, 올리브오일, 판테놀, 호호바씨오일, 펜타에리스리틸테트라-다이-t-부틸하이드록시하이드로신나메이트, 소듐하이알루로네이트, 하이드록시프로필트라이모늄하이알루로네이트, 하이드롤라이즈드하이알루로닉애씨드, 소듐아세틸레이티드하이알루로네이트, 하이알루로닉애씨드, 소듐하이알루로네이트크로스폴리머, 하이드롤라이즈드소듐하이알루로네이트, 포타슘하이알루로네이트,세라마이드엔피",토니모리,겟잇 틴트 워터풀 시럽 [03 피치시럽],76692,,
5.3 g,,(주)씨앤씨인터내셔널/ (주)토니모리,"[01 밀크티 시럽] 정제수, 다이아이소스테아릴말레이트, 다이페닐다이메티콘, 비스-다이글리세릴폴리아실아디페이트-2, 비스-베헤닐/아이소스테아릴/피토스테릴다이머다이리놀레일다이머다이리놀리에이트, 하이드로제네이티드폴리아이소부텐, 다이글리세린, 옥틸도데칸올, 다이프로필렌글라이콜, 세틸피이지/피피지-10/1다이메티콘, 솔비탄아이소스테아레이트, 폴리솔베이트60, 1,2-헥산다이올, 하이드록시에틸아크릴레이트/소듐아크릴로일다이메틸타우레이트코폴리머, 페녹시에탄올, 세테아레스-20, 티타늄디옥사이드, 스쿠알란, 향료, 에틸헥실글리세린, 황색4호, 적색227호, 황색5호, 알루미늄하이드록사이드, 암모늄폴리아크릴레이트, 청색1호, 부틸렌글라이콜, 아르간커넬오일, 코코넛야자오일, 호호바씨오일, 아보카도오일, 해바라기씨오일, 올리브오일, 판테놀, 펜타에리스리틸테트라-다이-t-부틸하이드록시하이드로신나메이트, 소듐하이알루로네이트, 하이드록시프로필트라이모늄하이알루로네이트, 소듐아세틸레이티드하이알루로네이트, 하이드롤라이즈드하이알루로닉애씨드, 하이알루로닉애씨드, 하이드롤라이즈드소듐하이알루로네이트, 소듐하이알루로네이트크로스폴리머, 포타슘하이알루로네이트, 세라마이드엔피",토니모리,겟잇 틴트 워터풀 시럽 [01 밀크티시럽],76690,,
50 ml*2,,(주)메가코스 / (주)토니모리,"정제수,글리세린,티타늄디옥사이드,네오펜틸글라이콜다이헵타노에이트,에칠헥실메톡시신나메이트,부틸렌글라이콜,비스-에칠헥실옥시페놀메톡시페닐트리아진,옥토크릴렌, 부틸메톡시디벤조일메탄,운데케인,페닐벤즈이미다졸설포닉애씨드,나이아신아마이드,에칠헥실살리실레이트,1,2-헥산다이올,트라이데케인,트로메타민,실리카,베타인,세테아 릴알코올,메칠렌비스-벤조트리아졸릴테트라메칠부틸페놀,글리세릴스테아레이트,솔비탄세스퀴올리에이트,피이지-100스테아레이트,트라이세테아레스-4포스페이트,폴리솔 베이트80,피이지-2스테아레이트,글라이콜스테아레이트,알란토인,프룩토오스,카보머,코코-카프릴레이트/카프레이트,하이드로제네이티드올리브오일불검화물,포타슘세틸포 스페이트,데실글루코사이드,다이메티콘,소듐스테아로일글루타메이트,트라이하이드록시스테아린,에틸헥실글리세린,서양배추출물,캐모마일꽃오일,아데노신,다마스크장미꽃 수,오리스뿌리추출물,측백나무추출물,다이소듐이디티에이,멜론추출물,비터오렌지꽃추출물,리씨열매오일,서양송악잎/줄기추출물,녹차추출물(100ppm),잔탄검,진흙버섯추출 물,우엉뿌리추출물,병풀추출물,쇠비름추출물,체이스트트리추출물,마트리카리아꽃추출물,시트랄,리날릴아세테이트",토니모리,그린티 수분 선크림 [SPF50+/PA+++],77839,,
4.3g,,(주)코스맥스/(주)토니모리,"[26 총총 딸기 크림] 정제수, 다이메티콘, 카프릴릴메티콘, 글리세린, 다이메티콘/비닐다이메티콘크로스폴리머, 펜틸렌글라이콜, 다이메티콘크로스폴리머, 1,2-헥산다이올, 세테아레스-20, 세틸피이지/피피지-10/1다이메티콘, 폴리글리세릴-10미리스테이트, 소듐폴리아크릴로일다이메틸타우레이트, 부틸렌글라이콜, 암모늄아크릴로일다이메틸타우레이트/브이피코폴리머, 글리세릴스테아레이트, 피이지-100스테아레이트, 티타늄디옥사이드 (CI 77891), 다이페닐실록시페닐트라이메티콘, 카프릴릭/카프릭트라이글리세라이드, 벤질벤조에이트, 에틸헥실글리세린, 트라이소듐에틸렌다이아민다이석시네이트, 적색227호 (CI 17200), 황색5호 (CI 15985), 하이드로제네이티드레시틴, 알루미늄하이드록사이드, 암모늄폴리아크릴레이트, 향료, 황색4호 (CI 19140), 알지닌, 카보머, 세라마이드엔피, 페녹시에탄올, 청색1호 (CI 42090), 시어버터, 소듐하이알루로네이트",토니모리,주토피아 에디션 겟잇틴트 워터풀 버터 [26 총총딸기크림],74904,,
50ml,,제품 별도 표기 / (주)토니모리,"정제수, 글리세린, 다이프로필렌글라이콜, 1,2-헥산다이올, 사이클로펜타실록세인, 나이아신아마이드, 폴리메틸실세스퀴옥세인, 프로판다이올, 글리세릴폴리메타크릴레이트, 판테놀, 사이클로헥사실록세인, 호호바에스터, C14-22알코올, 카프릴릭/카프릭트라이글리세라이드, 하이드로제네이티드폴리(C6-14올레핀), 다이메티콘올, 폴리쿼터늄-51, 하이드롤라이즈드호호바에스터, C12-20알킬글루코사이드, 트로메타민, 녹차추출물 (1,000 ppm), 아크릴레이트/C10-30알킬아크릴레이트크로스폴리머, 카보머, 하이드록시에틸셀룰로오스, 해바라기씨오일, 아데노신, 베르가모트오일, 카프릴하이드록사믹애씨드, 시트릭애씨드, 다이소듐이디티에이, 덱스트린, 카카오추출물, 리모넨, 부틸렌글라이콜, 리날룰, 티트리잎오일, 에칠아스코빌에텔, 토코페롤, 다이소듐포스페이트, 폴리솔베이트60, 다마스크장미꽃추출물, 소듐디엔에이, 에틸헥실글리세린, 소듐포스페이트",토니모리,블랙티 인텐스 리페어 세럼,73813,,
150 ml,,(주)메가코스/(주)토니모리,"정제수, 부틸렌글라이콜, 세틸에틸헥사노에이트, 다이메티콘, 세틸알코올, 나이아신아마이드, 글리세릴스테아레이트에스이, 베타인, 글리세린, 폴리솔베이트80, 베헤닐알코올, 향료, 사이클로펜타실록세인, 하이드로제네이티드폴리(C6-14올레핀), 하이드록시아세토페논, 트로메타민, 카보머, 사이클로헥사실록세인, 아크릴레이트/C10-30알킬아크릴레이트크로스폴리머, 알란토인, 에틸헥실글리세린, 다이포타슘글리시리제이트, 소듐폴리아크릴레이트, 에틸헥실스테아레이트, 아데노신, 다이소듐이디티에이, 병풀추출물, 1,2-헥산다이올, 쇠비름추출물, 트라이데세스-6, 체이스트트리추출물, 마트리카리아꽃추출물, 리날룰, 소듐하이알루로네이트, 판테놀, 미네랄워터, 카프릴릭/카프릭트라이글리세라이드, 하이드로제네이티드레시틴, 하이드로제네이티드포스파티딜콜린, 하이드롤라이즈드콜라겐, 하이드롤라이즈드쌀단백질, 크레아틴, 피토스테릴/옥틸도데실라우로일글루타메이트, 수크로오스스테아레이트, 세라마이드엔피, 세테아릴알코올, 아시아티코사이드, 마데카식애씨드, 마데카소사이드, 아시아틱애씨드",토니모리,리젠시아 옴므 에멀전,68663,,
150ml,,(주)코스맥스 / (주)토니모리,"정제수,글리세린,프로필렌글라이콜,쿼터늄-60,카보머,다이프로필렌글라이콜,빙하수,연꽃꽃추출물,진주가루,펜틸렌글라이콜,아스코빅애씨드,1,2-헥산다이올,카프릴릴글라이콜,락틱애씨드,세린,소듐락테이트,솔비톨,우레아,소듐클로라이드,알란토인,다이소듐이디티에이,페녹시에탄올,향료,하이드록시시트로넬알,리날룰,리모넨",토니모리,플로리아 브라이트닝 필링 젤,76630,,
50ml (2ea) / 1.69 fl. oz.,,상품상세참조,"정제수, 호모살레이트, 옥토크릴렌, 다이프로필렌글라이콜, 아크릴레이트코폴리머, 에칠헥실살리실레이트, 사이클로펜타실록세인, 부틸옥틸살리실레이트, 에탄올, 비스-에칠헥실옥시페놀메톡시페닐트리아진, 부틸메톡시디벤조일메탄, 사이클로헥사실록세인, 실리카, 스테아레스-20, 비스-피이지-15메틸에터다이메티콘, 글리세린, 카보머, 하이드록시아세토페논, 카프릴릴글라이콜, 트로메타민, 소듐폴리아크릴레이트, 이눌린라우릴카바메이트, 에틸헥실스테아레이트, 에틸헥실글리세린, 잔탄검, 트라이데세스-6, 하이드롤라이즈드소듐하이알루로네이트, 엑토인, 알로에베라잎추출물, 포도주추출물, 병풀추출물, 하이드록시프로필사이클로덱스트린, 1,2-헥산다이올, 7-데하이드로콜레스테롤, 포도씨추출물, 레스베라트롤, 벤질살리실레이트, 제라니올, 헥실신남알, 리모넨, 리날룰, 향료",토니모리,유브이 마스터 아쿠아 선 젤 [SPF50+/PA++++],64613,,
5.3 g,,(주)씨앤씨인터내셔널/ (주)토니모리,"[06 플럼 시럽] 정제수, 다이아이소스테아릴말레이트, 다이페닐다이메티콘, 비스-다이글리세릴폴리아실아디페이트-2, 비스-베헤닐/아이소스테아릴/피토스테릴다이머다이리놀레일다이머다이리놀리에이트, 하이드로제네이티드폴리아이소부텐, 다이글리세린, 옥틸도데칸올, 다이프로필렌글라이콜, 세틸피이지/피피지-10/1다이메티콘, 솔비탄아이소스테아레이트, 폴리솔베이트60, 1,2-헥산다이올, 하이드록시에틸아크릴레이트/소듐아크릴로일다이메틸타우레이트코폴리머, 페녹시에탄올, 세테아레스-20, 스쿠알란, 티타늄디옥사이드, 적색227호, 향료, 에틸헥실글리세린, 황색5호, 황색4호, 적색104호의(1), 알루미늄하이드록사이드, 암모늄폴리아크릴레이트, 청색1호, 부틸렌글라이콜, 아르간커넬오일, 코코넛야자오일, 아보카도오일, 해바라기씨오일, 올리브오일, 판테놀, 호호바씨오일, 펜타에리스리틸테트라-다이-t-부틸하이드록시하이드로신나메이트, 소듐하이알루로네이트, 하이드록시프로필트라이모늄하이알루로네이트, 하이드롤라이즈드하이알루로닉애씨드, 소듐아세틸레이티드하이알루로네이트, 하이알루로닉애씨드, 소듐하이알루로네이트크로스폴리머, 하이드롤라이즈드소듐하이알루로네이트, 포타슘하이알루로네이트,세라마이드엔피",토니모리,겟잇 틴트 워터풀 시럽 [06 플럼시럽],76694,,
30 ml,,대한민국,"[펩타이드 스피큘 퍼밍 앰플] 정제수, 글리세린, 다이프로필렌글라이콜, 글리세레스-26, 나이아신아마이드, 페닐트라이메티콘, 카프릴릭/카프릭트라이글리세라이드, 암모늄아크릴로일다이메틸타우레이트/브이피코폴리머, 피이지-240/에이치디아이코폴리머비스-데실테트라데세스-20에터, 폴리솔베이트80, 하이드록시아세토페논, 카프릴릴글라이콜, 알란토인, 하이드롤라이즈드해면(0.07%), 에틸헥실글리세린, 잔탄검, 아데노신, 다이소듐이디티에이, 인도멀구슬나무잎추출물, 바쿠치올, 인도멀구슬나무꽃추출물, 울금뿌리추출물, 홀리바질잎추출물, 하이드롤라이즈드콜라겐, 부틸렌글라이콜, 1,2-헥산다이올, 참산호말추출물, 폴리글리세릴-10라우레이트, 병풀뿌리추출물, 병풀추출물, 병풀잎추출물, 트라이펩타이드-1(70 ppb), 카퍼트라이펩타이드-1(5 ppb), 아세틸테트라펩타이드-2(5 ppb), 아세틸테트라펩타이드-5(5 ppb), 헥사펩타이드-11(5 ppb), 헥사펩타이드-9(5 ppb), 팔미토일펜타펩타이드-4(5 ppb), 팔미토일트라이펩타이드-1(5 ppb), 팔미토일트라이펩타이드-5(1 ppb), 아시아틱애씨드, 아시아티코사이드, 마데카식애씨드, 마데카소사이드, 향료",토니모리,스피큘 앰플 [펩타이드퍼밍],64441,,
4.8 g,,(주)코코/(주)토니모리,"12애프리콧휩 [촉촉] 올레익/리놀레익/리놀레닉폴리글리세라이즈, 폴리글리세릴-2트라이아이소스테아레이트, 피토스테릴/이소스테아릴/세틸/스테아릴/베헤닐다이머디리놀리에이트, 다이머다이리놀레일다이머다이리놀리에이트, 카프릴릭/카프릭트라이글리세라이드, 세레신, 합성왁스, 티타늄디옥사이드, 폴리하이드록시스테아릭애씨드, 황색산화철, 에틸렌/프로필렌코폴리머, 글리세릴카프릴레이트, 에틸헥실글리세린, 레시틴, 적색202호, 에틸헥실팔미테이트, 아이소스테아릭애씨드, 아이소프로필미리스테이트, 향료, 폴리글리세릴-3폴리리시놀리에이트, 알루미늄하이드록사이드, 다이아이소스테아릴말레이트, 흑색산화철, 아스코빅애씨드, 토코페릴아세테이트, 글리세린, 정제수, 부틸렌글라이콜, 실크아미노산, 1,2-헥산다이올, 팔미토일헥사펩타이드-12 [벨벳] 다이메티콘, 아이소트라이데실아이소노나노에이트, 메틸메타크릴레이트크로스폴리머, 실리카, 다이메티콘/비닐다이메티콘크로스폴리머, 티타늄디옥사이드, 폴리글리세릴-2트라이아이소스테아레이트, 세레신, 합성왁스, 마이카, 황색산화철, 폴리하이드록시스테아릭애씨드, 에틸렌/프로필렌코폴리머, 글리세릴카프릴레이트, 적색202호, 레시틴, 에틸헥실글리세린, 알루미늄하이드록사이드, 메티콘, 아이소프로필미리스테이트, 에틸헥실팔미테이트, 아이소스테아릭애씨드, 향료, 폴리글리세릴-3폴리리시놀리에이트, 다이아이소스테아릴말레이트, 흑색산화철, 아스코빅애씨드, 토코페릴아세테이트, 글리세린, 정제수, 부틸렌글라이콜, 실크아미노산, 1,2-헥산다이올, 팔미토일헥사펩타이드-12",토니모리,치크톤 립앤치크 듀오밤 [12 애프리콧휩],69095,,
13 g,,(주)코스맥스/(주)토니모리,"[01 아이보리] 정제수, 다이메티콘, 티타늄디옥사이드 (CI 77891), 글리세린, 아이소도데케인, 코코-카프릴레이트/카프레이트, 트라이메틸실록시실리케이트, 메틸트라이메티콘, 피이지-10다이메티콘, 나이아신아마이드, 1,2-헥산다이올, 실리카, 피이지/피피지-18/18다이메티콘, 다이메티콘크로스폴리머, 사과추출물, 동백나무꽃추출물, 소듐하이알루로네이트, 히비스커스꽃추출물, 다마스크장미꽃수, 다마스크장미꽃오일, 작약꽃추출물, 아크릴레이트/폴리트라이메틸실록시메타크릴레이트코폴리머, 카프릴릴메티콘, 다이스테아다이모늄헥토라이트, 마그네슘설페이트, 옥틸도데칸올, 폴리글리세릴-3폴리다이메틸실록시에틸다이메티콘, 합성플루오르플로고파이트, 알루미늄하이드록사이드, 스테아릭애씨드, 알루미나, 트라이에톡시카프릴릴실레인, 폴리글리세릴-4아이소스테아레이트, 헥토라이트, 라우로일라이신, 아데노신, 아이소프로필티타늄트라이아이소스테아레이트, 트라이소듐에틸렌다이아민다이석시네이트, 글리세릴베헤네이트/에이코사디오에이트, 부틸렌글라이콜, 판테놀, 펜틸렌글라이콜, 토코페롤, 프로판다이올, 소듐클로라이드, 에틸헥실글리세린, 소듐바이카보네이트, 칼슘클로라이드, 포타슘클로라이드, 향료, 황색산화철 (CI 77492), 적색산화철 (CI 77491), 흑색산화철 (CI 77499)",토니모리,주토피아 에디션 스킨톤 픽싱 커버 쿠션 [SPF40/PA++] [01 아이보리],74910,,
6 g,,코스맥스,"[오로라 핑크] 하이드로제네이티드폴리아이소부텐, 다이아이소스테아릴말레이트, 옥틸도데칸올, 폴리글리세릴-2트라이아이소스테아레이트, 실리카다이메틸실릴레이트, 덱스트린팔미테이트, 케이엔열매추출물, 돌콩오일, 생강오일, 호호바씨오일, 석류나무꽃추출물, 멘톨, 바닐릴부틸에터, 칼슘알루미늄보로실리케이트, 칼슘소듐보로실리케이트, 실리카, 메틸니코티네이트, 폴리글리세릴-2다이아이소스테아레이트, 에틸헥실팔미테이트, 트라이베헤닌, 폴리글리세릴-3다이아이소스테아레이트, 솔비탄아이소스테아레이트, 락틱애씨드, 팔미토일트라이펩타이드-1, 틴옥사이드 (CI 77861), 데하이드로아세틱애씨드, 향료, 벤질알코올, 하이드록시시트로넬알, 리날룰, 시트로넬올, 제라니올, 티타늄디옥사이드 (CI 77891), 적색218호 (CI 45410), 적색202호 (CI 15850), 황색산화철 (CI 77492)",토니모리,겟잇 틴트 플럼퍼 [오로라핑크],64406,,
4.8 g,,(주)코코/(주)토니모리,"10체리휩 [촉촉] 올레익/리놀레익/리놀레닉폴리글리세라이즈, 폴리글리세릴-2트라이아이소스테아레이트, 피토스테릴/이소스테아릴/세틸/스테아릴/베헤닐다이머디리놀리에이트, 다이머다이리놀레일다이머다이리놀리에이트, 카프릴릭/카프릭트라이글리세라이드, 티타늄디옥사이드, 세레신, 합성왁스, 폴리하이드록시스테아릭애씨드, 에틸렌/프로필렌코폴리머, 글리세릴카프릴레이트, 적색산화철, 적색202호, 황색4호, 에틸헥실글리세린, 레시틴, 아이소프로필미리스테이트, 에틸헥실팔미테이트, 아이소스테아릭애씨드, 향료, 알루미늄하이드록사이드, 폴리글리세릴-3폴리리시놀리에이트, 청색1호, 아스코빅애씨드, 토코페릴아세테이트, 글리세린, 정제수, 부틸렌글라이콜, 실크아미노산, 1,2-헥산다이올, 팔미토일헥사펩타이드-12 [벨벳] 다이메티콘, 아이소트라이데실아이소노나노에이트, 메틸메타크릴레이트크로스폴리머, 실리카, 티타늄디옥사이드, 다이메티콘/비닐다이메티콘크로스폴리머, 폴리글리세릴-2트라이아이소스테아레이트, 세레신, 합성왁스, 마이카, 폴리하이드록시스테아릭애씨드, 에틸렌/프로필렌코폴리머, 황색4호, 적색202호, 글리세릴카프릴레이트, 레시틴, 에틸헥실글리세린, 알루미늄하이드록사이드, 메티콘, 아이소프로필미리스테이트, 에틸헥실팔미테이트, 아이소스테아릭애씨드, 향료, 적색산화철, 다이아이소스테아릴말레이트, 흑색산화철, 폴리글리세릴-3폴리리시놀리에이트, 청색1호, 아스코빅애씨드, 토코페릴아세테이트, 글리세린, 정제수, 부틸렌글라이콜, 실크아미노산, 1,2-헥산다이올, 팔미토일헥사펩타이드-12",토니모리,치크톤 립앤치크 듀오밤 [10 체리휩],69093,,
200ml,,㈜메가코스,"미네랄오일, 에틸헥실팔미테이트, 피이지-8글리세릴아이소스테아레이트, 아이소프로필미리스테이트, 피이지-20글리세릴트라이아이소스테아레이트, 아이소스테아릭애씨드, 정제수, 티트리잎오일(2,500ppm), 로즈마리잎오일, 마카다미아씨오일, 드럼스틱씨오일, 호호바씨오일, 스위트아몬드오일, 글리세린, 부틸렌글라이콜, 카프릴릭/카프릭트라이글리세라이드, 하이드로제네이티드포스파티딜콜린, 1,2-헥산다이올, 병풀추출물, 수크로오스스테아레이트, 세테아릴알코올, 아시아틱애씨드, 아시아티코사이드, 마데카식애씨드, 마데카소사이드, 리모넨",토니모리,원더 티트리 클렌징오일,67124,,
4.3 g,,(주)코스맥스/(주)토니모리,"[20 모브 가나슈] 정제수, 다이메티콘, 카프릴릴메티콘, 글리세린, 다이메티콘/비닐다이메티콘크로스폴리머, 펜틸렌글라이콜, 다이메티콘크로스폴리머, 소듐아크릴레이트크로스폴리머-2, 시어버터, 소듐하이알루로네이트, 1,2-헥산다이올, 세테아레스-20, 세틸피이지/피피지-10/1다이메티콘, 폴리글리세릴-10미리스테이트, 부틸렌글라이콜, 암모늄아크릴로일다이메틸타우레이트/브이피코폴리머, 글리세릴스테아레이트, 피이지-100스테아레이트, 다이페닐실록시페닐트라이메티콘, 폴리아크릴레이트-13, 폴리아이소부텐, 카프릴릭/카프릭트라이글리세라이드, 에틸헥실글리세린, 트라이소듐에틸렌다이아민다이석시네이트, 하이드로제네이티드레시틴, 폴리솔베이트20, 솔비탄아이소스테아레이트, 알루미늄하이드록사이드, 암모늄폴리아크릴레이트, 알지닌, 세라마이드엔피, 카보머, 페녹시에탄올, 벤질벤조에이트, 향료, 티타늄디옥사이드 (CI 77891), 적색227호 (CI 17200), 황색5호 (CI 15985), 황색4호 (CI 19140), 청색1호 (CI 42090), 적색104호의(1) (CI 45410)",토니모리,겟잇 틴트 워터풀 버터 [20 모브가나슈],69702,,
150ml,,(주)메가코스/(주)토니모리,"정제수, 비닐다이메티콘, 글리세린, 부틸렌글라이콜, 나이아신아마이드, 페닐트라이메티콘, 소듐폴리아크릴레이트, 베타인, C13-15알케인, 하이드록시아세토페논, 향료, 하이드로제네이티드레시틴, 하이드로제네이티드폴리데센, 하이드록시에틸셀룰로오스, 미네랄워터, C14-22알코올, 1,2-헥산다이올, 에틸헥실글리세린, 세틸에틸헥사노에이트, 아데노신, 폴리글리세릴-4올리에이트, 소듐하이알루로네이트, C12-20알킬글루코사이드, 카프릴릴/카프릴글루코사이드, 폴리쿼터늄-51, 병풀추출물, 우엉뿌리추출물, 진흙버섯추출물, 아이소펜틸다이올, 쇠비름추출물, 프로판다이올, 체이스트트리추출물, 마트리카리아꽃추출물, 세라마이드엔피, 수크로오스팔미테이트, 카프릴릭/카프릭트라이글리세라이드, 하이드로제네이티드포스파티딜콜린, 하이드롤라이즈드콜라겐, 판테놀, 수크로오스스테아레이트, 세테아릴알코올, 아시아티코사이드, 마데카식애씨드, 마데카소사이드, 피토스테릴/옥틸도데실라우로일글루타메이트, 아시아틱애씨드, 크레아틴, 하이드롤라이즈드쌀단백질",토니모리,리젠시아 옴므 올인원 플루이드,68664,,
200ml,,제품 별도 표기 / (주)토니모리,"정제수, 다이프로필렌글라이콜, 글리세레스-26, 1,2-헥산다이올, 부틸렌글라이콜다이카프릴레이트/다이카프레이트, 하이드로제네이티드폴리(C6-14올레핀), 나이아신아마이드, 글리세린, 사이클로펜타실록세인, 사이클로헥사실록세인, 세테아릴올리베이트, 솔비탄올리베이트, 아라키딜알코올, 프로판다이올, C12-16알코올, 베헤닐알코올, 하이드록시에틸아크릴레이트/소듐아크릴로일다이메틸타우레이트코폴리머, 해바라기씨오일, 암모늄아크릴로일다이메틸타우레이트/브이피코폴리머, 아크릴레이트/C10-30알킬아크릴레이트크로스폴리머, 팔미틱애씨드, 베르가모트오일, 아라키딜글루코사이드, 하이드로제네이티드레시틴, 에틸헥실글리세린, 아데노신, 트로메타민, 리모넨, 다이소듐이디티에이, 녹차추출물(100 ppm), 부틸렌글라이콜, 리날룰, 폴리솔베이트60, 솔비탄아이소스테아레이트, 티트리잎오일, 바이오사카라이드검-1, 덱스트린, 카카오추출물, 카프릴하이드록사믹애씨드, 글리세릴카프릴레이트, 다마스크장미꽃추출물, 소듐디엔에이",토니모리,블랙티 인텐스 리페어 로션,73812,,
200ml,,제품 별도 표기 / (주)토니모리,"정제수, 글리세레스-26, 다이프로필렌글라이콜, 1,2-헥산다이올, 나이아신아마이드, 프로판다이올, C12-14알케스-12, 하이드롤라이즈드호호바에스터, 아크릴레이트/C10-30알킬아크릴레이트크로스폴리머, 하이드록시에틸아크릴레이트/소듐아크릴로일다이메틸타우레이트코폴리머, 에틸헥실글리세린, 트로메타민, 사이클로펜타실록세인, 녹차추출물(500 ppm), 해바라기씨오일, 아데노신, 베르가모트오일, 사이클로헥사실록세인, 글리세린, 페닐트라이메티콘, 카프릴하이드록사믹애씨드, 바이오사카라이드검-1, 리모넨, 다이소듐이디티에이, 부틸렌글라이콜, 솔비탄아이소스테아레이트, 글리세릴카프릴레이트, 덱스트린, 카카오추출물, 리날룰, 티트리잎오일, 다마스크장미꽃추출물, 소듐디엔에이",토니모리,블랙티 인텐스 리페어 토너,73811,,
4.8 g,,(주)코코/(주)토니모리,"09모브문 [촉촉] 올레익/리놀레익/리놀레닉폴리글리세라이즈, 폴리글리세릴-2트라이아이소스테아레이트, 다이머다이리놀레일다이머다이리놀리에이트, 피토스테릴/이소스테아릴/세틸/스테아릴/베헤닐다이머디리놀리에이트, 카프릴릭/카프릭트라이글리세라이드, 세레신, 합성왁스, 티타늄디옥사이드, 폴리하이드록시스테아릭애씨드, 에틸렌/프로필렌코폴리머, 황색산화철, 글리세릴카프릴레이트, 적색202호, 적색산화철, 에틸헥실글리세린, 레시틴, 청색1호, 아이소프로필미리스테이트, 에틸헥실팔미테이트, 아이소스테아릭애씨드, 향료, 폴리글리세릴-3폴리리시놀리에이트, 알루미늄하이드록사이드, 토코페릴아세테이트, 아스코빅애씨드, 글리세린, 정제수, 부틸렌글라이콜, 실크아미노산, 1,2-헥산다이올, 팔미토일헥사펩타이드-12 [벨벳] 다이메티콘, 아이소트라이데실아이소노나노에이트, 메틸메타크릴레이트크로스폴리머, 실리카, 다이메티콘/비닐다이메티콘크로스폴리머, 폴리글리세릴-2트라이아이소스테아레이트, 티타늄디옥사이드, 세레신, 합성왁스, 마이카, 폴리하이드록시스테아릭애씨드, 황색산화철, 에틸렌/프로필렌코폴리머, 적색202호, 적색산화철, 글리세릴카프릴레이트, 청색1호, 레시틴, 에틸헥실글리세린, 알루미늄하이드록사이드, 메티콘, 에틸헥실팔미테이트, 아이소스테아릭애씨드, 아이소프로필미리스테이트, 향료, 폴리글리세릴-3폴리리시놀리에이트, 아스코빅애씨드, 토코페릴아세테이트, 글리세린, 정제수, 부틸렌글라이콜, 실크아미노산, 1,2-헥산다이올, 팔미토일헥사펩타이드-12",토니모리,치크톤 립앤치크 듀오밤 [09 모브문],69092,,
3.2 g,,(주)한국콜마/ (주)토니모리,"[10 샌드 쿠키] 마이카, 티타늄디옥사이드, 헥실라우레이트, 폴리메틸실세스퀴옥세인, 실리카, 다이메티콘, 다이메티콘/비닐다이메티콘크로스폴리머, 다이아이소스테아릴말레이트, 페닐트라이메티콘, 황색산화철, 탤크, 카프릴릭/카프릭트라이글리세라이드, 울트라마린, 다이메티콘크로스폴리머, 1,2-헥산다이올, 적색산화철, 흑색산화철, 메티콘, 카프릴릴글라이콜, 트라이에톡시카프릴릴실레인, 알루미늄하이드록사이드, 벤질벤조에이트, 세테아릴알코올, 향료, 카카오씨버터, 코코넛야자오일, 토코페롤",토니모리,치크톤 젤리 블러셔 [10 샌드쿠키],69141,,
150ml,,(주)메가코스/(주)토니모리,"정제수, 에탄올, 글리세린, 1,2-헥산다이올, 나이아신아마이드, 부틸렌글라이콜, 다이메티콘/비닐다이메티콘크로스폴리머, 소듐카보머, 향료, 판테놀, 알란토인, 미네랄워터, 하이드록시에틸아크릴레이트/소듐아크릴로일다이메틸타우레이트코폴리머, 프로판다이올, 에틸헥실글리세린, 폴리글리세릴-10라우레이트, 에틸헥실팔미테이트, 소듐글루코네이트, 아데노신, 폴리글리세릴-10미리스테이트, 세틸에틸헥사노에이트, 폴리글리세릴-10올리에이트, 병풀추출물, 솔비탄아이소스테아레이트, 우엉뿌리추출물, 진흙버섯추출물, 하이드로제네이티드레시틴, 아이소펜틸다이올, 쇠비름추출물, 체이스트트리추출물, 마트리카리아꽃추출물, 하이드롤라이즈드콜라겐, 소듐하이알루로네이트, 폴리글리세릴-4올리에이트, 세라마이드엔피, 수크로오스팔미테이트, 카프릴릭/카프릭트라이글리세라이드, 하이드로제네이티드포스파티딜콜린, 카보머, 알지닌, 수크로오스스테아레이트, 세테아릴알코올, 크레아틴, 아시아티코사이드, 마데카식애씨드, 마데카소사이드, 하이드롤라이즈드쌀단백질, 아시아틱애씨드",토니모리,리젠시아 옴므 토너,68662,,
4.8 g,,(주)코코/(주)토니모리,"03선데이코랄 [촉촉] 올레익/리놀레익/리놀레닉폴리글리세라이즈, 폴리글리세릴-2트라이아이소스테아레이트, 다이머다이리놀레일다이머다이리놀리에이트, 피토스테릴/이소스테아릴/세틸/스테아릴/베헤닐다이머디리놀리에이트, 카프릴릭/카프릭트라이글리세라이드, 세레신, 티타늄디옥사이드, 합성왁스, 폴리하이드록시스테아릭애씨드, 황색5호, 에틸렌/프로필렌코폴리머, 글리세릴카프릴레이트, 적색202호, 에틸헥실글리세린, 레시틴, 적색산화철, 에틸헥실팔미테이트, 아이소스테아릭애씨드, 아이소프로필미리스테이트, 향료, 알루미늄하이드록사이드, 폴리글리세릴-3폴리리시놀리에이트, 흑색산화철, 다이아이소스테아릴말레이트, 토코페릴아세테이트, 아스코빅애씨드, 글리세린, 정제수, 부틸렌글라이콜, 실크아미노산, 1,2-헥산다이올, 팔미토일헥사펩타이드-12 [벨벳] 다이메티콘, 아이소트라이데실아이소노나노에이트, 메틸메타크릴레이트크로스폴리머, 실리카, 다이메티콘/비닐다이메티콘크로스폴리머, 티타늄디옥사이드, 폴리글리세릴-2트라이아이소스테아레이트, 세레신, 합성왁스, 황색5호, 마이카, 폴리하이드록시스테아릭애씨드, 에틸렌/프로필렌코폴리머, 적색202호, 글리세릴카프릴레이트, 레시틴, 에틸헥실글리세린, 알루미늄하이드록사이드, 흑색산화철, 메티콘, 다이아이소스테아릴말레이트, 에틸헥실팔미테이트, 아이소스테아릭애씨드, 아이소프로필미리스테이트, 향료, 폴리글리세릴-3폴리리시놀리에이트, 토코페릴아세테이트, 아스코빅애씨드, 글리세린, 정제수, 부틸렌글라이콜, 실크아미노산, 1,2-헥산다이올, 팔미토일헥사펩타이드-12",토니모리,치크톤 립앤치크 듀오밤 [03 선데이코랄],69086,,
1.8 g,,(주)코코,"[14스노우플라워] 다이아이소스테아릴말레이트, 하이드로제네이티드폴리아이소부텐, 옥틸도데칸올, 하이드로제네이티드폴리사이클로펜타다이엔, 멘틸락테이트, 트라이에틸헥사노인, 다이부틸라우로일글루타마이드, 다이부틸에틸헥사노일글루타마이드, 칼슘티타늄보로실리케이트, 칼슘알루미늄보로실리케이트, 향료, 티타늄디옥사이드, 실리카, 틴옥사이드, 정제수, 리모넨, 서양자두씨오일, 살구씨오일, 포도씨오일, 부틸렌글라이콜, 1,2-헥산다이올, 라즈베리추출물, 사과추출물, 자두추출물, 수박추출물, 딸기즙",토니모리,윈터 다이닝 홀리데이 컬렉션 겟잇 틴트 글레이즈밤 [14 스노우플라워],69137,,
5.3 g,,(주)씨앤씨인터내셔널/ (주)토니모리,"[14 달콤 허니 시럽] 정제수, 다이아이소스테아릴말레이트, 다이페닐다이메티콘, 비스-다이글리세릴폴리아실아디페이트-2, 비스-베헤닐/아이소스테아릴/피토스테릴다이머다이리놀레일다이머다이리놀리에이트, 하이드로제네이티드폴리아이소부텐, 다이글리세린, 옥틸도데칸올, 다이프로필렌글라이콜, 세틸피이지/피피지-10/1다이메티콘, 솔비탄아이소스테아레이트, 폴리솔베이트60, 1,2-헥산다이올, 하이드록시에틸아크릴레이트/소듐아크릴로일다이메틸타우레이트코폴리머, 페녹시에탄올, 세테아레스-20, 스쿠알란, 칼슘알루미늄보로실리케이트, 티타늄디옥사이드, 향료, 에틸헥실글리세린, 황색5호, 적색227호, 황색4호, 적색104호의(1), 알루미늄하이드록사이드, 암모늄폴리아크릴레이트, 청색1호, 틴옥사이드, 부틸렌글라이콜, 아르간커넬오일, 코코넛야자오일, 아보카도오일, 해바라기씨오일, 올리브오일, 판테놀, 호호바씨오일, 펜타에리스리틸테트라-다이-t-부틸하이드록시하이드로신나메이트, 소듐하이알루로네이트, 하이드록시프로필트라이모늄하이알루로네이트, 소듐아세틸레이티드하이알루로네이트, 하이드롤라이즈드하이알루로닉애씨드, 하이알루로닉애씨드, 소듐하이알루로네이트크로스폴리머, 하이드롤라이즈드소듐하이알루로네이트, 포타슘하이알루로네이트, 세라마이드엔피",토니모리,겟잇 틴트 워터풀 시럽 [14 달콤허니 시럽],76698,,
10g,,(주)메가코스,"해바라기씨오일;폴리글리세릴-2트라이아이소스테아레이트;합성왁스;검양옻나무열매왁스;비스-다이글리세릴폴리아실아디페이트-2;마이카;쌀겨왁스;시어버터;실리카;실리카다이메틸실릴레이트;에틸렌/프로필렌코폴리머;다이프로필렌글라이콜;글리세린;알파-비사보롤;정제수;폴리글리세릴-10올리에이트;하이드로제네이티드레시틴;트라이에톡시카프릴릴실레인;데하이드로아세틱애씨드;아데노신;달팽이점액여과물;아이소펜틸다이올;프로판다이올;부틸렌글라이콜;폴리글리세릴-4올리에이트;세라마이드엔피;1,2-헥산다이올;수크로오스팔미테이트;하이드롤라이즈드콘키올린단백질;하이드롤라이즈드옥수수단백질;하이드롤라이즈드귀리단백질;하이드롤라이즈드콩단백질;하이드롤라이즈드밀단백질;보검선인장씨오일;시트로넬올;헥실신남알;알파-아이소메틸아이오논;향료",토니모리,마스터랩 솔루션 멀티밤 [스네일],32939,,
0.25 g / 0.008 oz.,,㈜씨앤씨인터네셔널,"[01 로지샌드] 다이메티콘, 합성왁스, 트라이데실트라이멜리테이트, 폴리글리세릴-2트라이아이소스테아레이트, 페닐트라이메티콘, 티타늄디옥사이드, 비닐다이메티콘/메티콘실세스퀴옥세인크로스폴리머, 비스-다이글리세릴폴리아실아디페이트-2, 다이메티콘/비닐다이메티콘크로스폴리머, 세틸피이지/피피지-10/1다이메티콘, 메틸메타크릴레이트크로스폴리머 , 실리카실릴레이트, 흑색산화철, 황색산화철, 적색산화철, 향료, 리날룰, 정제수, 적색104호의(1), 황색4호, 황색5호, 적색202호, 펜타에리스리틸테트라-다이-t-부틸하이드록시하이드로신나메이트, 1,2-헥산다이올, 연꽃꽃추출물, 알바수련꽃추출물, 마트리카리아꽃추출물, 카렌둘라추출물, 동백나무꽃추출물, 세룰라타벚나무꽃추출물, 장미꽃추출물, 스노우로투스추출물",토니모리,겟잇 틴트 립 라이너 [01 로지샌드],65002,,
35ml,,(주)메가코스,"정제수, 글리세레스-26, 다이프로필렌글라이콜, 글리세린, 나이아신아마이드, 피이지/피피지-17/6코폴리머, 트레할로오스, 비스-피이지-18메틸에터다이메틸실레인, 페녹시에탄올, 암모늄아크릴로일다이메틸타우레이트/브이피코폴리머, 피피지-26-부테스-26, 다이메티콘, 글리세릴아크릴레이트/아크릴릭애씨드코폴리머, 카보머, 피이지-40하이드로제네이티드캐스터오일, 에틸헥실글리세린, 피브이엠/엠에이코폴리머, 트로메타민, 하이드로제네이티드레시틴, 효모/달팽이점액여과물발효여과물(640ppm), 1,2-헥산다이올, 아데노신, 레몬껍질오일, 잔탄검, 바이오사카라이드검-1, 다이소듐이디티에이, 오렌지껍질오일, 수크로오스팔미테이트, 라임전초오일, 베르가모트오일, 유칼립투스잎오일, 구주소나무잎오일, 글리세릴카프릴레이트, 마이카, 금(40ppm), 티타늄디옥사이드, 적색산화철, 금콜로이드(20ppb), 귤추출물, 제주조릿대추출물, 솔레이롤리아 솔레이롤리이추출물, 연꽃잎추출물, 할미꽃추출물, 코치닐선인장열매추출물, 초피나무열매추출물, 겨우살이추출물, 효모발효물, 병풀추출물, 녹차추출물, 불가리스쑥추출물, 콥티스뿌리추출물, 산뽕나무잎추출물, 프로폴리스추출물, 폴리글루타믹애씨드, 인삼캘러스배양추출물, 우스니아추출물, 알에이치-올리고펩타이드-1, 아세틸헵타펩타이드-9, 시트랄, 리날룰, 리모넨",토니모리,인텐스 케어 골드24K 스네일 세럼,67136,,
4.8 g,,(주)코코/(주)토니모리,"07하트블러쉬 [촉촉] 올레익/리놀레익/리놀레닉폴리글리세라이즈, 폴리글리세릴-2트라이아이소스테아레이트, 다이머다이리놀레일다이머다이리놀리에이트, 피토스테릴/이소스테아릴/세틸/스테아릴/베헤닐다이머디리놀리에이트, 카프릴릭/카프릭트라이글리세라이드, 세레신, 합성왁스, 폴리하이드록시스테아릭애씨드, 황색산화철, 티타늄디옥사이드, 에틸렌/프로필렌코폴리머, 적색202호, 글리세릴카프릴레이트, 황색5호, 에틸헥실글리세린, 레시틴, 다이아이소스테아릴말레이트, 흑색산화철, 아이소프로필미리스테이트, 에틸헥실팔미테이트, 아이소스테아릭애씨드, 향료, 폴리글리세릴-3폴리리시놀리에이트, 알루미늄하이드록사이드, 아스코빅애씨드, 토코페릴아세테이트, 글리세린, 정제수, 부틸렌글라이콜, 실크아미노산, 1,2-헥산다이올, 팔미토일헥사펩타이드-12 [벨벳] 다이메티콘, 아이소트라이데실아이소노나노에이트, 메틸메타크릴레이트크로스폴리머, 실리카, 폴리글리세릴-2트라이아이소스테아레이트, 다이메티콘/비닐다이메티콘크로스폴리머, 세레신, 티타늄디옥사이드, 합성왁스, 마이카, 황색산화철, 폴리하이드록시스테아릭애씨드, 적색202호, 황색5호, 에틸렌/프로필렌코폴리머, 글리세릴카프릴레이트, 다이아이소스테아릴말레이트, 흑색산화철, 에틸헥실글리세린, 레시틴, 메티콘, 아이소프로필미리스테이트, 에틸헥실팔미테이트, 아이소스테아릭애씨드, 향료, 알루미늄하이드록사이드, 폴리글리세릴-3폴리리시놀리에이트, 아스코빅애씨드, 토코페릴아세테이트, 글리세린, 정제수, 부틸렌글라이콜, 실크아미노산, 1,2-헥산다이올, 팔미토일헥사펩타이드-12",토니모리,치크톤 립앤치크 듀오밤 [07 하트블러쉬],69090,,
4.8 g,,(주)코코/(주)토니모리,"02핑크코어 [촉촉] 올레익/리놀레익/리놀레닉폴리글리세라이즈, 폴리글리세릴-2트라이아이소스테아레이트, 다이머다이리놀레일다이머다이리놀리에이트, 피토스테릴/이소스테아릴/세틸/스테아릴/베헤닐다이머디리놀리에이트, 카프릴릭/카프릭트라이글리세라이드, 세레신, 합성왁스, 티타늄디옥사이드, 폴리하이드록시스테아릭애씨드, 에틸렌/프로필렌코폴리머, 황색4호, 적색202호, 글리세릴카프릴레이트, 에틸헥실글리세린, 레시틴, 아이소프로필미리스테이트, 에틸헥실팔미테이트, 아이소스테아릭애씨드, 향료, 폴리글리세릴-3폴리리시놀리에이트, 알루미늄하이드록사이드, 토코페릴아세테이트, 아스코빅애씨드, 글리세린, 정제수, 부틸렌글라이콜, 실크아미노산, 1,2-헥산다이올, 팔미토일헥사펩타이드-12 [벨벳] 다이메티콘, 아이소트라이데실아이소노나노에이트, 메틸메타크릴레이트크로스폴리머, 실리카, 폴리글리세릴-2트라이아이소스테아레이트, 다이메티콘/비닐다이메티콘크로스폴리머, 티타늄디옥사이드, 세레신, 합성왁스, 마이카, 황색4호, 폴리하이드록시스테아릭애씨드, 적색202호, 에틸렌/프로필렌코폴리머, 글리세릴카프릴레이트, 레시틴, 에틸헥실글리세린, 알루미늄하이드록사이드, 메티콘, 에틸헥실팔미테이트, 아이소스테아릭애씨드, 아이소프로필미리스테이트, 향료, 폴리글리세릴-3폴리리시놀리에이트, 아스코빅애씨드, 토코페릴아세테이트, 글리세린, 정제수, 부틸렌글라이콜, 실크아미노산, 1,2-헥산다이올, 팔미토일헥사펩타이드-12",토니모리,치크톤 립앤치크 듀오밤 [02 핑크코어],69085,,
13g,,(주)코스맥스/(주)토니모리,"[00 포슬린] 정제수, 다이메티콘, 티타늄디옥사이드 (CI 77891), 글리세린, 아이소도데케인, 코코-카프릴레이트/카프레이트, 트라이메틸실록시실리케이트, 메틸트라이메티콘, 피이지-10다이메티콘, 나이아신아마이드, 1,2-헥산다이올, 실리카, 피이지/피피지-18/18다이메티콘, 다이메티콘크로스폴리머, 사과추출물, 동백나무꽃추출물, 소듐하이알루로네이트, 히비스커스꽃추출물, 다마스크장미꽃수, 다마스크장미꽃오일, 작약꽃추출물, 아크릴레이트/폴리트라이메틸실록시메타크릴레이트코폴리머, 카프릴릴메티콘, 다이스테아다이모늄헥토라이트, 마그네슘설페이트, 폴리글리세릴-3폴리다이메틸실록시에틸다이메티콘, 합성플루오르플로고파이트, 옥틸도데칸올, 알루미늄하이드록사이드, 스테아릭애씨드, 알루미나, 트라이에톡시카프릴릴실레인, 헥토라이트, 폴리글리세릴-4아이소스테아레이트, 라우로일라이신, 아데노신, 트라이소듐에틸렌다이아민다이석시네이트, 아이소프로필티타늄트라이아이소스테아레이트, 글리세릴베헤네이트/에이코사디오에이트, 부틸렌글라이콜, 판테놀, 펜틸렌글라이콜, 토코페롤, 프로판다이올, 소듐클로라이드, 에틸헥실글리세린, 소듐바이카보네이트, 칼슘클로라이드, 포타슘클로라이드, 향료, 황색산화철 (CI 77492), 적색산화철 (CI 77491), 흑색산화철 (CI 77499)",토니모리,주토피아 에디션 스킨톤 픽싱 커버 쿠션 [SPF40/PA++] [00 포슬린],74909,,
4.8g,,(주)코코/(주)토니모리,"18 스윗 파파야 [촉촉] 피토스테릴/이소스테아릴/세틸/스테아릴/베헤닐다이머디리놀리에이트, 폴리글리세릴-2트라이아이소스테아레이트, 하이드로제네이티드폴리아이소부텐, 다이아이소스테아릴말레이트, 카프릴릭/카프릭트라이글리세라이드, 세레신, 합성왁스, 폴리하이드록시스테아릭애씨드, 에틸렌/프로필렌코폴리머, 마이크로크리스탈린왁스, 글리세릴카프릴레이트, 티타늄디옥사이드, 황색4호, 에틸헥실글리세린, 적색201호, 적색104호의(1), 향료, 알루미늄하이드록사이드, 터피네올, 제라닐아세테이트, 리날릴아세테이트, 다이메틸페네틸아세테이트, 토코페릴아세테이트, 아스코빅애씨드, 글리세린, 정제수, 부틸렌글라이콜, 실크아미노산, 1,2-헥산다이올, 팔미토일헥사펩타이드-12 [벨벳] 다이메티콘, 아이소트라이데실아이소노나노에이트, 메틸메타크릴레이트크로스폴리머, 실리카, 다이메티콘/비닐다이메티콘크로스폴리머, 세레신, 폴리글리세릴-2트라이아이소스테아레이트, 티타늄디옥사이드, 합성왁스, 폴리하이드록시스테아릭애씨드, 다이메티콘크로스폴리머, 에틸렌/프로필렌코폴리머, 황색5호, 글리세릴카프릴레이트, 메티콘, 적색104호의(1), 레시틴, 에틸헥실글리세린, 적색201호, 황색4호, 에틸헥실팔미테이트, 아이소스테아릭애씨드, 아이소프로필미리스테이트, 향료, 알루미늄하이드록사이드, 폴리글리세릴-3폴리리시놀리에이트, 다이아이소스테아릴말레이트, 흑색산화철, 터피네올, 제라닐아세테이트, 리날릴아세테이트, 다이메틸페네틸아세테이트, 아스코빅애씨드, 토코페릴아세테이트, 글리세린, 정제수, 부틸렌글라이콜, 실크아미노산, 1,2-헥산다이올, 팔미토일헥사펩타이드-12",토니모리,주토피아 에디션 치크톤 립 앤 치크 듀오밤 [18 스윗파파야],74961,,
100매,,(주)메가코스/(주)토니모리,"정제수, 프로필렌글라이콜, 글리세린, 변성알코올, 폴리솔베이트20, 페녹시에탄올, 피이지-40하이드로제네이티드캐스터오일, 세틸피리디늄클로라이드, 카프릴릴글라이콜, 코카미도프로필피지-다이모늄클로라이드포스페이트, 시트릭애씨드, 리날룰, 리모넨, 판테놀, 레몬껍질오일, 소듐시트레이트, 향료, 토코페릴아세테이트, 소듐바이카보네이트, 알로에베라잎즙, 프로방스장미꽃수, 부틸렌글라이콜, 1,2-헥산다이올, 녹차추출물(1,000ppb), 아르간커넬오일, 라벤더오일, 올리브오일, 호호바씨오일, 아보카도오일, 세룰라타벚나무꽃추출물, 히비스커스꽃추출물, 포트마리골드추출물, 에틸헥실글리세린, 포타슘솔베이트, 소듐벤조에이트",토니모리,그린티 수분 클렌징 티슈,77846,,
6 g,,코스맥스,"[클리어] 하이드로제네이티드폴리아이소부텐, 다이아이소스테아릴말레이트, 옥틸도데칸올, 폴리글리세릴-2트라이아이소스테아레이트, 실리카다이메틸실릴레이트, 덱스트린팔미테이트, 바닐릴부틸에터, 케이엔열매추출물, 돌콩오일, 생강오일, 호호바씨오일, 석류나무꽃추출물, 멘톨, 메틸니코티네이트, 에틸헥실팔미테이트, 트라이베헤닌, 폴리글리세릴-3다이아이소스테아레이트, 솔비탄아이소스테아레이트, 락틱애씨드, 팔미토일트라이펩타이드-1, 데하이드로아세틱애씨드, 향료, 벤질알코올, 하이드록시시트로넬알, 리날룰, 시트로넬올, 제라니올",토니모리,겟잇 틴트 플럼퍼 [클리어],64428,,
0.25g / 0.008 oz.,,㈜씨앤씨인터네셔널,"[02 펄시몬] 다이메티콘, 합성왁스, 폴리글리세릴-2트라이아이소스테아레이트, 트라이데실트라이멜리테이트, 페닐트라이메티콘, 티타늄디옥사이드, 비닐다이메티콘/메티콘실세스퀴옥세인크로스폴리머, 비스-다이글리세릴폴리아실아디페이트-2, 다이메티콘/비닐다이메티콘크로스폴리머, 세틸피이지/피피지-10/1다이메티콘, 황색5호, 실리카실릴레이트, 메틸메타크릴레이트크로스폴리머 , 적색산화철, 흑색산화철, 적색202호, 황색4호, 향료, 리날룰, 정제수, 적색104호의(1), 펜타에리스리틸테트라-다이-t-부틸하이드록시하이드로신나메이트, 1,2-헥산다이올, 연꽃꽃추출물, 알바수련꽃추출물, 마트리카리아꽃추출물, 카렌둘라추출물, 동백나무꽃추출물, 세룰라타벚나무꽃추출물, 장미꽃추출물, 스노우로투스추출물",토니모리,겟잇 틴트 립 라이너 [02 펄시몬],65003,,
300ml,,(주)메가코스/(주)토니모리,"정제수, 피이지-6카프릴릭/카프릭글리세라이즈, 다이프로필렌글라이콜, 베타인, 페녹시에탄올, 피이지-40하이드로제네이티드캐스터오일, 알란토인, 에틸헥실글리세린, 다이소듐이디티에이, 리날룰, 리모넨, 소듐시트레이트, 레몬껍질오일, 시트릭애씨드, 향료, 시트랄, 녹차추출물(1,000ppb)",토니모리,그린티 수분 클렌징 워터,77849,,
6 g,,코스맥스,"[퍼플문] 하이드로제네이티드폴리아이소부텐, 다이아이소스테아릴말레이트, 옥틸도데칸올, 폴리글리세릴-2트라이아이소스테아레이트, 실리카다이메틸실릴레이트, 덱스트린팔미테이트, 케이엔열매추출물, 돌콩오일, 생강오일, 호호바씨오일, 석류나무꽃추출물, 멘톨, 바닐릴부틸에터, 칼슘소듐보로실리케이트, 칼슘알루미늄보로실리케이트, 실리카, 메틸니코티네이트, 에틸헥실팔미테이트, 트라이베헤닌, 폴리글리세릴-3다이아이소스테아레이트, 솔비탄아이소스테아레이트, 락틱애씨드, 팔미토일트라이펩타이드-1, 틴옥사이드 (CI 77861), 데하이드로아세틱애씨드, 향료, 벤질알코올, 하이드록시시트로넬알, 리날룰, 시트로넬올, 제라니올, 티타늄디옥사이드 (CI 77891), 적색218호 (CI 45410), 적색227호 (CI 17200), 청색1호 (CI 42090)",토니모리,겟잇 틴트 플럼퍼 [퍼플문],64429,,
6 g,,코스맥스,"[코랄샤워] 하이드로제네이티드폴리아이소부텐, 다이아이소스테아릴말레이트, 옥틸도데칸올, 폴리글리세릴-2트라이아이소스테아레이트, 실리카다이메틸실릴레이트, 덱스트린팔미테이트, 케이엔열매추출물, 돌콩오일, 생강오일, 호호바씨오일, 석류나무꽃추출물, 멘톨, 바닐릴부틸에터, 칼슘소듐보로실리케이트, 칼슘알루미늄보로실리케이트, 실리카, 메틸니코티네이트, 에틸헥실팔미테이트, 트라이베헤닌, 폴리글리세릴-3다이아이소스테아레이트, 솔비탄아이소스테아레이트, 락틱애씨드, 팔미토일트라이펩타이드-1, 틴옥사이드 (CI 77861), 데하이드로아세틱애씨드, 향료, 벤질알코올, 하이드록시시트로넬알, 리날룰, 시트로넬올, 제라니올, 티타늄디옥사이드 (CI 77891), 적색218호 (CI 45410), 적색산화철 (CI 77491)",토니모리,겟잇 틴트 플럼퍼 [코랄샤워],64427,,
0.25g / 0.008 oz.,,㈜씨앤씨인터네셔널,"[04 코튼로즈] 다이메티콘, 합성왁스, 폴리글리세릴-2트라이아이소스테아레이트, 트라이데실트라이멜리테이트, 페닐트라이메티콘, 티타늄디옥사이드, 비닐다이메티콘/메티콘실세스퀴옥세인크로스폴리머, 비스-다이글리세릴폴리아실아디페이트-2, 다이메티콘/비닐다이메티콘크로스폴리머, 세틸피이지/피피지-10/1다이메티콘, 메틸메타크릴레이트크로스폴리머 , 실리카실릴레이트, 황색4호, 황색5호, 흑색산화철, 적색202호, 적색산화철, 향료, 리날룰, 정제수, 펜타에리스리틸테트라-다이-t-부틸하이드록시하이드로신나메이트, 1,2-헥산다이올, 연꽃꽃추출물, 알바수련꽃추출물, 마트리카리아꽃추출물, 카렌둘라추출물, 동백나무꽃추출물, 세룰라타벚나무꽃추출물, 장미꽃추출물, 스노우로투스추출물",토니모리,겟잇 틴트 립 라이너 [04 코튼로즈],65005,,
19g,,(주)씨엔에프 / (주)토니모리,"정제수,글리세린,다이프로필렌글라이콜,프로판다이올,올리브오일글리세레스-8에스터,메틸프로판다이올,1,2-헥산다이올,피이지-60하이드로제네이티드캐스터오일,하이드록시에틸아크릴레이트/소듐아크릴로일다이메틸타우레이트코폴리머,부틸렌글라이콜,클로페네신,잔탄검,하이드록시에틸셀룰로오스,다이소듐이디티에이,왕귤씨추출물,알지닌,카보머,다이포타슘글리시리제이트,토코페릴아세테이트,소듐하이알루로네이트,폴리솔베이트60,솔비탄아이소스테아레이트,스페인감초뿌리추출물,생강추출물,창포뿌리추출물,콥티스뿌리추출물,오미자추출물,녹차추출물,글리세릴아크릴레이트/아크릴릭애씨드코폴리머,프로필렌글라이콜,피브이엠/엠에이코폴리머,카프릴릴글라이콜,들깨잎추출물,아스코빅애씨드(1 ppm),향료",토니모리,마스터 랩 비타민C 마스크시트,76954,,
7g,,코스맥스㈜,정제수;아크릴레이트코폴리머;CI 77499;비즈왁스;스테아릭애씨드;하이드로제네이티드폴리아이소부텐;아라비아고무나무검;카나우바왁스;트라이에탄올아민;세테아릴올리베이트;솔비탄올리베이트;하이드롤라이즈드실크;후박추출물(구명칭);검정콩추출물;아세틸레이티드수크로오스다이스테아레이트;파라핀;폴리솔베이트20;글리세릴스테아레이트;아크릴레이트/옥틸아크릴아마이드코폴리머;솔비탄세스퀴올리에이트;나일론-66;메틸글루카민;다이메티콘;피이지-100스테아레이트;하이드록시에틸셀룰로오스;에틸헥실글리세린;실리카;소듐나이트레이트;다이소듐포스페이트;폴리솔베이트60;부틸렌글라이콜;소듐포스페이트;글라이옥살;변성알코올;다이소듐이디티에이;페녹시에탄올;소듐데하이드로아세테이트;CI 77891,토니모리,퍼펙트아이즈 에어텐션 마스카라 [02 에어컬링&래쉬],27439,,
15 g,,코스맥스㈜,"정제수,티타늄디옥사이드 (CI 77891),사이클로펜타실록산,글리세린,이소노닐이소노나노에이트,C12-15알킬벤조에이트,디페닐실록시페닐트리메치콘,프로판디올,라우릴폴리글리세릴-3폴리디메칠실록시에칠디메치콘,옥틸도데칸올,트리메칠실록시실리케이트,나이아신아마이드,프로필렌글라이콜디벤조에이트,프로필헵틸카프릴레이트,합성플루오르플로고파이트,이소도데칸,1,2-헥산디올,디스테아디모늄헥토라이트,덱스트린팔미테이트,폴리글리세릴-4이소스테아레이트,드럼스틱씨오일,폴리글리세릴-3폴리디메칠실록시에칠디메치콘,브이피/에이코센코폴리머,마그네슘설페이트,스테아릭애씨드,알루미나,트리에톡시카프릴릴실란,알루미늄하이드록사이드,아데노신,트리소듐에칠렌디아민디석시네이트,에칠셀룰로오스,이소프로필티타늄트리이소스테아레이트,토코페롤,카프릴릭/카프릭트리글리세라이드,하이드로제네이티드레시틴,세라마이드엔피,피토스핑고신 프로필갈레이트,소듐스테아로일글루타메이트,향료,황색산화철 (CI 77492),적색산화철 (CI 77491),흑색산화철 (CI 77499)",토니모리,마이 루미너스 젤 글로우 쿠션 [SPF40/PA++] [01 스킨베이지],57013,,
100 ml,,㈜메가코스,"정제수, 티타늄디옥사이드, 글리세린, 사이클로펜타실록세인, 나이아신아마이드, 사이클로헥사실록세인, 카프릴릭/카프릭트라이글리세라이드, 마카다미아씨오일, 병풀추출물, 솔비탄세스퀴올리에이트, 팔미틱애씨드, 포타슘세틸포스페이트, 스테아릭애씨드, 폴리솔베이트20, 프로판다이올, 소듐하이알루로네이트, C13-16아이소파라핀, 다이메티콘올, 아크릴레이트/베헤네스-25메타크릴레이트코폴리머, 잔탄검, 알란토인, 아데노신, 징크리시놀리에이트, 트로메타민, 테트라소듐글루타메이트다이아세테이트, 피이지-10다이메티콘, 다이소듐이디티에이, 1,2-헥산다이올, 카프릴릴글라이콜, 에틸헥실글리세린, 알루미늄하이드록사이드, 트라이에톡시카프릴릴실레인, 실리카, 향료",토니모리,뽀송 바디 톤업 크림,43781,,
80ml,,㈜메가코스,"정제수;글리세린;아이소노닐아이소노나노에이트;1,2-헥산다이올;글리세레스-26;아이소도데케인;하이드로제네이티드폴리데센;자작나무수액;폴리글리세릴-3메틸글루코오스다이스테아레이트;암모늄아크릴로일다이메틸타우레이트/브이피코폴리머;카보머;트로메타민;베헤닐알코올;비닐다이메티콘;하이드롤라이즈드호호바에스터;에틸헥실글리세린;세틸에틸헥사노에이트;폴리글리세릴-4올리에이트;부테스-3;캐모마일꽃오일;서양측백나무잎오일;다이소듐이디티에이;하이드로제네이티드레시틴;소듐벤조트라이아졸릴부틸페놀설포네이트;서양배추출물;판테놀;인도멀구슬나무잎추출물;비터오렌지꽃추출물;다마스크장미꽃수;소듐하이알루로네이트;인도멀구슬나무꽃추출물;자일리틸글루코사이드;오리스뿌리추출물;부틸렌글라이콜;멜론추출물;안하이드로자일리톨;아이비고드열매추출물;서양송악잎/줄기추출물;트라이부틸시트레이트;자일리톨;로즈힙열매오일;병풀추출물;알로에베라꽃추출물;가지열매추출물;하이드록시프로필트라이모늄하이알루로네이트;글루코오스;홀리바질잎추출물;울금뿌리추출물;참산호말추출물;마트리카리아추출물;하이드롤라이즈드하이알루로닉애씨드;레몬밤추출물;로즈마리추출물;소듐아세틸레이티드하이알루로네이트;하이알루로닉애씨드;소듐하이알루로네이트크로스폴리머;포타슘하이알루로네이트",토니모리,더촉촉 자작나무 크림,32089,,
200ml(70매),,㈜제이앤제이코스텍,"약모밀추출물;프로판다이올;글리세린;병풀추출물;하이드록시아세토페논;쇠비름추출물;마트리카리아꽃추출물;체이스트트리추출물;정제수;폴리글리세릴-10라우레이트;에틸헥실글리세린;알란토인;암모늄아크릴로일다이메틸타우레이트/브이피코폴리머;버지니아풍년화수;다이포타슘글리시리제이트;다이소듐이디티에이;1,2-헥산다이올;서양배추출물;다마스크장미꽃수;캐모마일꽃오일;서양측백나무잎오일;복숭아추출물;커먼자스민꽃수;로즈마리잎오일;흰버드나무껍질추출물;바실러스발효물;서양송악잎/줄기추출물;비터오렌지꽃추출물;멜론추출물;광곽향오일;병풀뿌리추출물;병풀잎추출물;아시아틱애씨드;아시아티코사이드;마데카식애씨드;마데카소사이드",토니모리,어성초시카 퀵 카밍 93 패드,31573,,
200ml,,㈜메가코스,"정제수;글리세린;페닐트라이메티콘;카프릴릭/카프릭트라이글리세라이드;부틸렌글라이콜;펜타에리스리틸테트라아이소스테아레이트;아이소펜틸다이올;세틸에틸헥사노에이트;C14-22알코올;세테아릴알코올;세테아릴올리베이트;아라키딜알코올;하이드록시아세토페논;C12-20알킬글루코사이드;솔비탄올리베이트;소듐폴리아크릴레이트;에틸헥실스테아레이트;베헤닐알코올;카보머;트로메타민;아라키딜글루코사이드;병풀추출물;잔탄검;에틸헥실글리세린;캐모마일꽃오일;서양측백나무잎오일;쇠비름추출물;1,2-헥산다이올;트라이데세스-6;체이스트트리추출물;마트리카리아꽃추출물;비터오렌지꽃추출물;하이드로제네이티드레시틴;피토스테롤;폴리글리세릴-10라우레이트;진흙버섯추출물;우엉뿌리추출물;로즈마리잎오일;해바라기씨오일;세라마이드엔피;피토스핑고신;세린;소듐글루타메이트;포타슘아스파테이트;프롤린;페닐알라닌;류신;라이신;메티오닌;트레오닌;트립토판;타이로신;발린;알지닌;아스파라진;아스파틱애씨드;알라닌;히스티딘;아이소류신;시스테인;글루타믹애씨드;글라이신;하이드롤라이즈드콘키올린단백질;하이드롤라이즈드옥수수단백질;하이드롤라이즈드귀리단백질;하이드롤라이즈드콩단백질;하이드롤라이즈드밀단백질",토니모리,아토 아미노 단백질 민감 크림,27540,,
[1호~6호] 8.5g [7호] 9.5g,,1~6호 (주) 한국콜마 / 7호 (주)메가코스,아이소도데케인;트라이메틸실록시실리케이트;사이클로펜타실록세인;브이피/에이코신코폴리머;마이크로크리스탈린왁스;실리카다이메틸실릴레이트;하이드로제네이티드폴리아이소부텐;다이스테아다이모늄헥토라이트;세레신;트라이하이드록시스테아린;피이지-20솔비탄아이소스테아레이트;요엽후박나무껍질추출물;검정콩추출물;프로필렌카보네이트;스테아로일이눌린;티타늄다이옥사이드;트라이에톡시카프릴릴실레인;에틸헥실글리세린;말토덱스트린;정제수;비에이치티;에탄올;부틸렌글라이콜;토코페롤;하이드롤라이즈드밀단백질;하이드롤라이즈드옥수수단백질;하이드롤라이즈드콩단백질;실크아미노산;데하이드로아세틱애씨드;페녹시에탄올;적색산화철;흑색산화철;울트라마린;카민,토니모리,더 쇼킹 카라 [06 브라운볼륨],27217,,
[1호~6호] 8.5g [7호] 9.5g,,1~6호 (주) 한국콜마 / 7호 (주)메가코스,아이소도데케인;트라이메틸실록시실리케이트;세레신;마이크로크리스탈린왁스;탤크;폴리메틸실세스퀴옥세인;다이스테아다이모늄헥토라이트;하이드로제네이티드폴리아이소부텐;덱스트린팔미테이트/에틸헥사노에이트;덱스트린팔미테이트;실리카;요엽후박나무껍질추출물;검정콩추출물;프로필렌카보네이트;가시대나무줄기가루;실리카다이메틸실릴레이트;트라이에톡시카프릴릴실레인;정제수;에탄올;부틸렌글라이콜;하이드롤라이즈드밀단백질;하이드롤라이즈드옥수수단백질;하이드롤라이즈드콩단백질;실크아미노산;데하이드로아세틱애씨드;페녹시에탄올;흑색산화철,토니모리,더 쇼킹 카라 [01 익스트림볼륨],27227,,
4g,,코스맥스(주),"정제수;다이메티콘;다이메티콘/비닐다이메티콘크로스폴리머;펜틸렌글라이콜;폴리글리세릴-10미리스테이트;다마스크장미꽃오일;하이드롤라이즈드콜라겐;지모추출물(구명칭);부틸렌글라이콜;암모늄아크릴로일다이메틸타우레이트/브이피코폴리머;폴리아크릴레이트크로스폴리머-6;폴리솔베이트20;에틸헥실글리세린;글리세린;다이페닐다이메티콘;트라이에틸헥사노인;하이드로제네이티드레시틴;알지닌;알란토인;하이드로제네이티드폴리아이소부텐;1,2-헥산다이올;토코페롤;카보머;페녹시에탄올;향료;등색205호;적색104호의(1);적색102호",토니모리,더 쇼킹 립블러 틴트 [03 썬더볼트],27205,,
3.5g,,코스맥스(주),"아이소노닐아이소노나노에이트;알루미늄스타치옥테닐석시네이트(구명칭);카프릴릭/카프릭트라이글리세라이드;실리카;폴리글리세릴-2트라이아이소스테아레이트;폴리에틸렌;아이소아밀라우레이트;다이메티콘;적색산화철;폴리부텐;파라핀;다이아이소스테아릴말레이트;다이펜타에리스리틸헥사하이드록시스테아레이트/헥사스테아레이트/헥사로지네이트;솔비탄아이소스테아레이트;티타늄다이옥사이드;황색4호;다마스크장미꽃오일;하이드롤라이즈드콜라겐;지모추출물(구명칭);다이칼슘포스페이트;마이크로크리스탈린왁스;폴리하이드록시스테아릭애씨드;폴리글리세릴-2다이아이소스테아레이트;에틸헥실팔미테이트;아이소프로필미리스테이트;아이소스테아릭애씨드;레시틴;폴리글리세릴-3폴리리시놀리에이트;트라이에톡시카프릴릴실레인;카프릴릴글라이콜;글리세릴카프릴레이트;펜타에리스리틸테트라-다이-t-부틸하이드록시하이드로신나메이트;알란토인;하이드로제네이티드폴리아이소부텐;정제수;1,2-헥산다이올;토코페롤;비에이치티;벤질벤조에이트;향료;적색202호;적색227호;흑색산화철",토니모리,더 쇼킹 립스틱 벨벳 [05 립플렉스],27212,,
3.5g,,코스맥스(주),"아이소노닐아이소노나노에이트;알루미늄스타치옥테닐석시네이트(구명칭);카프릴릭/카프릭트라이글리세라이드;실리카;폴리글리세릴-2트라이아이소스테아레이트;폴리에틸렌;다이메티콘;폴리부텐;아이소아밀라우레이트;파라핀;다이아이소스테아릴말레이트;적색201호;다이펜타에리스리틸헥사하이드록시스테아레이트/헥사스테아레이트/헥사로지네이트;솔비탄아이소스테아레이트;적색202호;황색4호;폴리글리세릴-2다이아이소스테아레이트;황색5호;다마스크장미꽃오일;하이드롤라이즈드콜라겐;지모추출물(구명칭);다이칼슘포스페이트;마이크로크리스탈린왁스;폴리하이드록시스테아릭애씨드;에틸헥실팔미테이트;아이소프로필미리스테이트;아이소스테아릭애씨드;레시틴;폴리글리세릴-3폴리리시놀리에이트;트라이에톡시카프릴릴실레인;카프릴릴글라이콜;글리세릴카프릴레이트;펜타에리스리틸테트라-다이-t-부틸하이드록시하이드로신나메이트;알란토인;하이드로제네이티드폴리아이소부텐;정제수;1,2-헥산다이올;토코페롤;비에이치티;벤질벤조에이트;향료;황색산화철;적색104호의(1);적색산화철",토니모리,더 쇼킹 립스틱 벨벳 [04 마이스웨거],27211,,
3.5g,,코스맥스(주),"아이소노닐아이소노나노에이트;알루미늄스타치옥테닐석시네이트(구명칭);카프릴릭/카프릭트라이글리세라이드;실리카;폴리에틸렌;다이아이소스테아릴말레이트;아이소아밀라우레이트;다이메티콘;티타늄다이옥사이드;폴리글리세릴-2트라이아이소스테아레이트;폴리부텐;파라핀;다이펜타에리스리틸헥사하이드록시스테아레이트/헥사스테아레이트/헥사로지네이트;황색산화철;솔비탄아이소스테아레이트;적색산화철;다마스크장미꽃오일;하이드롤라이즈드콜라겐;지모추출물(구명칭);다이칼슘포스페이트;마이크로크리스탈린왁스;폴리하이드록시스테아릭애씨드;폴리글리세릴-2다이아이소스테아레이트;에틸헥실팔미테이트;아이소프로필미리스테이트;아이소스테아릭애씨드;레시틴;폴리글리세릴-3폴리리시놀리에이트;트라이에톡시카프릴릴실레인;카프릴릴글라이콜;글리세릴카프릴레이트;펜타에리스리틸테트라-다이-t-부틸하이드록시하이드로신나메이트;알란토인;하이드로제네이티드폴리아이소부텐;정제수;1,2-헥산다이올;토코페롤;비에이치티;벤질벤조에이트;향료;적색104호의(1);적색202호;흑색산화철",토니모리,더 쇼킹 립스틱 벨벳 [02 별스타그래머블],27215,,
320ml,,㈜코스메카코리아,정제수;세틸에틸헥사노에이트;글리세린;세테아릴알코올;사이클로펜타실록세인;세레신;사이클로헥사실록세인;쉐어버터(구명칭);다이메티콘;폴리솔베이트60;오조케라이트;망고씨드버터(구명칭);카카오씨드버터(구명칭);아보카도오일;황련추출물;카카오씨추출물;마이크로크리스탈린왁스;소듐하이알루로네이트;소듐폴리아크릴로일다이메틸타우레이트;솔비탄스테아레이트;글리세릴스테아레이트;하이드로제네이티드폴리데센;피이지-100스테아레이트;트라이데세스-10;벤조페논-5;다이소듐이디티에이;페녹시에탄올;클로페네신;카프릴릴글라이콜;에틸헥실글리세린;향료,토니모리,리얼 버터 영양 크림,27305,,
150ml,,(주)메가코스,"정제수;잇꽃꽃추출물;글리세린;다이메티콘;하이드로제네이티드폴리데센;시어버터;하이드로제네이티드폴리(C6-14올레핀);부틸렌글라이콜;세틸알코올;글리세릴스테아레이트;베타인;올리브오일;보리지씨오일;로즈힙열매오일;드럼스틱씨오일;잇꽃씨오일;달맞이꽃오일;아르간커넬오일;스쿠알란;비타민나무오일;세틸에틸헥사노에이트;인도멀구슬나무잎추출물;우엉뿌리추출물;진흙버섯추출물;병풀추출물;버지니아풍년화추출물;쇠비름추출물;미로탐누스 플라벨리폴리아잎추출물;한련초추출물;체이스트트리추출물;마트리카리아꽃추출물;동백나무꽃추출물;소듐하이알루로네이트;사이클로펜타실록세인;세테스-20;스테아레스-20;프로판다이올;폴리글리세릴-10미리스테이트;폴리글리세릴-2스테아레이트;스테아릭애씨드;세테아릴알코올;폴리쿼터늄-51;피이지-75스테아레이트;소듐폴리아크릴레이트;피이지/피피지-18/18다이메티콘;트라이데세스-6;다이소듐이디티에이;하이드로제네이티드포스파티딜콜린;네오펜틸글라이콜다이헵타노에이트;세라마이드엔피;아데노신;잔탄검;트로메타민;1,2-헥산다이올;에틸헥실글리세린;하이드록시아세토페논;벤질살리실레이트;시트로넬올;부틸페닐메틸프로피오날;리날룰;하이드록시이소헥실3-사이클로헥센카복스알데하이드(구명칭);알파-아이소메틸아이오논;향료",토니모리,플로리아 뉴트라 에너지 에멀전,27469,,
22g,,(주)메가코스/(주)토니모리,"다이메티콘;폴리에틸렌;비닐다이메티콘/메티콘실세스퀴옥세인크로스폴리머;에틸헥실팔미테이트;다이페닐실록시페닐트라이메티콘;옥토크릴렌;호모살레이트;에칠헥실살리실레이트;마이크로크리스탈린왁스;부틸메톡시다이벤조일메탄;에칠헥실메톡시신나메이트;폴리실리콘-15;비스-에칠헥실옥시페놀메톡시페닐트리아진(구명칭);해바라기씨오일;토코페릴아세테이트;폴리글리세릴-10올리에이트;하이드로제네이티드레시틴;유용성감초추출물;돌콩오일;아데노신;옥틸도데칸올;아나토씨오일;부틸렌글라이콜;레시틴;토코페롤;스쿠알란;나이아신아마이드;피이지-35캐스터오일;소듐스타치옥테닐석시네이트;칼슘판토테네이트;가시칠엽수씨추출물;말토덱스트린;소듐아스코빌포스페이트;판테놀;피리독신에이치씨엘;폴리솔베이트20;1,2-헥산다이올;레몬그라스추출물;버지니아풍년화추출물;쇠비름추출물;일랑일랑꽃추출물;글리세릴리놀리네이트;글리세릴아라키도네이트;실리카;레티닐팔미테이트;바이오틴;리놀레익애씨드;이노시톨;티아민에이치씨엘;폴릭애씨드;피리독신;사이아노코발아민;에탄올;다이프로필렌글라이콜;글리세린;정제수;카프릴릴글라이콜;향료",토니모리,바이탈 비타12 보송 선스틱 [SPF50+/PA++++],33237,,
60ml,,(주)메가코스,"정제수, 글리세린, 부틸렌글라이콜, 세테아릴알코올, 프로필렌글라이콜, 세틸에틸헥사노에이트, 1,2-헥산다이올, 하이드로제네이티드폴리(C6-14올레핀), 나이아신아마이드, 사이클로펜타실록세인, 팔미틱애씨드, 스테아릭애씨드, 시어버터, 폴리글리세릴-3메틸글루코오스다이스테아레이트, 폴리솔베이트60, 글리세릴스테아레이트, 폴리아크릴레이트-13, 피이지-100스테아레이트, 폴리아이소부텐, 폴리쿼터늄-51, 달맞이꽃오일, 잇꽃씨오일, 스쿠알란, 화산재추출물, 병풀추출물, 쇠비름추출물, 마트리카리아꽃추출물, 체이스트트리추출물, 우엉뿌리추출물, 진흙버섯추출물, 세라마이드엔피, 효모발효물, 코치닐선인장열매추출물, 연꽃잎추출물, 귤추출물, 제주조릿대추출물, 솔레이롤리아 솔레이롤리이추출물, 할미꽃추출물, 초피나무열매추출물, 겨우살이추출물, 녹차추출물, 불가리스쑥추출물, 콥티스뿌리추출물, 산뽕나무잎추출물, 프로폴리스추출물, 우스니아추출물, 인삼캘러스배양추출물, 아세틸헵타펩타이드-9, 알에이치-올리고펩타이드-1, 폴리글리세릴-10미리스테이트, 폴리글리세릴-2스테아레이트, 폴리솔베이트20, 잔탄검, 소듐폴리아크릴레이트, 아데노신, 다이소듐이디티에이, 솔비탄아이소스테아레이트, 하이드로제네이티드포스파티딜콜린, 폴리글루타믹애씨드, 금(30ppm), 에틸헥실글리세린, 달팽이점액여과물(20ppm), 네오펜틸글라이콜다이헵타노에이트, 미리스틱애씨드, 라임전초오일, 베르가모트오일, 레몬껍질오일, 오렌지껍질오일, 구주소나무잎오일, 유칼립투스잎오일, 금콜로이드(2ppb), 시트랄, 리날룰, 리모넨",토니모리,인텐스케어 골드24K 스네일 핸드크림,27414,,
4g,,코스맥스㈜,사이클로펜타실록세인;사이클로헥사실록세인;트라이메틸실록시실리케이트;흑색산화철;트라이에톡시카프릴릴실레인;아이소도데케인;다이스테아다이모늄헥토라이트;프로필렌카보네이트;세레신;적색산화철;황색산화철;탈크;카프릴릴메티콘;티타늄다이옥사이드;실리카실릴레이트;부틸파라벤;비에이치티;포도씨오일;마카다미아씨오일(구명칭),토니모리,백젤 아이라이너 [02 브라운],27355,,
45ml,,(주)메가코스,"달팽이점액여과물;글리세린;프로판다이올;글리세레스-26;정제수;세틸에틸헥사노에이트;1,2-헥산다이올;나이아신아마이드;메틸글루세스-10;사이클로펜타실록세인;폴리솔베이트60;하이드로제네이티드C6-14올레핀폴리머(구명칭);부틸렌글라이콜;스쿠알란;사이클로헥사실록세인;네오펜틸글라이콜다이헵타노에이트;다이메티콘;폴리글리세릴-10미리스테이트;폴리글리세릴-2스테아레이트;피이지-100스테아레이트;글리세릴스테아레이트;세레신;세테아릴알코올;스테아릭애씨드;아크릴레이트/C10-30알킬아크릴레이트크로스폴리머;카보머;글리세릴폴리아크릴레이트;트로메타민;티타늄다이옥사이드;마이카;하이드로제네이티드포스파티딜콜린;폴리쿼터늄-51;금;콜로이달골드(구명칭);페러스옥사이드;아세틸헵타펩타이드-9;알에이치-올리고펩타이드-1;세라마이드엔피;아데노신;폴리글루타믹애씨드;마치현추출물(구명칭);화산재추출물;병풀추출물;체이스트트리추출물;캐모마일꽃추출물;상황버섯추출물(구명칭);우엉추출물(구명칭);귤추출물;백년초열매추출물(구명칭);엔젤스티어추출물;연꽃잎추출물;제주조릿대추출물;초피나무열매추출물;할미꽃추출물;겨우살이추출물;녹차추출물;쑥추출물;효모발효물;산뽕나무잎추출물;프로폴리스추출물;황련추출물;어스니어추출물(구명칭);인삼캘러스배양추출물;레몬껍질오일;오렌지껍질오일;라임오일(구명칭);베르가모트열매오일(구명칭);구주소나무잎오일;유칼립투스잎오일;달맞이꽃오일;잇꽃씨오일;다이소듐이디티에이",토니모리,인텐스케어 골드 24K 스네일 크림,27407,,
3.4g,,"패션오렌지, 블러드레드: (주)메가코스 / 나머지호수: 코스맥스㈜",피마자씨오일;다이아이소스테아릴말레이트;카프릴릭/카프릭트라이글리세라이드;마이크로크리스탈린왁스;다이트라이메틸롤프로판아이소스테아레이트/세바케이트;다이글리세릴세바케이트/아이소팔미테이트;펜타에리스리틸테트라에틸헥사노에이트;비스-다이글리세릴폴리아실아디페이트-2;폴리에틸렌;티타늄디옥사이드(구명칭);폴리글리세릴-2트라이아이소스테아레이트;솔비탄아이소스테아레이트;다이칼슘포스페이트;글리세릴에틸헥사노에이트/스테아레이트/아디페이트;아이소노닐아이소노나노에이트;폴리부텐;브이피/헥사데센코폴리머;적색산화철;실리카다이메틸실릴레이트;알루미나;하이드로제네이티드식물성오일;아르간커넬오일;시어버터;해바라기씨오일;망고씨버터;로즈힙열매오일;호호바씨오일;카카오씨버터;쿠푸아수씨버터;포도씨오일;드럼스틱씨오일;캐모마일꽃수;로즈마리잎수;라벤더수;다이아몬드가루;자수정가루;진주가루;루비가루;백금가루;아세틸레이티드수크로오스다이스테아레이트;옥틸도데칸올;합성왁스;에이치디아이/트라이메틸올헥실락톤크로스폴리머;폴리글리세릴-2다이아이소스테아레이트;에틸렌/프로필렌코폴리머;에틸헥실팔미테이트;글리세릴카프릴레이트;트라이베헤닌;실리카;락틱애씨드;팔미토일트라이펩타이드-1;폴리메틸실세스퀴옥세인;토코페롤;정제수;데하이드로아세틱애씨드;향료;벤질알코올;황색산화철;적색202호;흑색산화철;청색1호,토니모리,키스러버 스타일 S [PK05 무드로즈],27422,,
300ml,,(주)메가코스,"정제수;에틸헥실팔미테이트;글리세린;스테아릴알코올;스테아릭애씨드;시어버터;카카오씨버터;망고씨버터;쿠푸아수씨버터;야자씨드버터(구명칭);옥틸도데세스-16;글리세릴스테아레이트;다이메티콘;세테아릴올리베이트;솔비탄올리베이트;폴리글리세릴-10라우레이트;카보머;트로메타민;부틸렌글라이콜;비닐다이메티콘;세틸에틸헥사노에이트;병풀추출물;폴리글리세릴-4올리에이트;쇠비름추출물;하이드로제네이티드레시틴;마트리카리아꽃추출물;1,2-헥산다이올;체이스트트리추출물;토코페롤;셀룰로오스검;시트릭애씨드;에틸헥실글리세린;하이드록시아세토페논;알파-아이소메틸아이오논;시트로넬올;쿠마린;제라니올;헥실신나몰(구명칭);리날룰;부틸페닐메틸프로피오날;향료",토니모리,원더 모이스처라이징 핸드 로션,27377,,
50ml,,(주)메가코스,"녹차추출물;글리세린;다이프로필렌글라이콜;정제수;사이클로메티콘;1,2-헥산다이올;나이아신아마이드;폴리메틸실세스퀴옥세인;글리세릴폴리메타크릴레이트;판테놀;해바라기씨오일;베르가모트오일;티트리잎오일;호호바에스터;C14-22알코올;하이드로제네이티드폴리데센;카프릴릭/카프릭트라이글리세라이드;폴리쿼터늄-51;다이메티콘올;하이드롤라이즈드호호바에스터;C12-20알킬글루코사이드;아크릴레이트/C10-30알킬아크릴레이트크로스폴리머;카보머;하이드록시에틸셀룰로오스;아데노신;카카오추출물;에칠아스코빌에텔;덱스트린;카프릴하이드록사믹애씨드;시트릭애씨드;트로메타민;다이소듐이디티에이",토니모리,더 블랙티 런던 클래식 세럼,27198,,
19g,,씨엔에프화장품,"정제수;글리세린;다이프로필렌글라이콜;프로판다이올;올리브오일피이지-8에스터;부틸렌글라이콜;소듐하이알루로네이트;메틸프로판다이올;글리세릴아크릴레이트/아크릴릭애씨드코폴리머;프로필렌글라이콜;피브이엠/엠에이코폴리머;클로페네신;하이드록시에틸셀룰로오스;다이소듐이디티에이;잔탄검;피이지-60하이드로제네이티드캐스터오일;스페인감초뿌리추출물;생강추출물;오미자추출물;황련추출물;녹차추출물;카프릴릴글라이콜;1,2-헥산다이올;다이포타슘글리시리제이트;하이드록시에틸아크릴레이트/소듐아크릴로일다이메틸타우레이트코폴리머;카보머;알지닌;왕귤씨추출물;창포뿌리추출물;들깨잎추출물;향료",토니모리,마스터 랩 히알루론산 마스크 시트,27332,,
7g,,코스맥스㈜,"정제수;아크릴레이트/에틸헥실아크릴레이트코폴리머;다이프로필렌글라이콜;비즈왁스;카나우바왁스;피브이피;스테아릭애씨드;나일론-12;CI 77266;하이드롤라이즈드실크;후박추출물(구명칭);검정콩추출물;다이메티콘;솔비탄스테아레이트;팔미틱애씨드;페트롤라툼;폴리솔베이트60;1,2-헥산다이올;트로메타민;아미노메틸프로판다이올;보론나이트라이드;셀룰로오스;펜틸렌글라이콜;하이드록시에틸셀룰로오스;라우레스-21;몬모릴로나이트;피이지-40하이드로제네이티드캐스터오일;미리스틱애씨드;에틸헥실글리세린;소듐나이트레이트;부틸렌글라이콜;메틸글루카민;변성알코올;페녹시에탄올;소듐데하이드로아세테이트",토니모리,퍼펙트아이즈 에어텐션 마스카라 [01 에어컬링&볼륨],27440,,
2g,,코스맥스㈜,탤크;마이카;티타늄다이옥사이드;흑색산화철;황색산화철;나일론-12;실리카;적색산화철;네오펜틸글라이콜다이에틸헥사노에이트;페닐트라이메티콘;다이메티콘;마그네슘미리스테이트;다이아이소스테아릴말레이트;다이펜타에리스리틸헥사하이드록시스테아레이트/헥사스테아레이트/헥사로지네이트;옥틸도데실스테아로일스테아레이트;아이소스테아릴네오펜타노에이트;프로판다이올;폴리부텐;하이드로제네이티드레시틴;메티콘;토코페릴아세테이트;판테놀;소듐데하이드로아세테이트;탤크;마이카;흑색산화철;티타늄다이옥사이드;황색산화철;나일론-12;실리카;네오펜틸글라이콜다이에틸헥사노에이트;적색산화철;페닐트라이메티콘;다이메티콘;마그네슘미리스테이트;다이아이소스테아릴말레이트;다이펜타에리스리틸헥사하이드록시스테아레이트/헥사스테아레이트/헥사로지네이트;옥틸도데실스테아로일스테아레이트;아이소스테아릴네오펜타노에이트;프로판다이올;폴리부텐;하이드로제네이티드레시틴;메티콘;토코페릴아세테이트;판테놀;소듐데하이드로아세테이트,토니모리,이지터치 케익 아이브로우 [그레이브라운],27390,,
50ml,,(주)메가코스,"정제수;하이드로제네이티드폴리(C6-14올레핀);글리세린;세테아릴알코올;다이프로필렌글라이콜;카프릴릭/카프릭트라이글리세라이드;1,2-헥산다이올;다이메티콘;살구씨오일;사이클로펜타실록세인;글리세릴스테아레이트에스이;세테아릴올리베이트;알루미늄수크로오스옥타설페이트;판테놀;스쿠알란;마카다미아씨오일(구명칭);올레익애씨드;달맞이꽃오일;잇꽃씨오일;서양유채스테롤(구명칭);세라마이드엔피;콜레스테롤;소듐하이알루로네이트;병풀추출물;쇠비름추출물;체이스트트리추출물;마트리카리아꽃추출물;진흙버섯추출물;우엉뿌리추출물;사이클로헥사실록세인;솔비탄올리베이트;부틸렌글라이콜;C12-16알코올;세테아릴글루코사이드;폴리글리세릴-3메틸글루코오스다이스테아레이트;마이크로크리스탈린셀룰로오스;비닐다이메티콘;소듐폴리아크릴레이트;팔미틱애씨드;하이드로제네이티드레시틴;에틸헥실스테아레이트;셀룰로오스검;세틸에틸헥사노에이트;폴리글리세릴-4올리에이트;트라이데세스-6;네오펜틸글라이콜다이헵타노에이트;하이드로제네이티드포스파티딜콜린;스테아릭애씨드;폴리글리세릴-10미리스테이트;폴리글리세릴-2스테아레이트;토코페롤;폴리데센;폴리쿼터늄-51;다이소듐이디티에이",토니모리,수크라테놀 리커버 크림,27630,,
300ml + 50ml,,(주)메가코스,"정제수;글리세린;글리세레스-26;다마스크장미꽃수;1,2-헥산다이올;다이프로필렌글라이콜;부틸렌글라이콜;판테놀;메틸글루세스-20;비닐다이메티콘;알란토인;세틸에틸헥사노에이트;아크릴레이트/C10-30알킬아크릴레이트크로스폴리머;에틸헥실팔미테이트;잔탄검;글라이신;바이오사카라이드검-1;소듐카보머;알지닌;세린;글루타믹애씨드;폴리글리세릴-4올리에이트;하이드로제네이티드레시틴;아스파틱애씨드;류신;폴리글리세릴-10올리에이트;알라닌;라이신;타이로신;페닐알라닌;프롤린;트레오닌;발린;아이소류신;히스티딘;메티오닌;시스테인;록샘파이어추출물;알루미늄수크로오스옥타설페이트;피브이피;소듐아세테이트;풀러린;올리고펩타이드-1;다이소듐이디티에이",토니모리,수크라테놀 리커버 토너,27677,,
50ml,,(주)메가코스,"정제수;글리세린;프로판다이올;사이클로펜타실록세인;하이드로제네이티드폴리(C6-14올레핀);폴리글리세릴-3메틸글루코오스다이스테아레이트;세테아릴알코올;판테놀;알루미늄수크로오스옥타설페이트;스쿠알란;콜레스테롤;올레익애씨드;잇꽃씨오일;세라마이드엔피;서양유채스테롤(구명칭);달맞이꽃오일;마카다미아씨오일(구명칭);병풀추출물;쇠비름추출물;진흙버섯추출물;우엉뿌리추출물;마트리카리아꽃추출물;체이스트트리추출물;부틸렌글라이콜;글리세릴스테아레이트;비닐다이메티콘;소듐폴리아크릴레이트;카보머;에틸헥실스테아레이트;트로메타민;세틸에틸헥사노에이트;스테아릭애씨드;폴리글리세릴-4올리에이트;1,2-헥산다이올;하이드로제네이티드레시틴;트라이데세스-6;네오펜틸글라이콜다이헵타노에이트;하이드로제네이티드포스파티딜콜린;폴리글리세릴-10미리스테이트;폴리글리세릴-2스테아레이트;토코페롤;폴리데센;폴리쿼터늄-51;에틸헥실글리세린;하이드록시아세토페논;다이소듐이디티에이",토니모리,수크라테놀 리커버 겔,27632,,
390ml,,(주)서울화장품 / 엔프라니(주),"정제수, 소듐라우레스설페이트, 코카미도프로필베타인, 소듐라우릴설페이트, 티이에이-라우릴설페이트, 글리세린, 징크피리치온액(50%)(징크피리치온액), 피피지-3미리스틸에터, 향료, 덱스판테놀(판테놀), 폴리쿼터늄-10, 멘톨, 소듐벤조에이트, 나이아신아마이드, 트라이하이드록시스테아린, 시트릭애씨드, 지황뿌리추출물, 징크클로라이드, 다이소듐이디티에이, 알지닌, 부틸렌글라이콜, 비오틴(바이오틴 600 ppm), 소듐클로라이드, 트레할로오스, 콘민트추출물, 1,2-헥산다이올, 콘민트오일, 페퍼민트오일, 도꼬마리열매추출물, 인삼추출물, 뽕나무껍질추출물, 스페인감초뿌리추출물, 구기자추출물, 창포뿌리추출물, 측백나무잎추출물, 산구절초추출물, 효모폴리펩타이드, 카프릴릴글라이콜, 에틸헥실글리세린, 에스에이치-올리고펩타이드-1, 에스에이치-올리고펩타이드-2, 에스에이치-폴리펩타이드-1, 에스에이치-폴리펩타이드-10, 에스에이치-폴리펩타이드-22, 트로폴론, 소듐포스페이트, 레시틴, 펜틸렌글라이콜, 카퍼트라이펩타이드-1",홀리카홀리카(엔프라니),비오틴 탈모 컨트롤 샴푸,27727,,
15ML,,㈜엔코스 / 엔프라니㈜,"정제수, 다이메티콘, 부틸렌글라이콜, 글리세린, 변성알코올, 미네랄오일, 세틸에틸헥사노에이트, 베타인, 토코페릴아세테이트, 우레아, 시어버터, 트레할로오스, 파파야열매추출물, 소듐하이알루로네이트, 마트리카리아꽃추출물, 알로에베라잎즙, 아보카도오일, 올리브오일, 꿀추출물, 석류추출물, 우유단백질추출물, 사이클로펜타실록세인, 세테아릴글루코사이드, 폴리아크릴레이트-13, 폴리아이소부텐, 세테아릴알코올, 글리세릴스테아레이트, 피이지-100스테아레이트, 폴리솔베이트20, 폴리글리세릴-3메틸글루코오스다이스테아레이트, 아크릴레이트/C10-30알킬아크릴레이트크로스폴리머, 트라이에탄올아민, 다이소듐이디티에이, 페녹시에탄올, 메틸파라벤, 프로필파라벤, 향료, 알파-아이소메틸아이오논, 시트로넬올, 헥실신남알, 리날룰, 부틸페닐메틸프로피오날",홀리카홀리카(엔프라니),베이비 실키 핸드 마스크 시트,52931,,
2.5g,,씨앤씨인터네셔널/엔프라니(주),"정제수;부틸렌글라이콜;마이카;소듐스테아레이트;비스-피이지-18메틸에터다이메틸실레인;펜틸렌글라이콜;글리세린;솔비탄아이소스테아레이트;소듐클로라이드;글리세릴스테아레이트;폴리솔베이트60;다이메티콘;페녹시에탄올;적색104호의(1);황색5호;하이드록시에틸셀룰로오스;적색218호;향료;적색227호;리날룰;리모넨;소듐아세테이트;비에이치티;시트로넬올;셀룰로오스;로우스위트블루베리추출물;유자추출물;복숭아추출물;1,2-헥산다이올",홀리카홀리카(엔프라니),워터 바이브 틴트 [02 걸프],25149,,
2.5g,,씨앤씨인터네셔널/엔프라니(주),"정제수;부틸렌글라이콜;마이카;소듐스테아레이트;비스-피이지-18메틸에터다이메틸실레인;글리세린;펜틸렌글라이콜;솔비탄아이소스테아레이트;적색102호;글리세릴스테아레이트;다이메티콘;폴리솔베이트60;소듐클로라이드;페녹시에탄올;하이드록시에틸셀룰로오스;황색5호;적색2호;향료;소듐설페이트;리날룰;리모넨;소듐아세테이트;청색1호;비에이치티;시트로넬올;셀룰로오스;로우스위트블루베리추출물;유자추출물;복숭아추출물;1,2-헥산다이올",홀리카홀리카(엔프라니),워터 바이브 틴트 [06 고고],25189,,
100ml,,엔프라니(주) / 엔프라니(주),"정제수, 메틸프로판다이올, 글리세린, 페닐트라이메티콘, 베타인, 1,2-헥산다이올, 옥틸도데칸올, 소듐하이알루로네이트(340,000 ppb), 하이드롤라이즈드삼색제비꽃추출물, 다이메티콘, 하이드록시에틸아크릴레이트/소듐아크릴로일다이메틸타우레이트코폴리머, 폴리메틸실세스퀴옥세인, 알란토인, 하이드롤라이즈드하이알루로닉애씨드(22,000 ppb), 하이알루로닉애씨드(20,000 ppb), 하이드롤라이즈드소듐하이알루로네이트(20,000 ppb), 하이드록시프로필트라이모늄하이알루로네이트(20,000 ppb), 포타슘하이알루로네이트(20,000 ppb), 암모늄아크릴로일다이메틸타우레이트/브이피코폴리머, 아크릴레이트/C10-30알킬아크릴레이트크로스폴리머, 다이메티콘/비닐다이메티콘크로스폴리머, 트로메타민, 다이소듐이디티에이, 펜틸렌글라이콜, 소듐하이알루로네이트크로스폴리머(4,000 ppb), 소듐아세틸레이티드하이알루로네이트(2,000 ppb), 에틸헥실글리세린, 향료, 알파-아이소메틸아이오논, 리모넨, 리날룰",홀리카홀리카(엔프라니),히알루로닉 하이드라 젤 크림,46278,,
4.5g,,㈜코스맥스 / 엔프라니㈜,"트라이메틸펜타페닐트라이실록세인, 브이피/헥사데센코폴리머, 다이페닐다이메티콘, 하이드로제네이티드폴리아이소부텐, 하이드로제네이티드코코-글리세라이즈, 브이피/에이코신코폴리머, 세틸에틸헥사노에이트, 합성왁스, 아이소도데케인, 폴리에틸렌, 옥틸도데칸올, 실리카실릴레이트, 다이아이소스테아릴말레이트, 아이소부틸메타크릴레이트/비스-하이드록시프로필다이메티콘아크릴레이트코폴리머, 티타늄디옥사이드 (CI 77891), 살구씨오일, 아보카도열매추출물, 소듐하이알루로네이트, 하이드롤라이즈드하이알루로닉애씨드, 하이알루로닉애씨드, 수크로오스테트라스테아레이트트라이아세테이트, 폴리글리세릴-2트라이아이소스테아레이트, 칸데릴라왁스, 시메티콘, 다이스테아다이모늄헥토라이트, 폴리글리세릴-2다이아이소스테아레이트, 프로필렌카보네이트, 정제수, 말토덱스트린, 프로판다이올, 벤질글라이콜, 하이드롤라이즈드글라이코사미노글리칸, 글리세린, 소듐하이알루로네이트크로스폴리머, 1,2-헥산다이올, 에틸헥실글리세린, 하이드록시프로필트라이모늄하이알루로네이트, 소듐아세틸레이티드하이알루로네이트, 향료, 리모넨, 리날룰, 시트랄, 황색4호 (CI 19140), 적색산화철 (CI 77491), 적색202호 (CI 15850)",홀리카홀리카(엔프라니),글로우 라이즈 밤 [02 모모 피치],73936,,
5g,,코스맥스(주)/엔프라니(주),"01레들리:다이메티콘, 다이메티콘크로스폴리머, 실리카, 파라핀, 합성플루오르플로고파이트, 아이소노닐아이소노나노에이트, 다이아이소스테아릴말레이트, 사과씨오일, 적색202호 (CI 15850), 폴리글리세릴-2트라이아이소스테아레이트, 폴리글리세릴-2다이아이소스테아레이트, 동백나무씨오일, 라즈베리씨오일/토코페릴석시네이트아미노프로판다이올에스터, 포도씨오일, 코튼씨추출물, 세틸피이지/피피지-10/1다이메티콘, 솔비탄아이소스테아레이트, 다이글리세릴세바케이트/아이소팔미테이트, 비닐다이메티콘/메티콘실세스퀴옥세인크로스폴리머, 폴리하이드록시스테아릭애씨드, 마이크로크리스탈린왁스, 다이스테아다이모늄헥토라이트, 레시틴, 에틸헥실팔미테이트, 아이소프로필미리스테이트, 아이소스테아릭애씨드, 폴리글리세릴-3폴리리시놀리에이트, 트라이에틸시트레이트, 토코페롤, 부틸렌글라이콜, 정제수, 글리세린, 향료, 황색5호 (CI 15985), 티타늄디옥사이드 (CI 77891), 적색산화철 (CI 77491), 적색104호의(1) (CI 45410)",홀리카홀리카(엔프라니),멜팅 블러 립 팟 [01 레들리],64225,,
5g,,코스맥스(주)/엔프라니(주),"[02 피크] 다이메티콘, 다이메티콘크로스폴리머, 실리카, 아이소노닐아이소노나노에이트, 파라핀, 합성플루오르플로고파이트, 다이아이소스테아릴말레이트, 티타늄디옥사이드 (CI 77891), 사과씨오일, 폴리글리세릴-2트라이아이소스테아레이트, 동백나무씨오일, 라즈베리씨오일/토코페릴석시네이트아미노프로판다이올에스터, 포도씨오일, 코튼씨추출물, 세틸피이지/피피지-10/1다이메티콘, 솔비탄아이소스테아레이트, 다이글리세릴세바케이트/아이소팔미테이트, 비닐다이메티콘/메티콘실세스퀴옥세인크로스폴리머, 폴리하이드록시스테아릭애씨드, 마이크로크리스탈린왁스, 다이스테아다이모늄헥토라이트, 레시틴, 폴리글리세릴-2다이아이소스테아레이트, 에틸헥실팔미테이트, 아이소프로필미리스테이트, 아이소스테아릭애씨드, 폴리글리세릴-3폴리리시놀리에이트, 트라이에틸시트레이트, 토코페롤, 부틸렌글라이콜, 정제수, 글리세린, 향료, 황색산화철 (CI 77492), 적색202호 (CI 15850), 적색산화철 (CI 77491), 황색4호 (CI 19140), 적색227호 (CI 17200), 적색201호 (CI 15850)",홀리카홀리카(엔프라니),멜팅 블러 립 팟 [02 피크],64226,,
4.5g,,㈜코스맥스 / 엔프라니㈜,"트라이메틸펜타페닐트라이실록세인, 브이피/헥사데센코폴리머, 다이페닐다이메티콘, 하이드로제네이티드폴리아이소부텐, 세틸에틸헥사노에이트, 하이드로제네이티드코코-글리세라이즈, 브이피/에이코신코폴리머, 합성왁스, 아이소도데케인, 폴리에틸렌, 옥틸도데칸올, 실리카실릴레이트, 다이아이소스테아릴말레이트, 아이소부틸메타크릴레이트/비스-하이드록시프로필다이메티콘아크릴레이트코폴리머, 살구씨오일, 아보카도열매추출물, 소듐하이알루로네이트, 하이드롤라이즈드하이알루로닉애씨드, 하이알루로닉애씨드, 수크로오스테트라스테아레이트트라이아세테이트, 폴리글리세릴-2트라이아이소스테아레이트, 칸데릴라왁스, 시메티콘, 다이스테아다이모늄헥토라이트, 폴리글리세릴-2다이아이소스테아레이트, 프로필렌카보네이트, 정제수, 말토덱스트린, 프로판다이올, 벤질글라이콜, 하이드롤라이즈드글라이코사미노글리칸, 글리세린, 소듐하이알루로네이트크로스폴리머, 1,2-헥산다이올, 에틸헥실글리세린, 하이드록시프로필트라이모늄하이알루로네이트, 소듐아세틸레이티드하이알루로네이트, 향료, 리모넨, 리날룰, 시트랄, 티타늄디옥사이드 (CI 77891), 황색4호 (CI 19140), 적색산화철 (CI 77491), 적색202호 (CI 15850), 흑색산화철 (CI 77499)",홀리카홀리카(엔프라니),글로우 라이즈 밤 [04 멜팅 로지],73939,,
5g,,코스맥스(주)/엔프라니(주),"[4 로지스] 다이메티콘, 다이메티콘크로스폴리머, 실리카, 파라핀, 합성플루오르플로고파이트, 다이아이소스테아릴말레이트, 아이소노닐아이소노나노에이트, 티타늄디옥사이드 (CI 77891), 사과씨오일, 폴리글리세릴-2트라이아이소스테아레이트, 동백나무씨오일, 라즈베리씨오일/토코페릴석시네이트아미노프로판다이올에스터, 포도씨오일, 코튼씨추출물, 세틸피이지/피피지-10/1다이메티콘, 솔비탄아이소스테아레이트, 다이글리세릴세바케이트/아이소팔미테이트, 비닐다이메티콘/메티콘실세스퀴옥세인크로스폴리머, 폴리하이드록시스테아릭애씨드, 마이크로크리스탈린왁스, 폴리글리세릴-2다이아이소스테아레이트, 다이스테아다이모늄헥토라이트, 레시틴, 에틸헥실팔미테이트, 아이소프로필미리스테이트, 아이소스테아릭애씨드, 폴리글리세릴-3폴리리시놀리에이트, 트라이에틸시트레이트, 토코페롤, 부틸렌글라이콜, 정제수, 글리세린, 향료, 황색산화철 (CI 77492), 적색202호 (CI 15850), 황색4호 (CI 19140), 적색산화철 (CI 77491), 적색227호 (CI 17200), 적색201호 (CI 15850)",홀리카홀리카(엔프라니),멜팅 블러 립 팟 [04 로지스],64229,,
4.5g,,㈜코스맥스 / 엔프라니㈜,"트라이메틸펜타페닐트라이실록세인, 브이피/헥사데센코폴리머, 다이페닐다이메티콘, 하이드로제네이티드폴리아이소부텐, 세틸에틸헥사노에이트, 하이드로제네이티드코코-글리세라이즈, 브이피/에이코신코폴리머, 합성왁스, 아이소도데케인, 폴리에틸렌, 옥틸도데칸올, 실리카실릴레이트, 아이소부틸메타크릴레이트/비스-하이드록시프로필다이메티콘아크릴레이트코폴리머, 다이아이소스테아릴말레이트, 살구씨오일, 아보카도열매추출물, 소듐하이알루로네이트, 하이드롤라이즈드하이알루로닉애씨드, 하이알루로닉애씨드, 수크로오스테트라스테아레이트트라이아세테이트, 폴리글리세릴-2트라이아이소스테아레이트, 칸데릴라왁스, 시메티콘, 다이스테아다이모늄헥토라이트, 폴리글리세릴-2다이아이소스테아레이트, 프로필렌카보네이트, 정제수, 말토덱스트린, 프로판다이올, 벤질글라이콜, 하이드롤라이즈드글라이코사미노글리칸, 글리세린, 소듐하이알루로네이트크로스폴리머, 1,2-헥산다이올, 에틸헥실글리세린, 하이드록시프로필트라이모늄하이알루로네이트, 소듐아세틸레이티드하이알루로네이트, 향료, 리모넨, 리날룰, 시트랄, 티타늄디옥사이드 (CI 77891), 황색산화철 (CI 77492), 적색산화철 (CI 77491), 적색202호 (CI 15850), 황색5호 (CI 15985), 흑색산화철 (CI 77499)",홀리카홀리카(엔프라니),글로우 라이즈 밤 [05 코타 휘그],73940,,
2.5g,,씨앤씨인터네셔널(주)/엔프라니(주),"정제수;부틸렌글라이콜;마이카;소듐스테아레이트;비스-피이지-18메틸에터다이메틸실레인;펜틸렌글라이콜;글리세린;솔비탄아이소스테아레이트;소듐클로라이드;글리세릴스테아레이트;폴리솔베이트60;다이메티콘;적색227호;페녹시에탄올;황색5호;하이드록시에틸셀룰로오스;적색104호의(1);향료;리날룰;리모넨;소듐아세테이트;비에이치티;시트로넬올;셀룰로오스;로우스위트블루베리추출물;유자추출물;복숭아추출물;1,2-헥산다이올",홀리카홀리카(엔프라니),워터 바이브 틴트 [01 후피],25097,,
2.5g,,씨앤씨인터네셔널/엔프라니(주),"정제수;부틸렌글라이콜;마이카;소듐스테아레이트;비스-피이지-18메틸에터다이메틸실레인;글리세린;펜틸렌글라이콜;솔비탄아이소스테아레이트;폴리솔베이트60;소듐클로라이드;글리세릴스테아레이트;다이메티콘;페녹시에탄올;적색104호의(1);황색5호;하이드록시에틸셀룰로오스;등색205호;향료;적색227호;리날룰;리모넨;소듐아세테이트;청색1호;비에이치티;시트로넬올;셀룰로오스;로우스위트블루베리추출물;유자추출물;복숭아추출물;1,2-헥산다이올",홀리카홀리카(엔프라니),워터 바이브 틴트 [03 스플랫],25150,,
2.5g,,씨앤씨인터네셔널(주)/엔프라니(주),"하이드록시에틸셀룰로오스;적색104호의(1);황색4호;적색102호;향료;적색227호;리날룰;리모넨;소듐아세테이트;비에이치티;시트로넬올;셀룰로오스;로우스위트블루베리추출물;유자추출물;복숭아추출물;1,2-헥산다이올",홀리카홀리카(엔프라니),워터 바이브 틴트 [04 퍼들],25187,,
4.5g,,(주)코스맥스/엔프라니(주),"트라이메틸펜타페닐트라이실록세인, 브이피/헥사데센코폴리머, 다이페닐다이메티콘, 하이드로제네이티드폴리아이소부텐, 세틸에틸헥사노에이트, 하이드로제네이티드코코-글리세라이즈, 브이피/에이코신코폴리머, 합성왁스, 아이소도데케인, 폴리에틸렌, 옥틸도데칸올, 실리카실릴레이트, 아이소부틸메타크릴레이트/비스-하이드록시프로필다이메티콘아크릴레이트코폴리머, 살구씨오일, 아보카도열매추출물, 소듐하이알루로네이트, 하이드롤라이즈드하이알루로닉애씨드, 하이알루로닉애씨드, 수크로오스테트라스테아레이트트라이아세테이트, 다이아이소스테아릴말레이트, 폴리글리세릴-2트라이아이소스테아레이트, 칸데릴라왁스, 시메티콘, 다이스테아다이모늄헥토라이트, 프로필렌카보네이트, 폴리글리세릴-2다이아이소스테아레이트, 정제수, 말토덱스트린, 프로판다이올, 벤질글라이콜, 하이드롤라이즈드글라이코사미노글리칸, 글리세린, 소듐하이알루로네이트크로스폴리머, 1,2-헥산다이올, 에틸헥실글리세린, 하이드록시프로필트라이모늄하이알루로네이트, 소듐아세틸레이티드하이알루로네이트, 향료, 리모넨, 리날룰, 시트랄, 티타늄디옥사이드 (CI 77891), 황색5호 (CI 15985), 적색227호 (CI 17200), 적색202호 (CI 15850), 적색산화철 (CI 77491), 황색4호 (CI 19140)",홀리카홀리카(엔프라니),글로우 라이즈 밤 [03 베이비 젤리],73938,,
4.5g,,코스맥스㈜ / ㈜엔프라니,"트라이메틸펜타페닐트라이실록세인, 브이피/헥사데센코폴리머, 다이페닐다이메티콘, 하이드로제네이티드폴리아이소부텐, 세틸에틸헥사노에이트, 하이드로제네이티드코코-글리세라이즈, 브이피/에이코신코폴리머, 합성왁스, 아이소도데케인, 폴리에틸렌, 옥틸도데칸올, 실리카실릴레이트, 아이소부틸메타크릴레이트/비스-하이드록시프로필다이메티콘아크릴레이트코폴리머, 살구씨오일, 아보카도열매추출물, 소듐하이알루로네이트, 하이드롤라이즈드하이알루로닉애씨드, 하이알루로닉애씨드, 수크로오스테트라스테아레이트트라이아세테이트, 다이아이소스테아릴말레이트, 칸데릴라왁스, 폴리글리세릴-2트라이아이소스테아레이트, 시메티콘, 다이스테아다이모늄헥토라이트, 프로필렌카보네이트, 정제수, 말토덱스트린, 프로판다이올, 벤질글라이콜, 하이드롤라이즈드글라이코사미노글리칸, 글리세린, 소듐하이알루로네이트크로스폴리머, 1,2-헥산다이올, 에틸헥실글리세린, 하이드록시프로필트라이모늄하이알루로네이트, 소듐아세틸레이티드하이알루로네이트, 향료, 리날룰, 티타늄디옥사이드 (CI 77891), 황색산화철 (CI 77492), 적색227호 (CI 17200), 적색산화철 (CI 77491), 흑색산화철 (CI 77499)",홀리카홀리카(엔프라니),글로우 라이즈 밤 [09 누 슈가],76752,,
4.5g,,㈜코스맥스 / 엔프라니㈜,"트라이메틸펜타페닐트라이실록세인, 브이피/헥사데센코폴리머, 다이페닐다이메티콘, 하이드로제네이티드폴리아이소부텐, 하이드로제네이티드코코-글리세라이즈, 브이피/에이코신코폴리머, 세틸에틸헥사노에이트, 합성왁스, 아이소도데케인, 폴리에틸렌, 옥틸도데칸올, 실리카실릴레이트, 아이소부틸메타크릴레이트/비스-하이드록시프로필다이메티콘아크릴레이트코폴리머, 살구씨오일, 아보카도열매추출물, 소듐하이알루로네이트, 하이드롤라이즈드하이알루로닉애씨드, 하이알루로닉애씨드, 수크로오스테트라스테아레이트트라이아세테이트, 폴리글리세릴-2트라이아이소스테아레이트, 다이아이소스테아릴말레이트, 칸데릴라왁스, 시메티콘, 다이스테아다이모늄헥토라이트, 프로필렌카보네이트, 정제수, 말토덱스트린, 프로판다이올, 벤질글라이콜, 하이드롤라이즈드글라이코사미노글리칸, 글리세린, 소듐하이알루로네이트크로스폴리머, 1,2-헥산다이올, 에틸헥실글리세린, 하이드록시프로필트라이모늄하이알루로네이트, 소듐아세틸레이티드하이알루로네이트, 향료, 리날룰, 티타늄디옥사이드 (CI 77891), 적색산화철 (CI 77491), 황색산화철 (CI 77492), 적색227호 (CI 17200), 청색1호 (CI 42090)",홀리카홀리카(엔프라니),글로우 라이즈 밤 [10 솔티드 모카],76753,,
4.5g,,㈜코스맥스 / 엔프라니㈜,"트라이메틸펜타페닐트라이실록세인, 브이피/헥사데센코폴리머, 다이페닐다이메티콘, 하이드로제네이티드폴리아이소부텐, 세틸에틸헥사노에이트, 하이드로제네이티드코코-글리세라이즈, 브이피/에이코신코폴리머, 합성왁스, 아이소도데케인, 폴리에틸렌, 옥틸도데칸올, 실리카실릴레이트, 아이소부틸메타크릴레이트/비스-하이드록시프로필다이메티콘아크릴레이트코폴리머, 살구씨오일, 아보카도열매추출물, 소듐하이알루로네이트, 하이드롤라이즈드하이알루로닉애씨드, 하이알루로닉애씨드, 수크로오스테트라스테아레이트트라이아세테이트, 폴리글리세릴-2트라이아이소스테아레이트, 칸데릴라왁스, 시메티콘, 다이아이소스테아릴말레이트, 다이스테아다이모늄헥토라이트, 폴리글리세릴-2다이아이소스테아레이트, 프로필렌카보네이트, 정제수, 말토덱스트린, 프로판다이올, 벤질글라이콜, 하이드롤라이즈드글라이코사미노글리칸, 글리세린, 소듐하이알루로네이트크로스폴리머, 1,2-헥산다이올, 에틸헥실글리세린, 하이드록시프로필트라이모늄하이알루로네이트, 소듐아세틸레이티드하이알루로네이트, 향료, 리모넨, 리날룰, 시트랄, 황색산화철 (CI 77492), 적색202호 (CI 15850), 황색5호 (CI 15985), 적색104호의(1) (CI 45410), 티타늄디옥사이드 (CI 77891)",홀리카홀리카(엔프라니),글로우 라이즈 밤 [08 듀 베리],73943,,
4.5g,,㈜코스맥스 / 엔프라니㈜,"트라이메틸펜타페닐트라이실록세인, 브이피/헥사데센코폴리머, 다이페닐다이메티콘, 하이드로제네이티드폴리아이소부텐, 하이드로제네이티드코코-글리세라이즈, 브이피/에이코신코폴리머, 합성왁스, 세틸에틸헥사노에이트, 아이소도데케인, 폴리에틸렌, 옥틸도데칸올, 실리카실릴레이트, 다이아이소스테아릴말레이트, 아이소부틸메타크릴레이트/비스-하이드록시프로필다이메티콘아크릴레이트코폴리머, 티타늄디옥사이드 (CI 77891), 살구씨오일, 아보카도열매추출물, 소듐하이알루로네이트, 하이드롤라이즈드하이알루로닉애씨드, 하이알루로닉애씨드, 수크로오스테트라스테아레이트트라이아세테이트, 칸데릴라왁스, 폴리글리세릴-2트라이아이소스테아레이트, 시메티콘, 다이스테아다이모늄헥토라이트, 프로필렌카보네이트, 폴리글리세릴-2다이아이소스테아레이트, 정제수, 말토덱스트린, 프로판다이올, 벤질글라이콜, 하이드롤라이즈드글라이코사미노글리칸, 글리세린, 소듐하이알루로네이트크로스폴리머, 1,2-헥산다이올, 에틸헥실글리세린, 하이드록시프로필트라이모늄하이알루로네이트, 소듐아세틸레이티드하이알루로네이트, 향료, 리날룰, 적색227호 (CI 17200), 적색산화철 (CI 77491), 황색5호 (CI 15985), 흑색산화철 (CI 77499), 적색104호의(1) (CI 45410), 황색산화철 (CI 77492)",홀리카홀리카(엔프라니),글로우 라이즈 밤 [12 비터 아이스],76755,,
4.5g,,㈜코스맥스 / 엔프라니㈜,"트라이메틸펜타페닐트라이실록세인, 브이피/헥사데센코폴리머, 다이페닐다이메티콘, 하이드로제네이티드폴리아이소부텐, 하이드로제네이티드코코-글리세라이즈, 브이피/에이코신코폴리머, 합성왁스, 세틸에틸헥사노에이트, 아이소도데케인, 폴리에틸렌, 옥틸도데칸올, 실리카실릴레이트, 다이아이소스테아릴말레이트, 아이소부틸메타크릴레이트/비스-하이드록시프로필다이메티콘아크릴레이트코폴리머, 티타늄디옥사이드 (CI 77891), 살구씨오일, 아보카도열매추출물, 소듐하이알루로네이트, 하이드롤라이즈드하이알루로닉애씨드, 하이알루로닉애씨드, 수크로오스테트라스테아레이트트라이아세테이트, 칸데릴라왁스, 폴리글리세릴-2트라이아이소스테아레이트, 시메티콘, 다이스테아다이모늄헥토라이트, 프로필렌카보네이트, 정제수, 말토덱스트린, 프로판다이올, 벤질글라이콜, 하이드롤라이즈드글라이코사미노글리칸, 글리세린, 소듐하이알루로네이트크로스폴리머, 1,2-헥산다이올, 에틸헥실글리세린, 하이드록시프로필트라이모늄하이알루로네이트, 소듐아세틸레이티드하이알루로네이트, 향료, 리날룰, 적색산화철 (CI 77491), 적색227호 (CI 17200), 황색산화철 (CI 77492), 청색1호 (CI 42090), 적색201호 (CI 15850)",홀리카홀리카(엔프라니),글로우 라이즈 밤 [11 시럽릿],76754,,
5g,,코스맥스(주)/엔프라니(주),"[03 뮤브] 다이메티콘, 다이메티콘크로스폴리머, 실리카, 파라핀, 합성플루오르플로고파이트, 다이아이소스테아릴말레이트, 티타늄디옥사이드 (CI 77891), 아이소노닐아이소노나노에이트, 사과씨오일, 폴리글리세릴-2트라이아이소스테아레이트, 동백나무씨오일, 라즈베리씨오일/토코페릴석시네이트아미노프로판다이올에스터, 포도씨오일, 코튼씨추출물, 세틸피이지/피피지-10/1다이메티콘, 솔비탄아이소스테아레이트, 다이글리세릴세바케이트/아이소팔미테이트, 비닐다이메티콘/메티콘실세스퀴옥세인크로스폴리머, 폴리하이드록시스테아릭애씨드, 마이크로크리스탈린왁스, 다이스테아다이모늄헥토라이트, 레시틴, 폴리글리세릴-2다이아이소스테아레이트, 에틸헥실팔미테이트, 아이소프로필미리스테이트, 아이소스테아릭애씨드, 폴리글리세릴-3폴리리시놀리에이트, 트라이에틸시트레이트, 토코페롤, 부틸렌글라이콜, 정제수, 글리세린, 향료, 황색산화철 (CI 77492), 적색산화철 (CI 77491), 황색4호 (CI 19140), 적색202호 (CI 15850), 청색1호 (CI 42090), 적색201호 (CI 15850)",홀리카홀리카(엔프라니),멜팅 블러 립 팟 [03 뮤브],64227,,
1.3g,,㈜씨앤씨인터내셔널 / 엔프라니㈜,"02 누베이지 다이아이소스테아릴말레이트, 페닐트라이메티콘, 합성왁스, 티타늄디옥사이드, 다이메티콘, 사이클로펜타실록세인, 아이소도데케인, 트라이메틸실록시실리케이트, 세틸피이지/피피지-10/1다이메티콘, 마이크로크리스탈린왁스, 트라이데실트라이멜리테이트, 실리카, 적색산화철, 마이카, 메틸메타크릴레이트크로스폴리머 , 실리카다이메틸실릴레이트, 다이메티콘크로스폴리머, 흑색산화철, 황색산화철, 페녹시에탄올, 향료, 메티콘, 트라이에톡시카프릴릴실레인, 동백나무씨오일, 코코넛야자오일, 펜타에리스리틸테트라-다이-t-부틸하이드록시하이드로신나메이트",홀리카홀리카(엔프라니),멜로우 블러링 립 펜슬 [02 누베이지],56933,,
1.3g,,㈜씨앤씨인터내셔널 / 엔프라니㈜,"01 밀키번 다이아이소스테아릴말레이트, 페닐트라이메티콘, 합성왁스, 티타늄디옥사이드, 다이메티콘, 아이소도데케인, 사이클로펜타실록세인, 트라이메틸실록시실리케이트, 세틸피이지/피피지-10/1다이메티콘, 마이크로크리스탈린왁스, 실리카, 트라이데실트라이멜리테이트, 적색산화철, 마이카, 메틸메타크릴레이트크로스폴리머 , 다이메티콘크로스폴리머, 실리카다이메틸실릴레이트, 황색5호, 황색산화철, 페녹시에탄올, 흑색산화철, 향료, 메티콘, 트라이에톡시카프릴릴실레인, 동백나무씨오일, 코코넛야자오일, 펜타에리스리틸테트라-다이-t-부틸하이드록시하이드로신나메이트",홀리카홀리카(엔프라니),멜로우 블러링 립 펜슬 [01 밀키번],56932,,
1.3g,,㈜씨앤씨인터내셔널 / 엔프라니㈜,"04 오버라입 다이아이소스테아릴말레이트, 페닐트라이메티콘, 합성왁스, 다이메티콘, 사이클로펜타실록세인, 아이소도데케인, 티타늄디옥사이드, 트라이메틸실록시실리케이트, 세틸피이지/피피지-10/1다이메티콘, 마이카, 마이크로크리스탈린왁스, 트라이데실트라이멜리테이트, 실리카, 황색5호, 메틸메타크릴레이트크로스폴리머 , 다이메티콘크로스폴리머, 실리카다이메틸실릴레이트, 적색202호, 흑색산화철, 페녹시에탄올, 메티콘, 향료, 동백나무씨오일, 코코넛야자오일, 펜타에리스리틸테트라-다이-t-부틸하이드록시하이드로신나메이트",홀리카홀리카(엔프라니),멜로우 블러링 립 펜슬 [04 오버라입],56935,,
5g,,코스맥스(주)/엔프라니(주),"[05 레스닝] 다이메티콘, 다이메티콘크로스폴리머, 실리카, 다이아이소스테아릴말레이트, 티타늄디옥사이드 (CI 77891), 파라핀, 합성플루오르플로고파이트, 사과씨오일, 폴리글리세릴-2트라이아이소스테아레이트, 아이소노닐아이소노나노에이트, 동백나무씨오일, 라즈베리씨오일/토코페릴석시네이트아미노프로판다이올에스터, 포도씨오일, 코튼씨추출물, 세틸피이지/피피지-10/1다이메티콘, 솔비탄아이소스테아레이트, 다이글리세릴세바케이트/아이소팔미테이트, 비닐다이메티콘/메티콘실세스퀴옥세인크로스폴리머, 폴리하이드록시스테아릭애씨드, 마이크로크리스탈린왁스, 다이스테아다이모늄헥토라이트, 레시틴, 에틸헥실팔미테이트, 아이소프로필미리스테이트, 아이소스테아릭애씨드, 폴리글리세릴-3폴리리시놀리에이트, 트라이에틸시트레이트, 폴리글리세릴-2다이아이소스테아레이트, 토코페롤, 부틸렌글라이콜, 정제수, 글리세린, 향료, 적색산화철 (CI 77491), 황색산화철 (CI 77492), 적색227호 (CI 17200), 황색4호 (CI 19140), 적색202호 (CI 15850)",홀리카홀리카(엔프라니),멜팅 블러 립 팟 [05 레스닝],64230,,
5.5g,,"㈜코스맥스, 브러쉬:㈜백호 / 엔프라니㈜","[02 멜로니] 다이메티콘, 마이카 (CI 77019), 티타늄디옥사이드 (CI 77891), 카프릴릴메티콘, 정제수, 파라핀, 아이소도데케인, 실리카, 피이지-10다이메티콘, 글리세린, 부틸렌글라이콜, 폴리메틸실세스퀴옥세인, 합성플루오르플로고파이트, 펜틸렌글라이콜, 합성왁스, 트라이메틸실록시실리케이트, 칼슘소듐보로실리케이트, 1,2-헥산다이올, 세틸다이메티콘, 솔비탄아이소스테아레이트, 마이크로크리스탈린왁스, 마그네슘설페이트, 수크로오스테트라스테아레이트트라이아세테이트, 다이스테아다이모늄헥토라이트, 다이메티콘/비닐다이메티콘크로스폴리머, 트라이에틸시트레이트, 에틸헥실글리세린, 트라이에톡시카프릴릴실레인, 트라이소듐에틸렌다이아민다이석시네이트, 틴옥사이드, 페녹시에탄올",홀리카홀리카(엔프라니),루미너스 밀크빔 팟 [02 멜로니],72200,,
5.5g,,"㈜코스맥스, 브러쉬:㈜백호 / 엔프라니㈜","03 레이 합성플루오르플로고파이트, 다이메티콘, 티타늄디옥사이드 (CI 77891), 카프릴릴메티콘, 정제수, 파라핀, 아이소도데케인, 마이카 (CI 77019), 피이지-10다이메티콘, 글리세린, 부틸렌글라이콜, 폴리메틸실세스퀴옥세인, 펜틸렌글라이콜, 실리카, 합성왁스, 트라이메틸실록시실리케이트, 1,2-헥산다이올, 세틸다이메티콘, 솔비탄아이소스테아레이트, 마이크로크리스탈린왁스, 마그네슘설페이트, 수크로오스테트라스테아레이트트라이아세테이트, 다이스테아다이모늄헥토라이트, 다이메티콘/비닐다이메티콘크로스폴리머, 트라이에틸시트레이트, 에틸헥실글리세린, 트라이소듐에틸렌다이아민다이석시네이트, 트라이에톡시카프릴릴실레인, 틴옥사이드, 페녹시에탄올, 적색산화철 (CI 77491), 카민 (CI 75470)",홀리카홀리카(엔프라니),루미너스 밀크빔 팟 [03 레이],72201,,
1.3g,,㈜씨앤씨인터내셔널 / 엔프라니㈜,"05 클레이로즈 다이아이소스테아릴말레이트, 티타늄디옥사이드, 페닐트라이메티콘, 합성왁스, 다이메티콘, 아이소도데케인, 사이클로펜타실록세인, 트라이메틸실록시실리케이트, 세틸피이지/피피지-10/1다이메티콘, 마이크로크리스탈린왁스, 트라이데실트라이멜리테이트, 실리카, 마이카, 적색산화철, 메틸메타크릴레이트크로스폴리머 , 다이메티콘크로스폴리머, 실리카다이메틸실릴레이트, 흑색산화철, 페녹시에탄올, 메티콘, 향료, 적색202호, 동백나무씨오일, 코코넛야자오일, 펜타에리스리틸테트라-다이-t-부틸하이드록시하이드로신나메이트",홀리카홀리카(엔프라니),멜로우 블러링 립 펜슬 [05 클레이로즈],56938,,
4.5g,,㈜코스맥스 / 엔프라니㈜,"트라이메틸펜타페닐트라이실록세인, 브이피/헥사데센코폴리머, 다이페닐다이메티콘, 하이드로제네이티드폴리아이소부텐, 하이드로제네이티드코코-글리세라이즈, 브이피/에이코신코폴리머, 세틸에틸헥사노에이트, 합성왁스, 아이소도데케인, 폴리에틸렌, 옥틸도데칸올, 다이아이소스테아릴말레이트, 티타늄디옥사이드 (CI 77891), 실리카실릴레이트, 아이소부틸메타크릴레이트/비스-하이드록시프로필다이메티콘아크릴레이트코폴리머, 살구씨오일, 아보카도열매추출물, 소듐하이알루로네이트, 하이드롤라이즈드하이알루로닉애씨드, 하이알루로닉애씨드, 수크로오스테트라스테아레이트트라이아세테이트, 칸데릴라왁스, 시메티콘, 폴리글리세릴-2트라이아이소스테아레이트, 다이스테아다이모늄헥토라이트, 프로필렌카보네이트, 폴리글리세릴-2다이아이소스테아레이트, 정제수, 말토덱스트린, 프로판다이올, 벤질글라이콜, 하이드롤라이즈드글라이코사미노글리칸, 글리세린, 소듐하이알루로네이트크로스폴리머, 1,2-헥산다이올, 에틸헥실글리세린, 하이드록시프로필트라이모늄하이알루로네이트, 소듐아세틸레이티드하이알루로네이트, 향료, 리모넨, 리날룰, 시트랄, 적색산화철 (CI 77491), 황색산화철 (CI 77492), 흑색산화철 (CI 77499), 적색202호 (CI 15850)",홀리카홀리카(엔프라니),글로우 라이즈 밤 [01 누 밤비],73937,,
4.5g,,㈜코스맥스 / 엔프라니㈜,"트라이메틸펜타페닐트라이실록세인, 브이피/헥사데센코폴리머, 다이페닐다이메티콘, 하이드로제네이티드폴리아이소부텐, 세틸에틸헥사노에이트, 하이드로제네이티드코코-글리세라이즈, 브이피/에이코신코폴리머, 합성왁스, 아이소도데케인, 폴리에틸렌, 옥틸도데칸올, 실리카실릴레이트, 아이소부틸메타크릴레이트/비스-하이드록시프로필다이메티콘아크릴레이트코폴리머, 살구씨오일, 아보카도열매추출물, 소듐하이알루로네이트, 하이드롤라이즈드하이알루로닉애씨드, 하이알루로닉애씨드, 수크로오스테트라스테아레이트트라이아세테이트, 다이아이소스테아릴말레이트, 폴리글리세릴-2트라이아이소스테아레이트, 칸데릴라왁스, 시메티콘, 다이스테아다이모늄헥토라이트, 폴리글리세릴-2다이아이소스테아레이트, 프로필렌카보네이트, 정제수, 말토덱스트린, 프로판다이올, 벤질글라이콜, 하이드롤라이즈드글라이코사미노글리칸, 글리세린, 소듐하이알루로네이트크로스폴리머, 1,2-헥산다이올, 에틸헥실글리세린, 하이드록시프로필트라이모늄하이알루로네이트, 소듐아세틸레이티드하이알루로네이트, 향료, 리모넨, 리날룰, 시트랄, 티타늄디옥사이드 (CI 77891), 적색산화철 (CI 77491), 적색202호 (CI 15850), 황색산화철 (CI 77492), 황색5호 (CI 15985), 청색1호 (CI 42090)",홀리카홀리카(엔프라니),글로우 라이즈 밤 [07 체리 우롱티],73942,,
4.5g,,㈜코스맥스 / 엔프라니㈜,"트라이메틸펜타페닐트라이실록세인, 브이피/헥사데센코폴리머, 다이페닐다이메티콘, 하이드로제네이티드폴리아이소부텐, 세틸에틸헥사노에이트, 하이드로제네이티드코코-글리세라이즈, 브이피/에이코신코폴리머, 합성왁스, 아이소도데케인, 폴리에틸렌, 옥틸도데칸올, 다이아이소스테아릴말레이트, 실리카실릴레이트, 아이소부틸메타크릴레이트/비스-하이드록시프로필다이메티콘아크릴레이트코폴리머, 티타늄디옥사이드 (CI 77891), 살구씨오일, 아보카도열매추출물, 소듐하이알루로네이트, 하이드롤라이즈드하이알루로닉애씨드, 하이알루로닉애씨드, 수크로오스테트라스테아레이트트라이아세테이트, 칸데릴라왁스, 시메티콘, 폴리글리세릴-2트라이아이소스테아레이트, 다이스테아다이모늄헥토라이트, 폴리글리세릴-2다이아이소스테아레이트, 프로필렌카보네이트, 정제수, 말토덱스트린, 프로판다이올, 벤질글라이콜, 하이드롤라이즈드글라이코사미노글리칸, 글리세린, 소듐하이알루로네이트크로스폴리머, 1,2-헥산다이올, 에틸헥실글리세린, 하이드록시프로필트라이모늄하이알루로네이트, 소듐아세틸레이티드하이알루로네이트, 향료, 리모넨, 리날룰, 시트랄, 적색산화철 (CI 77491), 황색산화철 (CI 77492), 적색202호 (CI 15850), 흑색산화철 (CI 77499), 청색1호 (CI 42090)",홀리카홀리카(엔프라니),글로우 라이즈 밤 [06 코코 그레이프],73941,,
80g,,엔프라니(주) / 엔프라니(주),"하이드롤라이즈드콜라겐, 정제수, 사이클로펜타실록산, 사이클로헥사실록산, 부틸렌글라이콜, 글리세린, 비스-피이지-18메칠에텔디메칠실란, 폴리소르베이트20, 피이지-240/에이치디아이코폴리머비스-데실테트라데세스-20에텔, 카프릴릴글라이콜, 에칠헥실글리세린, 트로폴론, 옥수수전분, 마이크로크리스탈린셀룰로오스, 슈크로오스, 만니톨, 마이카, 티타늄디옥사이드, 토코페릴아세테이트, 적색산화철, 틴옥사이드, 아크릴레이트/C10-30알킬아크릴레이트크로스폴리머, 포타슘하이드록사이드, 아데노신, 트레할로스, 베타-글루칸, 소듐하이알루로네이트, 플라센타단백질, 페녹시에탄올, 에칠헥실글리세린, 디프로필렌글라이콜, 마치현추출물, 라즈베리추출물, 선인장줄기추출물, 귀리가루추출물, 알로에잎추출물, 로즈마리추출물, 라벤더추출물, 선백리향추출물, 윈터베고니아뿌리추출물, 제비꽃추출물, 봉선화꽃추출물, 꿀추출물, 아사이야자추출물, 바이오사카라이드검-1, 아르니카꽃추출물, 겐티아나추출물, 서양톱풀추출물, 쓴쑥추출물, 금, 디소듐이디티에이, 적색227호, 향료",홀리카홀리카(엔프라니),피그 콜라겐 젤리 팩,46280,,
1.8g,,코스맥스(주)/엔프라니(주),"마이카 (CI 77019), 티타늄디옥사이드 (CI 77891), 옥틸도데실스테아로일스테아레이트,합성플루오르플로고파이트, 다이메티콘,다이아이소스테아릴말레이트,글리세린,펜틸렌글라이콜, 실리카,마그네슘미리스테이트,나일론-12, 폴리메틸실세스퀴옥세인,폴리솔베이트20, 소듐아크릴레이트/소듐아크릴로일다이메틸타우레이트코폴리머, 마그네슘알루미늄실리케이트,솔비탄올리베이트,솔비탄스테아레이트,아이소헥사데칸,비닐다이메티콘/메티콘실세스퀴옥세인크로스폴리머, 에틸헥실글리세린, 트라이에톡시카프릴릴실레인,폴리솔베이트80,솔비탄올리에이트,토코페롤,틴옥사이드 (CI 77861),소듐데하이드로아세테이트,울트라마린 (CI 77007), 적색산화철 (CI 77491),적색226호 (CI 73360)",홀리카홀리카(엔프라니),마이페이브 피스 빔 [슈가리스],62823,,
1.8g,,코스맥스(주)/엔프라니(주),"마이카 (CI 77019), 티타늄디옥사이드 (CI 77891),옥틸도데실스테아로일스테아레이트,다이메티콘, 다이아이소스테아릴말레이트,글리세린, 펜틸렌글라이콜, 실리카, 마그네슘미리스테이트,나일론-12,폴리메틸실세스퀴옥세인,폴리솔베이트20,소듐아크릴레이트/소듐아크릴로일다이메틸타우레이트코폴리머,마그네슘알루미늄실리케이트,합성플루오르플로고파이트,솔비탄올리베이트,솔비탄스테아레이트, 아이소헥사데칸,비닐다이메티콘/메티콘실세스퀴옥세인크로스폴리머,에틸헥실글리세린, 폴리솔베이트80,트라이에톡시카프릴릴실레인,솔비탄올리에이트,토코페롤,틴옥사이드 (CI 77861), 소듐데하이드로아세테이트, 적색산화철 (CI 77491)",홀리카홀리카(엔프라니),마이페이브 피스 빔 [핑크어텐션],62822,,
100ml,,㈜엔프라니,에틸헥실팔미테이트;세틸에틸헥사노에이트;솔베스-30테트라아이소스테아레이트;합성왁스;호호바씨오일;정제수;부틸렌글라이콜;토코페릴아세테이트;소듐바이카보네이트;에틸헥실글리세린;향료;리모넨;시트랄,홀리카홀리카(엔프라니),소다톡톡 말끔모공 클리어 클렌징 밤,28817,,
1.3g,,㈜씨앤씨인터내셔널 / 엔프라니㈜,"03 피오니솝 다이아이소스테아릴말레이트, 페닐트라이메티콘, 합성왁스, 다이메티콘, 티타늄디옥사이드, 트라이메틸실록시실리케이트, 사이클로펜타실록세인, 아이소도데케인, 세틸피이지/피피지-10/1다이메티콘, 마이크로크리스탈린왁스, 트라이데실트라이멜리테이트, 실리카, 마이카, 메틸메타크릴레이트크로스폴리머 , 황색5호, 실리카다이메틸실릴레이트, 다이메티콘크로스폴리머, 적색202호, 페녹시에탄올, 흑색산화철, 메티콘, 향료, 동백나무씨오일, 코코넛야자오일, 펜타에리스리틸테트라-다이-t-부틸하이드록시하이드로신나메이트",홀리카홀리카(엔프라니),멜로우 블러링 립 펜슬 [03 피오니솝],56934,,
200ml,,코스맥스 / 엔프라니(주),"정제수,세테아릴알코올,스테아릴알코올,부틸렌글라이콜,스테아트리모늄클로라이드,동백오일,아르간트리커넬오일,사과씨오일,로얄젤리추출물,글리세린,브라시카미도프로필디메칠아민,세트리모늄클로라이드,프로필렌글라이콜,세틸에스터,하이드록시에칠셀룰로오스,아스파틱애씨드,폴리소르베이트60,바이오틴,센나씨폴리사카라이드,1,2-헥산디올,에탄올,디소듐이디티에이,소듐벤조에이트,포타슘소르베이트,페녹시에탄올,향료,황색4호 (CI 19140),황색5호 (CI 15985)",홀리카홀리카(엔프라니),비오틴 데미지 케어 트리트먼트,44891,,
10g,,한국콜마(주)/엔프라니(주),"해바라기씨오일;비즈왁스;옥틸도데칸올;폴리글리세릴-2트라이아이소스테아레이트;다이아이소스테아릴말레이트;시어버터;하이드로제네이티드폴리아이소부텐;칸데릴라왁스;토코페릴아세테이트;트라이데실트라이멜리테이트;피마자씨오일;폴리에틸렌;솔비탄올리베이트;스위트아몬드오일;모나스커스추출물;한련초추출물;당근추출물;들깨잎추출물;병풀추출물;보리지추출물;사탕무뿌리추출물;참당귀추출물;캐모마일꽃추출물;포트마리골드꽃추출물;인도멀구슬나무잎추출물;콜라겐추출물;라벤더오일;비타민나무열매오일;녹차씨오일;동백나무씨오일;아르간커넬오일;올리브오일;퀸즈랜드넛오일;호호바씨오일;알파-비사보롤;마이크로크리스탈린왁스;카프릴릭/카프릭트라이글리세라이드;솔비탄세스퀴올리에이트;토코페롤;정제수;글리세린;글라이코리피드;폴리글리세릴-10올리에이트;1,2-헥산다이올;드럼스틱씨오일;레스베라트롤;하이드롤라이즈드콜라겐;데하이드로아세틱애씨드;리날룰;리모넨",홀리카홀리카(엔프라니),퍼플콜라겐 안티링클 멀티밤,29525,,
5.5g,,"㈜코스맥스, 브러쉬:㈜백호 / 엔프라니㈜","[04 문로라] 다이메티콘, 티타늄디옥사이드 (CI 77891), 합성플루오르플로고파이트, 카프릴릴메티콘, 정제수, 파라핀, 아이소도데케인, 피이지-10다이메티콘, 칼슘알루미늄보로실리케이트, 글리세린, 부틸렌글라이콜, 폴리메틸실세스퀴옥세인, 마이카 (CI 77019), 실리카, 펜틸렌글라이콜, 합성왁스, 트라이메틸실록시실리케이트, 1,2-헥산다이올, 세틸다이메티콘, 솔비탄아이소스테아레이트, 마이크로크리스탈린왁스, 마그네슘설페이트, 수크로오스테트라스테아레이트트라이아세테이트, 다이스테아다이모늄헥토라이트, 다이메티콘/비닐다이메티콘크로스폴리머, 트라이에틸시트레이트, 에틸헥실글리세린, 트라이소듐에틸렌다이아민다이석시네이트, 틴옥사이드, 페녹시에탄올, 카민 (CI 75470)",홀리카홀리카(엔프라니),루미너스 밀크빔 팟 [04 문로라],72202,,
50ml,,㈜엔코스 / 엔프라니(주),"정제수, 카프릴릭/카프릭트라이글리세라이드, 다이프로필렌글라이콜, 글리세린, 세테아레스-6올리베이트, 나이아신아마이드, 폴리글리세릴-6옥타스테아레이트, 글리세릴베헤네이트, 하이드로제네이티드레시틴, 수박추출물, 토마토추출물, 오미자추출물, 석류추출물, 사과추출물, 비치스트로베리추출물, 수박추출물, 피이지-240/에이치디아이코폴리머비스-데실테트라데세스-20에터, 폴리글리세릴-10라우레이트, 실리카, 하이드록시아세토페논, 카프릴릴글라이콜, 부틸렌글라이콜, 폴리쿼터늄-51, 1,2-헥산다이올, 아데노신, 다이포타슘글리시리제이트, 포타슘라우레이트, 에틸헥실글리세린, 비에이치티, 황색5호, 적색2호, 다이소듐이디티에이, 향료",홀리카홀리카(엔프라니),워터멜론 아쿠아 슬리핑 마스크,44801,,
5.5g,,"㈜코스맥스, 브러쉬:㈜백호 / 엔프라니㈜","01 선피치 다이메티콘, 티타늄디옥사이드 (CI 77891), 마이카 (CI 77019), 카프릴릴메티콘, 합성플루오르플로고파이트, 파라핀, 정제수, 아이소도데케인, 피이지-10다이메티콘, 글리세린, 부틸렌글라이콜, 폴리메틸실세스퀴옥세인, 칼슘소듐보로실리케이트, 펜틸렌글라이콜, 실리카, 합성왁스, 트라이메틸실록시실리케이트, 1,2-헥산다이올, 세틸다이메티콘, 솔비탄아이소스테아레이트, 마이크로크리스탈린왁스, 마그네슘설페이트, 수크로오스테트라스테아레이트트라이아세테이트, 다이스테아다이모늄헥토라이트, 다이메티콘/비닐다이메티콘크로스폴리머, 다이아이소스테아릴말레이트, 폴리글리세릴-2트라이아이소스테아레이트, 트라이에틸시트레이트, 트라이에톡시카프릴릴실레인, 에틸헥실글리세린, 트라이소듐에틸렌다이아민다이석시네이트, 틴옥사이드, 페녹시에탄올, 황색산화철 (CI 77492), 적색산화철 (CI 77491), 카민 (CI 75470)",홀리카홀리카(엔프라니),루미너스 밀크빔 팟 [01 선피치],72199,,
3.4 g / 0.11 oz.,,코스맥스㈜/엔프라니㈜,"01 디오니 카프릴릭/카프릭트라이글리세라이드, 하이드로제네이티드폴리아이소부텐, 옥틸도데칸올, 다이펜타에리스리틸펜타아이소스테아레이트, 피토스테릴/베헤닐/옥틸도데실라우로일글루타메이트, 합성왁스, 피토스테릴/이소스테아릴/세틸/스테아릴/베헤닐다이머디리놀리에이트, 파라핀, 글리세린, 합성플루오르플로고파이트, 다이글리세릴세바케이트/아이소팔미테이트, 에틸헥실하이드록시스테아레이트, 다이아이소스테아릴말레이트, 티타늄디옥사이드 (CI 77891), 잇꽃씨오일, 사과씨오일, 쿠푸아수씨버터, 부틸렌글라이콜, 솔비탄아이소스테아레이트, 라우릴피이지-9폴리다이메틸실록시에틸다이메티콘, 에틸렌/프로필렌코폴리머, 폴리에틸렌, 스테아랄코늄헥토라이트, 폴리하이드록시스테아릭애씨드, 마이크로크리스탈린왁스, 폴리글리세릴-2트라이아이소스테아레이트, 세틸피이지/피피지-10/1다이메티콘, 프로필렌카보네이트, 에틸헥실팔미테이트, 아이소프로필미리스테이트, 아이소스테아릭애씨드, 레시틴, 폴리글리세릴-3폴리리시놀리에이트, 폴리글리세릴-2다이아이소스테아레이트, 토코페롤, 향료, 황색산화철 (CI 77492), 적색227호 (CI 17200), 흑색산화철 (CI 77499), 황색5호 (CI 15985), 청색1호 (CI 42090), 적색산화철 (CI 77491), 적색202호 (CI 15850), 적색104호의(1) (CI 45410), 청색1호 (CI 42090)",홀리카홀리카(엔프라니),타로즈 컬렉션 본듀 립 쉬어 [01 디오니],56914,,
3.4 g / 0.11 oz.,,코스맥스㈜/엔프라니㈜,"02 하츠 카프릴릭/카프릭트라이글리세라이드, 하이드로제네이티드폴리아이소부텐, 옥틸도데칸올, 다이펜타에리스리틸펜타아이소스테아레이트, 피토스테릴/베헤닐/옥틸도데실라우로일글루타메이트, 합성왁스, 피토스테릴/이소스테아릴/세틸/스테아릴/베헤닐다이머디리놀리에이트, 파라핀, 글리세린, 합성플루오르플로고파이트, 다이아이소스테아릴말레이트, 티타늄디옥사이드 (CI 77891), 다이글리세릴세바케이트/아이소팔미테이트, 잇꽃씨오일, 사과씨오일, 쿠푸아수씨버터, 부틸렌글라이콜, 솔비탄아이소스테아레이트, 라우릴피이지-9폴리다이메틸실록시에틸다이메티콘, 에틸렌/프로필렌코폴리머, 에틸헥실하이드록시스테아레이트, 폴리글리세릴-2트라이아이소스테아레이트, 폴리에틸렌, 스테아랄코늄헥토라이트, 폴리하이드록시스테아릭애씨드, 마이크로크리스탈린왁스, 세틸피이지/피피지-10/1다이메티콘, 프로필렌카보네이트, 폴리글리세릴-2다이아이소스테아레이트, 에틸헥실팔미테이트, 아이소프로필미리스테이트, 아이소스테아릭애씨드, 레시틴, 폴리글리세릴-3폴리리시놀리에이트, 토코페롤, 향료, 황색산화철 (CI 77492), 황색5호 (CI 15985), 적색202호 (CI 15850), 청색1호 (CI 42090), 적색227호 (CI 17200)",홀리카홀리카(엔프라니),타로즈 컬렉션 본듀 립 쉬어 [02 하츠],56915,,
10g,,코스맥스 / ㈜엔프라니,"다이아이소스테아릴말레이트;옥틸도데칸올;페닐프로필디메틸실록시실리케이트;트라이에틸헥사노인;폴리부텐;사과씨오일;비스-다이글리세릴폴리아실아디페이트-2;하이드로제네이티드식물성오일;합성왁스;파라핀;펜타에리스리틸테트라아이소스테아레이트;합성플루오르플로고파이트;하이드로제네이티드폴리데센;다이글리세릴세바케이트/아이소팔미테이트;트라이라우린;브이피/에이코신코폴리머;폴리에틸렌;CI 77891;실리카다이메틸실릴레이트;망고씨버터;카카오씨버터;야자씨버터;하이드롤라이즈드콜라겐;락토바실러스/콩추출물발효여과물;아세틸레이티드수크로오스다이스테아레이트;카프릴릭/카프릭트라이글리세라이드;에틸렌/프로필렌코폴리머;실리카;마이크로크리스탈린왁스;스테아랄코늄헥토라이트;카프릴릴글라이콜;글리세릴카프릴레이트;프로필렌카보네이트;트라이에톡시카프릴릴실레인;펜타에리스리틸테트라-다이-t-부틸하이드록시하이드로신나메이트;정제수;다이프로필렌글라이콜;1,2-헥산다이올;토코페롤;CI 77861;CI 77019;CI 77491",홀리카홀리카(엔프라니),버터 앤 베터 컬렉션 버터멜팅 하이라이터,28545,,
5g,,(주)코스메카코리아/엔프라니(주),"카올린, 다이메티콘, 폴리프로필실세스퀴옥세인, 페닐트라이메티콘, 티타늄디옥사이드, 비닐다이메티콘/메티콘실세스퀴옥세인크로스폴리머, 폴리글리세릴-2트라이아이소스테아레이트, 에이치디아이/트라이메틸올헥실락톤크로스폴리머, 합성왁스, 브이피/헥사데센코폴리머, 마이크로크리스탈린왁스, 합성비즈왁스, 폴리글리세릴-6폴리리시놀리에이트, 다이아이소스테아릴말레이트, 다이메티콘크로스폴리머, 메틸메타크릴레이트크로스폴리머, 라우릴폴리글리세릴-3폴리다이메틸실록시에틸다이메티콘, 1,2-헥산다이올, 적색104호의(1), 에틸렌/프로필렌코폴리머, 토코페릴아세테이트, 적색산화철, 카프릴릴글라이콜, 실리카, 청색1호, 에틸헥실글리세린, 흑색산화철, 토코페롤",홀리카홀리카(엔프라니),틴티드 밀크 크림 블러쉬 [04 러브야],74743,,
200ml,,엔프라니(주) / 엔프라니(주),"정제수;1,2-헥산다이올;메틸프로판다이올;글리세레스-26;알로에베라잎추출물;엑토인;알로에베라잎즙;알란토인;레몬밤잎추출물;병풀추출물;참마뿌리추출물;다시마추출물;프로판다이올;석시노글리칸;폴리글리세릴-10라우레이트;펜틸렌글라이콜;자일리톨;글리세린;다이소듐이디티에이;에틸헥실글리세린;소듐벤조에이트;시트릭애씨드;향료",홀리카홀리카(엔프라니),알로에 수딩 에센스 98% 착즙 토너,26745,,
9ml,,한국콜마㈜ / ㈜엔프라니,"정제수;에탄올;브이피/브이에이코폴리머;피브이피;부틸렌글라이콜;폴리비닐알코올;1,2-헥산다이올;암모늄아크릴로일다이메틸타우레이트/브이피코폴리머;소듐하이알루로네이트;자작나무수액;에틸헥실글리세린;트로메타민;바이오틴;아라비아고무나무검;토코페롤;판테놀;하이드롤라이즈드하이알루로닉애씨드;하이드롤라이즈드케라틴;류코노스톡/무발효여과물",홀리카홀리카(엔프라니),브로우 코렉팅 쉐이퍼 [01 클리어],26907,,
2g,,㈜코스메카코리아 / 엔프라니㈜,"티타늄디옥사이드, 아이소노닐아이소노나노에이트, 트라이에틸헥사노인, 다이아이소스테아릴말레이트, 다이펜타에리스리틸헥사하이드록시스테아레이트/헥사스테아레이트/헥사로지네이트, 폴리메틸실세스퀴옥세인, 합성왁스, 마이크로크리스탈린왁스, 비닐다이메티콘/메티콘실세스퀴옥세인크로스폴리머, 황색산화철, 솔비탄올리베이트, 실리카, 카프릴릭/카프릭트라이글리세라이드, 폴리글리세릴-6폴리리시놀리에이트, 솔비탄아이소스테아레이트, 알루미늄하이드록사이드, 적색산화철, 브이피/헥사데센코폴리머, 흑색산화철, 1,2-헥산다이올, 비스-베헤닐/아이소스테아릴/피토스테릴다이머다이리놀레일다이머다이리놀리에이트, 스테아랄코늄헥토라이트, 향료, 트라이에톡시카프릴릴실레인, 카프릴릴글라이콜, 프로필렌카보네이트, 에틸헥실글리세린, 펜타에리스리틸테트라-다이-t-부틸하이드록시하이드로신나메이트, 에틸렌/프로필렌코폴리머, 라우레스-4, 정제수, 하이드롤라이즈드하이알루로닉애씨드, 아세틸헥사펩타이드-8",홀리카홀리카(엔프라니),마이페이브 피스 컨실러 [10로지],73996,,
2g,,㈜코스메카코리아 / 엔프라니㈜,"티타늄디옥사이드, 아이소노닐아이소노나노에이트, 트라이에틸헥사노인, 다이아이소스테아릴말레이트, 다이펜타에리스리틸헥사하이드록시스테아레이트/헥사스테아레이트/헥사로지네이트, 폴리메틸실세스퀴옥세인, 합성왁스, 마이크로크리스탈린왁스, 비닐다이메티콘/메티콘실세스퀴옥세인크로스폴리머, 황색산화철, 솔비탄올리베이트, 실리카, 카프릴릭/카프릭트라이글리세라이드, 폴리글리세릴-6폴리리시놀리에이트, 솔비탄아이소스테아레이트, 알루미늄하이드록사이드, 적색산화철, 브이피/헥사데센코폴리머, 1,2-헥산다이올, 흑색산화철, 비스-베헤닐/아이소스테아릴/피토스테릴다이머다이리놀레일다이머다이리놀리에이트, 스테아랄코늄헥토라이트, 향료, 트라이에톡시카프릴릴실레인, 카프릴릴글라이콜, 프로필렌카보네이트, 에틸헥실글리세린, 펜타에리스리틸테트라-다이-t-부틸하이드록시하이드로신나메이트, 에틸렌/프로필렌코폴리머, 라우레스-4, 정제수, 하이드롤라이즈드하이알루로닉애씨드, 아세틸헥사펩타이드-8",홀리카홀리카(엔프라니),마이페이브 피스 컨실러 [09아이보리],73995,,
2g,,㈜코스메카코리아 / 엔프라니㈜,"티타늄디옥사이드, 아이소노닐아이소노나노에이트, 트라이에틸헥사노인, 다이아이소스테아릴말레이트, 다이펜타에리스리틸헥사하이드록시스테아레이트/헥사스테아레이트/헥사로지네이트, 황색산화철, 폴리메틸실세스퀴옥세인, 합성왁스, 마이크로크리스탈린왁스, 비닐다이메티콘/메티콘실세스퀴옥세인크로스폴리머, 솔비탄올리베이트, 실리카, 카프릴릭/카프릭트라이글리세라이드, 폴리글리세릴-6폴리리시놀리에이트, 솔비탄아이소스테아레이트, 알루미늄하이드록사이드, 적색산화철, 브이피/헥사데센코폴리머, 흑색산화철, 1,2-헥산다이올, 비스-베헤닐/아이소스테아릴/피토스테릴다이머다이리놀레일다이머다이리놀리에이트, 스테아랄코늄헥토라이트, 향료, 트라이에톡시카프릴릴실레인, 카프릴릴글라이콜, 프로필렌카보네이트, 에틸헥실글리세린, 펜타에리스리틸테트라-다이-t-부틸하이드록시하이드로신나메이트, 에틸렌/프로필렌코폴리머, 라우레스-4, 정제수, 하이드롤라이즈드하이알루로닉애씨드, 아세틸헥사펩타이드-8",홀리카홀리카(엔프라니),마이페이브 피스 컨실러 [11샌드],73997,,
3.4 g / 0.11 oz.,,코스맥스㈜/엔프라니㈜,"04 로사 카프릴릭/카프릭트라이글리세라이드, 하이드로제네이티드폴리아이소부텐, 옥틸도데칸올, 다이펜타에리스리틸펜타아이소스테아레이트, 피토스테릴/베헤닐/옥틸도데실라우로일글루타메이트, 합성왁스, 피토스테릴/이소스테아릴/세틸/스테아릴/베헤닐다이머디리놀리에이트, 파라핀, 글리세린, 합성플루오르플로고파이트, 다이아이소스테아릴말레이트, 다이글리세릴세바케이트/아이소팔미테이트, 티타늄디옥사이드 (CI 77891), 에틸헥실하이드록시스테아레이트, 잇꽃씨오일, 사과씨오일, 쿠푸아수씨버터, 부틸렌글라이콜, 솔비탄아이소스테아레이트, 라우릴피이지-9폴리다이메틸실록시에틸다이메티콘, 에틸렌/프로필렌코폴리머, 폴리글리세릴-2트라이아이소스테아레이트, 폴리에틸렌, 스테아랄코늄헥토라이트, 폴리하이드록시스테아릭애씨드, 마이크로크리스탈린왁스, 세틸피이지/피피지-10/1다이메티콘, 프로필렌카보네이트, 에틸헥실팔미테이트, 아이소프로필미리스테이트, 아이소스테아릭애씨드, 레시틴, 폴리글리세릴-3폴리리시놀리에이트, 토코페롤, 향료, 황색산화철 (CI 77492), 적색227호 (CI 17200), 황색5호 (CI 15985), 흑색산화철 (CI 77499)",홀리카홀리카(엔프라니),타로즈 컬렉션 본듀 립 쉬어 [04 로사],56917,,
5.5g,,"㈜코스맥스, 브러쉬:㈜백호 / 엔프라니㈜","[05 플러밋] 다이메티콘, 합성플루오르플로고파이트, 티타늄디옥사이드 (CI 77891), 카프릴릴메티콘, 정제수, 파라핀, 아이소도데케인, 칼슘알루미늄보로실리케이트, 피이지-10다이메티콘, 실리카, 글리세린, 부틸렌글라이콜, 폴리메틸실세스퀴옥세인, 마이카 (CI 77019), 펜틸렌글라이콜, 합성왁스, 트라이메틸실록시실리케이트, 1,2-헥산다이올, 세틸다이메티콘, 솔비탄아이소스테아레이트, 마이크로크리스탈린왁스, 마그네슘설페이트, 수크로오스테트라스테아레이트트라이아세테이트, 다이스테아다이모늄헥토라이트, 다이메티콘/비닐다이메티콘크로스폴리머, 트라이에틸시트레이트, 에틸헥실글리세린, 트라이소듐에틸렌다이아민다이석시네이트, 트라이에톡시카프릴릴실레인, 틴옥사이드, 페녹시에탄올, 카민 (CI 75470)",홀리카홀리카(엔프라니),루미너스 밀크빔 팟 [05 플러밋],72203,,
2g,,㈜코스메카코리아 / 엔프라니㈜,"다이메티콘, 실리카, 카프릴릭/카프릭트라이글리세라이드, 탤크, 폴리메틸실세스퀴옥세인, 다이메티콘/비닐다이메티콘크로스폴리머, 메티콘, 1,2-헥산다이올, 라우로일라이신, 울트라마린, 향료, 카올린, 트라이에톡시카프릴릴실레인, 정제수, 에틸헥실글리세린, 하이드롤라이즈드하이알루로닉애씨드, 아세틸헥사펩타이드-8",홀리카홀리카(엔프라니),마이페이브 피스 컨실러 [02젤로베리],73948,,
2g,,㈜코스메카코리아 / 엔프라니㈜,"티타늄디옥사이드, 카프릴릭/카프릭트라이글리세라이드, 옥틸도데칸올, 트라이에틸헥사노인, 실리카, 합성왁스, 다이아이소스테아릴말레이트, 마이크로크리스탈린왁스, 다이펜타에리스리틸헥사하이드록시스테아레이트/헥사스테아레이트/헥사로지네이트, 솔비탄올리베이트, 마이카, 황색산화철, 하이드로제네이티드폴리아이소부텐, 폴리글리세릴-6폴리리시놀리에이트, 솔비탄세스퀴올리에이트, 브이피/헥사데센코폴리머, 알루미늄하이드록사이드, 스테아랄코늄헥토라이트, 다이스테아다이모늄헥토라이트, 1,2-헥산다이올, 향료, 프로필렌카보네이트, 카프릴릴글라이콜, 에틸헥실글리세린, 펜타에리스리틸테트라-다이-t-부틸하이드록시하이드로신나메이트, 정제수, 흑색산화철, 적색산화철, 하이드롤라이즈드하이알루로닉애씨드, 아세틸헥사펩타이드-8",홀리카홀리카(엔프라니),마이페이브 피스 컨실러 [05크림레몬],73991,,
2g,,㈜코스메카코리아 / 엔프라니㈜,"카프릴릭/카프릭트라이글리세라이드, 티타늄디옥사이드, 옥틸도데칸올, 트라이에틸헥사노인, 합성왁스, 실리카, 다이아이소스테아릴말레이트, 마이크로크리스탈린왁스, 다이펜타에리스리틸헥사하이드록시스테아레이트/헥사스테아레이트/헥사로지네이트, 마이카, 폴리글리세릴-6폴리리시놀리에이트, 솔비탄올리베이트, 브이피/헥사데센코폴리머, 황색산화철, 하이드로제네이티드폴리아이소부텐, 적색산화철, 솔비탄세스퀴올리에이트, 스테아랄코늄헥토라이트, 알루미늄하이드록사이드, 다이스테아다이모늄헥토라이트, 트라이에톡시카프릴릴실레인, 1,2-헥산다이올, 향료, 프로필렌카보네이트, 카프릴릴글라이콜, 에틸헥실글리세린, 펜타에리스리틸테트라-다이-t-부틸하이드록시하이드로신나메이트, 흑색산화철, 정제수, 하이드롤라이즈드하이알루로닉애씨드, 아세틸헥사펩타이드-8",홀리카홀리카(엔프라니),마이페이브 피스 컨실러 [04피치샐먼],73990,,
5g,,(주)코스메카코리아/엔프라니(주),"카올린, 다이메티콘, 폴리프로필실세스퀴옥세인, 페닐트라이메티콘, 티타늄디옥사이드, 비닐다이메티콘/메티콘실세스퀴옥세인크로스폴리머, 폴리글리세릴-2트라이아이소스테아레이트, 에이치디아이/트라이메틸올헥실락톤크로스폴리머, 합성왁스, 브이피/헥사데센코폴리머, 마이크로크리스탈린왁스, 합성비즈왁스, 폴리글리세릴-6폴리리시놀리에이트, 다이메티콘크로스폴리머, 다이아이소스테아릴말레이트, 메틸메타크릴레이트크로스폴리머, 라우릴폴리글리세릴-3폴리다이메틸실록시에틸다이메티콘, 1,2-헥산다이올, 적색산화철, 에틸렌/프로필렌코폴리머, 토코페릴아세테이트, 적색104호의(1), 카프릴릴글라이콜, 실리카, 황색4호, 에틸헥실글리세린, 청색1호, 흑색산화철, 토코페롤",홀리카홀리카(엔프라니),틴티드 밀크 크림 블러쉬 [03 헤이버니],74742,,
2g,,㈜코스메카코리아 / 엔프라니㈜,"카프릴릭/카프릭트라이글리세라이드, 티타늄디옥사이드, 옥틸도데칸올, 트라이에틸헥사노인, 합성왁스, 실리카, 울트라마린, 다이아이소스테아릴말레이트, 마이크로크리스탈린왁스, 다이펜타에리스리틸헥사하이드록시스테아레이트/헥사스테아레이트/헥사로지네이트, 마이카, 폴리글리세릴-6폴리리시놀리에이트, 솔비탄올리베이트, 브이피/헥사데센코폴리머, 하이드로제네이티드폴리아이소부텐, 솔비탄세스퀴올리에이트, 스테아랄코늄헥토라이트, 알루미늄하이드록사이드, 트라이에톡시카프릴릴실레인, 다이스테아다이모늄헥토라이트, 1,2-헥산다이올, 카올린, 향료, 프로필렌카보네이트, 카프릴릴글라이콜, 적색산화철, 에틸헥실글리세린, 펜타에리스리틸테트라-다이-t-부틸하이드록시하이드로신나메이트, 정제수, 하이드롤라이즈드하이알루로닉애씨드, 아세틸헥사펩타이드-8",홀리카홀리카(엔프라니),마이페이브 피스 컨실러 [06라벤더헤이즈],73992,,
120ml,,한국콜마/엔프라니(주),"정제수, 메칠프로판디올, 펜틸렌글라이콜, 느릅나무뿌리추출물, 줄맨드라미씨추출물, 병풀추출물, 무화과추출물, 베르가모트열매오일, 하이드로제네이티드레시틴,라벤더오일, 레몬그라스오일,오렌지오일, 캐모마일꽃오일, 센티드제라늄꽃오일, 글리세린, 디페닐디메치콘, 트리에칠헥사노인, 데실글루코사이드, 폴리글리세릴-10미리스테이트, 바실러스발효물, 소듐시트레이트, 시트릭애씨드,디소듐이디티에이, 디프로필렌글라이콜,부틸렌글라이콜,알테로모나스발효여과물,세라마이드엔피(7,600ppb), 소듐라우로일락틸레이트, 글리세릴아미도에칠메타크릴레이트/스테아릴메타크릴레이트코폴리머, 세라마이드에이피(55ppb), 콜레스테롤, 잔탄검, 카보머, 세라마이드이오피(0.1ppb), 피토스핑고신, 에칠헥실글리세린",홀리카홀리카(엔프라니),굳세라 수퍼 세라마이드 미스트,77338,,
90ml,,엔프라니(주),"정제수, 글리세린, 다이메티콘, 부틸렌글라이콜, 1,2-헥산다이올, 글리세레스-26, 꿀추출물, 아세로라추출물, 알지닌, 카보머, 아크릴레이트/C10-30알킬아크릴레이트크로스폴리머, 피이지-2M, 하이드로제네이티드레시틴, 수크로오스다이스테아레이트, 다이포타슘글리시리제이트, 쇠비름추출물, 소듐폴리아크릴레이트, 에틸헥실글리세린, 다이소듐이디티에이, 카라멜, 황색4호, 적색227호, 향료",홀리카홀리카(엔프라니),꿀피부 슬리핑 팩 [아세로라꿀],56008,,
0.5 g,,코스맥스 / 엔프라니(주),"정제수, 부틸렌글라이콜, 아크릴레이트/옥틸아크릴아마이드코폴리머, 디글리세린, 접시꽃추출물, 라우레스-25, 디에칠헥실소듐설포석시네이트, 아미노메칠프로판올, 에칠헥실글리세린, 변성알코올, 페녹시에탄올, 황색4호 (CI 19140), 적색227호 (CI 17200), 청색1호 (CI 42090)",홀리카홀리카(엔프라니),홀리팝 쌍테라이너 [오리지널],9427,,
50ml,,엔프라니(주)/엔프라니(주),"정제수, 세틸에틸헥사노에이트, 에틸헥실스테아레이트, 세테아릴알코올, 1,2-헥산다이올, 폴리글리세릴-3다이스테아레이트, 부틸렌글라이콜, 글리세릴스테아레이트, 글리세린, 다이메티콘, 마카다미아씨오일, 메도우폼씨오일, 해바라기씨오일, 스위트아몬드오일, 시어버터, 세라마이드엔피(220,000 ppb), 세라마이드에이피(1,100 ppb), 세라마이드이오피(100 ppb), 세테아릴올리베이트, 소듐폴리아크릴로일다이메틸타우레이트, 트레할로오스, 솔비탄올리베이트, 팔미틱애씨드, 사이클로펜타실록세인, 하이드로제네이티드폴리데센, 스테아릭애씨드, 베타인, 알지닌, 글리세릴스테아레이트시트레이트, 아크릴레이트/C10-30알킬아크릴레이트크로스폴리머, 알란토인, 에틸헥실아이소노나노에이트, 카보머, 토코페릴아세테이트, 폴리쿼터늄-51, 피토스테릴/이소스테아릴/세틸/스테아릴/베헤닐다이머디리놀리에이트, 글리세릴폴리메타크릴레이트, 돌콩스테롤, 하이드록시프로필비스팔미타마이드엠이에이, 트라이데세스-10, 메도우폼에스톨라이드, 카프릴릭/카프릭트라이글리세라이드, 세테아릴글루코사이드, 다이프로필렌글라이콜, 하이드로제네이티드레시틴, 글라이코스핑고리피드, 글리세릴시트레이트/락테이트/리놀리에이트/올리에이트, 세테아레스-20, 소듐하이알루로네이트, 카카오추출물, 알류리틱애씨드, 효모추출물, 라벤더오일, 레몬그라스잎오일, 자몽껍질오일, 센티드제라늄오일, 오렌지껍질오일, 단향오일, 광곽향오일, 마트리카리아꽃오일, 글라이코프로테인, 알테로모나스발효추출물, 글리세릴아미도에틸메타크릴레이트/스테아릴메타크릴레이트코폴리머, 글루코오스, 프로필렌글라이콜, 바실러스발효물, 토코페롤, 다이소듐이디티에이, 덱스트린, 에틸헥실글리세린, 리모넨, 리날룰, 시트로넬올",홀리카홀리카(엔프라니),굳세라 수퍼 세라마이드 핸드크림,48433,,
90ml,,엔프라니(주),"정제수, 글리세린, 다이메티콘, 부틸렌글라이콜, 1,2-헥산다이올, 글리세레스-26, 꿀추출물, 로우스위트블루베리추출물, 알지닌, 하이드로제네이티드캐스터오일아이소스테아레이트, 카보머, 하이드로제네이티드레시틴, 아크릴레이트/C10-30알킬아크릴레이트크로스폴리머, 피이지-2M, 수크로오스다이스테아레이트, 다이포타슘글리시리제이트, 쇠비름추출물, 소듐폴리아크릴레이트, 다이소듐이디티에이, 카라멜, 황색5호, 적색227호, 에틸헥실글리세린, 향료",홀리카홀리카(엔프라니),꿀피부 슬리핑 팩 [블루베리꿀],56009,,
5g,,(주)코스메카코리아/엔프라니(주),"카올린, 다이메티콘, 폴리프로필실세스퀴옥세인, 페닐트라이메티콘, 티타늄디옥사이드, 폴리글리세릴-2트라이아이소스테아레이트, 비닐다이메티콘/메티콘실세스퀴옥세인크로스폴리머, 에이치디아이/트라이메틸올헥실락톤크로스폴리머, 합성왁스, 브이피/헥사데센코폴리머, 마이크로크리스탈린왁스, 다이아이소스테아릴말레이트, 합성비즈왁스, 폴리글리세릴-6폴리리시놀리에이트, 적색104호의(1), 다이메티콘크로스폴리머, 메틸메타크릴레이트크로스폴리머, 라우릴폴리글리세릴-3폴리다이메틸실록시에틸다이메티콘, 1,2-헥산다이올, 에틸렌/프로필렌코폴리머, 토코페릴아세테이트, 카프릴릴글라이콜, 실리카, 황색4호, 에틸헥실글리세린, 토코페롤",홀리카홀리카(엔프라니),틴티드 밀크 크림 블러쉬 [05 프리티쿨],74744,,
5g,,코스맥스아이큐어㈜/ 엔프라니㈜,"정제수, 글리세린, 부틸렌글라이콜, 코코넛야자오일, 글리세레스-26, 나이아신아마이드, 아이리쉬모스가루, 1,2-헥산다이올, 캐롭검, 다이프로필렌글라이콜, 하이드록시아세토페논, 폴리아크릴레이트-13, 잔탄검, 폴리글리세릴-3메틸글루코오스다이스테아레이트, 베타인, 하이드로제네이티드폴리아이소부텐, 판테놀, 글루코만난, 포타슘클로라이드, 셀룰로오스검 , 알란토인, 소듐폴리아크릴레이트, 아데노신, 한련초추출물, 폴리글리세릴-10라우레이트, 다이포타슘글리시리제이트, 에틸헥실팔미테이트, 에틸헥실글리세린, 메틸프로판다이올, 솔비탄아이소스테아레이트, 하이드롤라이즈드콜라겐(100ppm), 인도멀구슬나무잎추출물, 드럼스틱씨오일, 소듐하이알루로네이트, 토코페롤, 아세틸헥사펩타이드-8, 카퍼트라이펩타이드-1, 팔미토일펜타펩타이드-4, 아세틸테트라펩타이드-5, 팔미토일테트라펩타이드-7, 콜라겐추출물(0.00001ppm), 팔미토일트라이펩타이드-1",홀리카홀리카(엔프라니),더 리얼 겔 마스크 [콜라겐],75002,,
5g,,(주)코스메카코리아/엔프라니(주),"카올린, 다이메티콘, 폴리프로필실세스퀴옥세인, 페닐트라이메티콘, 티타늄디옥사이드, 비닐다이메티콘/메티콘실세스퀴옥세인크로스폴리머, 폴리글리세릴-2트라이아이소스테아레이트, 에이치디아이/트라이메틸올헥실락톤크로스폴리머, 합성왁스, 브이피/헥사데센코폴리머, 마이크로크리스탈린왁스, 합성비즈왁스, 폴리글리세릴-6폴리리시놀리에이트, 다이메티콘크로스폴리머, 다이아이소스테아릴말레이트, 메틸메타크릴레이트크로스폴리머, 라우릴폴리글리세릴-3폴리다이메틸실록시에틸다이메티콘, 1,2-헥산다이올, 에틸렌/프로필렌코폴리머, 토코페릴아세테이트, 적색산화철, 흑색산화철, 카프릴릴글라이콜, 황색산화철, 적색104호의(1), 실리카, 적색202호, 에틸헥실글리세린, 청색1호, 토코페롤",홀리카홀리카(엔프라니),틴티드 밀크 크림 블러쉬 [06 타로라떼],74745,,
9ml,,한국콜마㈜ / ㈜엔프라니,"정제수;사이클로펜타실록세인;트라이메틸실록시실리케이트;탤크;메틸메타크릴레이트크로스폴리머;피이지-10다이메티콘;티타늄다이옥사이드;다이메티콘/비닐다이메티콘크로스폴리머;메틸트라이메티콘;메틸프로판다이올;펜틸렌글라이콜;마그네슘설페이트;다이스테아다이모늄헥토라이트;다이메티콘;1,2-헥산다이올;실리카다이메틸실릴레이트;트라이에톡시카프릴릴실레인;에틸헥실글리세린;알루미늄하이드록사이드;토코페롤;바이오틴;아라비아고무나무검;카카오씨버터;판테놀;하이드롤라이즈드케라틴;류코노스톡/무발효여과물;황색산화철;흑색산화철;적색산화철",홀리카홀리카(엔프라니),브로우 코렉팅 쉐이퍼 [03 내추럴브라운],26909,,
170ml,,엔프라니㈜,"정제수;판테놀;부틸렌글라이콜;글리세레스-26;1,2-헥산다이올;글리세린;다이프로필렌글라이콜;프로판다이올;폴리글리세릴-10라우레이트;카보머;알란토인;알지닌;에틸헥실글리세린;다이소듐이디티에이;소듐하이알루로네이트;하이드로제네이티드레시틴;솔비탄올리베이트;세테아릴올리베이트",홀리카홀리카(엔프라니),레스온스킨 판테바이블 비건 토너,34392,,
3.4 g / 0.11 oz.,,코스맥스㈜/엔프라니㈜,"05 블러싱 카프릴릭/카프릭트라이글리세라이드, 하이드로제네이티드폴리아이소부텐, 옥틸도데칸올, 다이펜타에리스리틸펜타아이소스테아레이트, 피토스테릴/베헤닐/옥틸도데실라우로일글루타메이트, 합성왁스, 피토스테릴/이소스테아릴/세틸/스테아릴/베헤닐다이머디리놀리에이트, 파라핀, 글리세린, 합성플루오르플로고파이트, 다이글리세릴세바케이트/아이소팔미테이트, 다이아이소스테아릴말레이트, 에틸헥실하이드록시스테아레이트, 잇꽃씨오일, 사과씨오일, 쿠푸아수씨버터, 부틸렌글라이콜, 솔비탄아이소스테아레이트, 라우릴피이지-9폴리다이메틸실록시에틸다이메티콘, 에틸렌/프로필렌코폴리머, 폴리글리세릴-2트라이아이소스테아레이트, 폴리에틸렌, 스테아랄코늄헥토라이트, 폴리하이드록시스테아릭애씨드, 마이크로크리스탈린왁스, 폴리글리세릴-2다이아이소스테아레이트, 세틸피이지/피피지-10/1다이메티콘, 프로필렌카보네이트, 에틸헥실팔미테이트, 아이소프로필미리스테이트, 아이소스테아릭애씨드, 레시틴, 폴리글리세릴-3폴리리시놀리에이트, 토코페롤, 향료, 티타늄디옥사이드 (CI 77891), 적색202호 (CI 15850), 황색산화철 (CI 77492), 황색5호 (CI 15985), 청색1호 (CI 42090), 적색산화철 (CI 77491), 황색4호 (CI 19140), 흑색산화철 (CI 77499), 적색104호의(1) (CI 45410)",홀리카홀리카(엔프라니),타로즈 컬렉션 본듀 립 쉬어 [05 블러싱],56918,,
0.5g,,코스맥스(주)/엔프라니(주),"정제수;부틸렌글라이콜;아크릴레이트/옥틸아크릴아마이드코폴리머;다이글리세린;콩추출물;백미꽃추출물;접시꽃추출물;라우레스-25;다이에틸헥실소듐설포석시네이트;아미노메틸프로판올;글리세린;에틸헥실글리세린;다이페닐다이메티콘;트라이에틸헥사노인;1,2-헥산다이올;하이드로제네이티드레시틴;펜틸렌글라이콜;옥탄다이올;변성알코올;페녹시에탄올;CI 19140;CI 17200;CI 42090",홀리카홀리카(엔프라니),홀리팝 쌍테라이너 [인텐스],30638,,
9ml,,한국콜마㈜ / ㈜엔프라니,"정제수;프로판다이올;카나우바왁스;아크릴레이트코폴리머;해바라기씨왁스;피브이피;C14-22알코올;팔미틱애씨드;실리카;호호바에스터;1,2-헥산다이올;스테아릭애씨드;펜틸렌글라이콜;티타늄다이옥사이드;트로메타민;하이드로제네이티드폴리아이소부텐;합성플루오르플로고파이트;폴리솔베이트60;C12-20알킬글루코사이드;에탄올;다이메티콘;소듐폴리아크릴로일다이메틸타우레이트;에틸헥실글리세린;다이소듐이디티에이;잔탄검;소듐데하이드로아세테이트;미리스틱애씨드;글루코오스;토코페롤;바이오틴;아라비아고무나무검;카카오씨버터;판테놀;하이드롤라이즈드케라틴;류코노스톡/무발효여과물;황색산화철;흑색산화철;적색산화철;울트라마린",홀리카홀리카(엔프라니),브로우 코렉팅 쉐이퍼 [02 다크브라운],26908,,
2g,,㈜코스메카코리아 / 엔프라니㈜,"카프릴릭/카프릭트라이글리세라이드, 티타늄디옥사이드, 옥틸도데칸올, 트라이에틸헥사노인, 합성왁스, 실리카, 다이아이소스테아릴말레이트, 마이크로크리스탈린왁스, 다이펜타에리스리틸헥사하이드록시스테아레이트/헥사스테아레이트/헥사로지네이트, 마이카, 폴리글리세릴-6폴리리시놀리에이트, 솔비탄올리베이트, 브이피/헥사데센코폴리머, 하이드로제네이티드폴리아이소부텐, 솔비탄세스퀴올리에이트, 스테아랄코늄헥토라이트, 적색산화철, 알루미늄하이드록사이드, 다이스테아다이모늄헥토라이트, 1,2-헥산다이올, 트라이에톡시카프릴릴실레인, 황색산화철, 향료, 프로필렌카보네이트, 카프릴릴글라이콜, 에틸헥실글리세린, 펜타에리스리틸테트라-다이-t-부틸하이드록시하이드로신나메이트, 흑색산화철, 정제수, 하이드롤라이즈드하이알루로닉애씨드, 아세틸헥사펩타이드-8",홀리카홀리카(엔프라니),마이페이브 피스 컨실러 [03핑크샐먼],73949,,
2g,,㈜코스메카코리아 / 엔프라니㈜,"티타늄디옥사이드, 카프릴릭/카프릭트라이글리세라이드, 옥틸도데칸올, 트라이에틸헥사노인, 실리카, 합성왁스, 마이카, 다이아이소스테아릴말레이트, 마이크로크리스탈린왁스, 다이펜타에리스리틸헥사하이드록시스테아레이트/헥사스테아레이트/헥사로지네이트, 황색산화철, 솔비탄올리베이트, 하이드로제네이티드폴리아이소부텐, 폴리글리세릴-6폴리리시놀리에이트, 솔비탄세스퀴올리에이트, 브이피/헥사데센코폴리머, 크로뮴옥사이드그린, 알루미늄하이드록사이드, 스테아랄코늄헥토라이트, 다이스테아다이모늄헥토라이트, 흑색산화철, 1,2-헥산다이올, 울트라마린, 향료, 프로필렌카보네이트, 카프릴릴글라이콜, 적색산화철, 에틸헥실글리세린, 펜타에리스리틸테트라-다이-t-부틸하이드록시하이드로신나메이트, 카올린, 정제수, 하이드롤라이즈드하이알루로닉애씨드, 아세틸헥사펩타이드-8",홀리카홀리카(엔프라니),마이페이브 피스 컨실러 [08그린티무스],73994,,
1.5g,,㈜코스메카코리아 / 엔프라니㈜,"다이메티콘, 다이메티콘크로스폴리머, 카프릴릭/카프릭트라이글리세라이드, 마이크로크리스탈린왁스, 파라핀, 합성비즈왁스, 에이치디아이/트라이메틸올헥실락톤크로스폴리머, 다이메티콘/비닐다이메티콘크로스폴리머, 카올린, 폴리글리세릴-6폴리리시놀리에이트, 라우릴폴리글리세릴-3폴리다이메틸실록시에틸다이메티콘, 1,2-헥산다이올, 향료, 카프릴릴글라이콜, 에틸헥실글리세린, 펜타에리스리틸테트라-다이-t-부틸하이드록시하이드로신나메이트, 실리카, 정제수, 토코페롤, 하이드롤라이즈드하이알루로닉애씨드, 아세틸헥사펩타이드-8",홀리카홀리카(엔프라니),마이페이브 피스 컨실러 [01스노우베일],73947,,
2g,,㈜코스메카코리아 / 엔프라니㈜,"트라이에틸헥사노인, 다이메티콘, 티타늄디옥사이드, 실리카, 마이카, 합성왁스, 폴리아이소부텐, 다이아이소스테아릴말레이트, 다이펜타에리스리틸헥사하이드록시스테아레이트/헥사스테아레이트/헥사로지네이트, 마이크로크리스탈린왁스, 솔비탄올리베이트, 카프릴릭/카프릭트라이글리세라이드, 비닐다이메티콘/메티콘실세스퀴옥세인크로스폴리머, 세틸피이지/피피지-10/1다이메티콘, 폴리글리세릴-6폴리리시놀리에이트, 흑색산화철, 황색산화철, 적색산화철, 트라이에톡시카프릴릴실레인, 1,2-헥산다이올, 스테아랄코늄헥토라이트, 다이스테아다이모늄헥토라이트, 알루미늄하이드록사이드, 향료, 프로필렌카보네이트, 카프릴릴글라이콜, 에틸헥실글리세린, 펜타에리스리틸테트라-다이-t-부틸하이드록시하이드로신나메이트, 정제수, 하이드롤라이즈드하이알루로닉애씨드, 아세틸헥사펩타이드-8",홀리카홀리카(엔프라니),마이페이브 피스 컨실러 [12그레이지],73998,,
5g,,(주)코스메카코리아/엔프라니(주),"카올린, 다이메티콘, 폴리프로필실세스퀴옥세인, 페닐트라이메티콘, 티타늄디옥사이드, 비닐다이메티콘/메티콘실세스퀴옥세인크로스폴리머, 폴리글리세릴-2트라이아이소스테아레이트, 에이치디아이/트라이메틸올헥실락톤크로스폴리머, 합성왁스, 브이피/헥사데센코폴리머, 마이크로크리스탈린왁스, 합성비즈왁스, 폴리글리세릴-6폴리리시놀리에이트, 다이아이소스테아릴말레이트, 다이메티콘크로스폴리머, 메틸메타크릴레이트크로스폴리머, 라우릴폴리글리세릴-3폴리다이메틸실록시에틸다이메티콘, 1,2-헥산다이올, 적색산화철, 에틸렌/프로필렌코폴리머, 토코페릴아세테이트, 황색4호, 카프릴릴글라이콜, 실리카, 흑색산화철, 에틸헥실글리세린, 적색202호, 토코페롤",홀리카홀리카(엔프라니),틴티드 밀크 크림 블러쉬 [07 로지오트],74746,,
2g,,㈜코스메카코리아 / 엔프라니㈜,"티타늄디옥사이드, 카프릴릭/카프릭트라이글리세라이드, 옥틸도데칸올, 트라이에틸헥사노인, 실리카, 합성왁스, 다이아이소스테아릴말레이트, 합성플루오르플로고파이트, 마이크로크리스탈린왁스, 다이펜타에리스리틸헥사하이드록시스테아레이트/헥사스테아레이트/헥사로지네이트, 솔비탄올리베이트, 하이드로제네이티드폴리아이소부텐, 폴리글리세릴-6폴리리시놀리에이트, 솔비탄세스퀴올리에이트, 브이피/헥사데센코폴리머, 알루미늄하이드록사이드, 스테아랄코늄헥토라이트, 적색산화철, 마이카, 다이스테아다이모늄헥토라이트, 1,2-헥산다이올, 향료, 프로필렌카보네이트, 카프릴릴글라이콜, 에틸헥실글리세린, 펜타에리스리틸테트라-다이-t-부틸하이드록시하이드로신나메이트, 흑색산화철, 정제수, 황색산화철, 하이드롤라이즈드하이알루로닉애씨드, 아세틸헥사펩타이드-8",홀리카홀리카(엔프라니),마이페이브 피스 컨실러 [07페일핑크],73993,,
50ml,,엔프라니,"정제수, 해수, 부틸렌글라이콜, 글리세린, 나이아신아마이드, 다이글리세린, 피브이피, 1,2-헥산다이올, 펜틸렌글라이콜, 클로렐라 불가리스추출물, 백미꽃추출물, 접시꽃추출물, 하이알루로닉애씨드, 효모발효여과물, 암모늄아크릴로일다이메틸타우레이트/브이피코폴리머, 판테놀, 폴리글리세릴-10라우레이트, 폴리솔베이트80, 글루코오스, 프룩토올리고사카라이드, 프룩토오스, 에틸헥실글리세린, 아데노신, 피브이엠/엠에이코폴리머, 소듐파이테이트, 알란토인, 다이포타슘글리시리제이트, 하이드록시에틸아크릴레이트/소듐아크릴로일다이메틸타우레이트코폴리머, 토코페롤, 엑토인, 에리스리톨, 프로판다이올, 소듐클로라이드, 다발방패버섯추출물, 소듐바이카보네이트, 칼슘클로라이드, 포타슘클로라이드, 카보머, 향료",홀리카홀리카(엔프라니),프렙 코어 그립 베이스 [01 하이드로 그립 베이스],76815,,
5g,,(주)코스메카코리아/엔프라니(주),"카올린, 다이메티콘, 폴리프로필실세스퀴옥세인, 페닐트라이메티콘, 티타늄디옥사이드, 폴리글리세릴-2트라이아이소스테아레이트, 비닐다이메티콘/메티콘실세스퀴옥세인크로스폴리머, 에이치디아이/트라이메틸올헥실락톤크로스폴리머, 합성왁스, 브이피/헥사데센코폴리머, 마이크로크리스탈린왁스, 합성비즈왁스, 다이아이소스테아릴말레이트, 폴리글리세릴-6폴리리시놀리에이트, 황색산화철, 다이메티콘크로스폴리머, 메틸메타크릴레이트크로스폴리머, 라우릴폴리글리세릴-3폴리다이메틸실록시에틸다이메티콘, 1,2-헥산다이올, 에틸렌/프로필렌코폴리머, 토코페릴아세테이트, 적색산화철, 카프릴릴글라이콜, 실리카, 적색202호, 황색5호, 에틸헥실글리세린, 흑색산화철, 토코페롤",홀리카홀리카(엔프라니),틴티드 밀크 크림 블러쉬 [01 큐티파이],74740,,
4ml,,㈜코디 / 엔프라니㈜,"[05 타로 밀크] 정제수, 부틸렌글라이콜, 글리세린, 합성플루오르플로고파이트, 티타늄디옥사이드, 펜틸렌글라이콜, 1,2-헥산다이올, 암모늄아크릴로일다이메틸타우레이트/브이피코폴리머, 소목껍질추출물, 하이드록시에틸아크릴레이트/소듐아크릴로일다이메틸타우레이트코폴리머, 흑색산화철, 마이카, 틴옥사이드, 적색226호, 알루미늄하이드록사이드, 암모늄폴리아크릴레이트, 바륨설페이트, 실리카, 솔비탄아이소스테아레이트, 폴리솔베이트60, 페녹시에탄올",홀리카홀리카(엔프라니),루미너스 밀크핏 블러쉬 [05 타로밀크],72198,,
4ml,,㈜코디 / 엔프라니㈜,"[02 피치 라떼] 정제수, 글리세린, 부틸렌글라이콜, 마이카, 티타늄디옥사이드, 합성플루오르플로고파이트, 펜틸렌글라이콜, 1,2-헥산다이올, 적색산화철, 암모늄아크릴로일다이메틸타우레이트/브이피코폴리머, 하이드록시에틸아크릴레이트/소듐아크릴로일다이메틸타우레이트코폴리머, 틴옥사이드, 적색226호, 알루미늄하이드록사이드, 암모늄폴리아크릴레이트, 바륨설페이트, 실리카, 솔비탄아이소스테아레이트, 폴리솔베이트60, 페녹시에탄올",홀리카홀리카(엔프라니),루미너스 밀크핏 블러쉬 [02 피치라떼],72195,,
4ml,,㈜코디 / 엔프라니㈜,"[01 멜론 버블] 정제수, 글리세린, 부틸렌글라이콜, 티타늄디옥사이드, 마이카, 합성플루오르플로고파이트, 펜틸렌글라이콜, 1,2-헥산다이올, 적색산화철, 암모늄아크릴로일다이메틸타우레이트/브이피코폴리머, 하이드록시에틸아크릴레이트/소듐아크릴로일다이메틸타우레이트코폴리머, 적색226호, 알루미늄하이드록사이드, 암모늄폴리아크릴레이트, 틴옥사이드, 바륨설페이트, 실리카, 솔비탄아이소스테아레이트, 폴리솔베이트60, 페녹시에탄올",홀리카홀리카(엔프라니),루미너스 밀크핏 블러쉬 [01 멜론버블],72194,,
4ml,,㈜코디 / 엔프라니㈜,"[03 티 베리] 정제수, 글리세린, 부틸렌글라이콜, 티타늄디옥사이드, 마이카, 합성플루오르플로고파이트, 펜틸렌글라이콜, 1,2-헥산다이올, 적색산화철, 암모늄아크릴로일다이메틸타우레이트/브이피코폴리머, 하이드록시에틸아크릴레이트/소듐아크릴로일다이메틸타우레이트코폴리머, 틴옥사이드, 적색226호, 알루미늄하이드록사이드, 암모늄폴리아크릴레이트, 바륨설페이트, 실리카, 솔비탄아이소스테아레이트, 폴리솔베이트60, 페녹시에탄올, 페릭페로시아나이드",홀리카홀리카(엔프라니),루미너스 밀크핏 블러쉬 [03 티베리],72196,,
170ml,,엔프라니㈜,"정제수, 프로판다이올, 글리세린, 나이아신아마이드, 1,2-헥산다이올, 다이글리세린, 부틸렌글라이콜, 마데카식애씨드, 아시아틱애씨드, 아시아티코사이드, 해바라기씨오일, 알란토인, 칸디다 봄비콜라/글루코오스/메틸레이프씨데이트발효물, 카프릴릭/카프릭트라이글리세라이드, 하이드로제네이티드레시틴, 아크릴레이트/C10-30알킬아크릴레이트크로스폴리머, 암모늄아크릴로일다이메틸타우레이트/브이피코폴리머, 폴리글리세릴-10라우레이트, 다이프로필렌글라이콜, 에톡시다이글라이콜, 다이소듐이디티에이, 에틸헥실글리세린",홀리카홀리카(엔프라니),레스온스킨 밸런시즘 비건 토너,55985,,
0.3g,,㈜에치엔지 / 엔프라니(주),메틸트라이메티콘;트라이메틸실록시실리케이트;폴리에틸렌;아이소도데케인;합성왁스;오조케라이트;아크릴레이트/스테아릴아크릴레이트/다이메티콘메타크릴레이트코폴리머;카나우바왁스;하이드로제네이티드코코-글리세라이즈;데하이드로아세틱애씨드;흑색산화철;티타늄다이옥사이드;마이카;적색산화철;황색산화철,홀리카홀리카(엔프라니),멜로우 글라이딩 펜슬 라이너 [01 그레이지],24697,,
200ml,,엔프라니㈜ / 엔프라니㈜,"정제수;부틸렌글라이콜;하이드로제네이티드폴리아이소부텐;글리세린;펜타에리스리틸테트라에틸헥사노에이트;나이아신아마이드;베타인;사이클로펜타실록세인;1,2-헥산다이올;사이클로헥사실록세인;다이메티콘;하이드롤라이즈드콜라겐;소듐디엔에이;수용성프로테오글리칸;호스테일켈프추출물;아텔로콜라겐;아라키딜알코올;하이드록시에틸아크릴레이트/소듐아크릴로일다이메틸타우레이트코폴리머;글리세릴스테아레이트;암모늄아크릴로일다이메틸타우레이트/브이피코폴리머;스테아릭애씨드;베헤닐알코올;세테아릴올리베이트;아라키딜글루코사이드;솔비탄올리베이트;알란토인;에틸헥실글리세린;아데노신;소듐하이알루로네이트;다이소듐이디티에이;향료",홀리카홀리카(엔프라니),더블 이펙터 콜라겐 크림,24381,,
0.55 g / 0.01 oz.,,코스맥스 / ㈜엔프라니,"01 네이키드 쉘 정제수, 스타이렌/아크릴레이트코폴리머, 부틸렌글라이콜, 프로필렌글라이콜, 칼슘알루미늄보로실리케이트, 티타늄디옥사이드 (CI 77891), 실버 (CI 77820), 피이지-40하이드로제네이티드캐스터오일, 펜틸렌글라이콜, 1,2-헥산다이올, 베헤네스-30, 알루미늄하이드록사이드, 시트릭애씨드, 카프릴릴글라이콜, 다이프로필렌글라이콜, 트라이에톡시카프릴릴실레인, 에틸헥실글리세린, 틴옥사이드 (CI 77861), 페녹시에탄올, 황색산화철 (CI 77492), 적색산화철 (CI 77491), 흑색산화철 (CI 77499), 적색202호 (CI 15850)",홀리카홀리카(엔프라니),글리츠 아이라이너 [01 네이키드쉘],52206,,
100ml,,엔프라니(주),"마누카잎추출물, 글리세린, 다이프로필렌글라이콜, 1,2-헥산다이올, 부틸렌글라이콜, 글리세레스-26, 마누카가지/잎오일, 버지니아풍년화추출물, 병풀추출물, 4-터피네올, 징크피씨에이, 티트리잎오일, 티트리추출물, 락토바이오닉애씨드, 카프릴로일살리실릭애씨드, 알란토인, 정제수, 폴리글리세릴-10라우레이트, 프로판다이올, 카보머, 트로메타민, 옥틸도데칸올, 카프릴릭/카프릭트라이글리세라이드, 소듐하이알루로네이트, 하이드로제네이티드레시틴, 프로필렌글라이콜, 다이소듐이디티에이, 에틸헥실글리세린",홀리카홀리카(엔프라니),애크니네이터 클리어링 솔루션,45867,,
0.55 g / 0.01 oz.,,코스맥스 / ㈜엔프라니,"02 페어리 티어 정제수, 스타이렌/아크릴레이트코폴리머, 프로필렌글라이콜, 부틸렌글라이콜, 칼슘알루미늄보로실리케이트, 실버 (CI 77820), 티타늄디옥사이드 (CI 77891), 펜틸렌글라이콜, 피이지-40하이드로제네이티드캐스터오일, 1,2-헥산다이올, 다이프로필렌글라이콜, 베헤네스-30, 시트릭애씨드, 알루미늄하이드록사이드, 카프릴릴글라이콜, 트라이에톡시카프릴릴실레인, 에틸헥실글리세린, 아미노메틸프로판올, 틴옥사이드 (CI 77861), 페녹시에탄올, 적색산화철 (CI 77491), 페릭암모늄페로시아나이드 (CI 77510), 적색202호 (CI 15850), 카본블랙 (CI 77266)",홀리카홀리카(엔프라니),글리츠 아이라이너 [02 페어리티어],52207,,
45 ml + 23 ml,,엔프라니(주),"키위추출물(550,000ppm), 부틸렌글라이콜, 글리세린, 정제수, 알부틴, 나이아신아마이드, 1,2-헥산다이올, 아스코빅애씨드(350.5ppb), 키위씨오일(150ppm), 카르니틴, 4-부틸레조시놀, 알류리틱애씨드, 효모추출물, 글라이코프로테인, 소듐아스코빌포스페이트, 바이오틴, 판테놀, 티아민에이치씨엘, 사이아노코발아민, 리보플라빈, 피리독신, 폴릭애씨드, 메나다이온, 바이오플라보노이드, 토코페릴아세테이트, 글루타티온, 베타인, 폴리쿼터늄-51, 글리세릴폴리메타크릴레이트, 소듐하이알루로네이트, 레시틴, 폴리글리세릴-10올리에이트, 피피지-13-데실테트라데세스-24, 카프릴릭/카프릭트라이글리세라이드, 구아검, 아가, 잔탄검, 아크릴레이트/C10-30알킬아크릴레이트크로스폴리머, 트로메타민, 알란토인, 키토산, 폴리메틸메타크릴레이트, 암모늄아크릴로일다이메틸타우레이트/브이피코폴리머, 인도멀구슬나무잎추출물, 인도멀구슬나무꽃추출물, 홀리바질잎추출물, 울금뿌리추출물, 참산호말추출물, 에틸헥실글리세린, 다이소듐이디티에이, 아데노신, 향료, 리모넨",홀리카홀리카(엔프라니),골드키위 비타 C+ 브라이트닝 세럼,77425,,
5g,,(주)코스메카코리아/엔프라니(주),"카올린, 다이메티콘, 폴리프로필실세스퀴옥세인, 페닐트라이메티콘, 티타늄디옥사이드, 비닐다이메티콘/메티콘실세스퀴옥세인크로스폴리머, 에이치디아이/트라이메틸올헥실락톤크로스폴리머, 폴리글리세릴-2트라이아이소스테아레이트, 합성왁스, 브이피/헥사데센코폴리머, 마이크로크리스탈린왁스, 합성비즈왁스, 폴리글리세릴-6폴리리시놀리에이트, 다이메티콘크로스폴리머, 다이아이소스테아릴말레이트, 메틸메타크릴레이트크로스폴리머, 라우릴폴리글리세릴-3폴리다이메틸실록시에틸다이메티콘, 1,2-헥산다이올, 에틸렌/프로필렌코폴리머, 토코페릴아세테이트, 적색산화철, 황색4호, 카프릴릴글라이콜, 실리카, 적색202호, 흑색산화철, 에틸헥실글리세린, 토코페롤",홀리카홀리카(엔프라니),틴티드 밀크 크림 블러쉬 [08 배러댄핑크],74748,,
0.3g,,㈜에치엔지 / 엔프라니(주),메틸트라이메티콘;트라이메틸실록시실리케이트;칼슘알루미늄보로실리케이트;폴리에틸렌;합성왁스;아이소도데케인;합성플루오르플로고파이트;오조케라이트;칼슘티타늄보로실리케이트;아크릴레이트/스테아릴아크릴레이트/다이메티콘메타크릴레이트코폴리머;하이드로제네이티드코코-글리세라이즈;카나우바왁스;틴옥사이드;데하이드로아세틱애씨드;마이카;티타늄다이옥사이드;적색산화철;카민,홀리카홀리카(엔프라니),멜로우 글라이딩 펜슬 라이너 [05 퓨어맬로우],24701,,
0.3g,,㈜에치엔지 / 엔프라니(주),메틸트라이메티콘;트라이메틸실록시실리케이트;폴리에틸렌;아이소도데케인;합성왁스;오조케라이트;아크릴레이트/스테아릴아크릴레이트/다이메티콘메타크릴레이트코폴리머;카나우바왁스;하이드로제네이티드코코-글리세라이즈;데하이드로아세틱애씨드;흑색산화철;적색산화철;마이카;황색산화철,홀리카홀리카(엔프라니),멜로우 글라이딩 펜슬 라이너 [02 카카오닙스],24698,,
5g,,(주)코스메카코리아/엔프라니(주),"카올린, 다이메티콘, 폴리프로필실세스퀴옥세인, 페닐트라이메티콘, 티타늄디옥사이드, 비닐다이메티콘/메티콘실세스퀴옥세인크로스폴리머, 폴리글리세릴-2트라이아이소스테아레이트, 에이치디아이/트라이메틸올헥실락톤크로스폴리머, 합성왁스, 브이피/헥사데센코폴리머, 마이크로크리스탈린왁스, 합성비즈왁스, 폴리글리세릴-6폴리리시놀리에이트, 다이메티콘크로스폴리머, 다이아이소스테아릴말레이트, 메틸메타크릴레이트크로스폴리머, 라우릴폴리글리세릴-3폴리다이메틸실록시에틸다이메티콘, 1,2-헥산다이올, 에틸렌/프로필렌코폴리머, 토코페릴아세테이트, 적색산화철, 적색201호, 카프릴릴글라이콜, 실리카, 황색5호, 에틸헥실글리세린, 적색202호, 흑색산화철, 토코페롤",홀리카홀리카(엔프라니),틴티드 밀크 크림 블러쉬 [02 피치오브피치],74741,,
4ml,,㈜코디 / 엔프라니㈜,"04 스트로베리 펄] 정제수, 글리세린, 부틸렌글라이콜, 티타늄디옥사이드, 합성플루오르플로고파이트, 마이카, 펜틸렌글라이콜, 1,2-헥산다이올, 적색산화철, 암모늄아크릴로일다이메틸타우레이트/브이피코폴리머, 하이드록시에틸아크릴레이트/소듐아크릴로일다이메틸타우레이트코폴리머, 적색226호, 틴옥사이드, 알루미늄하이드록사이드, 바륨설페이트, 실리카, 암모늄폴리아크릴레이트, 솔비탄아이소스테아레이트, 폴리솔베이트60, 페녹시에탄올",홀리카홀리카(엔프라니),루미너스 밀크핏 블러쉬 [04 스트로베리펄],72197,,
50ml,,엔프라니(주),"정제수, 글리세린, 옥틸도데칸올, 다이카프릴릴에터, 펜타에리스리틸테트라에틸헥사노에이트, 1,2-헥산다이올, 폴리글리세릴-6스테아레이트, 베헤닐알코올, 펜타에리스리틸테트라아이소스테아레이트, 호호바에스터, 폴리글리세릴-3다이스테아레이트, 스위트아몬드오일, 세라마이드엔피(778,700 ppb), 베타-시토스테롤(112,100 ppb), 세테아릴알코올, 세라마이드에이피(5,500 ppb), 세라마이드에이에스(3,000 ppb), 세라마이드엔지(1,200 ppb), 세라마이드이오피(2 ppb), 글리세릴스테아레이트, 식물성오일, 하이드로제네이티드레시틴, 소듐폴리아크릴로일다이메틸타우레이트, 부틸렌글라이콜, 하이드로제네이티드폴리데센, 엑토인, 카보머, 에틸헥실아이소노나노에이트, 트로메타민, 폴리글리세릴-6베헤네이트, 팔미틱애씨드, 호호바씨오일, 알란토인, 글리세릴스테아레이트시트레이트, 피토스테릴/이소스테아릴/세틸/스테아릴/베헤닐다이머디리놀리에이트, 세테아릴글루코사이드, 스테아릭애씨드, 카프릴릭/카프릭트라이글리세라이드, 하이드록시프로필비스팔미타마이드엠이에이, 돌콩스테롤, 잔탄검, 메도우폼에스톨라이드, 에틸헥실글리세린, 다이소듐이디티에이, 카프릴릴/카프릴글루코사이드, 다이프로필렌글라이콜, 카카오추출물, 리놀레익애씨드, 글라이코스핑고리피드, 시어버터, 세테아레스-20, 글리세릴시트레이트/락테이트/리놀리에이트/올리에이트, 수크로오스스테아레이트, 잇꽃씨오일, 베타인, 토코페롤, 폴리쿼터늄-51, 글리세릴폴리메타크릴레이트, 글루코오스, 덱스트린, 소듐하이알루로네이트, 알류리틱애씨드, 효모추출물, 글라이코프로테인, 라벤더오일, 센티드제라늄오일, 자몽껍질오일, 레몬그라스잎오일, 오렌지껍질오일, 단향오일, 마트리카리아꽃오일, 광곽향오일, 리모넨, 리날룰",홀리카홀리카(엔프라니),세라베리어 모이스처 액티브 크림,57233,,
5.5 g / 0.19 oz.,,㈜코스맥스 / 엔프라니㈜,"03소피 탤크, 마이카 (CI 77019), 실리카, 나일론-12, 옥틸도데실스테아로일스테아레이트, 페닐트라이메티콘, 마그네슘미리스테이트, 티타늄디옥사이드 (CI 77891), 메틸프로판다이올, 다이아이소스테아릴말레이트, 다이펜타에리스리틸헥사하이드록시스테아레이트/헥사스테아레이트/헥사로지네이트, 카프릴릭/카프릭트라이글리세라이드, 트라이에톡시카프릴릴실레인, 프로판다이올, 메티콘, 다이메티콘올스테아레이트, 라우로일라이신, 다이메티콘, 마그네슘스테아레이트, 알루미늄하이드록사이드, 울트라마린 (CI 77007), 적색산화철 (CI 77491), 흑색산화철 (CI 77499), 적색226호 (CI 73360), 황색산화철 (CI 77492), 황색4호 (CI 19140)",홀리카홀리카(엔프라니),마이페이브 인퓨징 블러쉬 [03 소피],56927,,
5.5 g / 0.19 oz.,,㈜코스맥스 / 엔프라니㈜,"04무어 탤크, 마이카 (CI 77019), 실리카, 티타늄디옥사이드 (CI 77891), 나일론-12, 옥틸도데실스테아로일스테아레이트, 페닐트라이메티콘, 마그네슘미리스테이트, 메틸프로판다이올, 다이아이소스테아릴말레이트, 다이펜타에리스리틸헥사하이드록시스테아레이트/헥사스테아레이트/헥사로지네이트, 트라이에톡시카프릴릴실레인, 카프릴릭/카프릭트라이글리세라이드, 프로판다이올, 다이메티콘올스테아레이트, 메티콘, 라우로일라이신, 다이메티콘, 마그네슘스테아레이트, 알루미늄하이드록사이드, 적색산화철 (CI 77491), 울트라마린 (CI 77007), 황색산화철 (CI 77492), 흑색산화철 (CI 77499), 적색226호 (CI 73360), 황색4호 (CI 19140)",홀리카홀리카(엔프라니),마이페이브 인퓨징 블러쉬 [04 무어],56928,,
3.3g,,㈜코스맥스 / 엔프라니㈜,탤크;CI 77019;실리카;옥틸도데실스테아로일스테아레이트;페닐트라이메티콘;CI 77891;마그네슘미리스테이트;마그네슘스테아레이트;메틸프로판다이올;다이아이소스테아릴말레이트;다이펜타에리스리틸헥사하이드록시스테아레이트/헥사스테아레이트/헥사로지네이트;카프릴릭/카프릭트라이글리세라이드;프로판다이올;다이메티콘;하이드로제네이티드레시틴;트라이에톡시카프릴릴실레인;메티콘;라우로일라이신;알루미늄하이드록사이드;정제수;CI 77007;CI 73360;CI 19140,홀리카홀리카(엔프라니),파스텔헤이즈 컬렉션 피스 매칭 블러셔 클린시리즈 [클린라벤더],24348,,
5.5 g / 0.19 oz.,,㈜코스맥스 / 엔프라니㈜,"01이노센스 탤크, 마이카 (CI 77019), 티타늄디옥사이드 (CI 77891), 실리카, 나일론-12, 옥틸도데실스테아로일스테아레이트, 페닐트라이메티콘, 마그네슘미리스테이트, 메틸프로판다이올, 다이아이소스테아릴말레이트, 다이펜타에리스리틸헥사하이드록시스테아레이트/헥사스테아레이트/헥사로지네이트, 카프릴릭/카프릭트라이글리세라이드, 프로판다이올, 메티콘, 트라이에톡시카프릴릴실레인, 다이메티콘올스테아레이트, 다이메티콘, 마그네슘스테아레이트, 알루미늄하이드록사이드, 라우로일라이신, 울트라마린 (CI 77007), 적색226호 (CI 73360), 황색산화철 (CI 77492), 황색4호 (CI 19140)",홀리카홀리카(엔프라니),마이페이브 인퓨징 블러쉬 [01 이노센스],56925,,
5.5 g / 0.19 oz.,,㈜코스맥스 / 엔프라니㈜,"02로세라 탤크, 마이카 (CI 77019), 실리카, 나일론-12, 옥틸도데실스테아로일스테아레이트, 페닐트라이메티콘, 티타늄디옥사이드 (CI 77891), 마그네슘미리스테이트, 메틸프로판다이올, 다이아이소스테아릴말레이트, 다이펜타에리스리틸헥사하이드록시스테아레이트/헥사스테아레이트/헥사로지네이트, 카프릴릭/카프릭트라이글리세라이드, 프로판다이올, 트라이에톡시카프릴릴실레인, 메티콘, 다이메티콘올스테아레이트, 다이메티콘, 마그네슘스테아레이트, 라우로일라이신, 카올린, 알루미늄하이드록사이드, 울트라마린 (CI 77007), 황색산화철 (CI 77492), 망가니즈바이올렛 (CI 77742), 적색226호 (CI 73360), 흑색산화철 (CI 77499), 적색산화철 (CI 77491), 황색4호 (CI 19140)",홀리카홀리카(엔프라니),마이페이브 인퓨징 블러쉬 [02 로세라],56926,,
5.5 g / 0.19 oz.,,㈜코스맥스 / 엔프라니㈜,"05시문 탤크, 마이카 (CI 77019), 실리카, 나일론-12, 옥틸도데실스테아로일스테아레이트, 페닐트라이메티콘, 마그네슘미리스테이트, 메틸프로판다이올, 다이아이소스테아릴말레이트, 다이펜타에리스리틸헥사하이드록시스테아레이트/헥사스테아레이트/헥사로지네이트, 카프릴릭/카프릭트라이글리세라이드, 트라이에톡시카프릴릴실레인, 프로판다이올, 메티콘, 다이메티콘올스테아레이트, 라우로일라이신, 다이메티콘, 마그네슘스테아레이트, 알루미늄하이드록사이드, 티타늄디옥사이드 (CI 77891), 울트라마린 (CI 77007), 적색산화철 (CI 77491), 흑색산화철 (CI 77499), 적색226호 (CI 73360), 황색산화철 (CI 77492), 황색4호 (CI 19140)",홀리카홀리카(엔프라니),마이페이브 인퓨징 블러쉬 [05 시문],56929,,
60g,,㈜엔프라니,옥수수전분;소듐코코일이세티오네이트;소듐라우릴설페이트;소듐라우로일글루타메이트;소듐팔미테이트;다이글리세린;소듐라우로일아스파테이트;티타늄다이옥사이드;알란토인;말토덱스트린;파파인;소듐바이카보네이트;정제수;부틸렌글라이콜;콘민트가루;향료;리모넨,홀리카홀리카(엔프라니),소다톡톡 말끔모공 엔자임 파우더 워시,28818,,
0.3g,,㈜에치엔지 / 엔프라니(주),메틸트라이메티콘;트라이메틸실록시실리케이트;폴리에틸렌;아이소도데케인;오조케라이트;합성왁스;아크릴레이트/스테아릴아크릴레이트/다이메티콘메타크릴레이트코폴리머;카나우바왁스;하이드로제네이티드코코-글리세라이즈;데하이드로아세틱애씨드;황색산화철;흑색산화철;적색산화철;티타늄다이옥사이드;마이카,홀리카홀리카(엔프라니),멜로우 글라이딩 펜슬 라이너 [03 카라멜크로플],24699,,
3.3g,,㈜코스맥스 / 엔프라니㈜,탤크;CI 77019;실리카;옥틸도데실스테아로일스테아레이트;페닐트라이메티콘;CI 77891;마그네슘미리스테이트;마그네슘스테아레이트;메틸프로판다이올;다이아이소스테아릴말레이트;다이펜타에리스리틸헥사하이드록시스테아레이트/헥사스테아레이트/헥사로지네이트;카프릴릭/카프릭트라이글리세라이드;프로판다이올;다이메티콘;하이드로제네이티드레시틴;트라이에톡시카프릴릴실레인;메티콘;라우로일라이신;알루미늄하이드록사이드;정제수;CI 77491;CI 77492;CI 15985;CI 19140;CI 73360;CI 77499;CI 77007,홀리카홀리카(엔프라니),파스텔헤이즈 컬렉션 피스 매칭 블러셔 클린시리즈 [클린새먼],24352,,
150ml,,엔프라니(주),"정제수, 글리세린, 판테놀(5 %), 다이카프릴릴에터, 부틸렌글라이콜, 베타인, 카프릴릭/카프릭트라이글리세라이드, 폴리글리세릴-3메틸글루코오스다이스테아레이트, 1,2-헥산다이올, 메도우폼씨오일, 옥틸도데칸올, 폴리글리세릴-4라우레이트, 세테아릴올리베이트, 폴리글리세릴-6라우레이트, 폴리글리세릴-3다이스테아레이트, 솔비탄올리베이트, 다이프로필렌글라이콜, 아크릴레이트/C10-30알킬아크릴레이트크로스폴리머, 글리세릴스테아레이트시트레이트, 에틸헥실글리세린, 하이드로제네이티드레시틴, 다이소듐이디티에이, 트로메타민",홀리카홀리카(엔프라니),레스온스킨 판테바이블 비건 에멀젼,51632,,
0.5g,,코스맥스(주)/엔프라니(주),"정제수;부틸렌글라이콜;아크릴레이트/옥틸아크릴아마이드코폴리머;다이글리세린;콩추출물;백미꽃추출물;접시꽃추출물;라우레스-25;다이에틸헥실소듐설포석시네이트;아미노메틸프로판올;글리세린;에틸헥실글리세린;다이페닐다이메티콘;트라이에틸헥사노인;1,2-헥산다이올;하이드로제네이티드레시틴;펜틸렌글라이콜;옥탄다이올;변성알코올;페녹시에탄올;CI 15985;CI 17200",홀리카홀리카(엔프라니),홀리팝 쌍테라이너 [로즈틴팅],30639,,
10 ml / 0.33 fl. oz.,,㈜엔스/엔프라니㈜,"01 비노 부틸아세테이트, 에틸아세테이트, 나이트로셀룰로오스, 아디픽애씨드/네오펜틸 글라이콜/트라이멜리틱안하이드라이드코폴리머, 아이소프로필알코올, 아세틸트 라이부틸시트레이트, 아크릴레이트코폴리머, 스타이렌/아크릴레이트코폴리머, 수크로오스아세테이트아이소부티레이트, 스테아랄코늄벤토나이트, 실리카다이 메틸실릴레이트, 다이프로필렌글라이콜다이벤조에이트, 옥토크릴렌, 티타늄디옥 사이드, 폴리비닐부틸알, 시트릭애씨드, 황색4호, 트라이메틸펜타닐다이아이소 부티레이트, 흑색산화철, 적색202호, 다이메티콘, 부틸알코올, 트라이메틸실록 시실리케이트, 페릭암모늄페로시아나이드, 다이아세톤알코올, 포스포릭애씨드",홀리카홀리카(엔프라니),타로즈 컬렉션 네일 글레이즈 [01 비노],56920,,
50ml,,엔프라니(주) / 엔프라니(주),캐비아추출물;정제수;글리세린;사이클로펜타실록세인;부틸렌글라이콜;피이지/피피지-18/18다이메티콘;다이메티콘/비닐다이메티콘크로스폴리머;사이클로메티콘;글리세레스-26;소듐클로라이드;시어버터;소듐시트레이트;피이지/피피지-19/19다이메티콘;향료;락토오스;비스-피이지/피피지-14/14다이메티콘;마이카;마이크로크리스탈린셀룰로오스;수크로오스;옥수수전분;산자나무추출물(구명칭);아세틱애씨드;아이런옥사이드;티타늄다이옥사이드;틴옥사이드;프로필렌글라이콜;베지터블카본;로얄젤리;다이프로필렌글라이콜;아데노신;다이소듐이디티에이;다이아몬드추출물;진주추출물;페녹시에탄올;메틸파라벤;프로필파라벤;합성플루오르플로고파이트;금,홀리카홀리카(엔프라니),블랙 캐비어 안티링클 크림,24376,,
2g,,㈜코스메카코리아 / 엔프라니㈜,"옥틸도데칸올, 티타늄디옥사이드, 트라이데실트라이멜리테이트, 프로필렌글라이콜다이벤조에이트, 아이소노닐아이소노나노에이트, 실리카, 합성왁스, 비스-다이글리세릴폴리아실아디페이트-2, 마이크로크리스탈린왁스, 솔비탄올리베이트, 카프릴릭/카프릭트라이글리세라이드, 브이피/헥사데센코폴리머, 폴리글리세릴-6폴리리시놀리에이트, 황색산화철, 알루미늄하이드록사이드, 글리세릴카프릴레이트, 트라이에톡시카프릴릴실레인, 카프릴릴글라이콜, 다이스테아다이모늄헥토라이트, 스테아랄코늄헥토라이트, 향료, 적색산화철, 프로필렌카보네이트, 벤조트라이아졸릴도데실p-크레솔, 펜타에리스리틸테트라-다이-t-부틸하이드록시하이드로신나메이트, 정제수, 1,2-헥산다이올, 에틸헥실글리세린, 하이드롤라이즈드하이알루로닉애씨드, 아세틸헥사펩타이드-8",홀리카홀리카(엔프라니),마이페이브 피스 컨실러 [13 크림 아이보리],76779,,
5.5g,,㈜코스맥스 / 엔프라니㈜,"탤크, 마이카 (CI 77019), 실리카, 나일론-12, 티타늄디옥사이드 (CI 77891), 옥틸도데실스테아로일스테아레이트, 페닐트라이메티콘, 마그네슘미리스테이트, 메틸프로판다이올, 다이아이소스테아릴말레이트, 다이펜타에리스리틸헥사하이드록시스테아레이트/헥사스테아레이트/헥사로지네이트, 카프릴릭/카프릭트라이글리세라이드, 트라이에톡시카프릴릴실레인, 프로판다이올, 메티콘, 다이메티콘올스테아레이트, 다이메티콘, 라우로일라이신, 마그네슘스테아레이트, 알루미늄하이드록사이드, 적색산화철 (CI 77491), 황색산화철 (CI 77492), 황색5호 (CI 15985), 적색226호 (CI 73360), 황색4호 (CI 19140), 흑색산화철 (CI 77499), 울트라마린 (CI 77007)탤크, 마이카 (CI 77019), 실리카, 나일론-12, 티타늄디옥사이드 (CI 77891), 옥틸도데실스테아로일스테아레이트, 페닐트라이메티콘, 마그네슘미리스테이트, 메틸프로판다이올, 다이아이소스테아릴말레이트, 다이펜타에리스리틸헥사하이드록시스테아레이트/헥사스테아레이트/헥사로지네이트, 카프릴릭/카프릭트라이글리세라이드, 트라이에톡시카프릴릴실레인, 프로판다이올, 메티콘, 다이메티콘올스테아레이트, 다이메티콘, 라우로일라이신, 마그네슘스테아레이트, 알루미늄하이드록사이드, 적색산화철 (CI 77491), 황색산화철 (CI 77492), 황색5호 (CI 15985), 적색226호 (CI 73360), 황색4호 (CI 19140), 흑색산화철 (CI 77499), 울트라마린 (CI 77007)",홀리카홀리카(엔프라니),마이페이브 인퓨징 블러쉬 [08 퍼지],74714,,
0.05g,,씨앤씨인터네셔널 / 엔프라니㈜,"하이드로제네이티드돌콩오일, 티타늄디옥사이드, 하이드로제네이티드코코-글리세라이즈, 합성왁스, 흑색산화철, 카나우바왁스, 황색산화철, 징크스테아레이트, 폴리글리세릴-2트라이아이소스테아레이트, 적색산화철, 하이드로제네이티드식물성오일, 카프릴릭/카프릭글리세라이즈",홀리카홀리카(엔프라니),원더드로잉 스키니 아이브로우 [07 밀크베이지],74697,,
100ml,,엔프라니(주),"정제수, 글리세린, 메틸프로판다이올, 폴리글리세린-3, 베타인, 나이아신아마이드, 다이글리세린, 1,2-헥산다이올, 프로판다이올, 금(500 ppm), 캐비아추출물, 아세틸헥사펩타이드-8, 아세틸테트라펩타이드-2, 아세틸테트라펩타이드-3, 아세틸테트라펩타이드-5, 아세틸테트라펩타이드-9, 아세틸옥타펩타이드-3, 팔미토일트라이펩타이드-1, 팔미토일트라이펩타이드-5, 팔미토일펜타펩타이드-4, 노나펩타이드-1, 카르노신, 카퍼트라이펩타이드-1, 소듐하이알루로네이트, 라벤더꽃추출물, 삼색제비꽃추출물, 수레국화꽃추출물, 병풀추출물, 모란뿌리추출물, 마트리카리아꽃추출물, 다마스크장미추출물, 레시틴, 리솔레시틴, 불가리스쑥추출물, 아크릴레이트/C10-30알킬아크릴레이트크로스폴리머, 폴리글리세릴-10라우레이트, 트로메타민, 알란토인, 부틸렌글라이콜, 실버, 구리가루, 에틸헥실글리세린, 아데노신, 폴리아크릴릭애씨드, 피브이엠/엠에이코폴리머, 다이소듐이디티에이, 향료",홀리카홀리카(엔프라니),프라임 유스 24K 골드 리페어 앰플,9390,,
150ml,,엔프라니㈜,"정제수, 부틸렌글라이콜, 글리세린, 카프릴릭/카프릭트라이글리세라이드, 나이아신아마이드, 펜틸렌글라이콜, 1,2-헥산다이올, 메틸글루코오스세스퀴스테아레이트, 스쿠알란, 하이드로제네이티드레시틴, 폴리글리세릴-10라우레이트, 다이프로필렌글라이콜, 아시아티코사이드, 마데카식애씨드, 아시아틱애씨드, 칸디다 봄비콜라/글루코오스/메틸레이프씨데이트발효물, 해바라기씨오일, 에톡시다이글라이콜, 글리세릴스테아레이트, 하이드로제네이티드폴리(C6-14올레핀), 호호바에스터, 세테아릴알코올, 판테놀, 에틸헥실글리세린, 하이드록시에틸아크릴레이트/소듐아크릴로일다이메틸타우레이트코폴리머, 카보머, 트로메타민, 소듐하이알루로네이트",홀리카홀리카(엔프라니),레스온스킨 밸런시즘 비건 에멀젼,55841,,
2g,,코스메카 코리아/엔프라니,"티타늄디옥사이드, 다이메티콘, 페닐트라이메티콘, 아이소아밀라우레이트, 합성왁스, 아이소노닐아이소노나노에이트, 비스-다이글리세릴폴리아실아디페이트-2, 실리카, 하이드로제네이티드폴리아이소부텐, 마이카, 세테아릴에틸헥사노에이트, 마이크로크리스탈린왁스, 솔비탄올리베이트, 다이펜타에리스리틸헥사하이드록시스테아레이트/헥사스테아레이트/헥사로지네이트, 알루미늄전분옥테닐석시네이트, 다이아이소스테아릴말레이트, 폴리글리세릴-6폴리리시놀리에이트, 브이피/헥사데센코폴리머, 황색산화철, 하이드로제네이티드폴리데센, 솔비탄세스퀴올리에이트, 1,2-헥산다이올, 트라이에톡시카프릴릴실레인, 적색산화철, 다이스테아다이모늄헥토라이트, 적색202호, 흑색산화철, 향료, 황색5호, 벤조트라이아졸릴도데실p-크레솔, 카프릴릴글라이콜, 에틸헥실글리세린, 펜타에리스리틸테트라-다이-t-부틸하이드록시하이드로신나메이트, 정제수, 하이드롤라이즈드하이알루로닉애씨드, 아세틸헥사펩타이드-8",홀리카홀리카(엔프라니),마이페이브 피스 컨실러 [17 더스티 코롤],76783,,
20ML,,(주)이미인랩스 / (주)엔프라니,"수분보습-히알루론산 정제수, 글리세린, 이소펜틸디올, 디프로필렌글라이콜, 부틸렌글라이콜, 병풀추출물, 모란뿌리추출물, 소듐하이알루로네이트(2,000ppm), 1,2-헥산디올, 피이지-60하이드로제네이티드캐스터오일, 캐모마일꽃추출물, 카보머, 알지닌, 글리세릴카프릴레이트, 하이드록시에칠셀룰로오스, 에칠헥실글리세린, 오렌지껍질오일, 레몬껍질오일, 알로에베라잎추출물, 세이지잎추출물, 말로우꽃추출물, 필드스캐비어스추출물, 옥틸도데칸올, 하이드로제네이티드레시틴, 세라마이드엔피, 카프릴릴글라이콜,디소듐이디티에이",홀리카홀리카(엔프라니),스킨 레스큐어 마스크시트 [수분보습-히알루론산],52944,,
5.5 g / 0.19 oz.,,㈜코스맥스 / 엔프라니㈜,"07시에나 탤크, 마이카 (CI 77019), 실리카, 나일론-12, 옥틸도데실스테아로일스테아레이트, 페닐트라이메티콘, 마그네슘미리스테이트, 티타늄디옥사이드 (CI 77891), 메틸프로판다이올, 다이아이소스테아릴말레이트, 다이펜타에리스리틸헥사하이드록시스테아레이트/헥사스테아레이트/헥사로지네이트, 카프릴릭/카프릭트라이글리세라이드, 프로판다이올, 트라이에톡시카프릴릴실레인, 메티콘, 다이메티콘올스테아레이트, 다이메티콘, 마그네슘스테아레이트, 라우로일라이신, 알루미늄하이드록사이드, 적색산화철 (CI 77491), 황색산화철 (CI 77492), 흑색산화철 (CI 77499), 적색226호 (CI 73360), 울트라마린 (CI 77007), 황색4호 (CI 19140)",홀리카홀리카(엔프라니),마이페이브 인퓨징 블러쉬 [07 시에나],56931,,
20ML,,(주)이미인랩스 / (주)엔프라니,"안티링클-펩타이드 정제수, 글리세린, 이소펜틸디올, 디프로필렌글라이콜, 부틸렌글라이콜, 병풀추출물, 모란뿌리추출물, 소듐하이알루로네이트, 1,2-헥산디올, 피이지-60하이드로제네이티드캐스터오일, 캐모마일꽃추출물, 카보머, 알지닌, 글리세릴카프릴레이트,하이드록시에칠셀룰로오스, 아데노신, 에칠헥실글리세린, 베르가모트열매오일, 올리브오일, 세이지잎추출물, 말로우꽃추출물,필드스캐비어스추출물, 왕귤껍질오일, 라벤더오일, 센티드제라늄꽃오일, 코파이바발삼레진, 쟈스민오일, 세이지오일, 록샘파이어추출물, 소두구씨오일, 장미꽃오일, 카퍼트리펩타이드-1(200 ppm), 디소듐이디티에이",홀리카홀리카(엔프라니),스킨 레스큐어 마스크시트 [안티링클-펩타이드],52945,,
80g,,엔프라니(주),"정제수, 부틸렌글라이콜, 프로판다이올, 흰버드나무껍질추출물, 1.2-헥산다이올, 암모늄아크릴로일다이메틸타우레이트/베헤네스-25메타크라일레이트크로스폴리머, 당근가루(1,000 ppm), 다발방패버섯추출물, 당근추출물(5 ppm), 카놀라오일, 당근씨오일(25 ppm), 해바라기씨오일, 토코페릴아세테이트, 베타-카로틴, 에틸헥실글리세린, 알지닌, 카라멜, 폴리글리세릴-10라우레이트, 암모늄아크릴로일다이메틸타우레이트/브이피코폴리머, 아크릴레이트/C10-30알킬아크릴레이트크로스폴리머, 잔탄검, 다이소듐이디티에이, 향료",홀리카홀리카(엔프라니),퓨어에센스 더 비건 당근 젤리 쿨 카밍 마스크,55988,,
0.6g,,㈜케미코스 / 엔프라니(주),"01 리얼 블랙 정제수, 에틸헥실아크릴레이트/메틸메타크릴레이트코폴리머, 부틸렌글라이콜, 카본블랙, 1,2-헥산다이올, 에탄올, 암모늄아크릴레이트/메틸스타이렌/스타이렌코폴리머, 아크릴레이트/옥틸아크릴아마이드코폴리머, 페녹시엔타올,베헤네스-30, 메틸파라벤, 트라이에탄올아민, 프로필파라벤, 아미노메틸프로판올, 다이소듐이디티에이, 소듐벤조에이트",홀리카홀리카(엔프라니),테일래스팅 브러쉬 라이너 EX [1호 리얼블랙],46222,,
80g,,엔프라니(주),"정제수, 카올린, 글리세린, 나이아신아마이드, 1,2-헥산다이올, 벤토나이트, 카카오씨추출물(10,000 ppm), 카카오씨가루(5,000 ppm), 부틸렌글라이콜, 캐나다콜로이달클레이, 씨실트, 감나무잎추출물, 커피콩추출물, 녹차추출물, 밤껍질추출물, 소듐폴리아크릴로일다이메틸타우레이트, 하이드록시에틸아크릴레이트/소듐아크릴로일다이메틸타우레이트코폴리머, 하이드로제네이티드폴리데센, 카프릴릴/카프릴글루코사이드, 에틸헥실글리세린, 다이소듐이디티에이, 흑색산화철, 황색산화철, 적색산화철, 향료",홀리카홀리카(엔프라니),퓨어에센스 더 비건 카카오닙스 포어 클레이 마스크,55992,,
10 ml / 0.33 fl. oz.,,㈜엔스/엔프라니㈜,"05 엠프리스 부틸아세테이트, 에틸아세테이트, 나이트로셀룰로오스, 아디픽애씨드/네오펜틸 글라이콜/트라이멜리틱안하이드라이드코폴리머, 아이소프로필알코올, 아세틸트 라이부틸시트레이트, 아크릴레이트코폴리머, 스타이렌/아크릴레이트코폴리머, 수크로오스아세테이트아이소부티레이트, 스테아랄코늄벤토나이트, 다이프로필 렌글라이콜다이벤조에이트, 실리카다이메틸실릴레이트, 옥토크릴렌, 티타늄디옥 사이드, 폴리비닐부틸알, 시트릭애씨드, 트라이메틸펜타닐다이아이소부티레이 트, 흑색산화철, 황색4호, 적색202호, 다이메티콘, 부틸알코올, 트라이메틸실록 시실리케이트, 다이아세톤알코올, 포스포릭애씨드",홀리카홀리카(엔프라니),타로즈 컬렉션 네일 글레이즈 [05 엠프리스],56924,,
10 ml / 0.33 fl. oz.,,㈜엔스/엔프라니㈜,"04 더 러버스 부틸아세테이트, 에틸아세테이트, 나이트로셀룰로오스, 아디픽애씨드/네오펜틸 글라이콜/트라이멜리틱안하이드라이드코폴리머, 아이소프로필알코올, 아세틸트 라이부틸시트레이트, 아크릴레이트코폴리머, 스타이렌/아크릴레이트코폴리머, 수크로오스아세테이트아이소부티레이트, 스테아랄코늄벤토나이트, 다이프로필 렌글라이콜다이벤조에이트, 실리카다이메틸실릴레이트, 옥토크릴렌, 티타늄디옥 사이드, 폴리비닐부틸알, 시트릭애씨드, 트라이메틸펜타닐다이아이소부티레이 트, 흑색산화철, 황색4호, 적색202호, 다이메티콘, 부틸알코올, 트라이메틸실록 시실리케이트, 다이아세톤알코올, 포스포릭애씨드",홀리카홀리카(엔프라니),타로즈 컬렉션 네일 글레이즈 [04 더러버스],56923,,
10 ml / 0.33 fl. oz.,,㈜엔스/엔프라니㈜,"02 문셋 부틸아세테이트, 에틸아세테이트, 나이트로셀룰로오스, 아디픽애씨드/네오펜틸 글라이콜/트라이멜리틱안하이드라이드코폴리머, 아이소프로필알코올, 아세틸트 라이부틸시트레이트, 아크릴레이트코폴리머, 스타이렌/아크릴레이트코폴리머, 수크로오스아세테이트아이소부티레이트, 스테아랄코늄벤토나이트, 실리카다이 메틸실릴레이트, 다이프로필렌글라이콜다이벤조에이트, 티타늄디옥사이드, 옥토 크릴렌, 폴리비닐부틸알, 시트릭애씨드, 트라이메틸펜타닐다이아이소부티레이 트, 황색4호, 흑색산화철, 적색202호, 다이메티콘, 부틸알코올, 트라이메틸실록 시실리케이트, 페릭암모늄페로시아나이드, 다이아세톤알코올, 포스포릭애씨드",홀리카홀리카(엔프라니),타로즈 컬렉션 네일 글레이즈 [02 문셋],56921,,
10 ml / 0.33 fl. oz.,,㈜엔스/엔프라니㈜,"03 더 풀 부틸아세테이트, 에틸아세테이트, 나이트로셀룰로오스, 아디픽애씨드/네오펜틸 글라이콜/트라이멜리틱안하이드라이드코폴리머, 아이소프로필알코올, 아세틸트 라이부틸시트레이트, 아크릴레이트코폴리머, 스타이렌/아크릴레이트코폴리머, 수크로오스아세테이트아이소부티레이트, 스테아랄코늄벤토나이트, 다이프로필 렌글라이콜다이벤조에이트, 실리카다이메틸실릴레이트, 옥토크릴렌, 티타늄디옥 사이드, 폴리비닐부틸알, 시트릭애씨드, 트라이메틸펜타닐다이아이소부티레이 트, 다이메티콘, 부틸알코올, 트라이메틸실록시실리케이트, 흑색산화철, 황색4 호, 적색220호, 다이아세톤알코올, 포스포릭애씨드",홀리카홀리카(엔프라니),타로즈 컬렉션 네일 글레이즈 [03 더풀],56922,,
2g,,코스메카 코리아/엔프라니,"티타늄디옥사이드, 카프릴릭/카프릭트라이글리세라이드, 트라이에틸헥사노인, 옥틸도데칸올, 실리카, 합성왁스, 다이아이소스테아릴말레이트, 마이카, 마이크로크리스탈린왁스, 다이펜타에리스리틸헥사하이드록시스테아레이트/헥사스테아레이트/헥사로지네이트, 솔비탄올리베이트, 합성플루오르플로고파이트, 하이드로제네이티드폴리아이소부텐, 폴리글리세릴-6폴리리시놀리에이트, 적색산화철, 솔비탄세스퀴올리에이트, 브이피/헥사데센코폴리머, 스테아랄코늄헥토라이트, 울트라마린, 다이스테아다이모늄헥토라이트, 1,2-헥산다이올, 향료, 프로필렌카보네이트, 카프릴릴글라이콜, 라우릴폴리글리세릴-3폴리다이메틸실록시에틸다이메티콘, 에틸헥실글리세린, 벤조트라이아졸릴도데실p-크레솔, 펜타에리스리틸테트라-다이-t-부틸하이드록시하이드로신나메이트, 카올린, 흑색산화철, 정제수, 황색산화철, 토코페롤, 하이드롤라이즈드하이알루로닉애씨드, 아세틸헥사펩타이드-8",홀리카홀리카(엔프라니),마이페이브 피스 컨실러 [16 로지토프],76782,,
0.05g,,씨앤씨인터네셔널 / 엔프라니㈜,"하이드로제네이티드돌콩오일, 티타늄디옥사이드, 하이드로제네이티드코코-글리세라이즈, 합성왁스, 카나우바왁스, 황색산화철, 징크스테아레이트, 폴리글리세릴-2트라이아이소스테아레이트, 흑색산화철, 적색산화철, 하이드로제네이티드식물성오일, 청색1호, 카프릴릭/카프릭글리세라이즈",홀리카홀리카(엔프라니),원더드로잉 스키니 아이브로우 [08 뮤티드베이지],74699,,
50ml,,엔프라니(주),"정제수, 나이아신아마이드, 글리세레스-26, 글리세린, 1,2-헥산다이올, 프로판다이올, 하이드롤라이즈드하이알루로닉애씨드, 아시아티코사이드, 마데카식애씨드, 아시아틱애씨드, 잔탄검, 암모늄아크릴로일다이메틸타우레이트/브이피코폴리머, 피브이엠/엠에이코폴리머, 폴리글리세릴-10라우레이트, 글리세릴아크릴레이트/아크릴릭애씨드코폴리머, 다이프로필렌글라이콜, 카프릴릭/카프릭트라이글리세라이드, 하이드로제네이티드레시틴, 칸디다 봄비콜라/글루코오스/메틸레이프씨데이트발효물, 해바라기씨오일, 에톡시다이글라이콜, 에틸헥실글리세린",홀리카홀리카(엔프라니),레스온스킨 밸런시즘 비건 세럼,55845,,
5.5g,,㈜코스맥스 / 엔프라니㈜,"탤크, 마이카 (CI 77019), 티타늄디옥사이드 (CI 77891), 실리카, 나일론-12, 옥틸도데실스테아로일스테아레이트, 페닐트라이메티콘, 마그네슘미리스테이트, 메틸프로판다이올, 다이아이소스테아릴말레이트, 다이펜타에리스리틸헥사하이드록시스테아레이트/헥사스테아레이트/헥사로지네이트, 카프릴릭/카프릭트라이글리세라이드, 프로판다이올, 메티콘, 트라이에톡시카프릴릴실레인, 다이메티콘올스테아레이트, 다이메티콘, 마그네슘스테아레이트, 알루미늄하이드록사이드, 라우로일라이신, 카올린, 울트라마린 (CI 77007), 적색226호 (CI 73360), 망가니즈바이올렛 (CI 77742), 황색4호 (CI 19140)",홀리카홀리카(엔프라니),마이페이브 인퓨징 블러쉬 [10 그레이피],74717,,
50ml,,엔프라니㈜,"키위수(700,089 ppm), 글리세린, 정제수, 나이아신아마이드, 부틸렌글라이콜, 다이메티콘, 베타인, 1,2-헥산다이올, 펜타에리스리틸테트라에틸헥사노에이트, 메틸프로판다이올, 다이글리세린, 트라이실록세인, 암모늄아크릴로일다이메틸타우레이트/베헤네스-25메타크라일레이트크로스폴리머, 스쿠알란, 베헤닐알코올, 실리카, 시어버터, 카프릴릭/카프릭트라이글리세라이드, 아크릴레이트/C10-30알킬아크릴레이트크로스폴리머, 카놀라오일, 트로메타민, 알란토인, 글리세릴아크릴레이트/아크릴릭애씨드코폴리머, 마카다미아씨오일, 다이포타슘글리시리제이트, 에틸헥실글리세린, 글리세릴폴리아크릴레이트, 아데노신, 판테놀, 다이소듐이디티에이, 소듐하이알루로네이트, 폴리글리세릴-10올리에이트, 유채스테롤, 콜레스테롤, 피토스테릴/베헤닐/옥틸도데실라우로일글루타메이트, 멜라토닌, 카르니틴, 황색산화철, 하이드로제네이티드레시틴, 키위씨오일(50 ppm), 당근씨오일, 키위추출물(29 ppm), 적색산화철, 마이카, 레시틴, 토코페릴아세테이트, 베타-카로틴, 당근추출물, 해바라기씨오일, 마그네슘아스파테이트, 징크글루코네이트, 메티콘, 피리독신, 티아민에이치씨엘, 토코페롤, 알부틴, 소듐아스코빌포스페이트, 카퍼글루코네이트, 4-부틸레조시놀, 아크릴레이트/암모늄메타크릴레이트코폴리머, 아스코빅애씨드(30 ppb), 바이오플라보노이드, 바이오틴, 사이아노코발아민, 폴릭애씨드, 글루타티온, 메나다이온, 리보플라빈, 암모늄아크릴로일다이메틸타우레이트/브이피코폴리머, 향료, 리모넨",홀리카홀리카(엔프라니),골드키위 비타 C+ 브라이트닝 크림,74713,,
0.3g,,㈜에치엔지 / 엔프라니(주),합성플루오르플로고파이트;하이드로제네이티드캐스터오일;옻나무껍질왁스;에틸헥실팔미테이트;팔미틱애씨드;스테아릭애씨드;비즈왁스;솔비탄세스퀴올리에이트;토코페릴아세테이트;미리스틱애씨드;데하이드로아세틱애씨드;마이카;티타늄다이옥사이드;흑색산화철;적색산화철;황색산화철,홀리카홀리카(엔프라니),원더드로잉 펜타 퍼펙션 브로우 펜슬 [02 내추럴브라운],24407,,
0.3g,,㈜에치엔지 / 엔프라니(주),합성플루오르플로고파이트;하이드로제네이티드캐스터오일;옻나무껍질왁스;에틸헥실팔미테이트;팔미틱애씨드;스테아릭애씨드;비즈왁스;솔비탄세스퀴올리에이트;토코페릴아세테이트;미리스틱애씨드;데하이드로아세틱애씨드;마이카;티타늄다이옥사이드;황색산화철;흑색산화철;적색산화철,홀리카홀리카(엔프라니),원더드로잉 펜타 퍼펙션 브로우 펜슬 [04 라이트브라운],24408,,
120ml,,(주)웰코스/엔프라니(주),"정제수, 사이클로펜타실록세인, 프로필렌글라이콜, 글리세린, 피이지-32, 다이메티콘, 다이페닐실록시페닐트라이메티콘, 판테놀, 소듐피씨에이, 바이오틴, 아이슬란드이끼추출물, 서양송악추출물, 스피드웰추출물, 카퍼트라이펩타이드-1, 아세틸헥사펩타이드-8, 팔미토일펜타펩타이드-4, 팔미토일테트라펩타이드-7, 팔미토일트라이펩타이드-1, 마그네슘피씨에이, 소듐락테이트, 세린*, 수크로오스, 우레아, 글라이신*, 오르니틴, 씨솔트, 알라닌*, 마그네슘클로라이드, 트레오닌*, 히스티딘*, 아스파틱애씨드*, 발린*, 프롤린*, 다이포타슘포스페이트, 라이신*, 류신*, 타이로신*, 아이소류신*, 마그네슘시트레이트, 글루코사민에이치씨엘, 글루타믹애씨드*, 페닐알라닌*, 알지닌*, 1-메틸하이단토인-2-이미드, 아스파라진*, 시트룰린, 우릭애씨드, 메티오닌*, 타우린, 트립토판*, 시스테인*, 글루타민*, 폴리아크릴아마이드, C13-14아이소파라핀, 하이드록시에틸셀룰로오스, 폴리쿼터늄-7, 부틸렌글라이콜, 칼슘클로라이드, 포타슘하이드록사이드, 폴리솔베이트80, 라우레스-7, 다이소듐이디티에이, 페녹시에탄올, 에틸헥실글리세린, 카프릴릴글라이콜, 소듐벤조에이트, 1,2-헥산다이올, 향료, 알파-아이소메틸아이오논, 리날룰, 헥실신남알, 리모넨, 시트로넬올, 제라니올",홀리카홀리카(엔프라니),비오틴 데미지 케어 에센스,47448,,
50ml X 2EA + 앰플 7ml X 1EA,,엔프라니(주),"정제수, 프로판다이올, 판테놀(10 %), 카프릴릭/카프릭트라이글리세라이드, 세틸에틸헥사노에이트, 1,2-헥산다이올, 하이드록시에틸우레아, 폴리글리세릴-6스테아레이트, 에틸헥실올리베이트, 펜타에리스리틸테트라아이소스테아레이트, 올리브오일, 베타-글루칸, 하이드롤라이즈드옥수수전분, 참마뿌리추출물, 피토스테릴/이소스테아릴/세틸/스테아릴/베헤닐다이머디리놀리에이트, 식물성오일, 폴리글리세릴-6베헤네이트, 세테아릴알코올, 폴리글리세릴-5스테아레이트, 시어버터, 알지닌, 에틸헥실글리세린, 다이소듐이디티에이, 소듐하이알루로네이트, 세테아릴올리베이트, 솔비탄올리베이트, 하이드로제네이티드레시틴, 소듐아크릴레이트코폴리머, 폴리글리세릴-4올리에이트, 폴리아크릴레이트크로스폴리머-6, 카보머, 잔탄검, 수크로오스, 글리세릴글루코사이드, 글리세린, 소듐아크릴릭애씨드/엠에이코폴리머, 부틸렌글라이콜, 다이프로필렌글라이콜, 카프릴릴글라이콜",홀리카홀리카(엔프라니),레스온스킨 판테바이블 비건 크림,66837,,
2g,,㈜코스메카코리아 / 엔프라니㈜,"티타늄디옥사이드, 카프릴릭/카프릭트라이글리세라이드, 트라이에틸헥사노인, 옥틸도데칸올, 실리카, 합성왁스, 다이아이소스테아릴말레이트, 마이크로크리스탈린왁스, 다이펜타에리스리틸헥사하이드록시스테아레이트/헥사스테아레이트/헥사로지네이트, 솔비탄올리베이트, 합성플루오르플로고파이트, 하이드로제네이티드폴리아이소부텐, 폴리글리세릴-6폴리리시놀리에이트, 솔비탄세스퀴올리에이트, 브이피/헥사데센코폴리머, 마이카, 적색산화철, 스테아랄코늄헥토라이트, 다이스테아다이모늄헥토라이트, 1,2-헥산다이올, 향료, 프로필렌카보네이트, 황색산화철, 카프릴릴글라이콜, 라우릴폴리글리세릴-3폴리다이메틸실록시에틸다이메티콘, 에틸헥실글리세린, 벤조트라이아졸릴도데실p-크레솔, 펜타에리스리틸테트라-다이-t-부틸하이드록시하이드로신나메이트, 흑색산화철, 정제수, 토코페롤, 하이드롤라이즈드하이알루로닉애씨드, 아세틸헥사펩타이드-8",홀리카홀리카(엔프라니),마이페이브 피스 컨실러 [14 벚꽃 안개],76780,,
20ML,,(주)이미인랩스 / (주)엔프라니,"피부미백-비타C 정제수, 글리세린, 나이아신아마이드, 이소펜틸디올, 디프로필렌글라이콜, 부틸렌글라이콜, 병풀추출물, 모란뿌리추출물,소듐하이알루로네이트, 1,2-헥산디올, 피이지-60하이드로제네이티드캐스터오일, 캐모마일꽃추출물, 카보머, 알지닌, 글리세릴카프릴레이트, 하이드록시에칠셀룰로오스, 에칠헥실글리세린, 마그네슘아스코빌포스페이트(200 ppm), 세이지잎추출물, 말로우꽃추출물, 필드스캐비어스추출물, 글루타치온, 디소듐이디티에이, 향료",홀리카홀리카(엔프라니),스킨 레스큐어 마스크시트 [피부미백-비타C],52947,,
20ML,,(주)이미인랩스 / (주)엔프라니,"진정보호-마데카소사이드 정제수, 글리세린, 디프로필렌글라이콜, 카프릴릭/카프릭트리글리세라이드, 세틸에칠헥사노에이트, 이소펜틸디올, 폴리글리세릴-3메칠글루코오스디스테아레이트, 글리세릴스테아레이트, 판테놀, 부틸렌글라이콜, 모란뿌리추출물, 병풀추출물, 1,2-헥산디올, 알란토인, 캐모마일꽃추출물, 글리세릴카프릴레이트, 아크릴레이트/C10-30알킬아크릴레이트크로스폴리머, 알지닌, 소듐하이알루로네이트, 하이드록시에칠셀룰로오스, 에칠헥실글리세린, 센티드제라늄꽃오일, 마데카소사이드(200 ppm), 캐모마일꽃/잎추출물, 레몬껍질오일, 판토락톤, 말로우꽃추출물, 세이지잎추출물, 필드스캐비어스추출물, 베타-글루칸, 디소듐이디티에이",홀리카홀리카(엔프라니),스킨 레스큐어 마스크시트 [진정보호-마데카소사이드],52946,,
80ml,,엔프라니㈜/ 엔프라니㈜,"키위추출물;글리세린;정제수;부틸렌글라이콜;나이아신아마이드;1,2-헥산다이올;베타인;메틸프로판다이올;카프릴릭/카프릭트라이글리세라이드;키위씨오일;암모늄아크릴로일다이메틸타우레이트/베헤네스-25메타크라일레이트크로스폴리머;폴리메틸실세스퀴옥세인;글리세릴폴리아크릴레이트;베헤닐알코올;멜라토닌;아스코빅애씨드;토코페릴아세테이트;에이치디아이/트라이메틸올헥실락톤크로스폴리머;다이메티콘;펜타에리스리틸테트라에틸헥사노에이트;호호바에스터;카놀라오일;시어버터;알란토인;아크릴레이트/C10-30알킬아크릴레이트크로스폴리머;트로메타민;글리세릴아크릴레이트/아크릴릭애씨드코폴리머;마카다미아씨오일(구명칭);스쿠알란;아데노신;판테놀;소듐하이알루로네이트;폴리글리세릴-10올리에이트;유채스테롤;콜레스테롤;피토스테릴/베헤닐/옥틸도데실라우로일글루타메이트;카르니틴;하이드로제네이티드레시틴;당근씨오일;레시틴;페러스옥사이드;베타-카로틴;당근추출물;해바라기씨오일;다이소듐이디티에이;마그네슘아스파테이트;징크글루코네이트;피리독신;티아민에이치씨엘;알부틴;소듐아스코빌포스페이트;카퍼글루코네이트;4-부틸레조시놀;아크릴레이트/암모늄메타크릴레이트코폴리머;바이오플라보노이드;바이오틴;사이아노코발아민;폴릭애씨드;글루타티온;메나다이온;리보플라빈;암모늄아크릴로일다이메틸타우레이트/브이피코폴리머;에틸헥실글리세린;향료;리모넨;리날룰",홀리카홀리카(엔프라니),골드키위 비타 C+ 브라이트닝 슬리핑 크림,24332,,
0.5 g / 0.01 oz.,,㈜수한 / ㈜엔프라니,"02 로지 브루 정제수, 아크릴레이트코폴리머, 부틸렌글라이콜, 티타늄디옥사이드, 적색226호, 아크릴레이트/다이메틸아미노에틸메타크릴레이트코폴리머 , 폴리솔베이트20, 에탄올, 페녹시에탄올, 적색산화철 , 카본블랙, 벤토나이트, 벤질알코올, 암모늄하이드록사이드, 카프릴릭/카프릭트라이글리세라이드, 알루미늄하이드록사이드, 베헤네스-30 , 소듐폴리아스파테이트, 펜틸렌글라이콜, 시메티콘, 소듐폴리아크릴레이트, 스테아레스-20 , 소듐서팩틴, 잔탄검, 아미노메틸프로판올 , 다이소듐이디티에이",홀리카홀리카(엔프라니),타로즈 컬렉션 무드래스팅 브러쉬 라이너 [02 로지브루],56905,,
80ml,,코스맥스 / 엔프라니(주),"사이클로펜타실록산,디메치콘,디메치콘올,에탄올,아르간트리커넬오일,동백오일,미국개암씨오일,스위트아몬드오일,호호바씨오일,하이드롤라이즈드옥수수단백질,하이드롤라이즈드콩단백질,하이드롤라이즈드밀단백질,C12-15알킬벤조에이트,바이오틴,정제수,페녹시에탄올,향료",홀리카홀리카(엔프라니),비오틴 데미지 케어 오일 세럼,44892,,
0.5 g / 0.01 oz.,,㈜수한 / ㈜엔프라니,"01 헤이즈 타로 정제수, 아크릴레이트코폴리머, 티타늄디옥사이드, 부틸렌글라이콜, 적색226호, 아크릴레이트/다이메틸아미노에틸메타크릴레이트코폴리머 , 폴리솔베이트20, 에탄올, 페녹시에탄올, 카본블랙, 알루미늄하이드록사이드, 벤토나이트, 소듐폴리아스파테이트, 벤질알코올, 카프릴릭/카프릭트라이글리세라이드, 암모늄하이드록사이드, 베헤네스-30 , 펜틸렌글라이콜, 적색산화철 , 소듐서팩틴, 시메티콘, 잔탄검, 소듐폴리아크릴레이트, 스테아레스-20 , 다이소듐이디티에이, 아미노메틸프로판올",홀리카홀리카(엔프라니),타로즈 컬렉션 무드래스팅 브러쉬 라이너 [01 헤이즈타로],56904,,
25G,,한국콜마(주) / 엔프라니(주),"정제수, 징크옥사이드, 페닐트라이메티콘, 카프릴릴메티콘, 트라이헵타노인, 부틸렌글라이콜, 메틸트라이메티콘, 부틸옥틸살리실레이트, 폴리글리세릴-4다이아이소스테아레이트/폴리하이드록시스테아레이트/세바케이트, 메틸메타크릴레이트크로스폴리머, 다이아이소스테아릴말레이트, 알로에베라잎추출물, 병풀추출물, 약모밀추출물, 다시마추출물, 당느릅나무뿌리추출물, 제비꽃꽃추출물, 참마뿌리추출물, 쌀겨오일, 마그네슘설페이트, 트라이에톡시카프릴릴실레인, 다이스테아다이모늄헥토라이트, 폴리글리세릴-6폴리리시놀리에이트, 폴리글리세릴-5폴리리시놀리에이트, 1,2-헥산다이올, 솔비탄카프릴레이트, 글리세릴카프릴레이트, 카프릴릴글라이콜, 에틸헥실글리세린, 토코페롤, 자일리틸글루코사이드, 안하이드로자일리톨, 자일리톨, 글리세린, 글루코오스, 향료",홀리카홀리카(엔프라니),알로에 마일드 선쿠션 [SPF50+/PA++++],52739,,
2g,,코스메카 코리아/엔프라니,"카프릴릭/카프릭트라이글리세라이드, 트라이데실트라이멜리테이트, 다이머다이리놀레일다이머다이리놀리에이트, 피마자씨오일, 다이부틸라우로일글루타마이드, 호호바씨오일, 다이부틸에틸헥사노일글루타마이드, 지치뿌리추출물, 1,2-헥산다이올, 덱스트린팔미테이트, 향료, 토코페릴아세테이트, 벤조트라이아졸릴도데실p-크레솔, 카프릴릴글라이콜, 펜타에리스리틸테트라-다이-t-부틸하이드록시하이드로신나메이트, 에틸헥실글리세린, 적색218호, 다이아이소스테아릴말레이트, 적색산화철, 정제수, 흑색산화철, 하이드롤라이즈드하이알루로닉애씨드, 아세틸헥사펩타이드-8",홀리카홀리카(엔프라니),마이페이브 피스 컨실러 [19 아임 콜드],76785,,
45ml,,엔프라니,"캐모마일꽃수, 프로판다이올, 정제수, 다이프로필렌글라이콜, 글리세린, 메틸글루세스-20, 글리세레스-26, 나이아신아마이드, 1,2-헥산다이올, 부틸렌글라이콜, 세틸에틸헥사노에이트, 사이클로메티콘, 다이메티콘, 퀸즈랜드넛오일, 아크릴레이트/C10-30알킬아크릴레이트크로스폴리머, 트로메타민, 유채스테롤, 콜레스테롤, 하이드록시아세토페논, 하이드로제네이티드레시틴, 글리세레스-25피씨에이아이소스테아레이트, 세테스-3, 세테스-5, 에틸헥실글리세린, 아데노신, 향료, 다이소듐이디티에이, 하이드롤라이즈드치자추출물, 하이드롤라이즈드맥아추출물, 하이드롤라이즈드삼색제비꽃추출물, 엑토인, 하이알루로닉애씨드, 하이드롤라이즈드하이알루로닉애씨드, 소듐하이알루로네이트, 카프릴릭/카프릭트라이글리세라이드, 소듐아스코빌포스페이트, 세라마이드엔피, 사이아노코발아민, 아세틸헥사펩타이드-8, 카퍼트라이펩타이드-1, 올리고펩타이드-29, 올리고펩타이드-32, 팔미토일펜타펩타이드-4",홀리카홀리카(엔프라니),프렙 코어 그립 베이스 [02 글로우 그립 베이스],76816,,
2g,,코스메카 코리아/엔프라니,"다이메티콘, 아이소노닐아이소노나노에이트, 트라이베헤닌, 피마자씨오일, 하이드로제네이티드폴리아이소부텐, 실리카, 다이메티콘크로스폴리머, 페닐트라이메티콘, 아이소트라이데실아이소노나노에이트, 합성왁스, 비닐다이메티콘/메티콘실세스퀴옥세인크로스폴리머, 라우릴폴리글리세릴-3폴리다이메틸실록시에틸다이메티콘, 다이아이소스테아릴말레이트, 에틸렌/프로필렌코폴리머, 1,2-헥산다이올, 트라이에톡시카프릴릴실레인, 흑색산화철, 향료, 적색202호, 폴리하이드록시스테아릭애씨드, 벤조트라이아졸릴도데실p-크레솔, 카프릴릴글라이콜, 펜타에리스리틸테트라-다이-t-부틸하이드록시하이드로신나메이트, 토코페릴아세테이트, 에틸헥실팔미테이트, 아이소프로필미리스테이트, 아이소스테아릭애씨드, 레시틴, 적색218호, 에틸헥실글리세린, 폴리글리세릴-3폴리리시놀리에이트, 청색1호, 라우레스-4, 토코페롤, 정제수, 하이드롤라이즈드하이알루로닉애씨드, 아세틸헥사펩타이드-8",홀리카홀리카(엔프라니),마이페이브 피스 컨실러 [18 스모크 플럼],76784,,
500 ml,,엔프라니㈜,"정제수, 코코-베타인, 라우릴하이드록시설테인, 글리세린, 다이소듐라우릴설포석시네이트, 라우릴글루코사이드, 소듐메틸코코일타우레이트, 글라이콜다이스테아레이트, 프로필렌글라이콜라우레이트, 하이드록시아세토페논, 소듐클로라이드, 1,2-헥산다이올, 카프릴릴글라이콜, 시트릭애씨드, 폴리쿼터늄-22, 스타이렌/브이피코폴리머, 판테놀, 알란토인, 다이소듐이디티에이, 하이드롤라이즈드식물성단백질, 말토덱스트린, 올리브오일, 살리실릭애씨드, 하이드로제네이티드레시틴, 세테아릴알코올, 락토바실러스발효용해물, 시어버터, 스테아릭애씨드, 비피다발효용해물, 세라마이드엔피(95.7 ppb), 스트렙토코쿠스 테르모필루스발효물, 부틸렌글라이콜, 펜틸렌글라이콜, 카프릴릭/카프릭트라이글리세라이드, 피토스테롤, 피토스핑고신, 잔탄검, 하이드롤라이즈드완두콩단백질, 병풀추출물, 콜레스테롤, 티트리잎추출물, 소듐하이알루로네이트, 스쿠알란, 세라마이드엔지(0.75 ppb), 세라마이드엔에스(0.75 ppb), 세라마이드에이피(0.5 ppb), 세라마이드에이에스(0.5 ppb), 하이알루로닉애씨드, 하이드롤라이즈드하이알루로닉애씨드, 하이드롤라이즈드소듐하이알루로네이트, 하이드록시프로필트라이모늄하이알루로네이트, 포타슘하이알루로네이트, 듐아세틸레이티드하이알루로네이트, 소듐하이알루로네이트크로스폴리머, 아시아틱애씨드, 아시아티코사이드, 마데카식애씨드, 마데카소사이드, 세라마이드이오피(0.001 ppb)",홀리카홀리카(엔프라니),세라베리어 딥 모이스처 인텐시브 바디워시,77987,,
2g,,코스메카 코리아/엔프라니,"티타늄디옥사이드, 다이메티콘, 페닐트라이메티콘, 아이소아밀라우레이트, 아이소노닐아이소노나노에이트, 합성왁스, 마이카, 하이드로제네이티드폴리아이소부텐, 실리카, 비스-다이글리세릴폴리아실아디페이트-2, 마이크로크리스탈린왁스, 솔비탄올리베이트, 알루미늄전분옥테닐석시네이트, 세테아릴에틸헥사노에이트, 폴리글리세릴-6폴리리시놀리에이트, 브이피/헥사데센코폴리머, 하이드로제네이티드폴리데센, 다이펜타에리스리틸헥사하이드록시스테아레이트/헥사스테아레이트/헥사로지네이트, 솔비탄세스퀴올리에이트, 황색산화철, 트라이에톡시카프릴릴실레인, 1,2-헥산다이올, 적색산화철, 다이스테아다이모늄헥토라이트, 향료, 흑색산화철, 적색202호, 황색5호, 벤조트라이아졸릴도데실p-크레솔, 카프릴릴글라이콜, 에틸헥실글리세린, 펜타에리스리틸테트라-다이-t-부틸하이드록시하이드로신나메이트, 정제수, 하이드롤라이즈드하이알루로닉애씨드, 아세틸헥사펩타이드-8",홀리카홀리카(엔프라니),마이페이브 피스 컨실러 [15 피치즈 앤 크림],76781,,
60ml,,코스맥스㈜ / ㈜엔프라니,"정제수;사이클로펜타실록세인;에칠헥실메톡시신나메이트;CI 77891;부틸렌글라이콜;에칠헥실살리실레이트;세틸에틸헥사노에이트;나이아신아마이드;다이카프릴릴카보네이트;병풀추출물;클로렐라 불가리스추출물;소듐하이알루로네이트;캐모마일꽃추출물;하이드롤라이즈드콜라겐;라임추출물;오렌지추출물;레몬추출물;모란뿌리추출물;사과추출물;포도추출물;알로에베라잎추출물;쑥잎추출물;다이에틸아미노하이드록시벤조일헥실벤조에이트;1,2-헥산다이올;트라이세테아레스-4포스페이트;글라이콜스테아레이트;글리세릴스테아레이트;피이지-100스테아레이트;피이지-2스테아레이트;글루코오스;트로메타민;피이지-10다이메티콘;알루미늄하이드록사이드;스테아릭애씨드;카프릴릴글라이콜;프룩토올리고사카라이드;프룩토오스;소듐아크릴레이트/소듐아크릴로일다이메틸타우레이트코폴리머;아이소헥사데칸;에틸헥실글리세린;아데노신;트라이에톡시카프릴릴실레인;폴리솔베이트80;소듐파이테이트;세라마이드엔피;솔비탄올리에이트;토코페롤;말토덱스트린;세테아릴알코올;카보머;향료;CI 77007;CI 77019;CI 77491",홀리카홀리카(엔프라니),워터멜로우 톤업 세럼 [SPF30/PA++],24331,,
180ml 100매,,엔프라니㈜,"정제수, 판테놀(5 %), 글리세린, 1,2-헥산다이올, 트라이에틸헥사노인, 다이페닐다이메티콘, 폴리글리세릴-10미리스테이트, 에틸헥실글리세린, 솔비탄올리베이트, 세테아릴올리베이트, 다이프로필렌글라이콜, 부틸렌글라이콜, 하이드로제네이티드레시틴, 다이소듐이디티에이",홀리카홀리카(엔프라니),레스온스킨 판테바이블 비건 패드,51319,,
80g,,엔프라니(주),"수크로오스, 에틸헥실스테아레이트, 피이지-7글리세릴코코에이트, 합성왁스, 글리세린, 스테아랄코늄헥토라이트, 마이크로크리스탈린왁스, 하이드로제네이티드캐스터오일아이소스테아레이트, 1,2-헥산다이올, 사과식이섬유(1,000 ppm), 사과씨오일(100 ppm), 사과추출물(0.25 ppm), 포도추출물, 매실추출물, 파파야열매추출물, 카라멜, 부틸렌글라이콜, 정제수, 에틸헥실글리세린, 향료",홀리카홀리카(엔프라니),퓨어에센스 더 비건 애플잼 스크럽 마스크,56001,,
30ml,,코스맥스(주) / 엔프라니(주),수크로오스;페트롤라툼;피이지-7글리세릴코코에이트;글리세린;마이크로크리스탈린왁스;아이소도데케인;미네랄오일;소르비톨(구명칭);솔비탄세스퀴올리에이트;폴리에틸렌;세틸알코올;트라이하이드록시스테아린;피이지-23스테아레이트;알로에베라잎즙;레몬추출물;세테아레스-20;올레스-5;다이스테아다이모늄헥토라이트;폴리솔베이트20;프로필렌카보네이트;모로칸용암점토;카올린;정제수;페녹시에탄올;메틸파라벤;포타슘솔베이트;소듐벤조에이트;부틸파라벤;에틸파라벤;아이소부틸파라벤;프로필파라벤;향료;황색4호,홀리카홀리카(엔프라니),피그노즈 클리어 블랙헤드 클렌징 슈가 스크럽,27274,,
4g,,코스맥스(주)/엔프라니(주),"07쉘리 : 정제수, 다이메티콘, 카프릴릴메티콘, 다이메티콘/비닐다이메티콘크로스폴리머, 다이프로필렌글라이콜, 펜틸렌글라이콜, 다이메티콘크로스폴리머, 소듐아크릴레이트크로스폴리머-2, 폴리글리세릴-10라우레이트, 1,2-헥산다이올, 글리세린, 클로렐라 불가리스추출물, 하이드롤라이즈드하이알루로닉애씨드, 보검선인장줄기추출물, 수박추출물, 자몽추출물, 복숭아추출물, 석류추출물, 사과추출물, 세테아레스-20, 세틸피이지/피피지-10/1다이메티콘, 부틸렌글라이콜, 폴리아크릴레이트-13, 글리세릴스테아레이트, 피이지-100스테아레이트, 암모늄아크릴로일다이메틸타우레이트/브이피코폴리머, 다이페닐실록시페닐트라이메티콘, 폴리아이소부텐, 글루코오스, 프룩토올리고사카라이드, 프룩토오스, 에틸헥실글리세린, 폴리솔베이트20, 트라이소듐에틸렌다이아민다이석시네이트, 솔비탄아이소스테아레이트, 알루미늄하이드록사이드, 암모늄폴리아크릴레이트, 알지닌, 다이소듐포스페이트, 카보머, 페녹시에탄올, 향료, 리날룰, 티타늄디옥사이드 (CI 77891), 적색104호의(1) (CI 45410), 황색5호 (CI 15985), 적색227호 (CI 17200), 청색1호 (CI 42090)",홀리카홀리카(엔프라니),포기블러 틴트 [07 쉘리],52598,,
4g,,엔프라니㈜,"05포쉬 : 정제수, 다이메티콘, 카프릴릴메티콘, 다이메티콘/비닐다이메티콘크로스폴리머, 다이프로필렌글라이콜, 펜틸렌글라이콜, 다이메티콘크로스폴리머, 소듐아크릴레이트크로스폴리머-2, 폴리글리세릴-10라우레이트, 1,2-헥산다이올, 글리세린, 클로렐라 불가리스추출물, 하이드롤라이즈드하이알루로닉애씨드, 보검선인장줄기추출물, 수박추출물, 자몽추출물, 복숭아추출물, 석류추출물, 사과추출물, 세테아레스-20, 세틸피이지/피피지-10/1다이메티콘, 부틸렌글라이콜, 폴리아크릴레이트-13, 글리세릴스테아레이트, 피이지-100스테아레이트, 암모늄아크릴로일다이메틸타우레이트/브이피코폴리머, 다이페닐실록시페닐트라이메티콘, 폴리아이소부텐, 글루코오스, 프룩토올리고사카라이드, 프룩토오스, 에틸헥실글리세린, 폴리솔베이트20, 트라이소듐에틸렌다이아민다이석시네이트, 솔비탄아이소스테아레이트, 알루미늄하이드록사이드, 암모늄폴리아크릴레이트, 알지닌, 다이소듐포스페이트, 카보머, 페녹시에탄올, 향료, 리날룰, 티타늄디옥사이드 (CI 77891), 적색227호 (CI 17200), 황색5호 (CI 15985), 황색4호 (CI 19140), 적색104호의(1) (CI 45410), 청색1호 (CI 42090)",홀리카홀리카(엔프라니),포기블러 틴트 [05 포쉬],46113,,
4g,,엔프라니㈜,"06두지 : 정제수, 다이메티콘, 카프릴릴메티콘, 다이메티콘/비닐다이메티콘크로스폴리머, 다이프로필렌글라이콜, 펜틸렌글라이콜, 다이메티콘크로스폴리머, 소듐아크릴레이트크로스폴리머-2, 폴리글리세릴-10라우레이트, 1,2-헥산다이올, 글리세린, 클로렐라 불가리스추출물, 하이드롤라이즈드하이알루로닉애씨드, 보검선인장줄기추출물, 수박추출물, 자몽추출물, 복숭아추출물, 석류추출물, 사과추출물, 세테아레스-20, 세틸피이지/피피지-10/1다이메티콘, 부틸렌글라이콜, 폴리아크릴레이트-13, 글리세릴스테아레이트, 피이지-100스테아레이트, 암모늄아크릴로일다이메틸타우레이트/브이피코폴리머, 다이페닐실록시페닐트라이메티콘, 폴리아이소부텐, 글루코오스, 프룩토올리고사카라이드, 프룩토오스, 폴리솔베이트20, 에틸헥실글리세린, 솔비탄아이소스테아레이트, 트라이소듐에틸렌다이아민다이석시네이트, 알지닌, 알루미늄하이드록사이드, 암모늄폴리아크릴레이트, 다이소듐포스페이트, 카보머, 페녹시에탄올, 향료, 리날룰, 티타늄디옥사이드 (CI 77891), 적색227호 (CI 17200), 황색5호 (CI 15985), 황색4호 (CI 19140), 청색1호 (CI 42090)",홀리카홀리카(엔프라니),포기블러 틴트 [06 두지],46114,,
4g,,엔프라니(주),"04헤이지 : 정제수, 다이메티콘, 카프릴릴메티콘, 다이메티콘/비닐다이메티콘크로스폴리머, 다이프로필렌글라이콜, 펜틸렌글라이콜, 다이메티콘크로스폴리머, 소듐아크릴레이트크로스폴리머-2, 폴리글리세릴-10라우레이트, 1,2-헥산다이올, 글리세린, 클로렐라 불가리스추출물, 하이드롤라이즈드하이알루로닉애씨드, 보검선인장줄기추출물, 수박추출물, 자몽추출물, 복숭아추출물, 석류추출물, 사과추출물, 세테아레스-20, 세틸피이지/피피지-10/1다이메티콘, 부틸렌글라이콜, 폴리아크릴레이트-13, 글리세릴스테아레이트, 피이지-100스테아레이트, 암모늄아크릴로일다이메틸타우레이트/브이피코폴리머, 다이페닐실록시페닐트라이메티콘, 폴리아이소부텐, 글루코오스, 프룩토올리고사카라이드, 프룩토오스, 에틸헥실글리세린, 폴리솔베이트20, 트라이소듐에틸렌다이아민다이석시네이트, 솔비탄아이소스테아레이트, 알루미늄하이드록사이드, 암모늄폴리아크릴레이트, 알지닌, 다이소듐포스페이트, 카보머, 페녹시에탄올, 향료, 리날룰, 티타늄디옥사이드 (CI 77891), 적색227호 (CI 17200), 황색4호 (CI 19140), 황색5호 (CI 15985), 청색1호 (CI 42090)",홀리카홀리카(엔프라니),포기블러 틴트 [04 헤이지],46112,,
4g,,엔프라니㈜,"02머플 : 정제수, 다이메티콘, 카프릴릴메티콘, 다이메티콘/비닐다이메티콘크로스폴리머, 다이프로필렌글라이콜, 펜틸렌글라이콜, 다이메티콘크로스폴리머, 소듐아크릴레이트크로스폴리머-2, 폴리글리세릴-10라우레이트, 1,2-헥산다이올, 글리세린, 클로렐라 불가리스추출물, 하이드롤라이즈드하이알루로닉애씨드, 보검선인장줄기추출물, 수박추출물, 자몽추출물, 복숭아추출물, 석류추출물, 사과추출물, 세테아레스-20, 세틸피이지/피피지-10/1다이메티콘, 부틸렌글라이콜, 폴리아크릴레이트-13, 글리세릴스테아레이트, 피이지-100스테아레이트, 암모늄아크릴로일다이메틸타우레이트/브이피코폴리머, 다이페닐실록시페닐트라이메티콘, 폴리아이소부텐, 글루코오스, 프룩토올리고사카라이드, 프룩토오스, 에틸헥실글리세린, 폴리솔베이트20, 트라이소듐에틸렌다이아민다이석시네이트, 솔비탄아이소스테아레이트, 알루미늄하이드록사이드, 암모늄폴리아크릴레이트, 알지닌, 다이소듐포스페이트, 카보머, 페녹시에탄올, 향료, 리날룰, 티타늄디옥사이드 (CI 77891), 황색4호 (CI 19140), 황색5호 (CI 15985), 적색227호 (CI 17200), 적색104호의(1) (CI 45410), 청색1호 (CI 42090)",홀리카홀리카(엔프라니),포기블러 틴트 [02 머플],46110,,
2.5g,,씨앤씨인터네셔널(주)/엔프라니(주),"정제수;부틸렌글라이콜;마이카;소듐스테아레이트;비스-피이지-18메틸에터다이메틸실레인;글리세린;펜틸렌글라이콜;솔비탄아이소스테아레이트;폴리솔베이트60;소듐클로라이드;글리세릴스테아레이트;다이메티콘;등색205호;페녹시에탄올;적색227호;하이드록시에틸셀룰로오스;적색5호;향료;적색104호의(1);리날룰;리모넨;소듐아세테이트;청색1호;비에이치티;시트로넬올;셀룰로오스;로우스위트블루베리추출물;유자추출물;복숭아추출물;1,2-헥산다이올",홀리카홀리카(엔프라니),워터 바이브 틴트 [05딥트],25188,,
4g,,코스맥스/엔프라니(주),"08 코랄린 : 정제수, 다이메티콘, 카프릴릴메티콘, 다이메티콘/비닐다이메티콘크로스폴리머, 다이프로필렌글라이콜, 펜틸렌글라이콜, 다이메티콘크로스폴리머, 소듐아크릴레이트크로스폴리머-2, 폴리글리세릴-10라우레이트, 1,2-헥산다이올, 글리세린, 클로렐라 불가리스추출물, 하이드롤라이즈드하이알루로닉애씨드, 보검선인장줄기추출물, 수박추출물, 자몽추출물, 복숭아추출물, 석류추출물, 사과추출물, 세테아레스-20, 세틸피이지/피피지-10/1다이메티콘, 부틸렌글라이콜, 글리세릴스테아레이트, 피이지-100스테아레이트, 폴리아크릴레이트-13, 암모늄아크릴로일다이메틸타우레이트/브이피코폴리머, 다이페닐실록시페닐트라이메티콘, 폴리아이소부텐, 글루코오스, 프룩토올리고사카라이드, 프룩토오스, 에틸헥실글리세린, 폴리솔베이트20, 트라이소듐에틸렌다이아민다이석시네이트, 솔비탄아이소스테아레이트, 알루미늄하이드록사이드, 암모늄폴리아크릴레이트, 알지닌, 다이소듐포스페이트, 카보머, 페녹시에탄올, 향료, 리날룰, 티타늄디옥사이드 (CI 77891), 황색5호 (CI 15985), 적색227호 (CI 17200), 황색4호 (CI 19140), 적색104호의(1) (CI 45410)",홀리카홀리카(엔프라니),포기블러 틴트 [08 코랄린],52600,,
4g,,엔프라니㈜,"03쿠잉 : 정제수, 다이메티콘, 카프릴릴메티콘, 다이메티콘/비닐다이메티콘크로스폴리머, 다이프로필렌글라이콜, 펜틸렌글라이콜, 다이메티콘크로스폴리머, 소듐아크릴레이트크로스폴리머-2, 폴리글리세릴-10라우레이트, 1,2-헥산다이올, 글리세린, 클로렐라 불가리스추출물, 하이드롤라이즈드하이알루로닉애씨드, 보검선인장줄기추출물, 수박추출물, 자몽추출물, 복숭아추출물, 석류추출물, 사과추출물, 세테아레스-20, 세틸피이지/피피지-10/1다이메티콘, 부틸렌글라이콜, 폴리아크릴레이트-13, 글리세릴스테아레이트, 피이지-100스테아레이트, 암모늄아크릴로일다이메틸타우레이트/브이피코폴리머, 다이페닐실록시페닐트라이메티콘, 폴리아이소부텐, 글루코오스, 프룩토올리고사카라이드, 프룩토오스, 에틸헥실글리세린, 폴리솔베이트20, 트라이소듐에틸렌다이아민다이석시네이트, 솔비탄아이소스테아레이트, 알루미늄하이드록사이드, 암모늄폴리아크릴레이트, 알지닌, 다이소듐포스페이트, 카보머, 페녹시에탄올, 향료, 리날룰, 티타늄디옥사이드 (CI 77891), 적색227호 (CI 17200), 황색5호 (CI 15985), 황색4호 (CI 19140), 적색104호의(1) (CI 45410), 청색1호 (CI 42090)",홀리카홀리카(엔프라니),포기블러 틴트 [03 쿠잉],46111,,
4g,,엔프라니㈜,"01키시 : 정제수, 다이메티콘, 카프릴릴메티콘, 다이메티콘/비닐다이메티콘크로스폴리머, 다이프로필렌글라이콜, 펜틸렌글라이콜, 다이메티콘크로스폴리머, 소듐아크릴레이트크로스폴리머-2, 폴리글리세릴-10라우레이트, 1,2-헥산다이올, 글리세린, 클로렐라 불가리스추출물, 하이드롤라이즈드하이알루로닉애씨드, 보검선인장줄기추출물, 수박추출물, 자몽추출물, 복숭아추출물, 석류추출물, 사과추출물, 세테아레스-20, 세틸피이지/피피지-10/1다이메티콘, 부틸렌글라이콜, 폴리아크릴레이트-13, 글리세릴스테아레이트, 피이지-100스테아레이트, 암모늄아크릴로일다이메틸타우레이트/브이피코폴리머, 다이페닐실록시페닐트라이메티콘, 폴리아이소부텐, 글루코오스, 프룩토올리고사카라이드, 프룩토오스, 폴리솔베이트20, 에틸헥실글리세린, 솔비탄아이소스테아레이트, 트라이소듐에틸렌다이아민다이석시네이트, 알루미늄하이드록사이드, 암모늄폴리아크릴레이트, 알지닌, 다이소듐포스페이트, 카보머, 페녹시에탄올, 향료, 리날룰, 티타늄디옥사이드 (CI 77891), 황색5호 (CI 15985), 적색227호 (CI 17200), 황색4호 (CI 19140), 적색104호의(1) (CI 45410), 청색1호 (CI 42090)",홀리카홀리카(엔프라니),포기블러 틴트 [01 키시],46109,,
50ml,,엔프라니(주),"정제수, 달팽이점액여과물(20 %), 프로판다이올, 다이프로필렌글라이콜, 부틸렌글라이콜, 글리세린, 피이지/피피지-17/6코폴리머, 사이클로펜타실록세인, 나이아신아마이드, 1,2-헥산다이올, 티타늄디옥사이드, 사이클로헥사실록세인, 마이카, 트라넥사믹애씨드, 진주추출물, 하이드롤라이즈드콜라겐, 소듐하이알루로네이트, 펜틸렌글라이콜, 마데카소사이드, 소듐폴리아크릴로일다이메틸타우레이트, 다이메티콘올, 하이드로제네이티드폴리데센, 하이드록시에틸아크릴레이트/소듐아크릴로일다이메틸타우레이트코폴리머, 소듐폴리아크릴레이트, 카카오추출물, 다이메티콘, 에틸헥실글리세린, 아데노신, 트라이데세스-10, 트라이에톡시카프릴릴실레인, 다이소듐이디티에이, 덱스트린, 향료, 헥실신남알, 리모넨, 리날룰",홀리카홀리카(엔프라니),프라임유스 화이트 스네일 모이스처 톤업 크림,63599,,
3g,,코디㈜ / ㈜엔프라니,"04블런트 다이아이소스테아릴말레이트, 다이페닐실록시페닐트라이메티콘, 정제수, 비스-다이글리세릴폴리아실아디페이트-2, 다이페닐다이메티콘, 하이드로제네이티드폴리아이소부텐, 폴리글리세린-3, 폴리솔베이트60, 세틸피이지/피피지-10/1다이메티콘, 솔비탄아이소스테아레이트, 부틸렌글라이콜, 1,2-헥산다이올, 다이메티콘, 펜틸렌글라이콜, 하이드록시에틸아크릴레이트/소듐아크릴로일다이메틸타우레이트코폴리머, 세테아레스-20, 스쿠알란, 티타늄디옥사이드, 황색5호, 에틸헥실글리세린, 향료, 적색227호, 알루미늄하이드록사이드, 암모늄폴리아크릴레이트, 리날룰, 페녹시에탄올, 청색1호, 헥실신남알, 리모넨, 호호바씨오일, 살구씨오일, 동백나무씨오일, 토코페롤",홀리카홀리카(엔프라니),하트크러쉬 베어 글레이즈 틴트 [04 블런트],52585,,
3g,,코디㈜ / ㈜엔프라니,"02비미쉬 다이아이소스테아릴말레이트, 다이페닐실록시페닐트라이메티콘, 정제수, 비스-다이글리세릴폴리아실아디페이트-2, 다이페닐다이메티콘, 하이드로제네이티드폴리아이소부텐, 폴리글리세린-3, 폴리솔베이트60, 세틸피이지/피피지-10/1다이메티콘, 솔비탄아이소스테아레이트, 부틸렌글라이콜, 1,2-헥산다이올, 다이메티콘, 펜틸렌글라이콜, 하이드록시에틸아크릴레이트/소듐아크릴로일다이메틸타우레이트코폴리머, 세테아레스-20, 스쿠알란, 티타늄디옥사이드, 황색5호, 에틸헥실글리세린, 향료, 적색227호, 적색104호의(1), 리날룰, 알루미늄하이드록사이드, 암모늄폴리아크릴레이트, 페녹시에탄올, 헥실신남알, 리모넨, 살구씨오일, 동백나무씨오일, 호호바씨오일, 토코페롤",홀리카홀리카(엔프라니),하트크러쉬 베어 글레이즈 틴트 [02 비미쉬],52578,,
14g,,㈜한국콜마 / 엔프라니㈜,"정제수, 징크옥사이드, 다이메티콘, 메틸트라이메티콘, 티타늄디옥사이드, 부틸옥틸살리실레이트, 카프릴릴메티콘, 메틸메타크릴레이트크로스폴리머, 프로판다이올, 부틸렌글라이콜다이카프릴레이트/다이카프레이트, 라우릴피이지-10트리스(트라이메틸실록시)실릴에틸다이메티콘, 글리세린, 나이아신아마이드, 트라이메틸실록시실리케이트, 마그네슘설페이트, 트라이에톡시카프릴릴실레인, 1,2-헥산다이올, 폴리글리세릴-6폴리리시놀리에이트, 다이스테아다이모늄헥토라이트, 알루미늄하이드록사이드, 스테아릭애씨드, 부틸렌글라이콜, 다이카프릴릴카보네이트, 향료, 황색산화철, 크로뮴옥사이드그린, 글리세릴카프릴레이트, 카프릴릴글라이콜, 에틸헥실글리세린, 아데노신, 흑색산화철, 쇠비름추출물, 병풀추출물, 약모밀추출물, 칡뿌리추출물, 대왕소나무잎추출물, 당느릅나무뿌리추출물, 달맞이꽃꽃추출물, 토코페롤, 다이프로필렌글라이콜, 귤껍질추출물, 매실추출물, 복숭아추출물, 토마토추출물, 알로에베라잎추출물, 효모발효물, 인동덩굴꽃추출물, 율무씨추출물, 질경이추출물, 황금추출물, 살구추출물, 오렌지추출물, 파파야열매추출물, 워터민트추출물, 수박추출물, 리모넨, 리날룰, 시트로넬올",홀리카홀리카(엔프라니),메이크업 톤업 선쿠션 [SPF50+/PA++++] [03빙하 보라],73946,,
14g,,㈜한국콜마 / 엔프라니㈜,"정제수, 징크옥사이드, 다이메티콘, 메틸트라이메티콘, 티타늄디옥사이드, 부틸옥틸살리실레이트, 카프릴릴메티콘, 메틸메타크릴레이트크로스폴리머, 프로판다이올, 부틸렌글라이콜다이카프릴레이트/다이카프레이트, 라우릴피이지-10트리스(트라이메틸실록시)실릴에틸다이메티콘, 글리세린, 나이아신아마이드, 트라이메틸실록시실리케이트, 울트라마린, 마그네슘설페이트, 트라이에톡시카프릴릴실레인, 다이카프릴릴카보네이트, 1,2-헥산다이올, 폴리글리세릴-6폴리리시놀리에이트, 다이스테아다이모늄헥토라이트, 알루미늄하이드록사이드, 스테아릭애씨드, 부틸렌글라이콜, 향료, 글리세릴카프릴레이트, 카프릴릴글라이콜, 에틸헥실글리세린, 아데노신, 쇠비름추출물, 병풀추출물, 약모밀추출물, 칡뿌리추출물, 대왕소나무잎추출물, 당느릅나무뿌리추출물, 달맞이꽃꽃추출물, 토코페롤, 다이프로필렌글라이콜, 귤껍질추출물, 매실추출물, 복숭아추출물, 토마토추출물, 알로에베라잎추출물, 효모발효물, 인동덩굴꽃추출물, 율무씨추출물, 질경이추출물, 황금추출물, 살구추출물, 오렌지추출물, 파파야열매추출물, 워터민트추출물, 수박추출물, 리모넨, 리날룰, 시트로넬올",홀리카홀리카(엔프라니),메이크업 톤업 선쿠션 [SPF50+/PA++++] [02오트 민트],73945,,
14g,,㈜한국콜마 / 엔프라니㈜,"정제수, 징크옥사이드, 다이메티콘, 메틸트라이메티콘, 티타늄디옥사이드, 부틸옥틸살리실레이트, 카프릴릴메티콘, 프로판다이올, 메틸메타크릴레이트크로스폴리머, 부틸렌글라이콜다이카프릴레이트/다이카프레이트, 라우릴피이지-10트리스(트라이메틸실록시)실릴에틸다이메티콘, 글리세린, 나이아신아마이드, 트라이메틸실록시실리케이트, 마그네슘설페이트, 트라이에톡시카프릴릴실레인, 1,2-헥산다이올, 폴리글리세릴-6폴리리시놀리에이트, 다이스테아다이모늄헥토라이트, 알루미늄하이드록사이드, 스테아릭애씨드, 부틸렌글라이콜, 향료, 글리세릴카프릴레이트, 카프릴릴글라이콜, 황색산화철, 적색산화철, 에틸헥실글리세린, 아데노신, 쇠비름추출물, 병풀추출물, 약모밀추출물, 칡뿌리추출물, 대왕소나무잎추출물, 당느릅나무뿌리추출물, 달맞이꽃꽃추출물, 토코페롤, 다이프로필렌글라이콜, 귤껍질추출물, 매실추출물, 복숭아추출물, 토마토추출물, 알로에베라잎추출물, 효모발효물, 인동덩굴꽃추출물, 율무씨추출물, 질경이추출물, 황금추출물, 살구추출물, 오렌지추출물, 파파야열매추출물, 워터민트추출물, 수박추출물, 리모넨, 리날룰, 시트로넬올",홀리카홀리카(엔프라니),메이크업 톤업 선쿠션 [SPF50+/PA++++] [01크림 피치],73944,,
200ml,,엔프라니(주),"에틸헥실스테아레이트, 카프릴릭/카프릭트라이글리세라이드, 솔베스-30테트라올리에이트, 솔베스-30테트라아이소스테아레이트, 솔비탄세스퀴올리에이트, 정제수, 트라이프로필렌글라이콜, 키위씨오일(1,000 ppm), 토코페릴아세테이트, 에틸헥실글리세린, 카프릴릴글라이콜, 판테놀, 호호바씨오일, 아보카도오일, 올리브오일, 해바라기씨오일, 코코넛야자오일, 1,2-헥산다이올, 소듐하이알루로네이트, 살리실릭애씨드, 시트릭애씨드, 락토바이오닉애씨드, 마데카소사이드, 키위추출물(2,000 ppb), 티아민에이치씨엘, 피리독신, 아시아티코사이드, 병풀잎추출물, 사이아노코발아민, 리보플라빈, 폴릭애씨드, 메나다이온, 바이오플라보노이드, 아스코빅애씨드(10 ppb), 글루타티온, 바이오틴, 향료, 리모넨, 리날룰",홀리카홀리카(엔프라니),골드키위 비타 C+ 브라이트닝 클렌징 오일,73032,,
3g,,코디㈜ / ㈜엔프라니,"06퍼피 다이아이소스테아릴말레이트, 다이페닐실록시페닐트라이메티콘, 정제수, 다이페닐다이메티콘, 비스-다이글리세릴폴리아실아디페이트-2, 하이드로제네이티드폴리아이소부텐, 폴리글리세린-3, 폴리솔베이트60, 세틸피이지/피피지-10/1다이메티콘, 솔비탄아이소스테아레이트, 부틸렌글라이콜, 1,2-헥산다이올, 펜틸렌글라이콜, 다이메티콘,하이드록시에틸아크릴레이트/소듐아크릴로일다이메틸타우레이트코폴리머, 세테아레스-20, 스쿠알란, 티타늄디옥사이드, 에틸헥실글리세린, 적색227호, 향료, 황색5호, 알루미늄하이드록사이드, 적색104호의(1), 암모늄폴리아크릴레이트, 리날룰, 황색4호, 페녹시에탄올, 헥실신남알, 리모넨, 호호바씨오일, 살구씨오일, 동백나무씨오일, 토코페롤",홀리카홀리카(엔프라니),하트크러쉬 베어 글레이즈 틴트 [06 퍼피],52587,,
3g,,코디㈜ / ㈜엔프라니,"03필로이 다이아이소스테아릴말레이트, 다이페닐실록시페닐트라이메티콘, 정제수, 비스-다이글리세릴폴리아실아디페이트-2, 다이페닐다이메티콘, 하이드로제네이티드폴리아이소부텐, 폴리글리세린-3, 폴리솔베이트60, 세틸피이지/피피지-10/1다이메티콘, 솔비탄아이소스테아레이트, 부틸렌글라이콜, 다이메티콘, 펜틸렌글라이콜, 1,2-헥산다이올, 하이드록시에틸아크릴레이트/소듐아크릴로일다이메틸타우레이트코폴리머, 세테아레스-20, 스쿠알란, 티타늄디옥사이드, 에틸헥실글리세린, 황색5호, 향료, 적색104호의(1), 알루미늄하이드록사이드, 암모늄폴리아크릴레이트, 적색227호, 리날룰, 페녹시에탄올, 청색1호, 헥실신남알, 리모넨, 살구씨오일, 동백나무씨오일, 호호바씨오일, 토코페롤",홀리카홀리카(엔프라니),하트크러쉬 베어 글레이즈 틴트 [03 필로이],52582,,
"80매, 140ml",,엔프라니㈜,"정제수, 키위추출물(80,000 ppm), 다이프로필렌글라이콜, 나이아신아마이드, 1,2-헥산다이올, 알란토인, 카르니틴, 아티초크잎추출물, 부틸렌글라이콜, 소듐하이알루로네이트, 시트릭애씨드, 엑토인, 키위씨오일(1 ppm), 락토바이오닉애씨드, 아스코빅애씨드(51 ppb), 글리세린, 판테놀, 피피지-13-데실테트라데세스-24, 에틸헥실글리세린, 아데노신, 다이소듐이디티에이, 레시틴, 폴리글리세릴-10올리에이트, 피리독신, 티아민에이치씨엘, 소듐아스코빌포스페이트, 알부틴, 바이오플라보노이드, 바이오틴, 사이아노코발아민, 폴릭애씨드, 글루타티온, 메나다이온, 리보플라빈, 토코페릴아세테이트, 4-부틸레조시놀, 아크릴레이트/암모늄메타크릴레이트코폴리머, 암모늄아크릴로일다이메틸타우레이트/브이피코폴리머, 향료, 리모넨",홀리카홀리카(엔프라니),골드키위 비타C+ 브라이트닝 토너 패드,43473,,
3g,,코디㈜ / ㈜엔프라니,"01아모리스트 다이아이소스테아릴말레이트, 다이페닐실록시페닐트라이메티콘, 정제수, 다이페닐다이메티콘, 비스-다이글리세릴폴리아실아디페이트-2, 하이드로제네이티드폴리아이소부텐, 폴리글리세린-3, 폴리솔베이트60, 세틸피이지/피피지-10/1다이메티콘, 솔비탄아이소스테아레이트, 부틸렌글라이콜, 펜틸렌글라이콜, 1,2-헥산다이올, 다이메티콘, 하이드록시에틸아크릴레이트/소듐아크릴로일다이메틸타우레이트코폴리머, 세테아레스-20, 스쿠알란, 황색5호, 에틸헥실글리세린, 향료, 적색227호, 적색104호의(1), 리날룰, 청색1호, 헥실신남알, 리모넨, 호호바씨오일, 살구씨오일, 동백나무씨오일, 토코페롤",홀리카홀리카(엔프라니),하트크러쉬 베어 글레이즈 틴트 [01 아모리스트],52576,,
3g,,코디㈜ / ㈜엔프라니,"07애시드로즈 다이아이소스테아릴말레이트, 다이페닐실록시페닐트라이메티콘, 정제수, 비스-다이글리세릴폴리아실아디페이트-2, 다이페닐다이메티콘, 하이드로제네이티드폴리아이소부텐, 폴리글리세린-3, 폴리솔베이트60, 세틸피이지/피피지-10/1다이메티콘, 솔비탄아이소스테아레이트, 부틸렌글라이콜, 1,2-헥산다이올, 다이메티콘, 펜틸렌글라이콜, 하이드록시에틸아크릴레이트/소듐아크릴로일다이메틸타우레이트코폴리머, 세테아레스-20, 스쿠알란, 에틸헥실글리세린, 티타늄디옥사이드, 적색104호의(1), 향료, 적색227호, 황색5호, 리날룰, 알루미늄하이드록사이드, 암모늄폴리아크릴레이트, 헥실신남알, 리모넨, 살구씨오일, 동백나무씨오일, 페녹시에탄올, 호호바씨오일, 토코페롤",홀리카홀리카(엔프라니),하트크러쉬 베어 글레이즈 틴트 [07 애시드로즈],52590,,
9ml / 0.30 fl.oz.,,한국콜마(주) / 엔프라니(주),"02호 자몽자몽 디이소스테아릴말레이트,세틸리시놀리에이트,디펜타에리스리틸테트라하이드록시스테아레이트/테트라이소스테아레이트,펜타에리스리틸테트라이소스테아레이트,마이크로크리스탈린왁스,디글리세릴세바케이트/이소팔미테이트,옥틸도데칸올,비스-디글리세릴폴리아실아디페이트-2,디칼슘포스페이트,디메치콘,하이드로제네이티드폴리이소부텐,스쿠알란,세레신,폴리글리세릴-2트리이소스테아레이트,폴리글리세릴-10노나이소스테아레이트,티타늄디옥사이드 (CI 77891),카프릴릭/카프릭트리글리세라이드,폴리에칠렌,황색산화철 (CI 77492),소르비탄이소스테아레이트,브이피/헥사데센코폴리머,합성왁스,실리카디메칠실릴레이트,아프리칸월넛오일,해바라기씨오일,호호바씨오일,드럼스틱씨오일,캐모마일꽃오일,히비스커스꽃추출물,라벤더오일,린덴꽃추출물,자수정가루,진주가루,루비가루,에칠렌/프로필렌코폴리머,피토스테릴마카다미에이트,폴리글리세릴-2디이소스테아레이트,스테아랄코늄헥토라이트,프로필렌카보네이트,카프릴릴글라이콜,글리세릴카프릴레이트,정제수,아데노신,부틸렌글라이콜,토르말린,실크아미노산,토코페롤,에칠헥실글리세린,페녹시에탄올,향료,황색5호 (CI 15985),적색202호 (CI 15850:1),적색산화철 (CI 77491),적색201호 (CI 15850)",홀리카홀리카(엔프라니),홀리팝 워터 틴트 [02호 자몽자몽],52481,,
9ml / 0.30 fl.oz.,,한국콜마(주) / 엔프라니(주),"01호 토마토마 디이소스테아릴말레이트,세틸리시놀리에이트,디펜타에리스리틸테트라하이드록시스테아레이트/테트라이소스테아레이트,펜타에리스리틸테트라이소스테아레이트,마이크로크리스탈린왁스,디글리세릴세바케이트/이소팔미테이트,옥틸도데칸올,티타늄디옥사이드 (CI 77891),비스-디글리세릴폴리아실아디페이트-2,디칼슘포스페이트,디메치콘,하이드로제네이티드폴리이소부텐,스쿠알란,세레신,폴리글리세릴-10노나이소스테아레이트,카프릴릭/카프릭트리글리세라이드,폴리에칠렌,폴리글리세릴-2트리이소스테아레이트,소르비탄이소스테아레이트,브이피/헥사데센코폴리머,합성왁스,실리카디메칠실릴레이트,황색4호 (CI 19140),아프리칸월넛오일,해바라기씨오일,호호바씨오일,드럼스틱씨오일,캐모마일꽃오일,히비스커스꽃추출물,라벤더오일,린덴꽃추출물,자수정가루,진주가루,루비가루,합성플루오르플로고파이트,에칠렌/프로필렌코폴리머,피토스테릴마카다미에이트,스테아랄코늄헥토라이트,폴리글리세릴-2디이소스테아레이트,프로필렌카보네이트,카프릴릴글라이콜,글리세릴카프릴레이트,실리카,정제수,아데노신,부틸렌글라이콜,토르말린,실크아미노산,토코페롤,에칠헥실글리세린,페녹시에탄올,향료,적색산화철 (CI 77491),적색202호 (CI 15850:1),마이카 (CI 77019),적색201호 (CI 15850),흑색산화철 (CI 77499)",홀리카홀리카(엔프라니),홀리팝 워터 틴트 [01호 토마토마],52480,,
9ml / 0.30 fl.oz.,,한국콜마(주) / 엔프라니(주),"03호 수박수박 디이소스테아릴말레이트,펜타에리스리틸테트라이소스테아레이트,세틸리시놀리에이트,디펜타에리스리틸테트라하이드록시스테아레이트/테트라이소스테아레이트,마이크로크리스탈린왁스,디글리세릴세바케이트/이소팔미테이트,옥틸도데칸올,비스-디글리세릴폴리아실아디페이트-2,디칼슘포스페이트,디메치콘,하이드로제네이티드폴리이소부텐,스쿠알란,세레신,티타늄디옥사이드 (CI 77891),폴리글리세릴-10노나이소스테아레이트,폴리글리세릴-2트리이소스테아레이트,카프릴릭/카프릭트리글리세라이드,폴리에칠렌,소르비탄이소스테아레이트,브이피/헥사데센코폴리머,합성왁스,실리카디메칠실릴레이트,적색201호 (CI 15850),아프리칸월넛오일,해바라기씨오일,호호바씨오일,드럼스틱씨오일,캐모마일꽃오일,히비스커스꽃추출물,라벤더오일,린덴꽃추출물,자수정가루,진주가루,루비가루,에칠렌/프로필렌코폴리머,피토스테릴마카다미에이트,스테아랄코늄헥토라이트,폴리글리세릴-2디이소스테아레이트,프로필렌카보네이트,카프릴릴글라이콜,글리세릴카프릴레이트,정제수,아데노신,부틸렌글라이콜,토르말린,실크아미노산,토코페롤,에칠헥실글리세린,페녹시에탄올,향료,황색5호 (CI 15985),적색104호의(1) (CI 45410),적색202호 (CI15850:1),적색산화철 (CI 77491),흑색산화철 (CI 77499)",홀리카홀리카(엔프라니),홀리팝 워터 틴트 [03호 수박수박],52494,,
500ml,,엔프라니㈜,"정제수, 부틸렌글라이콜, 글리세린, 카프릴릭/카프릭트라이글리세라이드, 세테아릴알코올, 세틸에틸헥사노에이트, 시어버터, 1,2-헥산다이올, 폴리글리세릴-3메틸글루코오스다이스테아레이트, 비닐다이메티콘, 팔미틱애씨드, 스테아릭애씨드, 다이아이소스테아릴말레이트, 글리세릴스테아레이트, 카프릴릴글라이콜, 소듐폴리아크릴레이트, 세테아릴올리베이트, 솔비탄올리베이트, 에틸헥실글리세린, 잔탄검, 다이소듐이디티에이, 세라마이드엔피(100ppm), 판테놀, 하이드롤라이즈드식물성단백질, 말토덱스트린, 하이드로제네이티드레시틴, 피토스핑고신, 올리브오일, 호호바오일/퀸즈랜드넛오일에스터, 스쿠알렌, 시트릭애씨드, 마데카소사이드, 피토스테릴마카다미에이트, 콜레스테롤, 살리실릭애씨드, 세라마이드엔지(75ppb), 세라마이드엔에스(75ppb), 아시아티코사이드, 세라마이드에이피(50ppb), 세라마이드에이에스(50ppb), 피토스테롤, 소듐하이알루로네이트, 하이드롤라이즈드하이알루로닉애씨드, 병풀잎추출물, 소듐아세틸레이티드하이알루로네이트, 토코페롤, 세라마이드이오피(0.1ppb)",홀리카홀리카(엔프라니),세라베리어 딥 모이스처 인텐시브 바디로션,77988,,
3g,,코디㈜ / ㈜엔프라니,"08스텔리파이 다이아이소스테아릴말레이트, 다이페닐실록시페닐트라이메티콘, 정제수, 비스-다이글리세릴폴리아실아디페이트-2, 다이페닐다이메티콘, 하이드로제네이티드폴리아이소부텐, 폴리글리세린-3, 폴리솔베이트60, 세틸피이지/피피지-10/1다이메티콘, 솔비탄아이소스테아레이트, 부틸렌글라이콜, 1,2-헥산다이올, 다이메티콘, 펜틸렌글라이콜, 하이드록시에틸아크릴레이트/소듐아크릴로일다이메틸타우레이트코폴리머, 세테아레스-20, 스쿠알란, 티타늄디옥사이드, 적색227호, 에틸헥실글리세린, 황색5호, 향료, 리날룰, 알루미늄하이드록사이드, 암모늄폴리아크릴레이트, 청색1호, 페녹시에탄올, 헥실신남알, 리모넨, 호호바씨오일, 살구씨오일, 동백나무씨오일, 토코페롤",홀리카홀리카(엔프라니),하트크러쉬 베어 글레이즈 틴트 [08 스텔리파이],52592,,
60ea / 84g,,㈜제닉 / 엔프라니(주),"정제수, 글리세린, 아이리쉬모스추출물, 캐롭검, 병풀추출물(10,000ppm), 1,2-헥산다이올, 셀룰로오스검, 펜틸렌글라이콜, 포타슘클로라이드, 알란토인, 잔탄검, 에틸헥실글리세린, 병풀잎추출물, 수크로오스, 다이소듐이디티에이, 칼슘락테이트, 폴리글리세릴-6카프릴레이트, 폴리글리세릴-4카프레이트, 다이포타슘글리시리제이트, 콜라겐추출물, 소듐폴리아크릴로일다이메틸타우레이트, 하이드롤라이즈드엘라스틴, 부틸렌글라이콜, 향료, 카프릴릭/카프릭트라이글리세라이드, 하이드로제네이티드포스파티딜콜린, 수크로오스스테아레이트,토코페롤, 세테아릴알코올, 소듐하이알루로네이트, 마데카소사이드, 마데카식애씨드, 아시아티코사이드, 아시아틱애씨드",홀리카홀리카(엔프라니),아이페셔널 아이패치 [카밍시카],44760,,
4g,,㈜코스맥스 / ㈜엔프라니,다이메티콘;다이메티콘크로스폴리머;폴리글리세릴-2트라이아이소스테아레이트;트라이베헤닌;CI 77491;브이피/헥사데센코폴리머;비닐다이메티콘/메티콘실세스퀴옥세인크로스폴리머;CI 77492;시어버터;쿠푸아수씨버터;페닐트라이메티콘;다이아이소스테아릴말레이트;파라핀;세틸피이지/피피지-10/1다이메티콘;솔비탄아이소스테아레이트;폴리글리세릴-2다이아이소스테아레이트;폴리하이드록시스테아릭애씨드;마이크로크리스탈린왁스;다이페닐실록시페닐트라이메티콘;에틸헥실팔미테이트;아이소프로필미리스테이트;아이소스테아릭애씨드;레시틴;폴리글리세릴-3폴리리시놀리에이트;트라이에톡시카프릴릴실레인;토코페롤;데하이드로아세틱애씨드;벤질벤조에이트;향료;CI 15850;CI 77019;CI 19140;CI 17200;CI 45410;CI 77499;CI 42090,홀리카홀리카(엔프라니),버터 앤 베터 컬렉션 버터블러 틴트 [05 칠],28572,,
4g,,㈜코스맥스 / ㈜엔프라니,다이메티콘;다이메티콘크로스폴리머;트라이베헤닌;폴리글리세릴-2트라이아이소스테아레이트;다이아이소스테아릴말레이트;CI 77891;브이피/헥사데센코폴리머;비닐다이메티콘/메티콘실세스퀴옥세인크로스폴리머;CI 15985;시어버터;쿠푸아수씨버터;페닐트라이메티콘;파라핀;세틸피이지/피피지-10/1다이메티콘;솔비탄아이소스테아레이트;폴리하이드록시스테아릭애씨드;마이크로크리스탈린왁스;다이페닐실록시페닐트라이메티콘;에틸헥실팔미테이트;아이소프로필미리스테이트;아이소스테아릭애씨드;레시틴;폴리글리세릴-3폴리리시놀리에이트;트라이에톡시카프릴릴실레인;폴리글리세릴-2다이아이소스테아레이트;토코페롤;데하이드로아세틱애씨드;벤질벤조에이트;향료;CI 77492;CI 17200;CI 77019;CI 77499;CI 45410,홀리카홀리카(엔프라니),버터 앤 베터 컬렉션 버터블러 틴트 [01 솔티드],28568,,
4g,,㈜코스맥스 / ㈜엔프라니,다이메티콘;다이메티콘크로스폴리머;트라이베헤닌;폴리글리세릴-2트라이아이소스테아레이트;CI 15985;다이아이소스테아릴말레이트;브이피/헥사데센코폴리머;비닐다이메티콘/메티콘실세스퀴옥세인크로스폴리머;시어버터;쿠푸아수씨버터;페닐트라이메티콘;파라핀;세틸피이지/피피지-10/1다이메티콘;폴리글리세릴-2다이아이소스테아레이트;솔비탄아이소스테아레이트;폴리하이드록시스테아릭애씨드;마이크로크리스탈린왁스;다이페닐실록시페닐트라이메티콘;에틸헥실팔미테이트;아이소프로필미리스테이트;아이소스테아릭애씨드;레시틴;폴리글리세릴-3폴리리시놀리에이트;트라이에톡시카프릴릴실레인;토코페롤;데하이드로아세틱애씨드;벤질벤조에이트;향료;CI 77891;CI 17200;CI 45380;CI 77019;CI 42090,홀리카홀리카(엔프라니),버터 앤 베터 컬렉션 버터블러 틴트 [02 피넛],28569,,
60ea / 84g,,㈜제닉 / 엔프라니(주),"정제수, 글리세린, 나이아신아마이드, 아이리쉬모스추출물, 탄제린추출물(10,000ppm), 캐롭검, 셀룰로오스검, 1,2-헥산다이올, 펜틸렌글라이콜, 수크로오스, 포타슘클로라이드, 알란토인, 다이포타슘글리시리제이트, 잔탄검, 에틸헥실글리세린, 부틸렌글라이콜, 하이드롤라이즈드엘라스틴, 치자추출물, 다이소듐이디티에이, 칼슘락테이트, 덱스트린, 소듐폴리아크릴로일다이메틸타우레이트, 폴리글리세릴-6카프릴레이트, 폴리글리세릴-4카프레이트, 하이드롤라이즈드콜라겐, 향료, 레몬추출물, 아세로라추출물, 까무까무열매추출물, 하이알루로닉애씨드, 토코페롤, 하이드롤라이즈드하이알루로닉애씨드, 아스코빌글루코사이드, 소듐하이알루로네이트",홀리카홀리카(엔프라니),아이페셔널 아이패치 [브라이트닝탄제린],44769,,
4g,,㈜코스맥스 / ㈜엔프라니,다이메티콘;다이메티콘크로스폴리머;트라이베헤닌;폴리글리세릴-2트라이아이소스테아레이트;다이아이소스테아릴말레이트;CI 77891;CI 77491;브이피/헥사데센코폴리머;비닐다이메티콘/메티콘실세스퀴옥세인크로스폴리머;시어버터;쿠푸아수씨버터;페닐트라이메티콘;파라핀;세틸피이지/피피지-10/1다이메티콘;솔비탄아이소스테아레이트;폴리하이드록시스테아릭애씨드;폴리글리세릴-2다이아이소스테아레이트;마이크로크리스탈린왁스;다이페닐실록시페닐트라이메티콘;에틸헥실팔미테이트;아이소프로필미리스테이트;아이소스테아릭애씨드;레시틴;폴리글리세릴-3폴리리시놀리에이트;트라이에톡시카프릴릴실레인;토코페롤;데하이드로아세틱애씨드;벤질벤조에이트;향료;CI 15985;CI 77019;CI 77499;CI 77492;CI 17200;CI 15850,홀리카홀리카(엔프라니),버터 앤 베터 컬렉션 버터블러 틴트 [03 에이징],28570,,
4g,,㈜코스맥스 / ㈜엔프라니,다이메티콘;다이메티콘크로스폴리머;트라이베헤닌;다이아이소스테아릴말레이트;CI 77891;폴리글리세릴-2트라이아이소스테아레이트;브이피/헥사데센코폴리머;비닐다이메티콘/메티콘실세스퀴옥세인크로스폴리머;시어버터;쿠푸아수씨버터;페닐트라이메티콘;파라핀;세틸피이지/피피지-10/1다이메티콘;솔비탄아이소스테아레이트;폴리글리세릴-2다이아이소스테아레이트;폴리하이드록시스테아릭애씨드;마이크로크리스탈린왁스;다이페닐실록시페닐트라이메티콘;에틸헥실팔미테이트;아이소프로필미리스테이트;아이소스테아릭애씨드;레시틴;폴리글리세릴-3폴리리시놀리에이트;트라이에톡시카프릴릴실레인;토코페롤;데하이드로아세틱애씨드;벤질벤조에이트;향료;CI 77491;CI 19140;CI 77019;CI 15850:1;적색104호의(1);CI 15850;CI 77499;CI 77492,홀리카홀리카(엔프라니),버터 앤 베터 컬렉션 버터블러 틴트 [08 리치],32449,,
4g,,㈜코스맥스 / ㈜엔프라니,다이메티콘;다이메티콘크로스폴리머;트라이베헤닌;폴리글리세릴-2트라이아이소스테아레이트;다이아이소스테아릴말레이트;CI 77891;CI 77491;브이피/헥사데센코폴리머;비닐다이메티콘/메티콘실세스퀴옥세인크로스폴리머;시어버터;쿠푸아수씨버터;페닐트라이메티콘;파라핀;세틸피이지/피피지-10/1다이메티콘;솔비탄아이소스테아레이트;폴리하이드록시스테아릭애씨드;마이크로크리스탈린왁스;폴리글리세릴-2다이아이소스테아레이트;다이페닐실록시페닐트라이메티콘;에틸헥실팔미테이트;아이소프로필미리스테이트;아이소스테아릭애씨드;레시틴;폴리글리세릴-3폴리리시놀리에이트;트라이에톡시카프릴릴실레인;토코페롤;데하이드로아세틱애씨드;벤질벤조에이트;향료;CI 77019;CI 17200;CI 15850:1;CI 77499;CI 42090,홀리카홀리카(엔프라니),버터 앤 베터 컬렉션 버터블러 틴트 [10 비터],32452,,
4g,,㈜코스맥스 / ㈜엔프라니,다이메티콘;다이메티콘크로스폴리머;트라이베헤닌;다이아이소스테아릴말레이트;CI 77891;폴리글리세릴-2트라이아이소스테아레이트;브이피/헥사데센코폴리머;비닐다이메티콘/메티콘실세스퀴옥세인크로스폴리머;시어버터;쿠푸아수씨버터;페닐트라이메티콘;파라핀;세틸피이지/피피지-10/1다이메티콘;솔비탄아이소스테아레이트;폴리하이드록시스테아릭애씨드;폴리글리세릴-2다이아이소스테아레이트;마이크로크리스탈린왁스;다이페닐실록시페닐트라이메티콘;에틸헥실팔미테이트;아이소프로필미리스테이트;아이소스테아릭애씨드;레시틴;폴리글리세릴-3폴리리시놀리에이트;트라이에톡시카프릴릴실레인;토코페롤;데하이드로아세틱애씨드;벤질벤조에이트;향료;CI 15985;CI 77019;CI 77491;CI 77492;CI 19140;CI 15850;CI 77499,홀리카홀리카(엔프라니),버터 앤 베터 컬렉션 버터블러 틴트 [04 로제],28571,,
매트 1.8g,,㈜코스맥스 / 엔프라니㈜,"[졸리] 탤크, 마이카 (CI 77019), 티타늄디옥사이드 (CI 77891), 나일론-12, 마그네슘미리스테이트, 네오펜틸글라이콜다이에틸헥사노에이트, 페닐트라이메티콘, 울트라마린 (CI 77007), 실리카, 마그네슘스테아레이트, 망가니즈바이올렛 (CI 77742), 다이메티콘, 메틸프로판다이올, 다이펜타에리스리틸헥사하이드록시스테아레이트/헥사스테아레이트/헥사로지네이트, 다이아이소스테아릴말레이트, 아이소스테아릴네오펜타노에이트, 옥틸도데실스테아로일스테아레이트, 프로판다이올, 폴리부텐, 라우로일라이신, 카프릴릭/카프릭트라이글리세라이드, 메티콘, 카올린, 하이드로제네이티드레시틴, 알루미늄하이드록사이드, 트라이에톡시카프릴릴실레인, 정제수, 적색산화철 (CI 77491), 황색산화철 (CI 77492), 흑색산화철 (CI 77499)",홀리카홀리카(엔프라니),마이페이브 피스 섀도우 [09 졸리],43516,,
매트 1.8g,,㈜코스맥스 / 엔프라니㈜,"[베베]마이카 (CI 77019), 탤크, 티타늄디옥사이드 (CI 77891), 합성플루오르플로고파이트, 네오펜틸글라이콜다이에틸헥사노에이트, 칼슘티타늄보로실리케이트, 페닐트라이메티콘, 다이펜타에리스리틸헥사하이드록시스테아레이트/헥사스테아레이트/헥사로지네이트, 나일론-12, 다이아이소스테아릴말레이트, 아이소스테아릴네오펜타노에이트, 옥틸도데실스테아로일스테아레이트, 마그네슘미리스테이트, 실리카, 메틸프로판다이올, 마그네슘스테아레이트, 폴리부텐, 프로판다이올, 트라이에톡시카프릴릴실레인, 다이메티콘, 라우로일라이신, 알루미늄하이드록사이드, 메티콘, 정제수, 말토덱스트린, 틴옥사이드 (CI 77861), 적색산화철 (CI 77491), 카민 (CI 75470), 황색산화철 (CI 77492), 울트라마린 (CI 77007), 흑색산화철 (CI 77499)",홀리카홀리카(엔프라니),마이페이브 피스 섀도우 [22 베베],43550,,
매트 1.8g / 쉬머 1.7g,,㈜코스맥스 / 엔프라니㈜,"[벨로] 탤크, 마이카 (CI 77019), 티타늄디옥사이드 (CI 77891), 실리카, 보론나이트라이드, 마그네슘미리스테이트, 옥틸도데실스테아로일스테아레이트, 페닐트라이메티콘, 다이메티콘, 마카다미아씨오일, 사라수씨버터, 마그네슘스테아레이트, 메틸프로판다이올, 다이펜타에리스리틸헥사하이드록시스테아레이트/헥사스테아레이트/헥사로지네이트, 다이아이소스테아릴말레이트, 프로판다이올, 라우로일라이신, 알루미늄하이드록사이드, 트라이에톡시카프릴릴실레인, 메티콘, 말토덱스트린, 카올린, 황색산화철 (CI 77492), 적색산화철 (CI 77491), 울트라마린 (CI 77007), 카민 (CI 75470), 흑색산화철 (CI 77499), 망가니즈바이올렛 (CI 77742)",홀리카홀리카(엔프라니),마이페이브 피스 섀도우 [32 벨로],56892,,
매트 1.8g,,㈜코스맥스 / 엔프라니㈜,"[헤더] 탤크, 마이카 (CI 77019), 티타늄디옥사이드 (CI 77891), 실리카, 보론나이트라이드, 옥틸도데실스테아로일스테아레이트, 페닐트라이메티콘, 마그네슘미리스테이트, 다이메티콘, 마그네슘스테아레이트, 마카다미아씨오일, 사라수씨버터, 메틸프로판다이올, 다이펜타에리스리틸헥사하이드록시스테아레이트/헥사스테아레이트/헥사로지네이트, 다이아이소스테아릴말레이트, 프로판다이올, 라우로일라이신, 트라이에톡시카프릴릴실레인, 알루미늄하이드록사이드, 카올린, 말토덱스트린, 망가니즈바이올렛 (CI 77742), 카민 (CI 75470), 황색산화철 (CI 77492), 울트라마린 (CI 77007), 흑색산화철 (CI 77499), 적색산화철 (CI 77491), 적색226호 (CI 73360) )",홀리카홀리카(엔프라니),마이페이브 피스 섀도우 [33 헤더],56893,,
매트 1.8g,,㈜코스맥스 / 엔프라니㈜,"[멜로즈]탤크, 마이카 (CI 77019), 티타늄디옥사이드 (CI 77891), 나일론-12, 망가니즈바이올렛 (CI 77742), 마그네슘미리스테이트, 네오펜틸글라이콜다이에틸헥사노에이트, 페닐트라이메티콘, 실리카, 황색산화철 (CI 77492), 적색산화철 (CI 77491), 다이메티콘, 메틸프로판다이올, 다이펜타에리스리틸헥사하이드록시스테아레이트/헥사스테아레이트/헥사로지네이트, 마그네슘스테아레이트, 트라이에톡시카프릴릴실레인, 다이아이소스테아릴말레이트, 아이소스테아릴네오펜타노에이트, 옥틸도데실스테아로일스테아레이트, 프로판다이올, 폴리부텐, 카올린, 알루미늄하이드록사이드, 라우로일라이신, 메메티콘, 말토덱스트린, 정제수, 흑색산화철 (CI 77499), 카민 (CI 75470), 황색4호 (CI 19140), 울트라마린 (CI 77007)",홀리카홀리카(엔프라니),마이페이브 피스 섀도우 [13 멜로즈],43541,,
매트 1.8g,,㈜코스맥스 / 엔프라니㈜,"[팬지] 탤크, 마이카 (CI 77019), 알루미늄전분옥테닐석시네이트, 합성플루오르플로고파이트, 실리카, 마그네슘미리스테이트, 옥틸도데실스테아로일스테아레이트, 페닐트라이메티콘, 마카다미아씨오일, 마그네슘스테아레이트, 메틸프로판다이올, 다이펜타에리스리틸헥사하이드록시스테아레이트/헥사스테아레이트/헥사로지네이트, 다이아이소스테아릴말레이트, 다이메티콘, 프로판다이올, 트라이에톡시카프릴릴실레인, 라우로일라이신, 카올린, 정제수, 알루미늄하이드록사이드, 메티콘, 티타늄디옥사이드 (CI 77891), 울트라마린 (CI 77007), 망가니즈바이올렛 (CI 77742), 적색226호 (CI 73360), 흑색산화철 (CI 77499), 적색산화철 (CI 77491), 황색산화철 (CI 77492)",홀리카홀리카(엔프라니),마이페이브 피스 섀도우 [04 팬지],43510,,
매트 1.8g,,㈜코스맥스 / 엔프라니㈜,"[카푸]탤크, 마이카 (CI 77019), 보론나이트라이드, 다이아이소스테아릴말레이트, 나일론-12, 실리카, 마그네슘미리스테이트, 티타늄디옥사이드 (CI 77891), 카프릴릭/카프릭트라이글리세라이드, 마그네슘스테아레이트, 망가니즈바이올렛 (CI 77742), 적색산화철 (CI 77491), 황색산화철 (CI 77492), 메틸프로판다이올, 프로판다이올, 다이메티콘올스테아레이트, 다이메티콘, 하이드록시프로필비스팔미타마이드엠이에이, 라우로일라이신, 트라이에톡시카프릴릴실레인, 카올린, 알루미늄하이드록사이드, 메티콘, 정제수, 흑색산화철 (CI 77499), 울트라마린 (CI 77007)",홀리카홀리카(엔프라니),마이페이브 피스 섀도우 [08 카푸],43515,,
매트 1.8g,,㈜코스맥스 / 엔프라니㈜,"[키티]마이카 (CI 77019), 티타늄디옥사이드 (CI 77891), 탤크, 에틸헥실팔미테이트, 합성플루오르플로고파이트, 칼슘소듐보로실리케이트, 마그네슘미리스테이트, 다이아이소스테아릴말레이트, 보론나이트라이드, 알루미나, 비스머스옥시클로라이드 (CI 77163), 나일론-12, 다이메티콘, 마그네슘스테아레이트, 적색산화철 (CI 77491), 사라수씨버터, 메틸프로판다이올, 프로판다이올, 실리카, 트라이에톡시카프릴릴실레인, 정제수, 말토덱스트린, 라우로일라이신, 틴옥사이드 (CI 77861), 카민 (CI 75470), 황색산화철 (CI 77492), 흑색산화철 (CI 77499)",홀리카홀리카(엔프라니),마이페이브 피스 섀도우 [23 키티],43551,,
3g,,㈜코코 / 엔프라니(주),"옥틸도데칸올;정제수;다이아이소스테아릴말레이트;부틸렌글라이콜;솔비탄스테아레이트;에틸셀룰로오스;하이드록시에틸아크릴레이트/소듐아크릴로일다이메틸타우레이트코폴리머;세테아릴글루코사이드;세테아릴알코올;스쿠알란;폴리아크릴레이트-13;페녹시에탄올;트로메타민;피이지-100스테아레이트;글리세릴스테아레이트;폴리아이소부텐;소듐라우로일글루타메이트;카프릴릴글라이콜;향료;아크릴레이트코폴리머;폴리솔베이트60;1,2-헥산다이올;티타늄다이옥사이드;폴리글리세릴-2트라이아이소스테아레이트;프로판다이올;적색227호;솔비탄아이소스테아레이트;흑색산화철;에틸헥실글리세린;황색5호;적색104호의(1);폴리솔베이트20;적색202호;리모넨;리날룰;스타아니스추출물;알루미늄하이드록사이드;아밀신남알;청색1호;아스코빅애씨드;하이드롤라이즈드콜라겐;수박추출물;딸기즙;크랜베리추출물",홀리카홀리카(엔프라니),하트크러쉬 글로우 틴트 에어 티 브루잉 컬러즈 [13 메이],24717,,
매트 1.8g,,㈜코스맥스 / 엔프라니㈜,"[소다]탤크, 마이카 (CI 77019), 티타늄디옥사이드 (CI 77891), 나일론-12, 보론나이트라이드, 실리카, 네오펜틸글라이콜다이에틸헥사노에이트, 페닐트라이메티콘, 다이메티콘, 다이펜타에리스리틸헥사하이드록시스테아레이트/헥사스테아레이트/헥사로지네이트, 마카다미아씨오일, 마그네슘미리스테이트, 메틸프로판다이올, 다이아이소스테아릴말레이트, 아이소스테아릴네오펜타노에이트, 옥틸도데실스테아로일스테아레이트, 마그네슘스테아레이트, 프로판다이올, 폴리부텐, 라우로일라이신, 알루미늄하이드록사이드, 메티콘, 트라이에톡시카프릴릴실레인, 말토덱스트린, 정제수, 황색4호 (CI 19140), 카민 (CI 75470), 적색산화철 (CI 77491), 황색산화철 (CI 77492), 울트라마린 (CI 77007), 흑색산화철 (CI 77499)",홀리카홀리카(엔프라니),마이페이브 피스 섀도우 [05 소다],43512,,
매트 1.8g,,㈜코스맥스 / 엔프라니㈜,"[테일러]마이카 (CI 77019), 탤크, 실리카, 다이아이소스테아릴말레이트, 보론나이트라이드, 흑색산화철 (CI 77499), 적색산화철 (CI 77491), 티타늄디옥사이드 (CI 77891), 황색산화철 (CI 77492), 나일론-12, 가니즈바이올렛 (CI 77742), 마그네슘미리스테이트, 카프릴릭/카프릭트라이글리세라이드, 마그네슘스테아레이트, 미네랄오일, 메틸프로판다이올, 프로판다이올, 트라이에톡시카프릴릴실레인, 다이메티콘, 다이메티콘올스테아레이트, 하이드록시프로필비스팔미타마이드엠이에이, 라우로일라이신, 카올린, 알루미늄하이드록사이드, 메티콘, 말토덱스트린, 정제수, 울트라마린 (CI 77007), 카민 (CI 75470)",홀리카홀리카(엔프라니),마이페이브 피스 섀도우 [19 테일러],43547,,
매트 1.8g,,㈜코스맥스 / 엔프라니㈜,"[버니]탤크, 마이카 (CI 77019), 티타늄디옥사이드 (CI 77891), 보론나이트라이드, 나일론-12, 실리카, 네오펜틸글라이콜다이에틸헥사노에이트, 페닐트라이메티콘, 다이메티콘, 다이펜타에리스리틸헥사하이드록시스테아레이트/헥사스테아레이트/헥사로지네이트, 마카다미아씨오일, 마그네슘미리스테이트, 메틸프로판다이올, 다이아이소스테아릴말레이트, 아이소스테아릴네오펜타노에이트, 옥틸도데실스테아로일스테아레이트, 마그네슘스테아레이트, 프로판다이올, 폴리부텐, 트라이에톡시카프릴릴실레인, 알루미늄하이드록사이드, 라우로일라이신, 카올린, 정제수, 말토덱스트린, 적색산화철 (CI 77491), 울트라마린 (CI 77007), 황색산화철 (CI 77492), 흑색산화철 (CI 77499), 황색4호 (CI 19140), 카민 (CI 75470)",홀리카홀리카(엔프라니),마이페이브 피스 섀도우 [07 버니],43514,,
매트 1.8g,,㈜코스맥스 / 엔프라니㈜,"[위키드] 탤크, 울트라마린 (CI 77007), 알루미늄전분옥테닐석시네이트, 마이카 (CI 77019), 망가니즈바이올렛 (CI 77742), 하이드로제네이티드폴리아이소부텐, 에이치디아이/트라이메틸올헥실락톤크로스폴리머, 폴리메틸메타크릴레이트, 티타늄디옥사이드 (CI 77891), 적색산화철 (CI 77491), 황색산화철 (CI 77492), 흑색산화철 (CI 77499), 마그네슘미리스테이트, 메틸프로판다이올, 카올린, 프로판다이올, 하이드로제네이티드레시틴, 알루미늄하이드록사이드, 트라이에톡시카프릴릴실레인, 마그네슘스테아레이트, 실리카, 정제수, 토코페롤, 다이메티콘",홀리카홀리카(엔프라니),마이페이브 피스 섀도우 [18 위키드],43546,,
매트 1.8g,,㈜코스맥스 / 엔프라니㈜,"[마리]마이카 (CI 77019), 탤크, 티타늄디옥사이드 (CI 77891), 네오펜틸글라이콜다이에틸헥사노에이트, 페닐트라이메티콘, 나일론-12, 마그네슘미리스테이트, 다이펜타에리스리틸헥사하이드록시스테아레이트/헥사스테아레이트/헥사로지네이트, 다이아이소스테아릴말레이트, 아이소스테아릴네오펜타노에이트, 옥틸도데실스테아로일스테아레이트, 마그네슘스테아레이트, 실리카, 메틸프로판다이올, 폴리부텐, 합성플루오르플로고파이트, 프로판다이올, 다이메티콘, 라우로일라이신, 트라이에톡시카프릴릴실레인, 정제수, 알루미늄하이드록사이드, 메티콘, 틴옥사이드 (CI 77861), 적색산화철 (CI 77491), 황색산화철 (CI 77492), 흑색산화철 (CI 77499)",홀리카홀리카(엔프라니),마이페이브 피스 섀도우 [21 마리],43549,,
매트 1.8g,,㈜코스맥스 / 엔프라니㈜,"[쉐리] 탤크, 마이카 (CI 77019), 나일론-12, 티타늄디옥사이드 (CI 77891), 보론나이트라이드, 실리카, 네오펜틸글라이콜다이에틸헥사노에이트, 페닐트라이메티콘, 다이메티콘, 적색산화철 (CI 77491), 다이펜타에리스리틸헥사하이드록시스테아레이트/헥사스테아레이트/헥사로지네이트, 마카다미아씨오일, 마그네슘미리스테이트, 메틸프로판다이올, 다이아이소스테아릴말레이트, 아이소스테아릴네오펜타노에이트, 옥틸도데실스테아로일스테아레이트, 마그네슘스테아레이트, 프로판다이올, 폴리부텐, 라우로일라이신, 알루미늄하이드록사이드, 메티콘, 트라이에톡시카프릴릴실레인, 카올린, 정제수, 망가니즈바이올렛 (CI 77742), 황색산화철 (CI 77492), 흑색산화철 (CI 77499), 울트라마린 (CI 77007), 적색226호 (CI 73360)",홀리카홀리카(엔프라니),마이페이브 피스 섀도우 [12 쉐리],43540,,
매트 1.8g,,㈜코스맥스 / 엔프라니㈜,"[샬롯]마이카 (CI 77019), 티타늄디옥사이드 (CI 77891), 탤크, 합성플루오르플로고파이트, 네오펜틸글라이콜다이에틸헥사노에이트, 페닐트라이메티콘, 나일론-12, 마그네슘미리스테이트, 다이펜타에리스리틸헥사하이드록시스테아레이트/헥사스테아레이트/헥사로지네이트, 마그네슘스테아레이트, 실리카, 다이아이소스테아릴말레이트, 아이소스테아릴네오펜타노에이트, 옥틸도데실스테아로일스테아레이트, 메틸프로판다이올, 폴리부텐, 프로판다이올, 트라이에톡시카프릴릴실레인, 라우로일라이신, 정제수, 알루미늄하이드록사이드, 다이메티콘, 메티콘, 말토덱스트린, 틴옥사이드 (CI 77861), 적색산화철 (CI 77491), 카민 (CI 75470), 황색산화철 (CI 77492)",홀리카홀리카(엔프라니),마이페이브 피스 섀도우 [24 샬롯],43552,,
매트 1.8g,,㈜코스맥스 / 엔프라니㈜,"[누아] 탤크, 마이카 (CI 77019), 실리카, 옥틸도데실스테아로일스테아레이트, 페닐트라이메티콘, 티타늄디옥사이드 (CI 77891), 마그네슘미리스테이트, 적색산화철 (CI 77491), 황색산화철 (CI 77492), 다이메티콘, 마카다미아씨오일, 사라수씨버터, 메틸프로판다이올, 마그네슘스테아레이트, 트라이에톡시카프릴릴실레인, 다이메티콘올스테아레이트, 프로판다이올, 알루미늄하이드록사이드, 메티콘, 카올린, 정제수, 말토덱스트린, 흑색산화철 (CI 77499), 울트라마린 (CI 77007), 황색4호 (CI 19140), 카민 (CI 75470)",홀리카홀리카(엔프라니),마이페이브 피스 섀도우 [11 누아],43539,,
매트 1.8g / 쉬머 1.7g,,㈜코스맥스 / 엔프라니㈜,"[프랄린] 마이카 (CI 77019), 탤크, 티타늄디옥사이드 (CI 77891), 합성플루오르플로고파이트, 나일론-12, 네오펜틸글라이콜다이에틸헥사노에이트, 페닐트라이메티콘, 적색산화철 (CI 77491), 마그네슘미리스테이트, 다이펜타에리스리틸헥사하이드록시스테아레이트/헥사스테아레이트/헥사로지네이트, 다이아이소스테아릴말레이트, 아이소스테아릴네오펜타노에이트, 옥틸도데실스테아로일스테아레이트, 마그네슘스테아레이트, 메틸프로판다이올, 실리카, 폴리부텐, 트라이에톡시카프릴릴실레인, 프로판다이올, 다이메티콘, 카올린, 말토덱스트린, 알루미늄하이드록사이드, 메티콘, 틴옥사이드 (CI 77861), 망가니즈바이올렛 (CI 77742), 흑색산화철 (CI 77499), 카민 (CI 75470), 황색산화철 (CI 77492)",홀리카홀리카(엔프라니),마이페이브 피스 섀도우 [36 프랄린],56898,,
매트 1.8g,,㈜코스맥스 / 엔프라니㈜,"[오드]탤크, 마이카 (CI 77019), 나일론-12, 티타늄디옥사이드 (CI 77891), 보론나이트라이드, 실리카, 네오펜틸글라이콜다이에틸헥사노에이트, 페닐트라이메티콘, 다이메티콘, 적색산화철 (CI 77491), 황색산화철 (CI 77492), 다이펜타에리스리틸헥사하이드록시스테아레이트/헥사스테아레이트/헥사로지네이트, 마카다미아씨오일, 마그네슘미리스테이트, 메틸프로판다이올, 다이아이소스테아릴말레이트, 아이소스테아릴네오펜타노에이트, 옥틸도데실스테아로일스테아레이트, 마그네슘스테아레이트, 프로판다이올, 폴리부텐, 라우로일라이신, 알루미늄하이드록사이드, 메티콘, 트라이에톡시카프릴릴실레인, 카올린, 정제수, 흑색산화철 (CI 77499), 망가니즈바이올렛 (CI 77742), 울트라마린 (CI 77007)",홀리카홀리카(엔프라니),마이페이브 피스 섀도우 [17 오드],43545,,
매트 1.8g,,㈜코스맥스 / 엔프라니㈜,"[머쉬룸] 탤크, 마이카 (CI 77019), 카프릴릭/카프릭트라이글리세라이드, 나일론-12, 실리카, 티타늄디옥사이드 (CI 77891), 마그네슘미리스테이트, 마카다미아씨오일, 사라수씨버터, 마그네슘스테아레이트, 메틸프로판다이올, 다이메티콘, 프로판다이올, 다이메티콘올스테아레이트, 하이드로제네이티드레시틴, 라우로일라이신, 트라이에톡시카프릴릴실레인, 알루미늄하이드록사이드, 메티콘, 카올린, 정제수, 황색산화철 (CI 77492), 흑색산화철 (CI 77499), 망가니즈바이올렛 (CI 77742), 적색산화철 (CI 77491), 울트라마린 (CI 77007)",홀리카홀리카(엔프라니),마이페이브 피스 섀도우 [10 머쉬룸],43524,,
1.7g,,㈜코스맥스 / 엔프라니㈜,"[플레어] 칼슘티타늄보로실리케이트, 마이카 (CI 77019), 다이메티콘, 칼슘소듐보로실리케이트, 옥틸도데실스테아로일스테아레이트, 티타늄디옥사이드 (CI 77891), 적색산화철 (CI 77491), 다이아이소스테아릴말레이트, 글리세린, 마그네슘미리스테이트, 아이소프로필팔미테이트, 알루미늄전분옥테닐석시네이트, 마그네슘스테아레이트, 실리카, 펜틸렌글라이콜, 폴리솔베이트20, 트라이에톡시카프릴릴실레인, 아크릴아마이드/소듐아크릴로일다이메틸타우레이트코폴리머, 마그네슘알루미늄실리케이트, 솔비탄올리베이트, 솔비탄스테아레이트, 아이소헥사데칸, 에틸헥실글리세린, 폴리솔베이트80, 솔비탄올리에이트, 토코페롤, 틴옥사이드 (CI 77861), 페녹시에탄올, 포타슘솔베이트, 소듐데하이드로아세테이트, 흑색산화철 (CI 77499)",홀리카홀리카(엔프라니),마이페이브 피스 글리츠 [플레어],44794,,
3g,,㈜코코 / 엔프라니(주),"옥틸도데칸올;정제수;다이아이소스테아릴말레이트;부틸렌글라이콜;솔비탄스테아레이트;에틸셀룰로오스;하이드록시에틸아크릴레이트/소듐아크릴로일다이메틸타우레이트코폴리머;세테아릴알코올;세테아릴글루코사이드;스쿠알란;폴리아크릴레이트-13;페녹시에탄올;트로메타민;피이지-100스테아레이트;글리세릴스테아레이트;폴리아이소부텐;소듐라우로일글루타메이트;카프릴릴글라이콜;향료;폴리글리세릴-2트라이아이소스테아레이트;아크릴레이트코폴리머;폴리솔베이트60;1,2-헥산다이올;황색5호;프로판다이올;솔비탄아이소스테아레이트;적색227호;적색202호;흑색산화철;에틸헥실글리세린;티타늄다이옥사이드;폴리솔베이트20;적색104호의(1);리모넨;리날룰;스타아니스추출물;아밀신남알;청색1호;알루미늄하이드록사이드;하이드롤라이즈드콜라겐;아스코빅애씨드;딸기즙;수박추출물;크랜베리추출물",홀리카홀리카(엔프라니),하트크러쉬 글로우 틴트 에어 티 브루잉 컬러즈 [12 홍],24716,,
3g,,㈜코코 / 엔프라니(주),"옥틸도데칸올;정제수;다이아이소스테아릴말레이트;부틸렌글라이콜;솔비탄스테아레이트;에틸셀룰로오스;하이드록시에틸아크릴레이트/소듐아크릴로일다이메틸타우레이트코폴리머;세테아릴알코올;세테아릴글루코사이드;스쿠알란;폴리아크릴레이트-13;페녹시에탄올;트로메타민;피이지-100스테아레이트;글리세릴스테아레이트;폴리아이소부텐;소듐라우로일글루타메이트;카프릴릴글라이콜;향료;아크릴레이트코폴리머;티타늄다이옥사이드;폴리솔베이트60;1,2-헥산다이올;폴리글리세릴-2트라이아이소스테아레이트;프로판다이올;솔비탄아이소스테아레이트;황색5호;적색227호;에틸헥실글리세린;폴리솔베이트20;황색4호;리모넨;리날룰;스타아니스추출물;흑색산화철;적색202호;알루미늄하이드록사이드;아밀신남알;하이드롤라이즈드콜라겐;청색1호;아스코빅애씨드;딸기즙;수박추출물;크랜베리추출물",홀리카홀리카(엔프라니),하트크러쉬 글로우 틴트 에어 티 브루잉 컬러즈 [14 싱],24718,,
150ml,,엔프라니(주),"글리세린, 마누카잎추출물, 정제수, 소듐코코일글라이시네이트, 소듐라우로일글루타메이트, 1,2-헥산다이올, 다시마추출물, 한련초잎추출물, 버지니아풍년화추출물, 티트리잎오일, 하이드로제네이티드레시틴, 코코-베타인, 살리실릭애씨드, 아크릴레이트/C10-30알킬아크릴레이트크로스폴리머, 시트릭애씨드, 베타-글루칸, 프룩토올리고사카라이드, 글루코노락톤, 하이드롤라이즈드하이알루로닉애씨드, 4-터피네올, 징크피씨에이, 카프릴로일살리실릭애씨드, 하이드록시아세토페논, 에틸헥실글리세린",홀리카홀리카(엔프라니),애크니네이터 클리어링 클렌징폼,45863,,
0.8g,,㈜씨앤씨인터내셔널 / 엔프라니㈜,"04 러버스 메틸트라이메티콘, 트라이메틸실록시실리케이트, 합성왁스, 칼슘티타늄보로실리케이트, 헵틸운데실레네이트, 티타늄디옥사이드, 다이아이소스테아릴말레이트, 솔비탄올리베이트, 마이카, 실리카, 카프릴릭/카프릭글리세라이즈, 칼슘알루미늄보로실리케이트, 적색산화철, 카민, 에틸렌/프로필렌코폴리머, 황색산화철, 흑색산화철, 틴옥사이드",홀리카홀리카(엔프라니),멜로우 레이어링 스틱섀도우 [04 러버스],55836,,
150ml,,엔프라니(주),"정제수, 글리세린, 소듐코코일글라이시네이트, 소듐코코일이세티오네이트, 소듐라우로일글루타메이트, 프로판다이올, 1,2-헥산다이올, 솔비탄올리베이트, 라우릭애씨드, 합성왁스, 헥토라이트, 하이드록시프로필스타치포스페이트, 아크릴레이트/C10-30알킬아크릴레이트크로스폴리머, 쌀전분, 판테놀, 에틸헥실글리세린, 키위씨(500 ppm), 부틸렌글라이콜, 황련뿌리추출물, 소듐하이알루로네이트, 피리독신, 시트릭애씨드, 살리실릭애씨드, 락토바이오닉애씨드, 마데카소사이드, 키위추출물(2,000 ppb), 아시아티코사이드, 병풀잎추출물, 토코페롤, 사이아노코발아민, 리보플라빈, 폴릭애씨드, 메나다이온, 바이오플라보노이드, 아스코빅애씨드(100 ppb), 글루타티온, 바이오틴, 티아민에이치씨엘, 향료, 리모넨, 리날룰, 시트랄",홀리카홀리카(엔프라니),골드키위 비타 C+ 브라이트닝 클렌징 폼,73034,,
9.5ml / 0.32 fl.oz.,,한국콜마㈜ / 엔프라니(주),"폴리글리세릴-2이소스테아레이트/다이머디리놀리에이트코폴리머, 올리브오일, 해바라기씨오일, 호호바씨오일, 디이소스테아릴말레이트, 스위트아몬드오일, 토코페릴아세테이트, 녹차씨오일, 동백오일, 마카다미아씨오일, 아르간트리커넬오일, 붉은누룩곰팡이추출물, 꿀추출물, 하이드록시아세토페논, 레시틴, 폴리하이드록시스테아릭애씨드, 세라마이드엔피, 에칠헥실팔미테이트, 이소스테아릭애씨드, 이소프로필미리스테이트, 폴리글리세릴-3폴리리시놀리에이트, 향료, 황색5호",홀리카홀리카(엔프라니),홀리팝 립오일,46176,,
4g,,㈜코스맥스 / ㈜엔프라니,다이메티콘;다이메티콘크로스폴리머;트라이베헤닌;다이아이소스테아릴말레이트;폴리글리세릴-2트라이아이소스테아레이트;CI 77891;브이피/헥사데센코폴리머;비닐다이메티콘/메티콘실세스퀴옥세인크로스폴리머;시어버터;쿠푸아수씨버터;페닐트라이메티콘;파라핀;세틸피이지/피피지-10/1다이메티콘;솔비탄아이소스테아레이트;폴리하이드록시스테아릭애씨드;폴리글리세릴-2다이아이소스테아레이트;마이크로크리스탈린왁스;다이페닐실록시페닐트라이메티콘;에틸헥실팔미테이트;아이소프로필미리스테이트;아이소스테아릭애씨드;레시틴;폴리글리세릴-3폴리리시놀리에이트;트라이에톡시카프릴릴실레인;토코페롤;데하이드로아세틱애씨드;벤질벤조에이트;향료;CI 19140;CI 77491;CI 77492;CI 77019;CI 15850:1;적색103호의(1),홀리카홀리카(엔프라니),버터 앤 베터 컬렉션 버터블러 틴트 [07 제스티],32448,,
60ea / 83g,,㈜제닉 / 엔프라니(주),"정제수, 글리세린, 아이리쉬모스추출물, 캐롭검, 알로에베라잎즙(10,000ppm), 1,2-헥산다이올, 셀룰로오스검, 펜틸렌글라이콜, 포타슘클로라이드, 알란토인, 잔탄검, 에틸헥실글리세린, 수크로오스, 다이소듐이디티에이, 칼슘락테이트,폴리글리세릴-6카프릴레이트, 폴리글리세릴-4카프레이트, 콜라겐추출물, 소듐폴리아크릴로일다이메틸타우레이트, 하이드롤라이즈드엘라스틴, 크로뮴옥사이드그린 (CI 77288), 부틸렌글라이콜, 소듐시트레이트, 다시마추출물, 당느릅나무뿌리추출물, 알로에베라잎추출물, 제비꽃꽃추출물, 참마뿌리추출물, 향료, 시트릭애씨드, 토코페롤, 소듐하이알루로네이트",홀리카홀리카(엔프라니),아이페셔널 아이패치 [쿨링카밍알로에],44759,,
60ea / 84g,,㈜제닉 / 엔프라니(주),"정제수, 글리세린, 아이리쉬모스추출물, 캐롭검, 아보카도열매추출물(10,000ppm), 1,2-헥산다이올, 셀룰로오스검, 펜틸렌글라이콜, 포타슘클로라이드, 부틸렌글라이콜, 알란토인, 잔탄검, 에틸헥실글리세린, 아데노신, 치자추출물, 수크로오스, 티타늄디옥사이드 (CI 77891), 다이소듐이디티에이, 덱스트린, 칼슘락테이트, 폴리글리세릴-6카프릴레이트, 폴리글리세릴-4카프레이트, 락토바실러스발효물, 소듐폴리아크릴로일다이메틸타우레이트, 콜라겐추출물, 하이드롤라이즈드엘라스틴, 향료, 시어버터, 토코페롤, 소듐하이알루로네이트",홀리카홀리카(엔프라니),아이페셔널 아이패치 [안티링클아보카도],44768,,
매트 1.8g,,㈜코스맥스 / 엔프라니㈜,"[스트로베리 크림]탤크, 마이카 (CI 77019), 나일론-12, 티타늄디옥사이드 (CI 77891), 보론나이트라이드, 실리카, 네오펜틸글라이콜다이에틸헥사노에이트, 페닐트라이메티콘, 다이메티콘, 다이펜타에리스리틸헥사하이드록시스테아레이트/헥사스테아레이트/헥사로지네이트, 마카다미아씨오일, 마그네슘미리스테이트, 메틸프로판다이올, 다이아이소스테아릴말레이트, 아이소스테아릴네오펜타노에이트, 옥틸도데실스테아로일스테아레이트, 마그네슘스테아레이트, 프로판다이올, 폴리부텐, 라우로일라이신, 알루미늄하이드록사이드, 메티콘, 트라이에톡시카프릴릴실레인, 말토덱스트린, 정제수, 황색산화철 (CI 77492), 적색산화철 (CI 77491), 카민 (CI 75470), 흑색산화철 (CI 77499)",홀리카홀리카(엔프라니),마이페이브 피스 섀도우 [03 스트로베리크림],43508,,
매트 1.8g,,㈜코스맥스 / 엔프라니㈜,"[소프티]탤크, 마이카 (CI 77019), 티타늄디옥사이드 (CI 77891), 실리카, 옥틸도데실스테아로일스테아레이트, 페닐트라이메티콘, 마카다미아씨오일, 마그네슘미리스테이트, 옥틸도데칸올, 메틸프로판다이올, 다이메티콘, 트라이에톡시카프릴릴실레인, 다이펜타에리스리틸헥사하이드록시스테아레이트/헥사스테아레이트/헥사로지네이트, 마그네슘스테아레이트, 프로판다이올, 다이아이소스테아릴말레이트, 하이드로제네이티드레시틴, 알루미늄하이드록사이드, 메티콘, 카올린, 정제수, 황색산화철 (CI 77492),적색산화철 (CI 77491), 망가니즈바이올렛 (CI 77742), 흑색산화철 (CI 77499), 황색4호 (CI 19140), 적색226호 (CI 73360)",홀리카홀리카(엔프라니),마이페이브 피스 섀도우 [06 소프티],43513,,
매트 1.8g,,㈜코스맥스 / 엔프라니㈜,"[그레이캣] 탤크, 마이카 (CI 77019), 나일론-12, 실리카, 티타늄디옥사이드 (CI 77891), 네오펜틸글라이콜다이에틸헥사노에이트, 페닐트라이메티콘, 마그네슘미리스테이트, 흑색산화철 (CI 77499), 적색산화철 (CI 77491), 메틸프로판다이올, 다이메티콘, 다이펜타에리스리틸헥사하이드록시스테아레이트/헥사스테아레이트/헥사로지네이트, 트라이에톡시카프릴릴실레인, 다이아이소스테아릴말레이트, 아이소스테아릴네오펜타노에이트, 옥틸도데실스테아로일스테아레이트, 마그네슘스테아레이트, 프로판다이올, 폴리부텐, 라우로일라이신, 알루미늄하이드록사이드, 메티콘, 카올린, 정제수, 황색산화철 (CI 77492), 망가니즈바이올렛 (CI 77742), 울트라마린 (CI 77007)",홀리카홀리카(엔프라니),마이페이브 피스 섀도우 [16 그레이캣],43544,,
매트 1.8g / 쉬머 1.7g,,㈜코스맥스 / 엔프라니㈜,"[튤] 마이카 (CI 77019), 티타늄디옥사이드 (CI 77891), 알루미나, 탤크, 에틸헥실팔미테이트, 합성플루오르플로고파이트, 다이아이소스테아릴말레이트, 다이메티콘, 마그네슘미리스테이트, 나일론-12, 실리카, 사라수씨버터, 마그네슘스테아레이트, 메틸프로판다이올, 프로판다이올, 트라이에톡시카프릴릴실레인, 라우로일라이신, 알루미늄하이드록사이드, 메티콘, 말토덱스트린, 카올린, 틴옥사이드 (CI 77861), 적색산화철 (CI 77491), 카민 (CI 75470), 황색산화철 (CI 77492), 울트라마린 (CI 77007), 망가니즈바이올렛 (CI 77742), 황색4호 (CI 19140), 흑색산화철 (CI 77499) )",홀리카홀리카(엔프라니),마이페이브 피스 아이 섀도우 [35 튤],56897,,
매트 1.8g / 쉬머 1.7g,,㈜코스맥스 / 엔프라니㈜,"[다크 에스프레소] 탤크, 흑색산화철 (CI 77499), 마이카 (CI 77019), 적색산화철 (CI 77491), 황색산화철 (CI 77492), 실리카, 나일론-12, 옥틸도데실스테아로일스테아레이트, 페닐트라이메티콘, 다이메티콘, 마카다미아씨오일, 마그네슘미리스테이트, 메틸프로판다이올, 다이펜타에리스리틸헥사하이드록시스테아레이트/헥사스테아레이트/헥사로지네이트, 다이아이소스테아릴말레이트, 마그네슘스테아레이트, 프로판다이올, 트라이에톡시카프릴릴실레인, 카올린, 말토덱스트린, 알루미늄하이드록사이드, 울트라마린 (CI 77007), 망가니즈바이올렛 (CI 77742), 카민 (CI 75470), 황색4호 (CI 19140), 티타늄디옥사이드 (CI 77891) )",홀리카홀리카(엔프라니),마이페이브 피스 섀도우 [37 다크에스프레소],56900,,
2g,,제조사 : 마이페이브 피스 젤테일 4 COLOR : ㈜코디 책임판매업자 : 엔프라니(주),"마이카, 티타늄디옥사이드, 다이카프릴릴카보네이트, 다이메티콘, 메틸메타크릴레이트크로스폴리머, 합성플루오르플로고파이트, 황색산화철, 다이메티콘/비닐다이메티콘크로스폴리머, 폴리프로필렌, 페닐트라이메티콘, 흑색산화철, 적색산화철, 다이펜타에리스리틸헥사하이드록시스테아레이트/헥사스테아레이트/헥사로지네이트, 트라이에톡시카프릴릴실레인, 울트라마린, 1,2-헥산다이올, 알루미늄하이드록사이드, 글리+C17:E18세릴카프릴레이트, 카민, 토코페롤",홀리카홀리카(엔프라니),마이페이브 피스 젤테일 [베이지우드],76849,,
매트 1.8g,,㈜코스맥스 / 엔프라니㈜,"[폴인] 탤크, 마이카 (CI 77019), 보론나이트라이드, 나일론-12, 티타늄디옥사이드 (CI 77891), 실리카, 마그네슘미리스테이트, 적색산화철 (CI 77491), 울트라마린 (CI 77007), 네오펜틸글라이콜다이에틸헥사노에이트, 페닐트라이메티콘, 메틸프로판다이올, 다이펜타에리스리틸헥사하이드록시스테아레이트/헥사스테아레이트/헥사로지네이트, 마그네슘스테아레이트, 다이아이소스테아릴말레이트, 아이소스테아릴네오펜타노에이트, 옥틸도데실스테아로일스테아레이트, 트라이에톡시카프릴릴실레인, 다이메티콘, 프로판다이올, 폴리부텐, 하이드로제네이티드레시틴, 알루미늄하이드록사이드, 메티콘, 정제수, 황색산화철 (CI 77492), 흑색산화철 (CI 77499)",홀리카홀리카(엔프라니),마이페이브 피스 섀도우 [15 폴인],43543,,
매트 1.8g,,㈜코스맥스 / 엔프라니㈜,"[러비]마이카 (CI 77019), 티타늄디옥사이드 (CI 77891), 탤크, 나일론-12, 네오펜틸글라이콜다이에틸헥사노에이트, 페닐트라이메티콘, 칼슘소듐보로실리케이트, 다이펜타에리스리틸헥사하이드록시스테아레이트/헥사스테아레이트/헥사로지네이트, 마그네슘미리스테이트, 다이아이소스테아릴말레이트, 아이소스테아릴네오펜타노에이트, 옥틸도데실스테아로일스테아레이트, 마그네슘스테아레이트, 실리카, 메틸프로판다이올, 폴리부텐, 프로판다이올, 다이메티콘, 라우로일라이신, 트라이에톡시카프릴릴실레인, 말토덱스트린, 알루미늄하이드록사이드, 메티콘, 정제수, 틴옥사이드 (CI 77861), 카민 (CI 75470), 울트라마린 (CI 77007), 황색4호 (CI 19140), 황색산화철 (CI 77492), 적색산화철 (CI 77491), 흑색산화철 (CI 77499)",홀리카홀리카(엔프라니),마이페이브 피스 섀도우 [25 러비],43553,,
2g,,"""제조사 : 마이페이브 피스 젤테일 4 COLOR : ㈜코디 책임판매업자 : 엔프라니(주) ""","마이카, 다이카프릴릴카보네이트, 다이메티콘, 티타늄디옥사이드, 메틸메타크릴레이트크로스폴리머, 합성플루오르플로고파이트, 황색산화철, 적색산화철, 다이메티콘/비닐다이메티콘크로스폴리머, 폴리프로필렌, 페닐트라이메티콘, 울트라마린, 카민, 다이펜타에리스리틸헥사하이드록시스테아레이트/헥사스테아레이트/헥사로지네이트, 트라이에톡시카프릴릴실레인, 흑색산화철, 1,2-헥산다이올, 알루미늄하이드록사이드, 글리세릴카프릴레이트, 토코페롤",홀리카홀리카(엔프라니),마이페이브 피스 젤테일 [소이 로즈],76850,,
매트 1.8g / 쉬머 1.7g,,㈜코스맥스 / 엔프라니㈜,"[로탈릭] 마이카 (CI 77019), 탤크, 티타늄디옥사이드 (CI 77891), 네오펜틸글라이콜다이에틸헥사노에이트, 나일론-12, 합성플루오르플로고파이트, 페닐트라이메티콘, 마그네슘미리스테이트, 다이펜타에리스리틸헥사하이드록시스테아레이트/헥사스테아레이트/헥사로지네이트, 마그네슘스테아레이트, 다이아이소스테아릴말레이트, 아이소스테아릴네오펜타노에이트, 옥틸도데실스테아로일스테아레이트, 메틸프로판다이올, 폴리부텐, 프로판다이올, 실리카, 트라이에톡시카프릴릴실레인, 다이메티콘, 카올린, 말토덱스트린, 틴옥사이드 (CI 77861), 망가니즈바이올렛 (CI 77742), 적색산화철 (CI 77491), 울트라마린 (CI 77007), 카민 (CI 75470), 황색산화철 (CI 77492), 적색226호 (CI 73360), 흑색산화철 (CI 77499) )",홀리카홀리카(엔프라니),마이페이브 피스 섀도우 [34 로탈릭],56896,,
2g,,제조사 : 마이페이브 피스 젤테일 4 COLOR : ㈜코디 책임판매업자 : 엔프라니(주),"마이카, 다이카프릴릴카보네이트, 다이메티콘, 메틸메타크릴레이트크로스폴리머, 합성플루오르플로고파이트, 황색산화철, 티타늄디옥사이드, 다이메티콘/비닐다이메티콘크로스폴리머, 폴리프로필렌, 적색산화철, 페닐트라이메티콘, 흑색산화철, 다이펜타에리스리틸헥사하이드록시스테아레이트/헥사스테아레이트/헥사로지네이트, 트라이에톡시카프릴릴실레인, 울트라마린, 1,2-헥산다이올, 카민, 글리세릴카프릴레이트+C17:E18, 알루미늄하이드록사이드, 토코페롤",홀리카홀리카(엔프라니),마이페이브 피스 젤테일 [시나몬 브루],76851,,
0.8g,,㈜씨앤씨인터내셔널 / 엔프라니㈜,"03 썬피스 메틸트라이메티콘, 트라이메틸실록시실리케이트, 합성왁스, 칼슘티타늄보로실리케이트, 헵틸운데실레네이트, 마이카, 다이아이소스테아릴말레이트, 티타늄디옥사이드, 적색산화철, 솔비탄올리베이트, 실리카, 카프릴릭/카프릭글리세라이즈, 합성플루오르플로고파이트, 에틸렌/프로필렌코폴리머, 티타늄/티타늄다이옥사이드, 틴옥사이드",홀리카홀리카(엔프라니),멜로우 레이어링 스틱섀도우 [03 썬피스],55834,,
1.7g,,㈜코스맥스 / 엔프라니㈜,"[엔젤릭]마이카 (CI 77019), 칼슘티타늄보로실리케이트, 칼슘소듐보로실리케이트, 티타늄디옥사이드 (CI 77891), 다이메티콘, 합성플루오르플로고파이트, 옥틸도데실스테아로일스테아레이트, 칼슘알루미늄보로실리케이트, 실리카, 적색산화철 (CI 77491), 다이아이소스테아릴말레이트, 글리세린, 마그네슘미리스테이트, 아이소프로필팔미테이트, 알루미늄전분옥테닐석시네이트, 마그네슘스테아레이트, 펜틸렌글라이콜, 폴리솔베이트20, 트라이에톡시카프릴릴실레인, 아크릴아마이드/소듐아크릴로일다이메틸타우레이트코폴리머, 마그네슘알루미늄실리케이트, 솔비탄올리베이트, 솔비탄스테아레이트, 아이소헥사데칸, 에틸헥실글리세린, 폴리솔베이트80, 솔비탄올리에이트, 토코페롤, 틴옥사이드 (CI 77861), 페녹시에탄올, 포타슘솔베이트, 소듐데하이드로아세테이트",홀리카홀리카(엔프라니),마이페이브 피스 글리츠 [엔젤릭],44790,,
1.7g,,㈜코스맥스 / 엔프라니㈜,"[문샤인]칼슘소듐보로실리케이트, 마이카 (CI 77019), 칼슘티타늄보로실리케이트, 다이메티콘, 티타늄디옥사이드 (CI 77891), 합성플루오르플로고파이트, 옥틸도데실스테아로일스테아레이트, 글리세린, 다이아이소스테아릴말레이트, 실리카, 적색산화철 (CI 77491), 마그네슘미리스테이트, 아이소프로필팔미테이트, 알루미늄전분옥테닐석시네이트, 마그네슘스테아레이트, 펜틸렌글라이콜, 폴리솔베이트20, 트라이에톡시카프릴릴실레인, 아크릴아마이드/소듐아크릴로일다이메틸타우레이트코폴리머, 마그네슘알루미늄실리케이트, 솔비탄올리베이트, 솔비탄스테아레이트, 아이소헥사데칸, 에틸헥실글리세린, 폴리솔베이트80, 솔비탄올리에이트, 토코페롤, 틴옥사이드 (CI 77861), 페녹시에탄올, 포타슘솔베이트, 소듐데하이드로아세테이트, 흑색산화철 (CI 77499)",홀리카홀리카(엔프라니),마이페이브 피스 글리츠 [문샤인],44792,,
1.7g,,㈜코스맥스 / 엔프라니㈜,"[엔젤릭]마이카 (CI 77019), 칼슘티타늄보로실리케이트, 칼슘소듐보로실리케이트, 티타늄디옥사이드 (CI 77891), 다이메티콘, 합성플루오르플로고파이트, 옥틸도데실스테아로일스테아레이트, 칼슘알루미늄보로실리케이트, 실리카, 적색산화철 (CI 77491), 다이아이소스테아릴말레이트, 글리세린, 마그네슘미리스테이트, 아이소프로필팔미테이트, 알루미늄전분옥테닐석시네이트, 마그네슘스테아레이트, 펜틸렌글라이콜, 폴리솔베이트20, 트라이에톡시카프릴릴실레인, 아크릴아마이드/소듐아크릴로일다이메틸타우레이트코폴리머, 마그네슘알루미늄실리케이트, 솔비탄올리베이트, 솔비탄스테아레이트, 아이소헥사데칸, 에틸헥실글리세린, 폴리솔베이트80, 솔비탄올리에이트, 토코페롤, 틴옥사이드 (CI 77861), 페녹시에탄올, 포타슘솔베이트, 소듐데하이드로아세테이트",홀리카홀리카(엔프라니),마이페이브 피스 글리츠 [디뮤어],44791,,
1.7g,,㈜코스맥스 / 엔프라니㈜,"[샌들릿]마이카 (CI 77019), 칼슘티타늄보로실리케이트, 칼슘알루미늄보로실리케이트, 다이메티콘, 티타늄디옥사이드 (CI 77891), 칼슘소듐보로실리케이트, 옥틸도데실스테아로일스테아레이트, 실리카, 합성플루오르플로고파이트, 다이아이소스테아릴말레이트, 적색산화철 (CI 77491), 글리세린, 마그네슘미리스테이트, 아이소프로필팔미테이트, 알루미늄전분옥테닐석시네이트, 마그네슘스테아레이트, 펜틸렌글라이콜, 폴리솔베이트20, 트라이에톡시카프릴릴실레인, 아크릴아마이드/소듐아크릴로일다이메틸타우레이트코폴리머, 마그네슘알루미늄실리케이트, 솔비탄올리베이트, 솔비탄스테아레이트, 아이소헥사데칸, 에틸헥실글리세린, 폴리솔베이트80, 솔비탄올리에이트, 토코페롤, 틴옥사이드 (CI 77861), 페녹시에탄올, 포타슘솔베이트, 소듐데하이드로아세테이트",홀리카홀리카(엔프라니),마이페이브 피스 글리츠 [샌들릿],44793,,
4g,,㈜코스맥스 / ㈜엔프라니,다이메티콘;다이메티콘크로스폴리머;트라이베헤닌;다이아이소스테아릴말레이트;CI 77891;폴리글리세릴-2트라이아이소스테아레이트;CI 77491;브이피/헥사데센코폴리머;비닐다이메티콘/메티콘실세스퀴옥세인크로스폴리머;시어버터;쿠푸아수씨버터;페닐트라이메티콘;파라핀;세틸피이지/피피지-10/1다이메티콘;솔비탄아이소스테아레이트;폴리하이드록시스테아릭애씨드;마이크로크리스탈린왁스;다이페닐실록시페닐트라이메티콘;에틸헥실팔미테이트;아이소프로필미리스테이트;아이소스테아릭애씨드;레시틴;폴리글리세릴-2다이아이소스테아레이트;폴리글리세릴-3폴리리시놀리에이트;트라이에톡시카프릴릴실레인;토코페롤;데하이드로아세틱애씨드;벤질벤조에이트;향료;CI 77019;CI 77492;CI 77499;CI 15850:1,홀리카홀리카(엔프라니),버터 앤 베터 컬렉션 버터블러 틴트 [06 러셔스],32447,,
0.8g,,㈜씨앤씨인터내셔널 / 엔프라니㈜,"01 크림슈페너 메틸트라이메티콘, 트라이메틸실록시실리케이트, 합성왁스, 마이카, 헵틸운데실레네이트, 실리카, 다이아이소스테아릴말레이트, 티타늄디옥사이드, 솔비탄올리베이트, 카프릴릭/카프릭글리세라이즈, 적색산화철, 황색산화철, 흑색산화철, 에틸렌/프로필렌코폴리머, 카민",홀리카홀리카(엔프라니),멜로우 레이어링 스틱섀도우 [01 크림슈페너],55782,,
2.8g,,㈜씨앤씨인터내셔널 / 엔프라니,"다이메티콘;정제수;마이카;아이소도데케인;글리세린;실리카;다이메티콘/비닐다이메티콘크로스폴리머;세틸피이지/피피지-10/1다이메티콘;다이메티콘크로스폴리머;사이클로펜타실록세인;트라이메틸실록시실리케이트;비스-피이지/피피지-14/14다이메티콘;폴리글리세릴-2트라이아이소스테아레이트;펜틸렌글라이콜;부틸렌글라이콜;1,2-헥산다이올;티타늄다이옥사이드;적색산화철;메티콘;흑색산화철;페녹시에탄올;토코페릴아세테이트;적색227호;황색5호;향료;적색202호;벤질벤조에이트;트라이에톡시카프릴릴실레인;리날룰;아밀신남알;알루미늄하이드록사이드;헥실신남알;카프릴릭/카프릭트라이글리세라이드;호호바씨오일;사과추출물;망고추출물",홀리카홀리카(엔프라니),마뜨 매직 컬렉션 하트크러쉬 젤리벨벳 틴트 [07 더스키],20977,,
0.8g,,㈜씨앤씨인터내셔널 / 엔프라니㈜,"05 문라잇 메틸트라이메티콘, 트라이메틸실록시실리케이트, 마이카, 합성왁스, 티타늄디옥사이드, 헵틸운데실레네이트, 다이아이소스테아릴말레이트, 솔비탄올리베이트, 칼슘알루미늄보로실리케이트, 황색산화철, 칼슘티타늄보로실리케이트, 실리카, 카민, 카프릴릭/카프릭글리세라이즈, 흑색산화철, 에틸렌/프로필렌코폴리머, 틴옥사이드, 적색산화철",홀리카홀리카(엔프라니),멜로우 레이어링 스틱섀도우 [05 문라잇],55838,,
18ML,,㈜엔코스 / 엔프라니㈜,"정제수, 다이메티콘, 부틸렌글라이콜, 글리세린, 변성알코올, 미네랄오일, 세틸에틸헥사노에이트, 베타인, 토코페릴아세테이트, 우레아, 시어버터, 트레할로오스, 파파야열매추출물, 소듐하이알루로네이트, 마트리카리아꽃추출물, 알로에베라잎즙, 아보카도오일, 올리브오일, 꿀추출물, 석류추출물, 우유단백질추출물, 페퍼민트추출물, 살리실릭애씨드, 사이클로펜타실록세인, 세테아릴글루코사이드, 폴리아크릴레이트-13, 폴리아이소부텐, 세테아릴알코올, 글리세릴스테아레이트, 피이지-100스테아레이트, 폴리솔베이트20, 폴리글리세릴-3메틸글루코오스다이스테아레이트, 아크릴레이트/C10-30알킬아크릴레이트크로스폴리머, 트라이에탄올아민, 다이소듐이디티에이, 페녹시에탄올, 메틸파라벤, 프로필파라벤, 향료, 리날룰, 부틸페닐메틸프로피오날",홀리카홀리카(엔프라니),베이비 실키 풋 마스크 시트,52933,,
매트 1.8g,,㈜코스맥스 / 엔프라니㈜,"[투샷 아메리카노]탤크, 마이카 (CI 77019), 흑색산화철 (CI 77499), 적색산화철 (CI 77491), 망가니즈바이올렛 (CI 77742), 실리카, 옥틸도데실스테아로일스테아레이트, 나일론-12, 페닐트라이메티콘, 황색산화철 (CI 77492), 다이메티콘, 마카다미아씨오일, 메틸프로판다이올, 다이아이소스테아릴말레이트, 마그네슘미리스테이트, 프로판다이올, 카올린, 트라이에톡시카프릴릴실레인, 정제수",홀리카홀리카(엔프라니),마이페이브 피스 섀도우 [20 투샷아메리카노],43548,,
8g,,㈜코스맥스 / 엔프라니㈜,CI 77019;탤크;CI 77891;합성플루오르플로고파이트;나일론-12;네오펜틸글라이콜다이에틸헥사노에이트;칼슘티타늄보로실리케이트;페닐트라이메티콘;마그네슘미리스테이트;다이아이소스테아릴말레이트;다이펜타에리스리틸헥사하이드록시스테아레이트/헥사스테아레이트/헥사로지네이트;아이소스테아릴아이소스테아레이트;옥틸도데실스테아로일스테아레이트;실리카;메틸프로판다이올;폴리부텐;다이메티콘;마그네슘스테아레이트;프로판다이올;라우로일라이신;트라이에톡시카프릴릴실레인;알루미늄하이드록사이드;메티콘;정제수;CI 77861;향료;리날룰;리모넨;시트로넬올;CI 77491;CI 77492;CI 75470;CI 77499;CI 77007;탤크;CI 77019;실리카;보론나이트라이드;옥틸도데실스테아로일스테아레이트;페닐트라이메티콘;CI 77891;다이메티콘;마그네슘미리스테이트;마카다미아씨오일(구명칭);사라수씨버터;나일론-12;메틸프로판다이올;다이아이소스테아릴말레이트;다이펜타에리스리틸헥사하이드록시스테아레이트/헥사스테아레이트/헥사로지네이트;마그네슘스테아레이트;프로판다이올;트라이에톡시카프릴릴실레인;알루미늄하이드록사이드;메티콘;정제수;향료;리날룰;리모넨;시트로넬올;CI 77491;CI 77499;CI 73360;CI 77742;CI 77492;CI 77007;CI 15985;CI 19140;다이메티콘;합성플루오르플로고파이트;칼슘티타늄보로실리케이트;메틸메타크릴레이트크로스폴리머;CI 77891;칼슘알루미늄보로실리케이트;네오펜틸글라이콜다이에틸헥사노에이트;실리카;헥실라우레이트;다이메티콘/비닐다이메티콘크로스폴리머;CI 77019;나일론-12;다이글리세릴세바케이트/아이소팔미테이트;솔비탄세스퀴아이소스테아레이트;마그네슘미리스테이트;다이펜타에리스리틸헥사하이드록시스테아레이트/헥사스테아레이트/헥사로지네이트;프로판다이올;합성왁스;CI 77861;페녹시에탄올;CI 77491;CI 75470;탤크;CI 77019;보론나이트라이드;실리카;CI 77891;옥틸도데실스테아로일스테아레이트;페닐트라이메티콘;다이메티콘;마그네슘미리스테이트;마카다미아씨오일(구명칭);사라수씨버터;나일론-12;메틸프로판다이올;다이아이소스테아릴말레이트;다이펜타에리스리틸헥사하이드록시스테아레이트/헥사스테아레이트/헥사로지네이트;프로판다이올;라우로일라이신;마그네슘스테아레이트;트라이에톡시카프릴릴실레인;알루미늄하이드록사이드;메티콘;정제수;향료;리날룰;리모넨;시트로넬올;CI 77492;CI 77491;CI 77742;CI 73360;CI 77499;CI 77007;CI 19140;탤크;CI 77019;CI 77742;실리카;CI 77491;보론나이트라이드;CI 77891;CI 77499;나일론-12;네오펜틸글라이콜다이에틸헥사노에이트;CI 77007;페닐트라이메티콘;CI 77492;마그네슘미리스테이트;다이메티콘;마카다미아씨오일(구명칭);메틸프로판다이올;다이아이소스테아릴말레이트;다이펜타에리스리틸헥사하이드록시스테아레이트/헥사스테아레이트/헥사로지네이트;아이소스테아릴네오펜타노에이트;옥틸도데실스테아로일스테아레이트;프로판다이올;다이메티콘올스테아레이트;폴리부텐;알루미늄하이드록사이드;메티콘;정제수;향료;리날룰;리모넨;시트로넬올;CI 73360;탤크;CI 77019;CI 77891;CI 77742;보론나이트라이드;실리카;옥틸도데실스테아로일스테아레이트;페닐트라이메티콘;마그네슘미리스테이트;다이메티콘;마카다미아씨오일(구명칭);사라수씨버터;나일론-12;메틸프로판다이올;다이아이소스테아릴말레이트;다이펜타에리스리틸헥사하이드록시스테아레이트/헥사스테아레이트/헥사로지네이트;프로판다이올;트라이에톡시카프릴릴실레인;라우로일라이신;마그네슘스테아레이트;알루미늄하이드록사이드;정제수;향료;리날룰;리모넨;시트로넬올;CI 77491;CI 77499;CI 73360;CI 77007;CI 77492;CI 19140;탤크;CI 77019;보론나이트라이드;실리카;CI 77742;옥틸도데실스테아로일스테아레이트;페닐트라이메티콘;나일론-12;CI 77492;다이메티콘;CI 77891;마카다미아씨오일(구명칭);마그네슘미리스테이트;메틸프로판다이올;다이아이소스테아릴말레이트;다이펜타에리스리틸헥사하이드록시스테아레이트/헥사스테아레이트/헥사로지네이트;마그네슘스테아레이트;프로판다이올;라우로일라이신;트라이에톡시카프릴릴실레인;알루미늄하이드록사이드;메티콘;정제수;향료;리날룰;리모넨;시트로넬올;CI 73360;CI 77499;CI 77007;탤크;CI 77019;알루미늄전분옥테닐석시네이트;합성플루오르플로고파이트;칼슘티타늄보로실리케이트;실리카;CI 77891;카프릴릭/카프릭트라이글리세라이드;마그네슘미리스테이트;다이아이소스테아릴말레이트;마카다미아씨오일(구명칭);메틸프로판다이올;다이메티콘;마그네슘스테아레이트;프로판다이올;하이드로제네이티드레시틴;트라이에톡시카프릴릴실레인;알루미늄하이드록사이드;메티콘;정제수;CI 77861;향료;리날룰;리모넨;시트로넬올;CI 75470;CI 77742;CI 77491;CI 77492;CI 77499;CI 77007;CI 19140;탤크;CI 77019;알루미늄전분옥테닐석시네이트;CI 77891;합성플루오르플로고파이트;CI 77742;카프릴릭/카프릭트라이글리세라이드;마그네슘미리스테이트;다이아이소스테아릴말레이트;CI 77007;메틸프로판다이올;트라이에톡시카프릴릴실레인;마그네슘스테아레이트;프로판다이올;다이메티콘;알루미늄하이드록사이드;정제수;CI 77861;향료;리날룰;리모넨;시트로넬올;CI 77491;CI 77492;CI 75470;CI 77499;CI 19140,홀리카홀리카(엔프라니),마이페이브 무드 아이 팔레트 [핑크올로지],26146,,
7.4g,,㈜코디/엔프라니(주),"Yeast : 탤크, 실리카, 마이카, 티타늄디옥사이드, 페닐트라이메티콘, 메틸메타크릴레이트크로스폴리머, 다이메티콘, 마그네슘미리스테이트, 트라이하이드록시스테아린, 마카다미아씨오일, 펜타에리스리틸테트라아이소스테아레이트, 1,2-헥산다이올, 황색산화철, 적색산화철, 트라이에톡시카프릴릴실레인, 글리세릴카프릴레이트, 알루미늄하이드록사이드, 흑색산화철 Glaze : 티타늄디옥사이드, 합성플루오르플로고파이트, 마이카, 탤크, 칼슘알루미늄보로실리케이트, 헥실라우레이트, 마그네슘미리스테이트, 마그네슘스테아레이트, 적색산화철, 실리카, 다이아이소스테아릴말레이트, 1,2-헥산다이올, 글리세릴카프릴레이트, 폴리아이소부텐, 틴옥사이드 Rosette : 탤크, 마이카, 티타늄디옥사이드, 나일론-12, 실리카, 옥틸도데실스테아로일스테아레이트, 마그네슘미리스테이트, 보론나이트라이드, 페닐트라이메티콘, 마그네슘스테아레이트, 적색산화철, 황색산화철, 알루미늄미리스테이트, 1,2-헥산다이올, 트라이하이드록시스테아린, 마카다미아씨오일, 카민, 다이아이소스테아릴말레이트, 흑색산화철, 글리세릴카프릴레이트, 다이메티콘, 알루미늄하이드록사이드, 하이드로제네이티드레시틴, 트라이에톡시카프릴릴실레인 Spice : 마이카, 탤크, 나일론-12, 티타늄디옥사이드, 실리카, 옥틸도데실스테아로일스테아레이트, 마그네슘미리스테이트, 보론나이트라이드, 적색산화철, 페닐트라이메티콘, 황색산화철, 마그네슘스테아레이트, 알루미늄미리스테이트, 1,2-헥산다이올, 흑색산화철, 트라이하이드록시스테아린, 마카다미아씨오일, 카민, 다이메티콘, 다이아이소스테아릴말레이트, 글리세릴카프릴레이트, 하이드로제네이티드레시틴, 울트라마린, 알루미늄하이드록사이드, 트라이에톡시카프릴릴실레인 Maple : 마이카, 탤크, 나일론-12, 황색산화철, 실리카, 적색산화철, 흑색산화철, 티타늄디옥사이드, 옥틸도데실스테아로일스테아레이트, 마그네슘미리스테이트, 보론나이트라이드, 페닐트라이메티콘, 망가니즈바이올렛, 마그네슘스테아레이트, 알루미늄미리스테이트, 1,2-헥산다이올, 트라이하이드록시스테아린, 마카다미아씨오일, 다이아이소스테아릴말레이트, 다이메티콘, 글리세릴카프릴레이트, 트라이에톡시카프릴릴실레인, 하이드로제네이티드레시틴, 알루미늄하이드록사이드, 카올린 Latte : 마이카, 탤크, 나일론-12, 티타늄디옥사이드, 실리카, 옥틸도데실스테아로일스테아레이트, 마그네슘미리스테이트, 보론나이트라이드, 페닐트라이메티콘, 황색산화철, 적색산화철, 마그네슘스테아레이트, 알루미늄미리스테이트, 1,2-헥산다이올, 트라이하이드록시스테아린, 마카다미아씨오일, 흑색산화철, 울트라마린, 다이메티콘, 다이아이소스테아릴말레이트, 글리세릴카프릴레이트, 하이드로제네이티드레시틴, 알루미늄하이드록사이드, 트라이에톡시카프릴릴실레인 Amber : 마이카, 탤크, 티타늄디옥사이드, 헥실라우레이트, 적색산화철, 합성플루오르플로고파이트, 마그네슘미리스테이트, 마그네슘스테아레이트, 실리카, 다이아이소스테아릴말레이트, 1,2-헥산다이올, 흑색산화철, 카민, 글리세릴카프릴레이트, 다이메티콘, 황색산화철, 폴리아이소부텐, 틴옥사이드, 트라이에톡시카프릴릴실레인 Mocha : 마이카, 적색산화철, 탤크, 흑색산화철, 나일론-12, 황색산화철, 실리카, 옥틸도데실스테아로일스테아레이트, 마그네슘미리스테이트, 보론나이트라이드, 페닐트라이메티콘, 마그네슘스테아레이트, 트라이하이드록시스테아린, 마카다미아씨오일, 1,2-헥산다이올, 다이아이소스테아릴말레이트, 다이메티콘, 알루미늄미리스테이트, 글리세릴카프릴레이트, 트라이에톡시카프릴릴실레인, 하이드로제네이티드레시틴, 알루미늄하이드록사이드 Biscuit : 마이카, 탤크, 나일론-12, 실리카, 황색산화철, 옥틸도데실스테아로일스테아레이트, 적색산화철, 마그네슘미리스테이트, 보론나이트라이드, 티타늄디옥사이드, 페닐트라이메티콘, 흑색산화철, 마그네슘스테아레이트, 알루미늄미리스테이트, 울트라마린, 1,2-헥산다이올, 트라이하이드록시스테아린, 마카다미아씨오일, 다이메티콘, 다이아이소스테아릴말레이트, 글리세릴카프릴레이트, 카민, 하이드로제네이티드레시틴, 트라이에톡시카프릴릴실레인, 알루미늄하이드록사이드",홀리카홀리카(엔프라니),마이페이브 무드 아이 팔레트 [16 시나몬 롤],77279,,
2g,,제조사 : 마이페이브 피스 젤테일 4 COLOR : ㈜코디 책임판매업자 : 엔프라니(주),"마이카, 다이카프릴릴카보네이트, 다이메티콘, 메틸메타크릴레이트크로스폴리머, 합성플루오르플로고파이트, 티타늄디옥사이드, 황색산화철, 적색산화철, 폴리프로필렌, 다이메티콘/비닐다이메티콘크로스폴리머, 흑색산화철, 페닐트라이메티콘, 울트라마린, 다이펜타에리스리틸헥사하이드록시스테아레이트/헥사스테아레이트/헥사로지네이트, 트라이에톡시카프릴릴실레인, 1,2-헥산다이올, 알루미늄하이드록사이드, 글리세릴카프릴레이트, 카민, 토코페롤",홀리카홀리카(엔프라니),마이페이브 피스 젤테일 [멜티드 헤이즐],76852,,
10g,,코스맥스(주)/엔프라니(주),탤크;CI 77019;실리카;네오펜틸글라이콜다이에틸헥사노에이트;마그네슘미리스테이트;페닐트라이메티콘;다이메티콘;CI 77891;마카다미아씨오일;메틸프로판다이올;다이펜타에리스리틸헥사하이드록시스테아레이트/헥사스테아레이트/헥사로지네이트;다이아이소스테아릴말레이트;아이소스테아릴네오펜타노에이트;옥틸도데실스테아로일스테아레이트;트라이에톡시카프릴릴실레인;마그네슘스테아레이트;프로판다이올;라우로일라이신;폴리부텐;하이드로제네이티드레시틴;알루미늄하이드록사이드;메티콘;카올린;정제수;CI 77492;CI 77491;CI 77742;CI 77499;CI 73360;CI 77007;CI 19140;탤크;CI 77019;실리카;네오펜틸글라이콜다이에틸헥사노에이트;페닐트라이메티콘;CI 77492;마그네슘미리스테이트;다이메티콘;다이펜타에리스리틸헥사하이드록시스테아레이트/헥사스테아레이트/헥사로지네이트;메틸프로판다이올;다이아이소스테아릴말레이트;아이소스테아릴네오펜타노에이트;옥틸도데실스테아로일스테아레이트;마그네슘스테아레이트;프로판다이올;트라이에톡시카프릴릴실레인;폴리부텐;라우로일라이신;하이드로제네이티드레시틴;알루미늄하이드록사이드;메티콘;정제수;CI 77891;CI 73360;CI 77007;CI 77491;CI 77499;CI 75470;탤크;CI 77891;합성플루오르플로고파이트;네오펜틸글라이콜다이에틸헥사노에이트;나일론-12;페닐트라이메티콘;다이펜타에리스리틸헥사하이드록시스테아레이트/헥사스테아레이트/헥사로지네이트;마그네슘미리스테이트;실리카;다이아이소스테아릴말레이트;아이소스테아릴네오펜타노에이트;옥틸도데실스테아로일스테아레이트;메틸프로판다이올;마그네슘스테아레이트;폴리부텐;프로판다이올;다이메티콘;라우로일라이신;트라이에톡시카프릴릴실레인;정제수;CI 77861;CI 77491;CI 75470;CI 77492;칼슘티타늄보로실리케이트;CI 77891;CI 77019;다이페닐실록시페닐트라이메티콘;폴리프로필렌;칼슘소듐보로실리케이트;칼슘알루미늄보로실리케이트;옥틸도데칸올;비스-다이글리세릴폴리아실아디페이트-2;다이아이소스테아릴말레이트;하이드로제네이티드캐스터오일다이머다이리놀레에이트;피토스테릴/이소스테아릴/세틸/스테아릴/베헤닐다이머디리놀리에이트;폴리부틸렌테레프탈레이트;폴리글리세릴-2트라이아이소스테아레이트;마그네슘미리스테이트;메틸프로판다이올;아크릴레이트코폴리머;에틸렌/브이에이코폴리머;마그네슘스테아레이트;프로판다이올;다이스테아다이모늄헥토라이트;실리카;프로필렌카보네이트;정제수;CI 77861;CI 77491;CI 75470;탤크;CI 77019;CI 77891;실리카;다이메티콘;마그네슘미리스테이트;네오펜틸글라이콜다이에틸헥사노에이트;CI 77492;페닐트라이메티콘;마카다미아씨오일;마그네슘스테아레이트;메틸프로판다이올;다이펜타에리스리틸헥사하이드록시스테아레이트/헥사스테아레이트/헥사로지네이트;다이아이소스테아릴말레이트;아이소스테아릴네오펜타노에이트;옥틸도데실스테아로일스테아레이트;프로판다이올;폴리부텐;알루미늄하이드록사이드;메티콘;라우로일라이신;트라이에톡시카프릴릴실레인;정제수;CI 77491;CI 77499;탤크;CI 77019;CI 77891;실리카;네오펜틸글라이콜다이에틸헥사노에이트;페닐트라이메티콘;마그네슘미리스테이트;다이펜타에리스리틸헥사하이드록시스테아레이트/헥사스테아레이트/헥사로지네이트;메틸프로판다이올;다이메티콘;다이아이소스테아릴말레이트;아이소스테아릴네오펜타노에이트;옥틸도데실스테아로일스테아레이트;마그네슘스테아레이트;프로판다이올;트라이에톡시카프릴릴실레인;폴리부텐;라우로일라이신;하이드로제네이티드레시틴;알루미늄하이드록사이드;메티콘;정제수;CI 77861;CI 75470;CI 19140;CI 77491;CI 77492;CI 77007;탤크;CI 77019;합성플루오르플로고파이트;나일론-12;실리카;CI 77891;옥틸도데실스테아로일스테아레이트;페닐트라이메티콘;CI 77492;CI 77491;다이메티콘;마카다미아씨오일;마그네슘미리스테이트;마그네슘스테아레이트;메틸프로판다이올;다이아이소스테아릴말레이트;다이펜타에리스리틸헥사하이드록시스테아레이트/헥사스테아레이트/헥사로지네이트;프로판다이올;트라이에톡시카프릴릴실레인;하이드로젠다이메티콘;라우로일라이신;알루미늄하이드록사이드;메티콘;정제수;CI 75470;CI 77499;CI 77007;탤크;CI 77019;CI 77891;합성플루오르플로고파이트;칼슘티타늄보로실리케이트;CI 77491;나일론-12;네오펜틸글라이콜다이에틸헥사노에이트;마그네슘미리스테이트;페닐트라이메티콘;다이펜타에리스리틸헥사하이드록시스테아레이트/헥사스테아레이트/헥사로지네이트;마그네슘스테아레이트;메틸프로판다이올;다이아이소스테아릴말레이트;아이소스테아릴네오펜타노에이트;옥틸도데실스테아로일스테아레이트;다이메티콘;프로판다이올;실리카;폴리부텐;라우로일라이신;트라이에톡시카프릴릴실레인;정제수;CI 77861;CI 75470;CI 77499;CI 77492;탤크;CI 77019;실리카;네오펜틸글라이콜다이에틸헥사노에이트;페닐트라이메티콘;마카다미아씨오일;마그네슘미리스테이트;메틸프로판다이올;다이펜타에리스리틸헥사하이드록시스테아레이트/헥사스테아레이트/헥사로지네이트;마그네슘스테아레이트;다이아이소스테아릴말레이트;아이소스테아릴네오펜타노에이트;옥틸도데실스테아로일스테아레이트;다이메티콘;프로판다이올;폴리부텐;다이메티콘올스테아레이트;하이드로제네이티드레시틴;라우로일라이신;트라이에톡시카프릴릴실레인;알루미늄하이드록사이드;메티콘;정제수;CI 77891;CI 77491;CI 77492;CI 77499;CI 75470;탤크;CI 77019;CI 77491;CI 77492;CI 77499;실리카;보론나이트라이드;나일론-12;CI 77742;옥틸도데칸올;옥틸도데실스테아로일스테아레이트;페닐트라이메티콘;마그네슘미리스테이트;마카다미아씨오일;메틸프로판다이올;다이메티콘;다이펜타에리스리틸헥사하이드록시스테아레이트/헥사스테아레이트/헥사로지네이트;마그네슘스테아레이트;프로판다이올;다이아이소스테아릴말레이트;다이메티콘올스테아레이트;트라이에톡시카프릴릴실레인;라우로일라이신;카올린;정제수;CI 19140;CI 73360;CI 77007;CI 77019;칼슘티타늄보로실리케이트;탤크;CI 77491;합성플루오르플로고파이트;네오펜틸글라이콜다이에틸헥사노에이트;CI 77891;페닐트라이메티콘;다이펜타에리스리틸헥사하이드록시스테아레이트/헥사스테아레이트/헥사로지네이트;CI 77499;다이아이소스테아릴말레이트;아이소스테아릴네오펜타노에이트;옥틸도데실스테아로일스테아레이트;실리카;마그네슘미리스테이트;CI 77007;사라수씨버터;마그네슘스테아레이트;메틸프로판다이올;폴리부텐;프로판다이올;트라이에톡시카프릴릴실레인;라우로일라이신;다이메티콘;정제수;CI 77861;CI 73360;CI 77492;탤크;CI 77019;CI 77491;CI 77499;CI 77492;보론나이트라이드;네오펜틸글라이콜다이에틸헥사노에이트;페닐트라이메티콘;다이메티콘;CI 77007;마그네슘미리스테이트;실리카;메틸프로판다이올;다이펜타에리스리틸헥사하이드록시스테아레이트/헥사스테아레이트/헥사로지네이트;다이아이소스테아릴말레이트;아이소스테아릴네오펜타노에이트;옥틸도데실스테아로일스테아레이트;프로판다이올;폴리부텐;라우로일라이신;트라이에톡시카프릴릴실레인;정제수;CI 75470,홀리카홀리카(엔프라니),마이페이브 바이브 아이 팔레트 [머추어피치],32445,,
1.7g,,㈜코스맥스 / 엔프라니㈜,"[위티]마이카 (CI 77019), 다이메티콘, 칼슘티타늄보로실리케이트, 합성플루오르플로고파이트, 칼슘알루미늄보로실리케이트, 티타늄디옥사이드 (CI 77891), 옥틸도데실스테아로일스테아레이트, 실리카, 다이아이소스테아릴말레이트, 글리세린, 마그네슘미리스테이트, 적색산화철 (CI 77491), 아이소프로필팔미테이트, 마그네슘스테아레이트, 펜틸렌글라이콜, 트라이에톡시카프릴릴실레인, 폴리솔베이트20, 아크릴아마이드/소듐아크릴로일다이메틸타우레이트코폴리머, 마그네슘알루미늄실리케이트, 솔비탄올리베이트, 솔비탄스테아레이트, 아이소헥사데칸, 에틸헥실글리세린, 폴리솔베이트80, 솔비탄올리에이트, 토코페롤, 틴옥사이드 (CI 77861), 페녹시에탄올, 포타슘솔베이트, 소듐데하이드로아세테이트",홀리카홀리카(엔프라니),마이페이브 피스 글리츠 [31 위티],56889,,
2.8g,,㈜씨앤씨인터내셔널 / 엔프라니,"다이메티콘;정제수;아이소도데케인;마이카;글리세린;실리카;다이메티콘/비닐다이메티콘크로스폴리머;세틸피이지/피피지-10/1다이메티콘;다이메티콘크로스폴리머;사이클로펜타실록세인;트라이메틸실록시실리케이트;폴리글리세릴-2트라이아이소스테아레이트;비스-피이지/피피지-14/14다이메티콘;티타늄다이옥사이드;펜틸렌글라이콜;부틸렌글라이콜;1,2-헥산다이올;적색산화철;흑색산화철;메티콘;페녹시에탄올;토코페릴아세테이트;황색5호;향료;적색227호;트라이에톡시카프릴릴실레인;벤질벤조에이트;알루미늄하이드록사이드;리날룰;아밀신남알;헥실신남알;카프릴릭/카프릭트라이글리세라이드;호호바씨오일;사과추출물;망고추출물",홀리카홀리카(엔프라니),마뜨 매직 컬렉션 하트크러쉬 젤리벨벳 틴트 [06 드라우지],20979,,
0.8g,,㈜씨앤씨인터내셔널 / 엔프라니㈜,"02 폴인피치 메틸트라이메티콘, 트라이메틸실록시실리케이트, 합성왁스, 칼슘티타늄보로실리케이트, 헵틸운데실레네이트, 마이카, 티타늄디옥사이드, 다이아이소스테아릴말레이트, 솔비탄올리베이트, 적색산화철, 카프릴릭/카프릭글리세라이즈, 실리카, 카민, 황색산화철, 에틸렌/프로필렌코폴리머, 황색4호, 청색1호, 흑색산화철, 틴옥사이드",홀리카홀리카(엔프라니),멜로우 레이어링 스틱섀도우 [02 폴인피치],55783,,
7.9g,,코스맥스(주)/엔프라니(주),"1) 헬로우 스프링: 다이메티콘, 칼슘티타늄보로실리케이트, 칼슘소듐보로실리케이트,성플루오르플로고파이트, 크릴레이트크로스폴리머, 티타늄디옥사이드 (CI 77891), 네오펜틸글라이콜다이에틸헥사노에이트, 실라우레이트, 나일론-12, 다이메티콘/비닐다이메티콘크로스폴리머, 이글리세릴세바케이트/아이소팔미테이트, 솔비탄세스퀴아이소스테아레이트, 이펜타에리스리틸헥사하이드록시스테아레이트/헥사스테아레이트/헥사로지네이트, 마그네슘미리스테이트,프로판다이올, 합성왁스, 토코페롤, 틴옥사이드 (CI 77861), 페녹시에탄올,마이카 (CI 77019), 적색산화철 (CI 77491), 카민 (CI 75470), 흑색산화철 (CI 77499) 2) 핑크레터 : 탤크, 마이카 (CI 77019), 합성플루오르플로고파이트, 티타늄디옥사이드 (CI 77891), 알루미늄전분옥테닐석시네이트, 마그네슘미리스테이트, 실리카, 틸도데실스테아로일스테아레이트, 페닐트라이메티콘, 메틸프로판다이올, 다이펜타에리스리틸헥사하이드록시스테아레이트/헥사스테아레이트/헥사로지네이트, 다이메티콘, 다이아이소스테아릴말레이트, 마그네슘스테아레이트, 프로판다이올, 라우로일라이신, 트라이에톡시카프릴릴실레인, 알루미늄하이드록사이드, 카올린, 말토덱스트린, 황색산화철 (CI 77492), 망가니즈바이올렛 (CI77742), 울트라마린 (CI 77007), 흑색산화철 (CI 77499), 적색226호 (CI 73360), 적색산화철 (CI 77491), 카민 (CI 75470), 황색4호 (CI 19140) 3) 핏어팻 : 탤크, 마이카 (CI 77019), 합성플루오르플로고파이트, 알루미늄전분옥테닐석시네이트, 티타늄디옥사이드 (CI 77891), 칼슘티타늄보로실리케이트, 옥틸도데실스테아로일스테아레이트, 페닐트라이메티콘, 마그네슘미리스테이트, 실리카, 칼슘소듐보로실리케이트, 마그네슘스테아레이트, 메틸프로판다이올, 다이펜타에리스리틸헥사하이드록시스테아레이트/헥사스테아레이트/헥사로지네이트, 다이아이소스테아릴말레이트, 다이메티콘, 프로판다이올, 라우로일라이신, 트라이에톡시카프릴릴실레인, 알루미늄하이드록사이드, 카올린, 말토덱스트린, 틴옥사이드 (CI 77861), 향료, 시트로넬올, 제라니올, 망가니즈바이올렛 (CI 77742), 황색산화철 (CI 77492), 적색산화철 (CI 77491), 울트라마린 (CI 77007), 흑색산화철 (CI 77499), 카민 (CI 75470) 4) 디어 미 : 탤크, 마이카 (CI 77019), 합성플루오르플로고파이트, 티타늄디옥사이드 (CI 77891), 알루미늄전분옥테닐석시네이트, 마그네슘미리스테이트, 실리카, 도데실스테아로일스테아레이트, 페닐트라이메티콘, 메틸프로판다이올, 다이펜타에리스리틸헥사하이드록시스테아레이트/헥사스테아레이트/헥사로지네이트, 다이메티콘, 다이아이소스테아릴말레이트, 마그네슘스테아레이트, 프로판다이올, 라우로일라이신, 트라이에톡시카프릴릴실레인, 알루미늄하이드록사이드, 말토덱스트린, 황색산화철 (CI 77492), 적색산화철 (CI 77491), 카민 (CI 75470), 흑색산화철 (CI 77499) 5) 어블룸 : 탤크, 마이카 (CI 77019), 실리카, 티타늄디옥사이드 (CI 77891), 보론나이트라이드, 마그네슘미리스테이트, 옥틸도데실스테아로일스테아레이트, 페닐트라이메티콘, 다이메티콘, 마카다미아씨오일, 메틸프로판다이올, 다이펜타에리스리틸헥사하이드록시스테아레이트/헥사스테아레이트/헥사로지네이트, 다이아이소스테아릴말레이트, 마그네슘스테아레이트, 프로판다이올, 라우로일라이신, 트라이에톡시카프릴릴실레인, 알루미늄하이드록사이드, 메티콘, 말토덱스트린, 황색산화철 (CI 77492), 적색산화철 (CI 77491), 카민 (CI 75470), 흑색산화철 (CI 77499) 6) 위드러브 : 탤크, 마이카 (CI 77019), 합성플루오르플로고파이트, 티타늄디옥사이드 (CI 77891), 알루미늄전분옥테닐석시네이트, 마그네슘미리스테이트, 실리카, 옥틸도데실스테아로일스테아레이트, 페닐트라이메티콘, 메틸프로판다이올, 다이펜타에리스리틸헥사하이드록시스테아레이트/헥사스테아레이트/헥사로지네이트, 다이메티콘, 다이아이소스테아릴말레이트, 마그네슘스테아레이트, 프로판다이올, 라우로일라이신, 트라이에톡시카프릴릴실레인, 알루미늄하이드록사이드, 말토덱스트린, 카올린, 향료, 시트로넬올, 제라니올, 황색산화철 (CI 77492), 적색산화철 (CI 77491), 카민 (CI 75470), 망가니즈바이올렛 (CI 77742), 울트라마린 (CI 77007), 흑색산화철 (CI 77499) 7) 스프링 브리즈 : 탤크, 마이카 (CI 77019), 흑색산화철 (CI 77499), 황색산화철 (CI 77492), 적색산화철 (CI 77491), 실리카, 울트라마린 (CI 77007), 티타늄디옥사이드 (CI 77891), 보론나이트라이드, 망가니즈바이올렛 (CI 77742), 옥틸도데실스테아로일스테아레이트, 페닐트라이메티콘, 마그네슘미리스테이트, 다이메티콘, 마카다미아씨오일, 메틸프로판다이올, 다이펜타에리스리틸헥사하이드록시스테아레이트/헥사스테아레이트/헥사로지네이트, 다이아이소스테아릴말레이트, 마그네슘스테아레이트, 프로판다이올, 카올린, 라우로일라이신, 알루미늄하이드록사이드, 트라이에톡시카프릴릴실레인, 메티콘, 말토덱스트린, 카민 (CI 75470), 적색226호 (CI 73360), 황색4호 (CI 19140) 8) 스프라우트 : 마이카 (CI 77019), 탤크, 티타늄디옥사이드 (CI 77891), 에틸헥실팔미테이트, 합성플루오르플로고파이트, 다이아이소스테아릴말레이트, 다이메티콘, 나일론-12, 마그네슘미리스테이트, 메틸프로판다이올, 마그네슘스테아레이트, 프로판다이올, 실리카, 트라이에톡시카프릴릴실레인, 라우로일라이신, 알루미늄하이드록사이드, 카올린, 메티콘, 말토덱스트린, 틴옥사이드 (CI 77861), 향료, 시트로넬올, 제라니올, 울트라마린 (CI 77007), 망가니즈바이올렛 (CI 77742), 황색산화철 (CI 77492), 카민 (CI 75470), 적색산화철 (CI 77491), 적색226호 (CI 73360), 흑색산화철 (CI 77499), 9) 유어스 트룰리 : 탤크, 마이카 (CI 77019), 보론나이트라이드, 실리카, 티타늄디옥사이드 (CI 77891), 적색산화철 (CI 77491), 울트라마린 (CI 77007), 옥틸도데실스테아로일스테아레이트, 페닐트라이메티콘, 다이메티콘, 마그네슘미리스테이트, 마카다미아씨오일, 메틸프로판다이올, 다이펜타에리스리틸헥사하이드록시스테아레이트/헥사스테아레이트/헥사로지네이트, 다이아이소스테아릴말레이트, 마그네슘스테아레이트, 프로판다이올, 라우로일라이신, 알루미늄하이드록사이드, 트라이에톡시카프릴릴실레인, 메티콘, 향료, 시트로넬올, 제라니올, 황색산화철 (CI 77492), 흑색산화철 (CI 77499)",홀리카홀리카(엔프라니),마이페이브 무드 아이팔레트 [11 레터프롬스프링],63403,,
7.9g,,코스맥스(주)/엔프라니(주),"헬로우 폴 다이메티콘, 합성플루오르플로고파이트, 칼슘소듐보로실리케이트, 틸메타크릴레이트크로스폴리머, 티타늄디옥사이드 (CI 77891), 칼슘티타늄보로실리케이트, 네오펜틸글라이콜다이에틸헥사노에이트, 칼슘알루미늄보로실리케이트, 헥실라우레이트, 나일론-12, 이메티콘/비닐다이메티콘크로스폴리머, 다이글리세릴세바케이트/아이소팔미테이트, 솔비탄세스퀴아이소스테아레이트, 다이펜타에리스리틸헥사하이드록시스테아레이트/헥사스테아레이트/헥사로지네이트, 마그네슘미리스테이트, 실리카, 합성왁스, 프로판다이올, 트라이에톡시카프릴릴실레인, 토코페롤, 틴옥사이드 (CI 77861), 페녹시에탄올, 적색산화철 (CI 77491), 황색산화철 (CI 77492) 샤인 애프리콧 마이카 (CI 77019), 탤크, 티타늄디옥사이드 (CI 77891), 합성플루오르플로고파이트, 네오펜틸글라이콜다이에틸헥사노에이트, 페닐트라이메티콘, 칼슘티타늄보로실리케이트, 나일론-12, 다이펜타에리스리틸헥사하이드록시스테아레이트/헥사스테아레이트/헥사로지네이트, 다이아이소스테아릴말레이트, 아이소스테아릴네오펜타노에이트, 옥틸도데실스테아로일스테아레이트, 마그네슘미리스테이트, 메틸프로판다이올, 실리카, 폴리부텐, 마그네슘스테아레이트, 프로판다이올, 트라이에톡시카프릴릴실레인, 다이메티콘, 라우로일라이신, 알루미늄하이드록사이드, 메티콘, 말토덱스트린, 틴옥사이드 (CI 77861), 적색산화철 (CI 77491), 카민 (CI 75470), 황색산화철 (CI 77492), 울트라마린 (CI 77007), 흑색산화철 (CI 77499) 브리즈라이크 탤크, 마이카 (CI 77019), 실리카, 보론나이트라이드, 티타늄디옥사이드 (CI 77891), 옥틸도데실스테아로일스테아레이트, 페닐트라이메티콘, 마카다미아씨오일, 마그네슘미리스테이트, 마그네슘스테아레이트, 메틸프로판다이올, 옥틸도데칸올, 다이펜타에리스리틸헥사하이드록시스테아레이트/헥사스테아레이트/헥사로지네이트, 다이메티콘올스테아레이트, 다이메티콘, 다이아이소스테아릴말레이트, 프로판다이올, 트라이에톡시카프릴릴실레인, 하이드로제네이티드레시틴, 알루미늄하이드록사이드, 메티콘, 황색산화철 (CI 77492), 적색산화철 (CI 77491), 흑색산화철 (CI 77499), 울트라마린 (CI 77007), 적색226호 (CI 73360), 황색4호 (CI 19140) 배쉬풀 탤크, 마이카 (CI 77019), 티타늄디옥사이드 (CI 77891), 실리카, 보론나이트라이드, 합성플루오르플로고파이트, 옥틸도데실스테아로일스테아레이트, 페닐트라이메티콘, 마카다미아씨오일, 마그네슘미리스테이트, 메틸프로판다이올, 옥틸도데칸올, 다이펜타에리스리틸헥사하이드록시스테아레이트/헥사스테아레이트/헥사로지네이트, 다이아이소스테아릴말레이트, 다이메티콘, 마그네슘스테아레이트, 프로판다이올, 다이메티콘올스테아레이트, 트라이에톡시카프릴릴실레인, 하이드로제네이티드레시틴, 알루미늄하이드록사이드, 틴옥사이드 (CI 77861), 적색산화철 (CI 77491), 황색산화철 (CI 77492), 흑색산화철 (CI 77499), 울트라마린 (CI 77007), 적색226호 (CI 73360), 황색4호 (CI 19140) 얼리 어텀 탤크, 마이카 (CI 77019), 티타늄디옥사이드 (CI 77891), 실리카, 옥틸도데실스테아로일스테아레이트, 페닐트라이메티콘, 마카다미아씨오일, 마그네슘미리스테이트, 메틸프로판다이올, 옥틸도데칸올, 다이메티콘, 트라이에톡시카프릴릴실레인, 다이펜타에리스리틸헥사하이드록시스테아레이트/헥사스테아레이트/헥사로지네이트, 마그네슘스테아레이트, 프로판다이올, 다이아이소스테아릴말레이트, 하이드로제네이티드레시틴, 알루미늄하이드록사이드, 메티콘, 카올린, 황색산화철 (CI 77492), 적색산화철 (CI 77491), 망가니즈바이올렛 (CI 77742), 흑색산화철 (CI 77499), 황색4호 (CI 19140), 적색226호 (CI 73360) 오트밀 탤크, 마이카 (CI 77019), 실리카, 칼슘티타늄보로실리케이트, 보론나이트라이드, 티타늄디옥사이드 (CI 77891), 옥틸도데실스테아로일스테아레이트, 페닐트라이메티콘, 마카다미아씨오일, 마그네슘미리스테이트, 메틸프로판다이올, 옥틸도데칸올, 칼슘소듐보로실리케이트, 다이펜타에리스리틸헥사하이드록시스테아레이트/헥사스테아레이트/헥사로지네이트, 다이메티콘, 마그네슘스테아레이트, 프로판다이올, 다이아이소스테아릴말레이트, 다이메티콘올스테아레이트, 트라이에톡시카프릴릴실레인, 하이드로제네이티드레시틴, 알루미늄하이드록사이드, 틴옥사이드 (CI 77861), 적색산화철 (CI 77491), 황색산화철 (CI 77492), 흑색산화철 (CI 77499), 울트라마린 (CI 77007), 적색226호 (CI 73360), 황색4호 (CI 19140) 허쉬드 탤크, 마이카 (CI 77019), 알루미늄전분옥테닐석시네이트, 흑색산화철 (CI 77499), 하이드로제네이티드폴리아이소부텐, 적색산화철 (CI 77491), 에이치디아이/트라이메틸올헥실락톤크로스폴리머, 폴리메틸메타크릴레이트, 티타늄디옥사이드 (CI 77891), 황색산화철 (CI 77492), 울트라마린 (CI 77007), 메틸프로판다이올, 마그네슘미리스테이트, 프로판다이올, 마그네슘스테아레이트, 하이드로제네이티드레시틴, 마이크로크리스탈린셀룰로오스, 알루미늄하이드록사이드, 다이메티콘, 메티콘, 실리카, 말토덱스트린, 카민 (CI 75470) 폴인폴 탤크, 마이카 (CI 77019), 카프릴릭/카프릭트라이글리세라이드, 보론나이트라이드, 실리카, 망가니즈바이올렛 (CI 77742), 황색산화철 (CI 77492), 마카다미아씨오일, 사라수씨버터, 마그네슘미리스테이트, 메틸프로판다이올, 다이메티콘올스테아레이트, 다이메티콘, 마그네슘스테아레이트, 프로판다이올, 라우로일라이신, 하이드로제네이티드레시틴, 트라이에톡시카프릴릴실레인, 카올린, 말토덱스트린, 알루미늄하이드록사이드, 메티콘, 적색산화철 (CI 77491), 울트라마린 (CI 77007), 흑색산화철 (CI 77499), 카민 (CI 75470), 티타늄디옥사이드 (CI 77891), 황색4호 (CI 19140) 어텀 블루스 탤크, 마이카 (CI 77019), 알루미늄전분옥테닐석시네이트, 티타늄디옥사이드 (CI 77891), 적색산화철 (CI 77491), 카프릴릭/카프릭트라이글리세라이드, 다이아이소스테아릴말레이트, 황색산화철 (CI 77492), 흑색산화철 (CI 77499), 마그네슘미리스테이트, 메틸프로판다이올, 트라이에톡시카프릴릴실레인, 마그네슘스테아레이트, 프로판다이올, 다이메티콘, 하이드로제네이티드레시틴, 알루미늄하이드록사이드, 카올린, 말토덱스트린, 망가니즈바이올렛 (CI 77742), 울트라마린 (CI 77007), 카민 (CI 75470), 페릭페로시아나이드 (CI 77510)",홀리카홀리카(엔프라니),마이페이브 무드 아이팔레트 [12 폴인오트],69643,,
7.9g,,코스맥스(주) / 엔프라니㈜,"#14 클래식포터리 Blush : 탤크, 마이카 (CI 77019), 티타늄디옥사이드 (CI 77891), 합성플루오르플로고파이트, 실리카, 보론나이트라이드, 망가니즈바이올렛 (CI 77742), 옥틸도데실스테아로일스테아레이트, 페닐트라이메티콘, 황색산화철 (CI 77492), 다이메티콘, 마카다미아씨오일, 마그네슘미리스테이트, 다이펜타에리스리틸헥사하이드록시스테아레이트/헥사스테아레이트/헥사로지네이트, 다이아이소스테아릴말레이트, 카프릴릴글라이콜, 마그네슘스테아레이트, 트라이에톡시카프릴릴실레인, 글리세릴카프릴레이트, 알루미늄하이드록사이드, 라우로일라이신, 에틸헥실글리세린, 카올린, 토코페롤, 적색226호 (CI 73360), 울트라마린 (CI 77007), 적색산화철 (CI 77491), 흑색산화철 (CI 77499) Base : 탤크, 마이카 (CI 77019), 합성플루오르플로고파이트, 티타늄디옥사이드 (CI 77891), 실리카, 보론나이트라이드, 옥틸도데실스테아로일스테아레이트, 페닐트라이메티콘, 다이메티콘, 망가니즈바이올렛 (CI 77742), 마카다미아씨오일, 마그네슘미리스테이트, 다이펜타에리스리틸헥사하이드록시스테아레이트/헥사스테아레이트/헥사로지네이트, 다이아이소스테아릴말레이트, 카프릴릴글라이콜, 마그네슘스테아레이트, 글리세릴카프릴레이트, 라우로일라이신, 트라이에톡시카프릴릴실레인, 에틸헥실글리세린, 알루미늄하이드록사이드, 카올린, 말토덱스트린, 토코페롤, 황색산화철 (CI 77492), 적색산화철 (CI 77491), 흑색산화철 (CI 77499), 울트라마린 (CI 77007), 카민 (CI 75470) Cork : 탤크, 마이카 (CI 77019), 합성플루오르플로고파이트, 티타늄디옥사이드 (CI 77891), 실리카, 보론나이트라이드, 흑색산화철 (CI 77499), 옥틸도데실스테아로일스테아레이트, 페닐트라이메티콘, 적색산화철 (CI 77491), 다이메티콘, 망가니즈바이올렛 (CI 77742), 마카다미아씨오일, 마그네슘미리스테이트, 다이펜타에리스리틸헥사하이드록시스테아레이트/헥사스테아레이트/헥사로지네이트, 다이아이소스테아릴말레이트, 카프릴릴글라이콜, 마그네슘스테아레이트, 글리세릴카프릴레이트, 라우로일라이신, 트라이에톡시카프릴릴실레인, 에틸헥실글리세린, 알루미늄하이드록사이드, 카올린, 말토덱스트린, 토코페롤, 황색산화철 (CI 77492), 울트라마린 (CI 77007), 황색4호 (CI 19140), 카민 (CI 75470) Cameo : 옥사이드 (CI 77891), 나일론-12, 마그네슘미리스테이트, 네오펜틸글라이콜다이에틸헥사노에이트, 망가니즈바이올렛 (CI 77742), 페닐트라이메티콘, 실리카, 마그네슘스테아레이트, 다이메티콘, 다이펜타에리스리틸헥사하이드록시스테아레이트/헥사스테아레이트/헥사로지네이트, 다이아이소스테아릴말레이트, 아이소스테아릴네오펜타노에이트, 옥틸도데실스테아로일스테아레이트, 카프릴릴글라이콜, 폴리부텐, 글리세릴카프릴레이트, 라우로일라이신, 알루미늄하이드록사이드, 메티콘, 카프릴릭/카프릭트라이글리세라이드, 하이드로제네이티드레시틴, 에틸헥실글리세린, 트라이에톡시카프릴릴실레인, 카올린, 말토덱스트린, 토코페롤, 적색산화철 (CI 77491), 흑색산화철 (CI 77499), 황색산화철 (CI 77492), 울트라마린 (CI 77007), 카민 (CI 75470) Ceramic : 탤크, 마이카 (CI 77019), 티타늄디옥사이드 (CI 77891), 합성플루오르플로고파이트, 실리카, 보론나이트라이드, 옥틸도데실스테아로일스테아레이트, 페닐트라이메티콘, 다이메티콘, 마카다미아씨오일, 마그네슘미리스테이트, 다이펜타에리스리틸헥사하이드록시스테아레이트/헥사스테아레이트/헥사로지네이트, 다이아이소스테아릴말레이트, 카프릴릴글라이콜, 마그네슘스테아레이트, 알루미늄하이드록사이드, 트라이에톡시카프릴릴실레인, 글리세릴카프릴레이트, 라우로일라이신, 에틸헥실글리세린, 카올린, 토코페롤, 황색산화철 (CI 77492), 적색산화철 (CI 77491), 흑색산화철 (CI 77499), 망가니즈바이올렛 (CI 77742), 황색4호 (CI 19140), 울트라마린 (CI 77007), 적색226호 (CI 73360) Bisque : 탤크, 마이카 (CI 77019), 보론나이트라이드, 실리카, 옥틸도데칸올, 티타늄디옥사이드 (CI 77891), 다이메티콘, 옥틸도데실스테아로일스테아레이트, 페닐트라이메티콘, 마카다미아씨오일, 마그네슘스테아레이트, 마그네슘미리스테이트, 트라이에톡시카프릴릴실레인, 다이펜타에리스리틸헥사하이드록시스테아레이트/헥사스테아레이트/헥사로지네이트, 카프릴릴글라이콜, 다이아이소스테아릴말레이트, 글리세릴카프릴레이트, 에틸헥실글리세린, 알루미늄하이드록사이드, 메티콘, 토코페롤, 황색산화철 (CI 77492), 적색산화철 (CI 77491), 흑색산화철 (CI 77499), 울트라마린 (CI 77007), 적색226호 (CI 73360), 황색4호 (CI 19140) Ashrose : 탤크, 마이카 (CI 77019), 합성플루오르플로고파이트, 티타늄디옥사이드 (CI 77891), 실리카, 망가니즈바이올렛 (CI 77742), 보론나이트라이드, 옥틸도데실스테아로일스테아레이트, 페닐트라이메티콘, 흑색산화철 (CI 77499), 황색산화철 (CI 77492), 다이메티콘, 적색산화철 (CI 77491), 울트라마린 (CI 77007), 마카다미아씨오일, 마그네슘미리스테이트, 다이펜타에리스리틸헥사하이드록시스테아레이트/헥사스테아레이트/헥사로지네이트, 다이아이소스테아릴말레이트, 카프릴릴글라이콜, 마그네슘스테아레이트, 글리세릴카프릴레이트, 에틸헥실글리세린, 라우로일라이신, 트라이에톡시카프릴릴실레인, 카올린, 알루미늄하이드록사이드, 토코페롤, 적색226호 (CI 73360) Stony : 탤크, 알루미늄전분옥테닐석시네이트, 마이카 (CI 77019), 티타늄디옥사이드 (CI 77891), 트라이에틸헥사노인, 카프릴릭/카프릭트라이글리세라이드, 트라이에톡시카프릴릴실레인, 마그네슘미리스테이트, 다이펜타에리스리틸헥사하이드록시스테아레이트/헥사스테아레이트/헥사로지네이트, 카프릴릴글라이콜, 글리세릴카프릴레이트, 에틸헥실글리세린, 다이메티콘, 알루미늄하이드록사이드, 카올린, 말토덱스트린, 토코페롤, 흑색산화철 (CI 77499), 망가니즈바이올렛 (CI 77742), 적색산화철 (CI 77491), 황색산화철 (CI 77492), 카민 (CI 75470), 울트라마린 (CI 77007) Kiln : 탤크, 마이카 (CI 77019), 흑색산화철 (CI 77499), 합성플루오르플로고파이트, 적색산화철 (CI 77491), 보론나이트라이드, 실리카, 황색산화철 (CI 77492), 옥틸도데실스테아로일스테아레이트, 페닐트라이메티콘, 망가니즈바이올렛 (CI 77742), 티타늄디옥사이드 (CI 77891), 울트라마린 (CI 77007), 다이메티콘, 카민 (CI 75470), 마카다미아씨오일, 마그네슘미리스테이트, 다이펜타에리스리틸헥사하이드록시스테아레이트/헥사스테아레이트/헥사로지네이트, 다이아이소스테아릴말레이트, 카프릴릴글라이콜, 마그네슘스테아레이트, 글리세릴카프릴레이트, 에틸헥실글리세린, 라우로일라이신, 트라이에톡시카프릴릴실레인, 카올린, 말토덱스트린, 알루미늄하이드록사이드, 토코페롤, 황색4호 (CI 19140)",홀리카홀리카(엔프라니),마이페이브 무드 아이 팔레트 [14 클래식 포터리],74694,,
매트 1.8g,,㈜코스맥스 / 엔프라니㈜,"[위스테리아]탤크, 알루미늄전분옥테닐석시네이트, 마이카 (CI 77019), 합성플루오르플로고파이트, 망가니즈바이올렛 (CI 77742), 카프릴릭/카프릭트라이글리세라이드, 마그네슘미리스테이트, 티타늄디옥사이드 (CI 77891), 다이아이소스테아릴말레이트, 울트라마린 (CI 77007), 실리카, 마카다미아씨오일, 마그네슘스테아레이트, 메틸프로판다이올, 트라이에톡시카프릴릴실레인, 프로판다이올, 다이메티콘, 카올린, 다이메티콘올스테아레이트, 알루미늄하이드록사이드, 메티콘, 정제수, 적색산화철 (CI 77491), 흑색산화철 (CI 77499), 황색산화철 (CI 77492), 적색226호 (CI 73360)",홀리카홀리카(엔프라니),마이페이브 피스 섀도우 [14 위스테리아],43542,,
1.9~2.1g,,(주)코디/엔프라니(주),"[레모니] 합성플루오르플로고파이트, 티타늄디옥사이드, 다이페닐실록시페닐트라이메티콘, 피토스테릴/이소스테아릴/세틸/스테아릴/베헤닐다이머디리놀리에이트, 마이카, 비스-베헤닐/아이소스테아릴/피토스테릴다이머다이리놀레일다이머다이리놀리에이트, 칼슘티타늄보로실리케이트, 비스-다이글리세릴폴리아실아디페이트-2, 폴리프로필렌, 다이펜타에리스리틸헥사하이드록시스테아레이트/헥사스테아레이트/헥사로지네이트, 실리카, 탤크, 카프릴릴글라이콜, 글리세릴카프릴레이트, 틴옥사이드, 에틸헥실글리세린, 토코페롤",홀리카홀리카(엔프라니),마이페이브 피스 아이프로즌 [02 레모니],64860,,
1.9~2.1g,,(주)코디/엔프라니(주),"[탄젤로] 칼슘알루미늄보로실리케이트, 다이메티콘/비닐다이메티콘크로스폴리머, 폴리메틸메타크릴레이트, 티타늄디옥사이드, 다이아이소스테아릴말레이트, 카프릴릭/카프릭트라이글리세라이드, 폴리프로필렌, 마그네슘미리스테이트, 비스-다이글리세릴폴리아실아디페이트-2, 피토스테릴/이소스테아릴/세틸/스테아릴/베헤닐다이머디리놀리에이트, 카프릴릴글라이콜, 틴옥사이드, 글리세릴카프릴레이트, 에틸헥실글리세린, 토코페롤",홀리카홀리카(엔프라니),마이페이브 피스 아이프로즌 [01 탄젤로],64859,,
음영라이너 : 0.2g / 0.007 oz. 하이라이팅 섀도우 : 1.4g / 0.04 oz.,,㈜씨앤씨인터내셔널 / ㈜엔프라니,헵틸운데실레네이트;트라이데실트라이멜리테이트;마이카;티타늄다이옥사이드;마이크로크리스탈린왁스;하이드로제네이티드식물성오일;실리카;폴리에틸렌;비즈왁스;적색산화철;합성플루오르플로고파이트;스테아릴스테아레이트;하이드로제네이티드팜애씨드;세틸피이지/피피지-10/1다이메티콘;솔비탄아이소스테아레이트;다이메티콘;카민;틴옥사이드;진주가루;하이드로제네이티드식물성오일;티타늄다이옥사이드;트라이에틸헥사노인;세레신;폴리글리세릴-2트라이아이소스테아레이트;C12-15알킬에틸헥사노에이트;황색산화철;마이카;폴리에틸렌;합성비즈왁스;합성왁스;솔비탄아이소스테아레이트;흑색산화철;세틸피이지/피피지-10/1다이메티콘;폴리아이소부텐;마이크로크리스탈린왁스;적색산화철;징크스테아레이트;스테아릭애씨드;메티콘;진주가루;비에이치티,홀리카홀리카(엔프라니),애교살 메이커 [01 베어],27179,,
음영라이너 : 0.2g / 0.007 oz. 하이라이팅 섀도우 : 1.4g / 0.04 oz.,,㈜씨앤씨인터내셔널 / ㈜엔프라니,헵틸운데실레네이트;트라이데실트라이멜리테이트;칼슘알루미늄보로실리케이트;마이크로크리스탈린왁스;합성플루오르플로고파이트;하이드로제네이티드식물성오일;실리카;티타늄다이옥사이드;폴리에틸렌;비즈왁스;마이카;적색산화철;하이드로제네이티드팜애씨드;스테아릴스테아레이트;솔비탄아이소스테아레이트;세틸피이지/피피지-10/1다이메티콘;틴옥사이드;다이메티콘;카민;진주가루;하이드로제네이티드식물성오일;티타늄다이옥사이드;트라이에틸헥사노인;세레신;폴리글리세릴-2트라이아이소스테아레이트;C12-15알킬에틸헥사노에이트;황색산화철;마이카;폴리에틸렌;합성비즈왁스;합성왁스;솔비탄아이소스테아레이트;흑색산화철;세틸피이지/피피지-10/1다이메티콘;폴리아이소부텐;마이크로크리스탈린왁스;적색산화철;징크스테아레이트;스테아릭애씨드;메티콘;진주가루;비에이치티,홀리카홀리카(엔프라니),애교살 메이커 [02 라이블리],27180,,
8g,,코스맥스(주) / 엔프라니㈜,"Cream Shine : 합성플루오르플로고파이트, 티타늄디옥사이드 (CI 77891), 탤크, 알루미나, 마이카 (CI 77019), 에틸헥실팔미테이트, 칼슘알루미늄보로실리케이트, 마그네슘스테아레이트, 옥틸도데실스테아로일스테아레이트, 페닐트라이메티콘, 하이드로제네이티드폴리아이소부텐, 실리카, 다이펜타에리스리틸헥사하이드록시스테아레이트/헥사스테아레이트/헥사로지네이트, 카프릴릴글라이콜, 트라이에톡시카프릴릴실레인, 다이아이소스테아릴말레이트, 글리세릴카프릴레이트, 다이메티콘, 에틸헥실글리세린, 에틸렌/프로필렌/스타이렌코폴리머, 부틸렌/에틸렌/스타이렌코폴리머, 펜타에리스리틸테트라-다이-t-부틸하이드록시하이드로신나메이트, 토코페롤, 틴옥사이드, 적색산화철 (CI 77491), 황색4호 (CI 19140) Fizzy : 탤크, 마이카 (CI 77019), 실리카, 칼슘카보네이트, 옥틸도데실스테아로일스테아레이트, 페닐트라이메티콘, 티타늄디옥사이드 (CI 77891), 다이펜타에리스리틸헥사하이드록시스테아레이트/헥사스테아레이트/헥사로지네이트, 다이아이소스테아릴말레이트, 카프릴릴글라이콜, 마그네슘스테아레이트, 트라이에톡시카프릴릴실레인, 하이드로제네이티드레시틴, 다이메티콘, 글리세릴카프릴레이트, 에틸헥실글리세린, 알루미늄하이드록사이드, 아이소프로필티타늄트라이아이소스테아레이트, 토코페롤, 세테아릴알코올, 황색4호 (CI 19140), 황색산화철 (CI 77492), 적색226호 (CI 73360), 황색5호 (CI 15985), 적색산화철 (CI 77491) Pink Ade : 탤크, 마이카 (CI 77019), 티타늄디옥사이드 (CI 77891), 실리카, 옥틸도데실스테아로일스테아레이트, 페닐트라이메티콘, 마그네슘스테아레이트, 다이펜타에리스리틸헥사하이드록시스테아레이트/헥사스테아레이트/헥사로지네이트, 트라이에톡시카프릴릴실레인, 다이아이소스테아릴말레이트, 다이메티콘, 카프릴릴글라이콜, 하이드로제네이티드레시틴, 글리세릴카프릴레이트, 에틸헥실글리세린, 알루미늄하이드록사이드, 아이소프로필티타늄트라이아이소스테아레이트, 토코페롤, 세테아릴알코올, 황색산화철 (CI 77492), 황색4호 (CI 19140), 적색226호 (CI 73360), 적색산화철 (CI 77491), 황색5호 (CI 15985), 흑색산화철 (CI 77499), 울트라마린 (CI 77007) Apricotton : 탤크, 마이카 (CI 77019), 티타늄디옥사이드 (CI 77891), 네오펜틸글라이콜다이에틸헥사노에이트, 페닐트라이메티콘, 마그네슘스테아레이트, 보론나이트라이드, 다이메티콘, 다이펜타에리스리틸헥사하이드록시스테아레이트/헥사스테아레이트/헥사로지네이트, 다이아이소스테아릴말레이트, 아이소스테아릴네오펜타노에이트, 옥틸도데실스테아로일스테아레이트, 카프릴릴글라이콜, 트라이에톡시카프릴릴실레인, 글리세릴카프릴레이트, 폴리부텐, 하이드로제네이티드레시틴, 라우로일라이신, 에틸헥실글리세린, 알루미늄하이드록사이드, 메티콘, 토코페롤, 황색산화철 (CI 77492), 적색산화철 (CI 77491), 황색4호 (CI 19140), 흑색산화철 (CI 77499), 적색226호 (CI 73360) Yuzu Zest : 탤크, 마이카 (CI 77019), 카프릴릭/카프릭트라이글리세라이드, 티타늄디옥사이드 (CI 77891), 보론나이트라이드, 다이아이소스테아릴말레이트, 나일론-12, 실리카, 다이메티콘, 마그네슘스테아레이트, 카프릴릴글라이콜, 글리세릴카프릴레이트, 트라이에톡시카프릴릴실레인, 에틸헥실글리세린, 알루미늄하이드록사이드, 메티콘, 토코페롤, 황색산화철 (CI 77492), 적색산화철 (CI 77491), 황색4호 (CI 19140), 흑색산화철 (CI 77499) Peach Drizzle : 합성플루오르플로고파이트, 마이카 (CI 77019), 탤크, 칼슘카보네이트, 옥틸도데실스테아로일스테아레이트, 실리카, 티타늄디옥사이드 (CI 77891), 칼슘알루미늄보로실리케이트, 다이페닐다이메티콘/비닐다이페닐다이메티콘/실세스퀴옥세인크로스폴리머, 다이아이소스테아릴말레이트, 다이메티콘, 카프릴릴글라이콜, 칼슘소듐보로실리케이트, 하이드로제네이티드캐스터오일아이소스테아레이트, 에틸헥실글리세린, 마그네슘미리스테이트, 라우로일라이신, 알루미늄하이드록사이드, 말토덱스트린, 토코페롤, 틴옥사이드, 황색산화철 (CI 77492), 적색산화철 (CI 77491), 카민 (CI 75470) Brown Sugar : 탤크, 마그네슘/포타슘/실리콘/플루오라이드/하이드록사이드/옥사이드, 마이카 (CI 77019), 티타늄디옥사이드 (CI 77891), 실리카, 징크스테아레이트, 황색산화철 (CI 77492), 적색산화철 (CI 77491), 하이드로제네이티드폴리아이소부텐, 흑색산화철 (CI 77499), 다이아이소스테아릴말레이트, 트라이에톡시카프릴릴실레인, 페닐트라이메티콘, 카프릴릴글라이콜, 옥틸도데실스테아로일스테아레이트, 아이소프로필티타늄트라이아이소스테아레이트, 글리세릴카프릴레이트, 라우로일라이신, 다이메티콘, 에틸헥실글리세린, 알루미늄하이드록사이드, 미리스틱애씨드, 마그네슘스테아레이트, 카올린, 말토덱스트린, 토코페롤, 망가니즈바이올렛 (CI 77742), 울트라마린 (CI 77007), 카민 (CI 75470), 황색4호 (CI 19140) Tangy Sweet : 탤크, 마이카 (CI 77019), 실리카, 티타늄디옥사이드 (CI 77891), 옥틸도데실스테아로일스테아레이트, 페닐트라이메티콘, 마그네슘스테아레이트, 다이펜타에리스리틸헥사하이드록시스테아레이트/헥사스테아레이트/헥사로지네이트, 트라이에톡시카프릴릴실레인, 다이메티콘, 다이아이소스테아릴말레이트, 카프릴릴글라이콜, 하이드로제네이티드레시틴, 글리세릴카프릴레이트, 에틸헥실글리세린, 알루미늄하이드록사이드, 아이소프로필티타늄트라이아이소스테아레이트, 토코페롤, 세테아릴알코올, 적색산화철 (CI 77491), 황색5호 (CI 15985), 황색4호 (CI 19140), 황색산화철 (CI 77492), 적색226호 (CI 73360) Syrupy : 탤크, 마이카 (CI 77019), 실리카, 티타늄디옥사이드 (CI 77891), 옥틸도데실스테아로일스테아레이트, 페닐트라이메티콘, 적색산화철 (CI 77491), 마카다미아씨오일, 마그네슘스테아레이트, 다이메티콘, 다이펜타에리스리틸헥사하이드록시스테아레이트/헥사스테아레이트/헥사로지네이트, 다이아이소스테아릴말레이트, 트라이에톡시카프릴릴실레인, 카프릴릴글라이콜, 하이드로제네이티드레시틴, 글리세릴카프릴레이트, 에틸헥실글리세린, 알루미늄하이드록사이드, 메티콘, 카올린, 아이소프로필티타늄트라이아이소스테아레이트, 말토덱스트린, 토코페롤, 세테아릴알코올, 황색산화철 (CI 77492), 망가니즈바이올렛 (CI 77742), 흑색산화철 (CI 77499), 황색4호 (CI 19140), 카민 (CI 75470)",홀리카홀리카(엔프라니),마이페이브 무드 아이 팔레트 [15 유자 시트러스 티],77278,,
240ml,,엔프라니(주),"정제수, 부틸렌글라이콜, 카프릴릭/카프릭트라이글리세라이드, 글리세린, 옥틸도데칸올, 시어버터, 1,2-헥산다이올, 폴리글리세릴-3메틸글루코오스다이스테아레이트, 락토바실러스/알로에베라발효여과물(100 ppm), 엑토인, 병풀추출물, 프로판다이올, 폴리글리세릴-6스테아레이트, 폴리글리세릴-6베헤네이트, 양까막까치밥나무씨오일, 해바라기씨오일불검화물, 풍선덩굴꽃/잎/덩굴추출물, 해바라기씨오일, 다마스크장미꽃추출물, 라벤더꽃추출물, 레몬밤잎추출물, 루이보스추출물, 타임추출물, 불가리스쑥추출물, 쓴박하추출물, 아르니카 몬타나꽃추출물, 폴스애플민트잎추출물, 엘더꽃추출물, 피나무꽃추출물, 에델바이스추출물, 유칼립투스잎추출물, 버지니아풍년화잎추출물, 인디안구스베리열매추출물, 녹차추출물, 노티드랙추출물, 블래더랙추출물, 컴프리잎추출물, 로즈마리잎추출물, 트로메타민, 카보머, 아크릴레이트/C10-30알킬아크릴레이트크로스폴리머, 에틸헥실글리세린, 다이소듐이디티에이, 토코페롤",홀리카홀리카(엔프라니),알로에 내추럴 포뮬라 97% 수딩 로션,59228,,
7.9g,,코스맥스(주)/엔프라니(주),"#DEWBERRY 다이메티콘, 칼슘알루미늄보로실리케이트, 합성플루오르플로고파이트, 메틸메타크릴레이트크로스폴리머, 티타늄디옥사이드 (CI 77891), 실리카, 칼슘티타늄보로실리케이트, 칼슘소듐보로실리케이트, 네오펜틸글라이콜다이에틸헥사노에이트, 헥실라우레이트, 다이메티콘/비닐다이메티콘크로스폴리머, 나일론-12, 다이글리세릴세바케이트/아이소팔미테이트, 솔비탄세스퀴아이소스테아레이트, 다이펜타에리스리틸헥사하이드록시스테아레이트/헥사스테아레이트/헥사로지네이트, 마그네슘미리스테이트, 프로판다이올, 합성왁스, 트라이에톡시카프릴릴실레인, 하이드로제네이티드레시틴, 토코페롤, 틴옥사이드, 페녹시에탄올, 마이카 (CI 77019), 적색산화철 (CI 77491), 카민 (CI 75470), 흑색산화철 (CI 77499) #MOONSHINE 마이카 (CI 77019), 합성플루오르플로고파이트, 탤크, 티타늄디옥사이드 (CI 77891), 네오펜틸글라이콜다이에틸헥사노에이트, 칼슘티타늄보로실리케이트, 페닐트라이메티콘, 나일론-12, 실리카, 다이펜타에리스리틸헥사하이드록시스테아레이트/헥사스테아레이트/헥사로지네이트, 다이아이소스테아릴말레이트, 아이소스테아릴네오펜타노에이트, 옥틸도데실스테아로일스테아레이트, 마카다미아씨오일, 마그네슘미리스테이트, 폴리부텐, 다이메티콘, 카프릴릴글라이콜, 마그네슘스테아레이트, 글리세릴카프릴레이트, 라우로일라이신, 에틸헥실글리세린, 트라이에톡시카프릴릴실레인, 카올린, 말토덱스트린, 토코페롤, 틴옥사이드, 적색산화철 (CI 77491), 카민 (CI 75470), 황색산화철 (CI 77492), 망가니즈바이올렛 (CI 77742), 페릭페로시아나이드 (CI 77510), 울트라마린 (CI 77007), 흑색산화철 (CI 77499) #GRAPEBEBE 탤크, 마이카 (CI 77019), 티타늄디옥사이드 (CI 77891), 합성플루오르플로고파이트, 실리카, 보론나이트라이드, 옥틸도데실스테아로일스테아레이트, 페닐트라이메티콘, 다이메티콘, 마카다미아씨오일, 마그네슘미리스테이트, 다이펜타에리스리틸헥사하이드록시스테아레이트/헥사스테아레이트/헥사로지네이트, 다이아이소스테아릴말레이트, 카프릴릴글라이콜, 마그네슘스테아레이트, 글리세릴카프릴레이트, 트라이에톡시카프릴릴실레인, 라우로일라이신, 에틸헥실글리세린, 알루미늄하이드록사이드, 카올린, 말토덱스트린, 토코페롤, 망가니즈바이올렛 (CI 77742), 카민 (CI 75470), 황색산화철 (CI 77492), 울트라마린 (CI 77007), 흑색산화철 (CI 77499), 적색산화철 (CI 77491), 적색226호 (CI 73360) #HAZYGRAPE 탤크, 마이카 (CI 77019), 망가니즈바이올렛 (CI 77742), 티타늄디옥사이드 (CI 77891), 실리카, 옥틸도데실스테아로일스테아레이트, 페닐트라이메티콘, 울트라마린 (CI 77007), 다이메티콘, 마카다미아씨오일, 마그네슘미리스테이트, 다이펜타에리스리틸헥사하이드록시스테아레이트/헥사스테아레이트/헥사로지네이트, 다이아이소스테아릴말레이트, 트라이에톡시카프릴릴실레인, 카프릴릴글라이콜, 마그네슘스테아레이트, 라우로일라이신, 글리세릴카프릴레이트, 하이드로제네이티드레시틴, 카올린, 에틸헥실글리세린, 알루미늄하이드록사이드, 메티콘, 토코페롤, 황색산화철 (CI 77492), 적색산화철 (CI 77491), 적색226호 (CI 73360), 흑색산화철 (CI 77499) #DAYDREAM 탤크, 마이카 (CI 77019), 티타늄디옥사이드 (CI 77891), 실리카, 옥틸도데실스테아로일스테아레이트, 페닐트라이메티콘, 마카다미아씨오일, 마그네슘미리스테이트, 다이펜타에리스리틸헥사하이드록시스테아레이트/헥사스테아레이트/헥사로지네이트, 다이메티콘, 다이아이소스테아릴말레이트, 카프릴릴글라이콜, 마그네슘스테아레이트, 트라이에톡시카프릴릴실레인, 다이메티콘올스테아레이트, 글리세릴카프릴레이트, 알루미늄하이드록사이드, 하이드로제네이티드레시틴, 에틸헥실글리세린, 카올린, 토코페롤, 망가니즈바이올렛 (CI 77742), 울트라마린 (CI 77007), 적색산화철 (CI 77491), 황색산화철 (CI 77492), 흑색산화철 (CI 77499), 적색226호 (CI 73360) #MAGNETICPINK 탤크, 마이카 (CI 77019), 티타늄디옥사이드 (CI 77891), 실리카, 보론나이트라이드, 옥틸도데실스테아로일스테아레이트, 페닐트라이메티콘, 다이메티콘, 마카다미아씨오일, 마그네슘미리스테이트, 다이펜타에리스리틸헥사하이드록시스테아레이트/헥사스테아레이트/헥사로지네이트, 다이아이소스테아릴말레이트, 마그네슘스테아레이트, 카프릴릴글라이콜, 글리세릴카프릴레이트, 라우로일라이신, 에틸헥실글리세린, 트라이에톡시카프릴릴실레인, 알루미늄하이드록사이드, 카올린, 말토덱스트린, 토코페롤, 망가니즈바이올렛 (CI 77742), 카민 (CI 75470), 황색산화철 (CI 77492), 울트라마린 (CI 77007), 적색산화철 (CI 77491), 흑색산화철 (CI 77499), 적색226호 (CI 73360), 황색4호 (CI 19140) #MAGICINSIDE 탤크, 마이카 (CI 77019), 알루미늄전분옥테닐석시네이트, 망가니즈바이올렛 (CI 77742), 흑색산화철 (CI 77499), 울트라마린 (CI 77007), 옥틸도데실스테아로일스테아레이트, 페닐트라이메티콘, 실리카, 황색산화철 (CI 77492), 적색산화철 (CI 77491), 티타늄디옥사이드 (CI 77891), 마그네슘미리스테이트, 마카다미아씨오일, 트라이에톡시카프릴릴실레인, 다이펜타에리스리틸헥사하이드록시스테아레이트/헥사스테아레이트/헥사로지네이트, 다이아이소스테아릴말레이트, 다이메티콘, 카프릴릴글라이콜, 마그네슘스테아레이트, 글리세릴카프릴레이트, 카올린, 에틸헥실글리세린, 말토덱스트린, 알루미늄하이드록사이드, 토코페롤, 카민 (CI 75470) #BLOOMYMOON 탤크, 마이카 (CI 77019), 티타늄디옥사이드 (CI 77891), 실리카, 칼슘티타늄보로실리케이트, 옥틸도데실스테아로일스테아레이트, 페닐트라이메티콘, 망가니즈바이올렛 (CI 77742), 칼슘소듐보로실리케이트, 마카다미아씨오일, 마그네슘미리스테이트, 다이펜타에리스리틸헥사하이드록시스테아레이트/헥사스테아레이트/헥사로지네이트, 다이메티콘, 다이아이소스테아릴말레이트, 카프릴릴글라이콜, 마그네슘스테아레이트, 트라이에톡시카프릴릴실레인, 다이메티콘올스테아레이트, 글리세릴카프릴레이트, 알루미늄하이드록사이드, 에틸헥실글리세린, 하이드로제네이티드레시틴, 카올린, 토코페롤, 틴옥사이드, 울트라마린 (CI 77007), 적색산화철 (CI 77491), 황색산화철 (CI 77492), 흑색산화철 (CI 77499), 적색226호 (CI 73360) #DREAMDUST 탤크, 마이카 (CI 77019), 망가니즈바이올렛 (CI 77742), 실리카, 옥틸도데실스테아로일스테아레이트, 페닐트라이메티콘, 마그네슘미리스테이트, 티타늄디옥사이드 (CI 77891), 다이메티콘, 울트라마린 (CI 77007), 마카다미아씨오일, 다이펜타에리스리틸헥사하이드록시스테아레이트/헥사스테아레이트/헥사로지네이트, 다이아이소스테아릴말레이트, 카프릴릴글라이콜, 마그네슘스테아레이트, 트라이에톡시카프릴릴실레인, 글리세릴카프릴레이트, 카올린, 하이드로제네이티드레시틴, 라우로일라이신, 에틸헥실글리세린, 알루미늄하이드록사이드, 메티콘, 토코페롤, 적색산화철 (CI 77491), 황색산화철 (CI 77492), 흑색산화철 (CI 77499), 적색226호 (CI 73360)",홀리카홀리카(엔프라니),마이페이브 무드 아이팔레트 [13 얼모스트그레이프],69644,,
8 g / 0.28 oz.,,㈜코스맥스 / 엔프라니㈜,"#09 타로리더 01 더 라이트 마이카 (CI 77019), 다이메티콘, 탤크, 다이아이소스테아릴말레이트, 칼슘소듐보로실리케이트, 하이드로제네이티드폴리(C6-14올레핀), 실리카, 다이메티콘/비닐다이메티콘크로스폴리머, 헥실라우레이트, 칼슘알루미늄보로실리케이트, 티타늄디옥사이드 (CI 77891), 카프릴릴글라이콜, 에틸헥실글리세린, 트라이에톡시카프릴릴실레인, 토코페롤, 틴옥사이드 (CI 77861), 카민 (CI 75470) 02 심스 탤크, 마이카 (CI 77019), 실리카, 옥틸도데칸올, 마그네슘미리스테이트, 옥틸도데실스테아로일스테아레이트, 페닐트라이메티콘, 티타늄디옥사이드 (CI 77891), 메틸프로판다이올, 나일론-12, 카프릴릭/카프릭트라이글리세라이드, 다이메티콘올스테아레이트, 다이펜타에리스리틸헥사하이드록시스테아레이트/헥사스테아레이트/헥사로지네이트, 마그네슘스테아레이트, 프로판다이올, 다이아이소스테아릴말레이트, 메티콘, 다이메티콘, 하이드로제네이티드레시틴, 트라이에톡시카프릴릴실레인, 라우로일라이신, 알루미늄하이드록사이드, 향료, 울트라마린 (CI 77007), 적색226호 (CI 73360), 흑색산화철 (CI 77499), 적색산화철 (CI 77491), 황색산화철 (CI 77492), 황색4호 (CI 19140) 03 위드 유 마이카 (CI 77019), 티타늄디옥사이드 (CI 77891), 칼슘티타늄보로실리케이트, 탤크, 합성플루오르플로고파이트, 네오펜틸글라이콜다이에틸헥사노에이트, 페닐트라이메티콘, 나일론-12, 다이펜타에리스리틸헥사하이드록시스테아레이트/헥사스테아레이트/헥사로지네이트, 마그네슘미리스테이트, 실리카, 다이아이소스테아릴말레이트, 아이소스테아릴네오펜타노에이트, 옥틸도데실스테아로일스테아레이트, 마그네슘스테아레이트, 메틸프로판다이올, 폴리부텐, 칼슘소듐보로실리케이트, 프로판다이올, 다이메티콘, 트라이에톡시카프릴릴실레인, 라우로일라이신, 알루미늄하이드록사이드, 메티콘, 말토덱스트린, 틴옥사이드 (CI 77861), 울트라마린 (CI 77007), 카민 (CI 75470), 흑색산화철 (CI 77499), 황색산화철 (CI 77492), 적색산화철 (CI 77491) 04 돈트 탤크, 마이카 (CI 77019), 실리카, 옥틸도데칸올, 마그네슘미리스테이트, 옥틸도데실스테아로일스테아레이트, 페닐트라이메티콘, 메틸프로판다이올, 나일론-12, 카프릴릭/카프릭트라이글리세라이드, 다이메티콘올스테아레이트, 다이펜타에리스리틸헥사하이드록시스테아레이트/헥사스테아레이트/헥사로지네이트, 마그네슘스테아레이트, 프로판다이올, 다이아이소스테아릴말레이트, 메티콘, 다이메티콘, 하이드로제네이티드레시틴, 트라이에톡시카프릴릴실레인, 라우로일라이신, 카올린, 알루미늄하이드록사이드, 말토덱스트린, 향료, 티타늄디옥사이드 (CI 77891), 망가니즈바이올렛 (CI 77742), 울트라마린 (CI 77007), 카민 (CI 75470), 적색산화철 (CI 77491), 황색산화철 (CI 77492), 흑색산화철 (CI 77499), 적색226호 (CI 73360) 05 스테이 탤크, 마이카 (CI 77019), 실리카, 티타늄디옥사이드 (CI 77891), 옥틸도데칸올, 마그네슘미리스테이트, 옥틸도데실스테아로일스테아레이트, 페닐트라이메티콘, 망가니즈바이올렛 (CI 77742), 메틸프로판다이올, 나일론-12, 카프릴릭/카프릭트라이글리세라이드, 다이메티콘올스테아레이트, 다이펜타에리스리틸헥사하이드록시스테아레이트/헥사스테아레이트/헥사로지네이트, 마그네슘스테아레이트, 프로판다이올, 다이아이소스테아릴말레이트, 메티콘, 다이메티콘, 하이드로제네이티드레시틴, 트라이에톡시카프릴릴실레인, 라우로일라이신, 알루미늄하이드록사이드, 카올린, 정제수, 글리세린, 펜틸렌글라이콜, 폴리글리세린-3, 폴리솔베이트20, 향료, 울트라마린 (CI 77007), 적색산화철 (CI 77491), 흑색산화철 (CI 77499), 적색226호 (CI 73360), 황색산화철 (CI 77492), 페릭암모늄페로시아나이드 (CI 77510), 황색4호 (CI 19140) 06 글루미 탤크, 마이카 (CI 77019), 망가니즈바이올렛 (CI 77742), 실리카, 티타늄디옥사이드 (CI 77891), 옥틸도데칸올, 마그네슘미리스테이트, 울트라마린 (CI 77007), 옥틸도데실스테아로일스테아레이트, 페닐트라이메티콘, 적색산화철 (CI 77491), 메틸프로판다이올, 나일론-12, 카프릴릭/카프릭트라이글리세라이드, 다이펜타에리스리틸헥사하이드록시스테아레이트/헥사스테아레이트/헥사로지네이트, 마그네슘스테아레이트, 프로판다이올, 다이아이소스테아릴말레이트, 메티콘, 다이메티콘올스테아레이트, 다이메티콘, 카올린, 하이드로제네이티드레시틴, 트라이에톡시카프릴릴실레인, 라우로일라이신, 알루미늄하이드록사이드, 향료, 흑색산화철 (CI 77499), 황색산화철 (CI 77492), 적색226호 (CI 73360) 07 더 헤이즈 마이카 (CI 77019), 탤크, 티타늄디옥사이드 (CI 77891), 네오펜틸글라이콜다이에틸헥사노에이트, 망가니즈바이올렛 (CI 77742), 페닐트라이메티콘, 나일론-12, 합성플루오르플로고파이트, 다이펜타에리스리틸헥사하이드록시스테아레이트/헥사스테아레이트/헥사로지네이트, 실리카, 적색산화철 (CI 77491), 다이아이소스테아릴말레이트, 아이소스테아릴네오펜타노에이트, 옥틸도데실스테아로일스테아레이트, 마그네슘미리스테이트, 메틸프로판다이올, 폴리부텐, 마그네슘스테아레이트, 프로판다이올, 다이메티콘, 라우로일라이신, 카올린, 트라이에톡시카프릴릴실레인, 알루미늄하이드록사이드, 말토덱스트린, 메티콘, 틴옥사이드 (CI 77861), 울트라마린 (CI 77007), 황색산화철 (CI 77492), 흑색산화철 (CI 77499), 카민 (CI 75470) 08 윌 탤크, 마이카 (CI 77019), 망가니즈바이올렛 (CI 77742), 티타늄디옥사이드 (CI 77891), 실리카, 칼슘소듐보로실리케이트, 보론나이트라이드, 옥틸도데실스테아로일스테아레이트, 페닐트라이메티콘, 칼슘티타늄보로실리케이트, 마그네슘미리스테이트, 다이메티콘, 마카다미아씨오일, 사라수씨버터, 메틸프로판다이올, 다이펜타에리스리틸헥사하이드록시스테아레이트/헥사스테아레이트/헥사로지네이트, 다이아이소스테아릴말레이트, 카올린, 마그네슘스테아레이트, 프로판다이올, 라우로일라이신, 알루미늄하이드록사이드, 메티콘, 트라이에톡시카프릴릴실레인, 틴옥사이드 (CI 77861), 울트라마린 (CI 77007), 적색산화철 (CI 77491), 흑색산화철 (CI 77499), 황색산화철 (CI 77492), 적색226호 (CI 73360) 09 고 어웨이 탤크, 마이카 (CI 77019), 망가니즈바이올렛 (CI 77742), 티타늄디옥사이드 (CI 77891), 실리카, 칼슘소듐보로실리케이트, 보론나이트라이드, 옥틸도데실스테아로일스테아레이트, 페닐트라이메티콘, 칼슘티타늄보로실리케이트, 마그네슘미리스테이트, 다이메티콘, 마카다미아씨오일, 사라수씨버터, 메틸프로판다이올, 다이펜타에리스리틸헥사하이드록시스테아레이트/헥사스테아레이트/헥사로지네이트, 다이아이소스테아릴말레이트, 카올린, 마그네슘스테아레이트, 프로판다이올, 라우로일라이신, 알루미늄하이드록사이드, 메티콘, 트라이에톡시카프릴릴실레인, 틴옥사이드 (CI 77861), 울트라마린 (CI 77007), 적색산화철 (CI 77491), 흑색산화철 (CI 77499), 황색산화철 (CI 77492), 적색226호 (CI 73360)",홀리카홀리카(엔프라니),타로즈 컬렉션 마이페이브 무드 아이 팔레트 [타로리더],56903,,
8g,,㈜코스맥스 / 엔프라니㈜,탤크;CI 77019;CI 77007;실리카;보론나이트라이드;옥틸도데실스테아로일스테아레이트;페닐트라이메티콘;CI 77891;나일론-12;CI 77742;CI 77491;다이메티콘;퀸즈랜드넛오일;사라수씨버터;메틸프로판다이올;다이아이소스테아릴말레이트;다이펜타에리스리틸헥사하이드록시스테아레이트/헥사스테아레이트/헥사로지네이트;마그네슘미리스테이트;프로판다이올;마그네슘스테아레이트;라우로일라이신;메티콘;트라이에톡시카프릴릴실레인;정제수;향료;리날룰;쿠마린;시트로넬올;제라니올;CI 77492;CI 77499;탤크;CI 77019;CI 77891;나일론-12;네오펜틸글라이콜다이에틸헥사노에이트;마그네슘미리스테이트;페닐트라이메티콘;CI 77007;CI 77742;실리카;퀸즈랜드넛오일;사라수씨버터;마그네슘스테아레이트;메틸메타크릴레이트크로스폴리머;메틸프로판다이올;다이메티콘;다이아이소스테아릴말레이트;다이펜타에리스리틸헥사하이드록시스테아레이트/헥사스테아레이트/헥사로지네이트;아이소스테아릴네오펜타노에이트;옥틸도데실스테아로일스테아레이트;프로판다이올;폴리부텐;라우로일라이신;카프릴릭/카프릭트라이글리세라이드;하이드로제네이티드레시틴;메티콘;트라이에톡시카프릴릴실레인;정제수;향료;리날룰;쿠마린;시트로넬올;제라니올;CI 77491;CI 77492;CI 77499;탤크;CI 77019;CI 77742;CI 77891;실리카;네오펜틸글라이콜다이에틸헥사노에이트;페닐트라이메티콘;옥틸도데실스테아로일스테아레이트;마그네슘미리스테이트;미네랄오일;퀸즈랜드넛오일;사라수씨버터;메틸프로판다이올;다이메티콘;다이아이소스테아릴말레이트;다이펜타에리스리틸헥사하이드록시스테아레이트/헥사스테아레이트/헥사로지네이트;아이소스테아릴네오펜타노에이트;마그네슘스테아레이트;프로판다이올;트라이에톡시카프릴릴실레인;폴리부텐;하이드로제네이티드레시틴;메티콘;정제수;CI 77861;향료;리날룰;쿠마린;시트로넬올;제라니올;CI 77491;CI 77492;CI 77499;CI 75470;CI 77007;탤크;알루미늄전분옥테닐석시네이트;CI 77019;CI 77742;합성플루오르플로고파이트;칼슘티타늄보로실리케이트;마그네슘미리스테이트;카프릴릭/카프릭트라이글리세라이드;CI 77891;CI 77007;다이아이소스테아릴말레이트;퀸즈랜드넛오일;사라수씨버터;메틸프로판다이올;프로판다이올;트라이에톡시카프릴릴실레인;다이메티콘올스테아레이트;마그네슘스테아레이트;다이메티콘;메티콘;정제수;실리카;CI 77861;CI 77491;CI 77499;CI 77492;CI 73360;탤크;CI 77019;CI 77499;CI 77491;보론나이트라이드;CI 77891;실리카;옥틸도데실스테아로일스테아레이트;페닐트라이메티콘;CI 77492;CI 77742;CI 73360;다이메티콘;퀸즈랜드넛오일;사라수씨버터;마그네슘미리스테이트;나일론-12;메틸프로판다이올;다이아이소스테아릴말레이트;다이펜타에리스리틸헥사하이드록시스테아레이트/헥사스테아레이트/헥사로지네이트;프로판다이올;마그네슘스테아레이트;라우로일라이신;트라이에톡시카프릴릴실레인;정제수;향료;리날룰;쿠마린;시트로넬올;제라니올;CI 77007;탤크;알루미늄전분옥테닐석시네이트;CI 77007;CI 77019;CI 77891;칼슘티타늄보로실리케이트;합성플루오르플로고파이트;카프릴릭/카프릭트라이글리세라이드;CI 77491;CI 77492;다이아이소스테아릴말레이트;퀸즈랜드넛오일;사라수씨버터;메틸프로판다이올;트라이에톡시카프릴릴실레인;마그네슘미리스테이트;마그네슘스테아레이트;프로판다이올;알루미늄하이드록사이드;다이메티콘올스테아레이트;정제수;실리카;다이메티콘;CI 77861;CI 77499;CI 75470;탤크;CI 77019;CI 77742;보론나이트라이드;CI 77007;실리카;CI 77491;옥틸도데실스테아로일스테아레이트;페닐트라이메티콘;CI 77891;다이메티콘;CI 77499;퀸즈랜드넛오일;사라수씨버터;마그네슘미리스테이트;나일론-12;메틸프로판다이올;다이아이소스테아릴말레이트;다이펜타에리스리틸헥사하이드록시스테아레이트/헥사스테아레이트/헥사로지네이트;프로판다이올;마그네슘스테아레이트;라우로일라이신;트라이에톡시카프릴릴실레인;메티콘;정제수;향료;리날룰;쿠마린;시트로넬올;제라니올;CI 77492;탤크;CI 77019;CI 77742;보론나이트라이드;실리카;CI 77007;CI 77491;CI 77891;옥틸도데실스테아로일스테아레이트;페닐트라이메티콘;다이메티콘;퀸즈랜드넛오일;사라수씨버터;마그네슘미리스테이트;나일론-12;메틸프로판다이올;다이아이소스테아릴말레이트;다이펜타에리스리틸헥사하이드록시스테아레이트/헥사스테아레이트/헥사로지네이트;프로판다이올;마그네슘스테아레이트;라우로일라이신;트라이에톡시카프릴릴실레인;메티콘;정제수;향료;리날룰;쿠마린;시트로넬올;제라니올;CI 77499;CI 77492;탤크;CI 77019;CI 77499;보론나이트라이드;CI 77491;실리카;CI 77891;옥틸도데실스테아로일스테아레이트;페닐트라이메티콘;CI 77492;CI 77007;다이메티콘;퀸즈랜드넛오일;사라수씨버터;마그네슘미리스테이트;나일론-12;메틸프로판다이올;다이아이소스테아릴말레이트;다이펜타에리스리틸헥사하이드록시스테아레이트/헥사스테아레이트/헥사로지네이트;마그네슘스테아레이트;프로판다이올;라우로일라이신;트라이에톡시카프릴릴실레인;메티콘;정제수;향료;리날룰;쿠마린;시트로넬올;제라니올;CI 75470,홀리카홀리카(엔프라니),마뜨 매직 컬렉션 마이페이브 무드 아이팔레트 [02 무니],21266,,
2g,,코스맥스(주)/엔프라니(주),"마이카, 합성플루오르플로고파이트, 흑색산화철, 다이카프릴릴카보네이트, 비스-베헤닐/아이소스테아릴/피토스테릴다이머다이리놀레일다이머다이리놀리에이트, 실리카, 폴리메틸메타크릴레이트, 폴리프로필렌, 페닐트라이메티콘, 황색산화철, 다이메티콘, 다이아이소스테아릴말레이트, 적색산화철, 울트라마린, 다이메티콘/비닐다이메티콘크로스폴리머, 다이펜타에리스리틸헥사하이드록시스테아레이트/헥사스테아레이트/헥사로지네이트, 티타늄디옥사이드, 1,2-헥산다이올, 트라이에톡시카프릴릴실레인, 글리세릴카프릴레이트, 라우로일라이신, 알루미늄하이드록사이드, 토코페롤",홀리카홀리카(엔프라니),토스티 & 로스티 에디션 마이페이브 피스 젤테일 [96 우드스모크],73933,,
2g,,(주)코디/엔프라니(주),"마이카, 합성플루오르플로고파이트, 흑색산화철, 적색산화철, 다이카프릴릴카보네이트, 실리카, 폴리메틸메타크릴레이트, 폴리프로필렌, 비스-베헤닐/아이소스테아릴/피토스테릴다이머다이리놀레일다이머다이리놀리에이트, 페닐트라이메티콘, 다이메티콘, 다이아이소스테아릴말레이트, 다이메티콘/비닐다이메티콘크로스폴리머, 다이펜타에리스리틸헥사하이드록시스테아레이트/헥사스테아레이트/헥사로지네이트, 황색산화철, 1,2-헥산다이올, 적색226호, 울트라마린, 트라이에톡시카프릴릴실레인, 글리세릴카프릴레이트, 알루미늄하이드록사이드, 라우로일라이신, 정제수, 소듐클로라이드, 소듐설페이트, 토코페롤",홀리카홀리카(엔프라니),토스티 & 로스티 에디션 마이페이브 피스 젤테일 [98 몰튼 아메리카노],74836,,
8 g / 0.28 oz.,,㈜코스맥스 / 엔프라니㈜,"#10 픽 더 로즈 01 더 선라이트 다이메티콘, 탤크, 칼슘소듐보로실리케이트, 다이아이소스테아릴말레이트, 하이드로제네이티드폴리(C6-14올레핀), 마이카 (CI 77019), 다이메티콘/비닐다이메티콘크로스폴리머, 티타늄디옥사이드 (CI 77891), 실리카, 헥실라우레이트, 칼슘티타늄보로실리케이트, 합성플루오르플로고파이트, 카프릴릴글라이콜, 에틸헥실글리세린, 트라이에톡시카프릴릴실레인, 토코페롤, 틴옥사이드 (CI 77861), 적색산화철 (CI 77491), 카민 (CI 75470) 02 샤인스 탤크, 마이카 (CI 77019), 합성플루오르플로고파이트, 티타늄디옥사이드 (CI 77891), 알루미늄전분옥테닐석시네이트, 마그네슘미리스테이트, 실리카, 옥틸도데실스테아로일스테아레이트, 페닐트라이메티콘, 메틸프로판다이올, 다이펜타에리스리틸헥사하이드록시스테아레이트/헥사스테아레이트/헥사로지네이트, 다이메티콘, 다이아이소스테아릴말레이트, 마그네슘스테아레이트, 프로판다이올, 라우로일라이신, 트라이에톡시카프릴릴실레인, 알루미늄하이드록사이드, 카올린, 말토덱스트린, 향료, 적색산화철 (CI 77491), 울트라마린 (CI 77007), 망가니즈바이올렛 (CI 77742), 흑색산화철 (CI 77499), 황색산화철 (CI 77492), 카민 (CI 75470), 황색4호 (CI 19140), 적색226호 (CI 73360) 03 온 유 탤크, 마이카 (CI 77019), 티타늄디옥사이드 (CI 77891), 알루미늄전분옥테닐석시네이트, 합성플루오르플로고파이트, 망가니즈바이올렛 (CI 77742), 마그네슘미리스테이트, 실리카, 옥틸도데실스테아로일스테아레이트, 페닐트라이메티콘, 메틸프로판다이올, 다이펜타에리스리틸헥사하이드록시스테아레이트/헥사스테아레이트/헥사로지네이트, 다이메티콘, 다이아이소스테아릴말레이트, 마그네슘스테아레이트, 프로판다이올, 라우로일라이신, 트라이에톡시카프릴릴실레인, 카올린, 알루미늄하이드록사이드, 말토덱스트린, 틴옥사이드 (CI 77861), 울트라마린 (CI 77007), 적색산화철 (CI 77491), 황색산화철 (CI 77492), 카민 (CI 75470), 흑색산화철 (CI 77499) 04 나우 탤크, 마이카 (CI 77019), 실리카, 나일론-12, 티타늄디옥사이드 (CI 77891), 옥틸도데칸올, 마그네슘미리스테이트, 옥틸도데실스테아로일스테아레이트, 페닐트라이메티콘, 마그네슘스테아레이트, 메틸프로판다이올, 카프릴릭/카프릭트라이글리세라이드, 다이메티콘올스테아레이트, 다이펜타에리스리틸헥사하이드록시스테아레이트/헥사스테아레이트/헥사로지네이트, 프로판다이올, 다이아이소스테아릴말레이트, 트라이에톡시카프릴릴실레인, 라우로일라이신, 메티콘, 하이드로제네이티드레시틴, 다이메티콘, 알루미늄하이드록사이드, 말토덱스트린, 카올린, 향료, 카민 (CI 75470), 황색산화철 (CI 77492), 적색산화철 (CI 77491), 망가니즈바이올렛 (CI 77742), 흑색산화철 (CI 77499), 울트라마린 (CI 77007) 05 블룸 탤크, 마이카 (CI 77019), 알루미늄전분옥테닐석시네이트, 티타늄디옥사이드 (CI 77891), 합성플루오르플로고파이트, 울트라마린 (CI 77007), 마그네슘미리스테이트, 실리카, 적색산화철 (CI 77491), 옥틸도데실스테아로일스테아레이트, 페닐트라이메티콘, 망가니즈바이올렛 (CI 77742), 메틸프로판다이올, 다이메티콘, 다이펜타에리스리틸헥사하이드록시스테아레이트/헥사스테아레이트/헥사로지네이트, 마그네슘스테아레이트, 프로판다이올, 다이아이소스테아릴말레이트, 트라이에톡시카프릴릴실레인, 알루미늄하이드록사이드, 라우로일라이신, 카올린, 말토덱스트린, 정제수, 글리세린, 펜틸렌글라이콜, 폴리글리세린-3, 폴리솔베이트20, 흑색산화철 (CI 77499), 황색산화철 (CI 77492), 적색226호 (CI 73360), 카민 (CI 75470), 페릭암모늄페로시아나이드 (CI 77510), 황색4호 (CI 19140) 06 유어 포텐셜 탤크, 마이카 (CI 77019), 티타늄디옥사이드 (CI 77891), 칼슘티타늄보로실리케이트, 합성플루오르플로고파이트, 네오펜틸글라이콜다이에틸헥사노에이트, 칼슘소듐보로실리케이트, 페닐트라이메티콘, 다이펜타에리스리틸헥사하이드록시스테아레이트/헥사스테아레이트/헥사로지네이트, 나일론-12, 적색산화철 (CI 77491), 마그네슘미리스테이트, 다이아이소스테아릴말레이트, 아이소스테아릴네오펜타노에이트, 옥틸도데실스테아로일스테아레이트, 사라수씨버터, 마그네슘스테아레이트, 메틸프로판다이올, 폴리부텐, 프로판다이올, 다이메티콘, 트라이에톡시카프릴릴실레인, 라우로일라이신, 알루미늄하이드록사이드, 말토덱스트린, 메티콘, 틴옥사이드 (CI 77861), 카민 (CI 75470), 흑색산화철 (CI 77499), 울트라마린 (CI 77007), 황색산화철 (CI 77492) 07 어 베드 오브 로즈 탤크, 마이카 (CI 77019), 티타늄디옥사이드 (CI 77891), 알루미늄전분옥테닐석시네이트, 합성플루오르플로고파이트, 칼슘티타늄보로실리케이트, 칼슘소듐보로실리케이트, 마그네슘미리스테이트, 실리카, 옥틸도데실스테아로일스테아레이트, 페닐트라이메티콘, 적색산화철 (CI 77491), 메틸프로판다이올, 다이펜타에리스리틸헥사하이드록시스테아레이트/헥사스테아레이트/헥사로지네이트, 다이아이소스테아릴말레이트, 다이메티콘, 마그네슘스테아레이트, 프로판다이올, 트라이에톡시카프릴릴실레인, 알루미늄하이드록사이드, 라우로일라이신, 카올린, 틴옥사이드 (CI 77861), 울트라마린 (CI 77007), 흑색산화철 (CI 77499), 적색226호 (CI 73360), 망가니즈바이올렛 (CI 77742), 황색4호 (CI 19140), 황색산화철 (CI 77492) 08 스프레즈 탤크, 마이카 (CI 77019), 실리카, 망가니즈바이올렛 (CI 77742), 티타늄디옥사이드 (CI 77891), 흑색산화철 (CI 77499), 적색산화철 (CI 77491), 울트라마린 (CI 77007), 황색산화철 (CI 77492), 셀룰로오스, 옥틸도데실스테아로일스테아레이트, 페닐트라이메티콘, 옥틸도데칸올, 메틸프로판다이올, 다이펜타에리스리틸헥사하이드록시스테아레이트/헥사스테아레이트/헥사로지네이트, 다이아이소스테아릴말레이트, 마그네슘미리스테이트, 프로판다이올, 트라이에톡시카프릴릴실레인, 다이메티콘올스테아레이트, 라우로일라이신, 카올린, 하이드로제네이티드레시틴, 마그네슘스테아레이트, 다이메티콘, 알루미늄하이드록사이드, 메티콘, 말토덱스트린, 적색226호 (CI 73360), 카민 (CI 75470) 09 비포 유 마이카 (CI 77019), 탤크, 흑색산화철 (CI 77499), 적색산화철 (CI 77491), 실리카, 황색산화철 (CI 77492), 보론나이트라이드, 울트라마린 (CI 77007), 망가니즈바이올렛 (CI 77742), 옥틸도데실스테아로일스테아레이트, 페닐트라이메티콘, 셀룰로오스, 카민 (CI 75470), 마카다미아씨오일, 메틸프로판다이올, 라우로일라이신, 다이펜타에리스리틸헥사하이드록시스테아레이트/헥사스테아레이트/헥사로지네이트, 다이아이소스테아릴말레이트, 다이메티콘, 마그네슘미리스테이트, 프로판다이올, 하이드로제네이티드레시틴, 다이메티콘올스테아레이트, 하이드록시프로필비스팔미타마이드엠이에이, 카올린, 말토덱스트린, 향료, 적색226호 (CI 73360), 황색4호 (CI 19140)",홀리카홀리카(엔프라니),타로즈 컬렉션 마이페이브 무드 아이 팔레트 [픽더로즈],56901,,
2.1g,,코스맥스㈜/엔프라니(주),"탤크, 마이카 (CI 77019), 티타늄디옥사이드 (CI 77891), 나일론-12, 마그네슘미리스테이트, 네오펜틸글라이콜다이에틸헥사노에이트, 페닐트라이메티콘, 실리카, 망가니즈바이올렛 (CI 77742), 마그네슘스테아레이트, 다이메티콘, 다이펜타에리스리틸헥사하이드록시스테아레이트/헥사스테아레이트/헥사로지네이트, 다이아이소스테아릴말레이트, 아이소스테아릴네오펜타노에이트, 옥틸도데실스테아로일스테아레이트, 카프릴릴글라이콜, 글리세릴카프릴레이트, 폴리부텐, 알루미늄하이드록사이드, 라우로일라이신, 메티콘, 카프릴릭/카프릭트라이글리세라이드, 하이드로제네이티드레시틴, 에틸헥실글리세린, 카올린, 트라이에톡시카프릴릴실레인, 토코페롤, 울트라마린 (CI 77007), 적색산화철 (CI 77491), 황색산화철 (CI 77492), 흑색산화철 (CI 77499)",홀리카홀리카(엔프라니),토스티 & 로스티 에디션 마이페이브 피스 아이섀도우 [87 굿 이너프],73923,,
1.9~2.1g,,(주)코디/엔프라니(주),"[바이올릿] 합성플루오르플로고파이트, 티타늄디옥사이드, 다이페닐실록시페닐트라이메티콘, 피토스테릴/이소스테아릴/세틸/스테아릴/베헤닐다이머디리놀리에이트, 마이카, 비스-베헤닐/아이소스테아릴/피토스테릴다이머다이리놀레일다이머다이리놀리에이트, 칼슘티타늄보로실리케이트, 비스-다이글리세릴폴리아실아디페이트-2, 폴리프로필렌, 다이펜타에리스리틸헥사하이드록시스테아레이트/헥사스테아레이트/헥사로지네이트, 실리카, 탤크, 카프릴릴글라이콜, 글리세릴카프릴레이트, 틴옥사이드, 에틸헥실글리세린, 토코페롤",홀리카홀리카(엔프라니),마이페이브 피스 아이프로즌 [05 바이올릿],64863,,
2g,,코스맥스(주)/엔프라니(주),"탤크, 마이카 (CI 77019), 나일론-12, 페닐트라이메티콘, 울트라마린 (CI 77007), 티타늄디옥사이드 (CI 77891), 다이페닐다이메티콘/비닐다이페닐다이메티콘/실세스퀴옥세인크로스폴리머, 마그네슘미리스테이트, 옥틸도데실스테아로일스테아레이트, 실리카, 트라이에톡시카프릴릴실레인, 다이메티콘, 다이펜타에리스리틸헥사하이드록시스테아레이트/헥사스테아레이트/헥사로지네이트, 카프릴릴글라이콜, 라우로일라이신, 다이아이소스테아릴말레이트, 카올린, 글리세릴카프릴레이트, 마그네슘스테아레이트, 에틸헥실글리세린, 하이드로제네이티드레시틴, 알루미늄하이드록사이드, 메티콘, 토코페롤, 황색산화철 (CI 77492), 적색산화철 (CI 77491), 흑색산화철 (CI 77499), 적색226호 (CI 73360), 황색4호 (CI 19140)",홀리카홀리카(엔프라니),토스티 & 로스티 에디션 마이페이브 피스 아이섀도우 [92 핑크 시어링],73881,,
8g,,㈜코스맥스 / 엔프라니㈜,탤크;CI 77019;보론나이트라이드;CI 77891;CI 77742;실리카;옥틸도데실스테아로일스테아레이트;페닐트라이메티콘;CI 77492;다이메티콘;CI 77491;퀸즈랜드넛오일;사라수씨버터;마그네슘미리스테이트;나일론-12;메틸프로판다이올;다이아이소스테아릴말레이트;다이펜타에리스리틸헥사하이드록시스테아레이트/헥사스테아레이트/헥사로지네이트;프로판다이올;마그네슘스테아레이트;라우로일라이신;메티콘;트라이에톡시카프릴릴실레인;정제수;향료;쿠마린;리날룰;CI 75470;CI 77499;탤크;CI 77019;CI 77891;나일론-12;보론나이트라이드;네오펜틸글라이콜다이에틸헥사노에이트;페닐트라이메티콘;다이메티콘;퀸즈랜드넛오일;사라수씨버터;메틸프로판다이올;마그네슘미리스테이트;다이아이소스테아릴말레이트;다이펜타에리스리틸헥사하이드록시스테아레이트/헥사스테아레이트/헥사로지네이트;아이소스테아릴네오펜타노에이트;옥틸도데실스테아로일스테아레이트;프로판다이올;폴리부텐;마그네슘스테아레이트;라우로일라이신;하이드로제네이티드레시틴;메티콘;트라이에톡시카프릴릴실레인;정제수;실리카;향료;쿠마린;리날룰;시트로넬올;CI 77492;CI 77491;CI 77499;CI 19140;탤크;CI 77019;보론나이트라이드;실리카;옥틸도데실스테아로일스테아레이트;페닐트라이메티콘;나일론-12;다이메티콘;CI 77891;퀸즈랜드넛오일;사라수씨버터;마그네슘미리스테이트;메틸프로판다이올;다이아이소스테아릴말레이트;다이펜타에리스리틸헥사하이드록시스테아레이트/헥사스테아레이트/헥사로지네이트;마그네슘스테아레이트;프로판다이올;라우로일라이신;트라이에톡시카프릴릴실레인;메티콘;정제수;향료;쿠마린;리날룰;CI 77491;CI 77499;CI 77492;탤크;알루미늄전분옥테닐석시네이트;CI 77891;CI 77019;합성플루오르플로고파이트;마그네슘미리스테이트;칼슘티타늄보로실리케이트;카프릴릭/카프릭트라이글리세라이드;CI 77491;다이아이소스테아릴말레이트;퀸즈랜드넛오일;사라수씨버터;메틸프로판다이올;트라이에톡시카프릴릴실레인;프로판다이올;알루미늄하이드록사이드;다이메티콘올스테아레이트;정제수;실리카;다이메티콘;CI 77861;CI 77492;CI 77499;CI 75470;CI 19140;CI 77007;탤크;CI 77019;CI 77491;CI 77499;실리카;CI 77492;나일론-12;옥틸도데실스테아로일스테아레이트;페닐트라이메티콘;다이메티콘;퀸즈랜드넛오일;사라수씨버터;메틸프로판다이올;마그네슘미리스테이트;프로판다이올;다이메티콘올스테아레이트;마그네슘스테아레이트;정제수;향료;쿠마린;리날룰;CI 77742;CI 75470;CI 77007;탤크;CI 77019;칼슘티타늄보로실리케이트;CI 77891;CI 77492;카프릴릭/카프릭트라이글리세라이드;CI 77491;실리카;옥틸도데실스테아로일스테아레이트;페닐트라이메티콘;마그네슘미리스테이트;CI 77499;퀸즈랜드넛오일;사라수씨버터;메틸프로판다이올;다이메티콘;다이메티콘올스테아레이트;마그네슘스테아레이트;프로판다이올;트라이에톡시카프릴릴실레인;하이드록시프로필비스팔미타마이드엠이에이;메티콘;정제수;CI 77861;CI 77742;탤크;CI 77019;CI 77891;나일론-12;보론나이트라이드;실리카;옥틸도데실스테아로일스테아레이트;페닐트라이메티콘;CI 77491;CI 77499;CI 77742;CI 77492;마그네슘미리스테이트;퀸즈랜드넛오일;사라수씨버터;메틸프로판다이올;다이메티콘;다이아이소스테아릴말레이트;다이펜타에리스리틸헥사하이드록시스테아레이트/헥사스테아레이트/헥사로지네이트;다이메티콘올스테아레이트;마그네슘스테아레이트;프로판다이올;라우로일라이신;메티콘;트라이에톡시카프릴릴실레인;정제수;향료;쿠마린;리날룰;CI 77007;탤크;CI 77019;보론나이트라이드;CI 77492;실리카;CI 77491;옥틸도데실스테아로일스테아레이트;페닐트라이메티콘;CI 77499;CI 77891;다이메티콘;퀸즈랜드넛오일;사라수씨버터;마그네슘미리스테이트;나일론-12;메틸프로판다이올;다이아이소스테아릴말레이트;다이펜타에리스리틸헥사하이드록시스테아레이트/헥사스테아레이트/헥사로지네이트;프로판다이올;마그네슘스테아레이트;라우로일라이신;트라이에톡시카프릴릴실레인;메티콘;정제수;향료;쿠마린;리날룰;시트로넬올;CI 77007;탤크;CI 77019;CI 77007;CI 77891;CI 77492;CI 77742;CI 77491;네오펜틸글라이콜다이에틸헥사노에이트;페닐트라이메티콘;마그네슘미리스테이트;CI 77499;실리카;퀸즈랜드넛오일;사라수씨버터;나일론-12;메틸프로판다이올;다이메티콘;다이아이소스테아릴말레이트;다이펜타에리스리틸헥사하이드록시스테아레이트/헥사스테아레이트/헥사로지네이트;아이소스테아릴네오펜타노에이트;옥틸도데실스테아로일스테아레이트;마그네슘스테아레이트;프로판다이올;폴리부텐;라우로일라이신;트라이에톡시카프릴릴실레인;정제수;향료;쿠마린;리날룰;CI 75470;CI 19140,홀리카홀리카(엔프라니),마뜨 매직 컬렉션 마이페이브 무드 아이팔레트 [01 데이지],21263,,
6.5g,,㈜코스맥스 / 엔프라니㈜,탤크;CI 77019;CI 77891;보론나이트라이드;실리카;옥틸도데실스테아로일스테아레이트;페닐트라이메티콘;나일론-12;다이메티콘;마카다미아씨오일(구명칭);마그네슘미리스테이트;메틸프로판다이올;다이아이소스테아릴말레이트;다이펜타에리스리틸헥사하이드록시스테아레이트/헥사스테아레이트/헥사로지네이트;마그네슘스테아레이트;프로판다이올;라우로일라이신;메티콘;트라이에톡시카프릴릴실레인;정제수;CI 77491;CI 77007;CI 19140;CI 77492;CI 77499;다이메티콘;합성플루오르플로고파이트;칼슘알루미늄보로실리케이트;아이소도데케인;칼슘티타늄보로실리케이트;CI 77891;메틸메타크릴레이트크로스폴리머;네오펜틸글라이콜다이에틸헥사노에이트;CI 77019;헥실라우레이트;다이메티콘/비닐다이메티콘크로스폴리머;다이글리세릴세바케이트/아이소팔미테이트;나일론-12;솔비탄세스퀴아이소스테아레이트;다이펜타에리스리틸헥사하이드록시스테아레이트/헥사스테아레이트/헥사로지네이트;마그네슘미리스테이트;실리카;프로판다이올;합성왁스;CI 77861;페녹시에탄올;CI 77491;CI 77007;CI 75470;탤크;CI 77019;보론나이트라이드;실리카;CI 77891;옥틸도데실스테아로일스테아레이트;페닐트라이메티콘;나일론-12;다이메티콘;마카다미아씨오일(구명칭);마그네슘미리스테이트;메틸프로판다이올;다이아이소스테아릴말레이트;다이펜타에리스리틸헥사하이드록시스테아레이트/헥사스테아레이트/헥사로지네이트;마그네슘스테아레이트;프로판다이올;라우로일라이신;트라이에톡시카프릴릴실레인;알루미늄하이드록사이드;정제수;CI 77491;CI 77492;CI 77499;CI 77007;CI 73360;CI 19140;탤크;CI 77019;CI 77891;보론나이트라이드;CI 77491;CI 77007;실리카;옥틸도데실스테아로일스테아레이트;페닐트라이메티콘;나일론-12;다이메티콘;CI 77492;마카다미아씨오일(구명칭);마그네슘미리스테이트;메틸프로판다이올;다이아이소스테아릴말레이트;다이펜타에리스리틸헥사하이드록시스테아레이트/헥사스테아레이트/헥사로지네이트;마그네슘스테아레이트;프로판다이올;라우로일라이신;메티콘;트라이에톡시카프릴릴실레인;정제수;CI 77499,홀리카홀리카(엔프라니),파스텔헤이즈 컬렉션 마이페이브 4구 섀도우 팔레트 [01 메리],24340,,
2g,,(주)코디/엔프라니(주),"마이카, 합성플루오르플로고파이트, 흑색산화철, 다이카프릴릴카보네이트, 적색산화철, 실리카, 폴리메틸메타크릴레이트, 폴리프로필렌, 비스-베헤닐/아이소스테아릴/피토스테릴다이머다이리놀레일다이머다이리놀리에이트, 페닐트라이메티콘, 다이메티콘, 다이아이소스테아릴말레이트, 황색산화철, 다이메티콘/비닐다이메티콘크로스폴리머, 다이펜타에리스리틸헥사하이드록시스테아레이트/헥사스테아레이트/헥사로지네이트, 1,2-헥산다이올, 트라이에톡시카프릴릴실레인, 글리세릴카프릴레이트, 알루미늄하이드록사이드, 라우로일라이신, 토코페롤",홀리카홀리카(엔프라니),토스티 & 로스티 에디션 마이페이브 피스 젤테일 [97 코코아 브륄레],74835,,
8g,,㈜코스맥스 / 엔프라니㈜,"#쉘온더비치 [01 선샤이니] 다이메티콘, 칼슘티타늄보로실리케이트, 칼슘알루미늄보로실리케이트, 합성플루오르플로고파이트, 메틸메타크릴레이트크로스폴리머, 티타늄디옥사이드 (CI 77891), 네오펜틸글라이콜다이에틸헥사노에이트, 헥실라우레이트, 나일론-12, 다이메티콘/비닐다이메티콘크로스폴리머, 다이글리세릴세바케이트/아이소팔미테이트, 솔비탄세스퀴아이소스테아레이트, 다이펜타에리스리틸헥사하이드록시스테아레이트/헥사스테아레이트/헥사로지네이트, 마그네슘미리스테이트, 프로판다이올, 합성왁스, 토코페롤, 틴옥사이드 (CI 77861), 페녹시에탄올, 마이카 (CI 77019), 적색산화철 (CI 77491), 카민 (CI 75470)[02 크림] 탤크, 마이카 (CI 77019), 실리카, 나일론-12, 옥틸도데실스테아로일스테아레이트, 페닐트라이메티콘, 마그네슘미리스테이트, 다이메티콘, 마카다미아씨오일, 메틸프로판다이올, 트라이에톡시카프릴릴실레인, 다이펜타에리스리틸헥사하이드록시스테아레이트/헥사스테아레이트/헥사로지네이트, 다이아이소스테아릴말레이트, 프로판다이올, 마그네슘스테아레이트, 하이드로제네이티드레시틴, 알루미늄하이드록사이드, 메티콘, 향료, 리모넨, 리날룰, 헥실신남알, 벤질벤조에이트, 시트로넬올, 황색산화철 (CI 77492), 티타늄디옥사이드 (CI 77891), 적색산화철 (CI 77491), 적색226호 (CI 73360), 흑색산화철 (CI 77499), 황색4호 (CI 19140)[03 스파클링 샌드] 마이카 (CI 77019), 탤크, 티타늄디옥사이드 (CI 77891), 합성플루오르플로고파이트, 나일론-12, 마그네슘미리스테이트, 네오펜틸글라이콜다이에틸헥사노에이트, 페닐트라이메티콘, 하이드로제네이티드폴리아이소부텐, 실리카, 적색산화철 (CI 77491), 다이펜타에리스리틸헥사하이드록시스테아레이트/헥사스테아레이트/헥사로지네이트, 마그네슘스테아레이트, 다이아이소스테아릴말레이트, 아이소스테아릴네오펜타노에이트, 옥틸도데실스테아로일스테아레이트, 마카다미아씨오일, 메틸프로판다이올, 다이메티콘, 폴리부텐, 프로판다이올, 트라이에톡시카프릴릴실레인, 알루미늄하이드록사이드, 메티콘, 말토덱스트린, 틴옥사이드 (CI 77861), 향료, 리모넨, 리날룰, 헥실신남알, 벤질벤조에이트, 시트로넬올, 황색산화철 (CI 77492), 적색226호 (CI 73360), 카민 (CI 75470), 울트라마린 (CI 77007), 흑색산화철 (CI 77499)[04 코스트] 탤크, 마이카 (CI 77019), 알루미늄전분옥테닐석시네이트, 실리카, 티타늄디옥사이드 (CI 77891), 카프릴릭/카프릭트라이글리세라이드, 트라이에틸헥사노인, 트라이에톡시카프릴릴실레인, 마그네슘미리스테이트, 다이메티콘, 마카다미아씨오일, 메틸프로판다이올, 프로판다이올, 다이펜타에리스리틸헥사하이드록시스테아레이트/헥사스테아레이트/헥사로지네이트, 알루미늄하이드록사이드, 메티콘, 틴옥사이드 (CI 77861), 향료, 리모넨, 리날룰, 헥실신남알, 벤질벤조에이트, 시트로넬올, 적색산화철 (CI 77491), 황색산화철 (CI 77492), 적색226호 (CI 73360), 흑색산화철 (CI 77499)[05 코랄 리프] 칼슘티타늄보로실리케이트, 칼슘알루미늄보로실리케이트, 티타늄디옥사이드 (CI 77891), 다이페닐실록시페닐트라이메티콘, 탤크, 하이드로제네이티드캐스터오일아이소스테아레이트, 폴리프로필렌, 징크스테아레이트, 하이드로제네이티드폴리아이소부텐, 다이아이소스테아릴말레이트, 마이카 (CI 77019), 칼슘소듐보로실리케이트, 트라이에틸헥사노인, 실리카, 피토스테릴/이소스테아릴/세틸/스테아릴/베헤닐다이머디리놀리에이트, C30-45알킬다이메티콘, 폴리글리세릴-2트라이아이소스테아레이트, 사라수씨버터, 메틸프로판다이올, 나일론-12, 다이스테아다이모늄헥토라이트, 마그네슘미리스테이트, 프로판다이올, 마그네슘스테아레이트, 프로필렌카보네이트, 하이드록시프로필비스팔미타마이드엠이에이, 말토덱스트린, 알루미늄하이드록사이드, 다이메티콘, 메티콘, 틴옥사이드 (CI 77861), 적색산화철 (CI 77491), 카민 (CI 75470), 황색산화철 (CI 77492), 흑색산화철 (CI 77499), 황색5호 (CI 15985)[06 씨쉘] 탤크, 마이카 (CI 77019), 티타늄디옥사이드 (CI 77891), 실리카, 네오펜틸글라이콜다이에틸헥사노에이트, 마그네슘미리스테이트, 페닐트라이메티콘, 다이메티콘, 마카다미아씨오일, 메틸프로판다이올, 다이펜타에리스리틸헥사하이드록시스테아레이트/헥사스테아레이트/헥사로지네이트, 다이아이소스테아릴말레이트, 아이소스테아릴네오펜타노에이트, 옥틸도데실스테아로일스테아레이트, 트라이에톡시카프릴릴실레인, 마그네슘스테아레이트, 프로판다이올, 라우로일라이신, 폴리부텐, 하이드로제네이티드레시틴, 알루미늄하이드록사이드, 메티콘, 카올린, 향료, 리모넨, 리날룰, 헥실신남알, 벤질벤조에이트, 시트로넬올, 적색산화철 (CI 77491), 황색산화철 (CI 77492), 망가니즈바이올렛 (CI 77742), 적색226호 (CI 73360), 흑색산화철 (CI 77499), 울트라마린 (CI 77007), 황색4호 (CI 19140)[07 원더] 탤크, 마이카 (CI 77019), 실리카, 보론나이트라이드, 나일론-12, 옥틸도데실스테아로일스테아레이트, 페닐트라이메티콘, 티타늄디옥사이드 (CI 77891), 황색산화철 (CI 77492), 마그네슘미리스테이트, 트라이에톡시카프릴릴실레인, 적색산화철 (CI 77491), 마카다미아씨오일, 메틸프로판다이올, 다이메티콘, 다이펜타에리스리틸헥사하이드록시스테아레이트/헥사스테아레이트/헥사로지네이트, 다이아이소스테아릴말레이트, 프로판다이올, 마그네슘스테아레이트, 알루미늄하이드록사이드, 말토덱스트린, 카올린, 향료, 리모넨, 리날룰, 헥실신남알, 벤질벤조에이트, 시트로넬올, 울트라마린 (CI 77007), 카민 (CI 75470), 흑색산화철 (CI 77499), 망가니즈바이올렛 (CI 77742), 황색4호 (CI 19140)[08 트로피칼] 탤크, 마이카 (CI 77019), 알루미늄전분옥테닐석시네이트, 티타늄디옥사이드 (CI 77891), 실리카, 칼슘티타늄보로실리케이트, 카프릴릭/카프릭트라이글리세라이드, 트라이에틸헥사노인, 칼슘소듐보로실리케이트, 합성플루오르플로고파이트, 마그네슘미리스테이트, 트라이에톡시카프릴릴실레인, 마카다미아씨오일, 메틸프로판다이올, 다이메티콘, 다이펜타에리스리틸헥사하이드록시스테아레이트/헥사스테아레이트/헥사로지네이트, 프로판다이올, 말토덱스트린, 알루미늄하이드록사이드, 메티콘, 틴옥사이드 (CI 77861), 향료, 리모넨, 리날룰, 헥실신남알, 벤질벤조에이트, 시트로넬올, 적색산화철 (CI 77491), 카민 (CI 75470), 울트라마린 (CI 77007), 황색산화철 (CI 77492), 흑색산화철 (CI 77499)[09 탠] 탤크, 마이카 (CI 77019), 망가니즈바이올렛 (CI 77742), 적색산화철 (CI 77491), 황색산화철 (CI 77492), 보론나이트라이드, 실리카, 흑색산화철 (CI 77499), 울트라마린 (CI 77007), 옥틸도데실스테아로일스테아레이트, 페닐트라이메티콘, 다이메티콘, 마그네슘미리스테이트, 마카다미아씨오일, 사라수씨버터, 메틸프로판다이올, 나일론-12, 다이펜타에리스리틸헥사하이드록시스테아레이트/헥사스테아레이트/헥사로지네이트, 다이아이소스테아릴말레이트, 카올린, 마그네슘스테아레이트, 프로판다이올, 라우로일라이신, 트라이에톡시카프릴릴실레인, 알루미늄하이드록사이드, 메티콘, 향료, 리모넨, 리날룰, 헥실신남알, 벤질벤조에이트, 시트로넬올, 티타늄디옥사이드 (CI 77891)",홀리카홀리카(엔프라니),23 S/S 콜렉션 마이페이브 무드 아이 팔레트 [쉘온더비치],52614,,
2.1g,,엔프라니(주)/엔프라니(주),"탤크, 마이카 (CI 77019), 알루미늄전분옥테닐석시네이트, 합성플루오르플로고파이트, 티타늄디옥사이드 (CI 77891), 카프릴릭/카프릭트라이글리세라이드, 울트라마린 (CI 77007), 망가니즈바이올렛 (CI 77742), 마그네슘미리스테이트, 황색산화철 (CI 77492), 다이아이소스테아릴말레이트, 실리카, 마카다미아씨오일, 마그네슘스테아레이트, 트라이에톡시카프릴릴실레인, 카프릴릴글라이콜, 다이메티콘, 글리세릴카프릴레이트, 에틸헥실글리세린, 카올린, 다이메티콘올스테아레이트, 알루미늄하이드록사이드, 메티콘, 말토덱스트린, 토코페롤, 적색산화철 (CI 77491), 카민 (CI 75470), 황색4호 (CI 19140), 흑색산화철 (CI 77499)",홀리카홀리카(엔프라니),토스티 & 로스티 에디션 마이페이브 피스 아이섀도우 [88 그릴드 피치],73926,,
8g,,㈜코스맥스 / 엔프라니㈜,"#쉘인더씨 [01 워터풀] 다이메티콘, 합성플루오르플로고파이트, 칼슘알루미늄보로실리케이트, 칼슘티타늄보로실리케이트, 메틸메타크릴레이트크로스폴리머, 티타늄디옥사이드 (CI 77891), 네오펜틸글라이콜다이에틸헥사노에이트, 헥실라우레이트, 나일론-12, 다이메티콘/비닐다이메티콘크로스폴리머, 다이글리세릴세바케이트/아이소팔미테이트, 솔비탄세스퀴아이소스테아레이트, 다이펜타에리스리틸헥사하이드록시스테아레이트/헥사스테아레이트/헥사로지네이트, 마그네슘미리스테이트, 프로판다이올, 실리카, 합성왁스, 카올린, 토코페롤, 틴옥사이드 (CI 77861), 페녹시에탄올, 망가니즈바이올렛 (CI 77742), 카민 (CI 75470), 페릭페로시아나이드 (CI 77510)[02 위스퍼링] 탤크, 마이카 (CI 77019), 알루미늄전분옥테닐석시네이트, 티타늄디옥사이드 (CI 77891), 실리카, 카프릴릭/카프릭트라이글리세라이드, 트라이에틸헥사노인, 트라이에톡시카프릴릴실레인, 마그네슘미리스테이트, 마카다미아씨오일, 메틸프로판다이올, 다이메티콘, 프로판다이올, 다이펜타에리스리틸헥사하이드록시스테아레이트/헥사스테아레이트/헥사로지네이트, 알루미늄하이드록사이드, 향료, 적색226호 (CI 73360), 울트라마린 (CI 77007), 적색산화철 (CI 77491), 황색산화철 (CI 77492), 황색4호 (CI 19140), 흑색산화철 (CI 77499)[03 핑크 샌드] 마이카 (CI 77019), 티타늄디옥사이드 (CI 77891), 탤크, 나일론-12, 네오펜틸글라이콜다이에틸헥사노에이트, 페닐트라이메티콘, 알루미나, 칼슘소듐보로실리케이트, 다이펜타에리스리틸헥사하이드록시스테아레이트/헥사스테아레이트/헥사로지네이트, 마그네슘미리스테이트, 다이아이소스테아릴말레이트, 아이소스테아릴네오펜타노에이트, 옥틸도데실스테아로일스테아레이트, 메틸프로판다이올, 폴리부텐, 실리카, 마그네슘스테아레이트, 프로판다이올, 다이메티콘, 라우로일라이신, 트라이에톡시카프릴릴실레인, 알루미늄하이드록사이드, 메티콘, 말토덱스트린, 틴옥사이드 (CI 77861), 향료, 카민 (CI 75470), 울트라마린 (CI 77007), 황색4호 (CI 19140), 황색산화철 (CI 77492), 적색산화철 (CI 77491), 흑색산화철 (CI 77499)[04 씨 젤리] 마이카 (CI 77019), 탤크, 티타늄디옥사이드 (CI 77891), 실리카, 옥틸도데칸올, 마그네슘미리스테이트, 옥틸도데실스테아로일스테아레이트, 페닐트라이메티콘, 울트라마린 (CI 77007), 메틸프로판다이올, 나일론-12, 카프릴릭/카프릭트라이글리세라이드, 알루미늄하이드록사이드, 다이펜타에리스리틸헥사하이드록시스테아레이트/헥사스테아레이트/헥사로지네이트, 마그네슘스테아레이트, 프로판다이올, 트라이에톡시카프릴릴실레인, 다이아이소스테아릴말레이트, 메티콘, 다이메티콘올스테아레이트, 다이메티콘, 하이드로제네이티드레시틴, 라우로일라이신, 카올린, 향료, 적색226호 (CI 73360), 망가니즈바이올렛 (CI 77742), 흑색산화철 (CI 77499), 적색산화철 (CI 77491), 황색산화철 (CI 77492)[05 머메이드] 칼슘알루미늄보로실리케이트, 칼슘티타늄보로실리케이트, 다이페닐실록시페닐트라이메티콘, 티타늄디옥사이드 (CI 77891), 폴리프로필렌, 하이드로제네이티드캐스터오일아이소스테아레이트, 하이드로제네이티드폴리아이소부텐, 다이아이소스테아릴말레이트, 실리카, 칼슘소듐보로실리케이트, 징크스테아레이트, 피토스테릴/이소스테아릴/세틸/스테아릴/베헤닐다이머디리놀리에이트, C30-45알킬다이메티콘, 마그네슘스테아레이트, 메틸프로판다이올, 다이스테아다이모늄헥토라이트, 프로판다이올, 프로필렌카보네이트, 틴옥사이드 (CI 77861), 마이카 (CI 77019), 카민 (CI 75470), 적색산화철 (CI 77491), 페릭페로시아나이드 (CI 77510)[06 웨이브스] 탤크, 마이카 (CI 77019), 티타늄디옥사이드 (CI 77891), 실리카, 보론나이트라이드, 옥틸도데실스테아로일스테아레이트, 페닐트라이메티콘, 다이메티콘, 마카다미아씨오일, 사라수씨버터, 마그네슘미리스테이트, 메틸프로판다이올, 다이펜타에리스리틸헥사하이드록시스테아레이트/헥사스테아레이트/헥사로지네이트, 다이아이소스테아릴말레이트, 마그네슘스테아레이트, 프로판다이올, 라우로일라이신, 알루미늄하이드록사이드, 메티콘, 트라이에톡시카프릴릴실레인, 말토덱스트린, 카올린, 향료, 카민 (CI 75470), 황색산화철 (CI 77492), 망가니즈바이올렛 (CI 77742), 울트라마린 (CI 77007), 적색산화철 (CI 77491), 황색4호 (CI 19140), 흑색산화철 (CI 77499)[07 모먼트] 탤크, 마이카 (CI 77019), 실리카, 티타늄디옥사이드 (CI 77891), 망가니즈바이올렛 (CI 77742), 보론나이트라이드, 옥틸도데실스테아로일스테아레이트, 페닐트라이메티콘, 다이메티콘, 울트라마린 (CI 77007), 마카다미아씨오일, 사라수씨버터, 마그네슘미리스테이트, 메틸프로판다이올, 다이펜타에리스리틸헥사하이드록시스테아레이트/헥사스테아레이트/헥사로지네이트, 다이아이소스테아릴말레이트, 마그네슘스테아레이트, 프로판다이올, 라우로일라이신, 트라이에톡시카프릴릴실레인, 카올린, 알루미늄하이드록사이드, 말토덱스트린, 향료, 적색산화철 (CI 77491), 황색산화철 (CI 77492), 흑색산화철 (CI 77499), 카민 (CI 75470), 적색226호 (CI 73360)[08 콘치] 탤크, 마이카 (CI 77019), 티타늄디옥사이드 (CI 77891), 실리카, 보론나이트라이드, 옥틸도데실스테아로일스테아레이트, 페닐트라이메티콘, 칼슘티타늄보로실리케이트, 칼슘소듐보로실리케이트, 다이메티콘, 마카다미아씨오일, 사라수씨버터, 마그네슘미리스테이트, 메틸프로판다이올, 다이펜타에리스리틸헥사하이드록시스테아레이트/헥사스테아레이트/헥사로지네이트, 다이아이소스테아릴말레이트, 마그네슘스테아레이트, 프로판다이올, 라우로일라이신, 알루미늄하이드록사이드, 트라이에톡시카프릴릴실레인, 메티콘, 틴옥사이드 (CI 77861), 향료, 적색226호 (CI 73360), 울트라마린 (CI 77007), 적색산화철 (CI 77491), 황색산화철 (CI 77492), 흑색산화철 (CI 77499), 청색1호 (CI 42090), 황색4호 (CI 19140)[09 디퍼] 탤크, 마이카 (CI 77019), 흑색산화철 (CI 77499), 티타늄디옥사이드 (CI 77891), 실리카, 보론나이트라이드, 적색산화철 (CI 77491), 옥틸도데실스테아로일스테아레이트, 페닐트라이메티콘, 망가니즈바이올렛 (CI 77742), 다이메티콘, 울트라마린 (CI 77007), 황색산화철 (CI 77492), 마카다미아씨오일, 사라수씨버터, 마그네슘미리스테이트, 메틸프로판다이올, 다이펜타에리스리틸헥사하이드록시스테아레이트/헥사스테아레이트/헥사로지네이트, 다이아이소스테아릴말레이트, 마그네슘스테아레이트, 프로판다이올, 라우로일라이신, 트라이에톡시카프릴릴실레인, 알루미늄하이드록사이드, 카올린, 말토덱스트린, 향료, 카민 (CI 75470), 적색226호 (CI 73360)",홀리카홀리카(엔프라니),23 S/S 콜렉션 마이페이브 무드 아이 팔레트 [쉘인더씨],52613,,
2g,,코스맥스(주)/엔프라니(주),"탤크, 마이카 (CI 77019), 티타늄디옥사이드 (CI 77891), 실리카, 보론나이트라이드, 옥틸도데실스테아로일스테아레이트, 페닐트라이메티콘, 마그네슘미리스테이트, 다이메티콘, 마카다미아씨오일, 마그네슘스테아레이트, 다이펜타에리스리틸헥사하이드록시스테아레이트/헥사스테아레이트/헥사로지네이트, 다이아이소스테아릴말레이트, 카프릴릴글라이콜, 글리세릴카프릴레이트, 알루미늄하이드록사이드, 라우로일라이신, 트라이에톡시카프릴릴실레인, 에틸헥실글리세린, 다이메티콘올스테아레이트, 카올린, 메티콘, 말토덱스트린, 토코페롤, 적색산화철 (CI 77491), 황색산화철 (CI 77492), 울트라마린 (CI 77007), 망가니즈바이올렛 (CI 77742), 카민 (CI 75470), 흑색산화철 (CI 77499), 황색4호 (CI 19140)",홀리카홀리카(엔프라니),토스티 & 로스티 에디션 마이페이브 피스 아이섀도우 [91 크림드 베리],73880,,
1.7~2.1g,,코스맥스(주)/엔프라니(주),"탤크, 티타늄디옥사이드 (CI 77891), 마이카 (CI 77019), 알루미늄전분옥테닐석시네이트, 합성플루오르플로고파이트, 칼슘티타늄보로실리케이트, 칼슘알루미늄보로실리케이트, 카프릴릭/카프릭트라이글리세라이드, 실리카, 마그네슘미리스테이트, 나일론-12, 망가니즈바이올렛 (CI 77742), 적색산화철 (CI 77491), 울트라마린 (CI 77007), 다이아이소스테아릴말레이트, 황색산화철 (CI 77492), 카프릴릴글라이콜, 마그네슘스테아레이트, 트라이에톡시카프릴릴실레인, 다이메티콘, 글리세릴카프릴레이트, 알루미늄하이드록사이드, 에틸헥실글리세린, 카올린, 토코페롤, 틴옥사이드, 흑색산화철 (CI 77499)",홀리카홀리카(엔프라니),토스티 & 로스티 에디션 마이페이브 피스 아이섀도우 [89 시나몬 스파이스],73917,,
2.2g,,코스맥스(주)/엔프라니(주),"탤크, 알루미늄전분옥테닐석시네이트, 마이카 (CI 77019), 티타늄디옥사이드 (CI 77891), 합성플루오르플로고파이트, 보론나이트라이드, 실리카, 마그네슘미리스테이트, 페닐트라이메티콘, 옥틸도데실스테아로일스테아레이트, 마카다미아씨오일, 마그네슘스테아레이트, 옥틸도데칸올, 다이메티콘, 다이펜타에리스리틸헥사하이드록시스테아레이트/헥사스테아레이트/헥사로지네이트, 카프릴릴글라이콜, 다이아이소스테아릴말레이트, 트라이에톡시카프릴릴실레인, 글리세릴카프릴레이트, 알루미늄하이드록사이드, 에틸헥실글리세린, 메티콘, 카올린, 말토덱스트린, 토코페롤, 울트라마린 (CI 77007), 적색226호 (CI 73360), 황색산화철 (CI 77492), 적색산화철 (CI 77491), 망가니즈바이올렛 (CI 77742), 카민 (CI 75470), 황색4호 (CI 19140), 흑색산화철 (CI 77499)",홀리카홀리카(엔프라니),토스티 & 로스티 에디션 마이페이브 피스 아이섀도우 [94 오버 더 핑크],73931,,
2.1g,,코스맥스(주)/엔프라니(주),"탤크, 알루미늄전분옥테닐석시네이트, 마이카 (CI 77019), 합성플루오르플로고파이트, 보론나이트라이드, 티타늄디옥사이드 (CI 77891), 실리카, 마그네슘미리스테이트, 페닐트라이메티콘, 옥틸도데실스테아로일스테아레이트, 다이메티콘, 마카다미아씨오일, 마그네슘스테아레이트, 옥틸도데칸올, 다이펜타에리스리틸헥사하이드록시스테아레이트/헥사스테아레이트/헥사로지네이트, 카프릴릴글라이콜, 다이아이소스테아릴말레이트, 트라이에톡시카프릴릴실레인, 글리세릴카프릴레이트, 에틸헥실글리세린, 카올린, 알루미늄하이드록사이드, 메티콘, 토코페롤, 울트라마린 (CI 77007), 망가니즈바이올렛 (CI 77742), 황색산화철 (CI 77492), 적색산화철 (CI 77491), 적색226호 (CI 73360), 흑색산화철 (CI 77499), 황색4호 (CI 19140)",홀리카홀리카(엔프라니),토스티 & 로스티 에디션 마이페이브 피스 아이섀도우 [90 오버 더 피치],73927,,
8g,,코스맥스 / ㈜엔프라니,CI 77019;CI 77891;탤크;네오펜틸글라이콜다이에틸헥사노에이트;칼슘티타늄보로실리케이트;합성플루오르플로고파이트;페닐트라이메티콘;보론나이트라이드;나일론-12;다이펜타에리스리틸헥사하이드록시스테아레이트/헥사스테아레이트/헥사로지네이트;실리카;마그네슘미리스테이트;다이아이소스테아릴말레이트;아이소스테아릴네오펜타노에이트;옥틸도데실스테아로일스테아레이트;마그네슘스테아레이트;메틸프로판다이올;폴리부텐;프로판다이올;다이메티콘;트라이에톡시카프릴릴실레인;하이드로제네이티드레시틴;정제수;CI 77861;향료;리날룰;제라니올;벤질알코올;CI 77491;CI 77492;CI 75470;CI 77499;탤크;CI 77019;보론나이트라이드;실리카;CI 77891;옥틸도데실스테아로일스테아레이트;페닐트라이메티콘;다이메티콘;CI 77492;마카다미아씨오일(구명칭);사라수씨버터;마그네슘미리스테이트;나일론-12;메틸프로판다이올;다이펜타에리스리틸헥사하이드록시스테아레이트/헥사스테아레이트/헥사로지네이트;다이아이소스테아릴말레이트;프로판다이올;마그네슘스테아레이트;라우로일라이신;알루미늄하이드록사이드;트라이에톡시카프릴릴실레인;메티콘;정제수;향료;리날룰;제라니올;벤질알코올;CI 77491;CI 77499;CI 77007;CI 19140;다이메티콘;칼슘알루미늄보로실리케이트;합성플루오르플로고파이트;칼슘티타늄보로실리케이트;메틸메타크릴레이트크로스폴리머;CI 77891;네오펜틸글라이콜다이에틸헥사노에이트;헥실라우레이트;다이메티콘/비닐다이메티콘크로스폴리머;다이글리세릴세바케이트/아이소팔미테이트;나일론-12;솔비탄세스퀴아이소스테아레이트;다이펜타에리스리틸헥사하이드록시스테아레이트/헥사스테아레이트/헥사로지네이트;마그네슘미리스테이트;프로판다이올;합성왁스;CI 77861;페녹시에탄올;CI 77491;CI 77492;탤크;CI 77019;실리카;나일론-12;CI 77891;합성플루오르플로고파이트;CI 77492;옥틸도데실스테아로일스테아레이트;페닐트라이메티콘;옥틸도데칸올;마카다미아씨오일(구명칭);메틸프로판다이올;마그네슘미리스테이트;다이펜타에리스리틸헥사하이드록시스테아레이트/헥사스테아레이트/헥사로지네이트;다이메티콘;다이아이소스테아릴말레이트;프로판다이올;다이메티콘올스테아레이트;하이드로제네이티드레시틴;트라이에톡시카프릴릴실레인;마그네슘스테아레이트;알루미늄하이드록사이드;메티콘;정제수;향료;리날룰;제라니올;벤질알코올;CI 77491;CI 77499;CI 19140;탤크;CI 77019;CI 77492;CI 77742;보론나이트라이드;실리카;CI 77491;CI 77007;옥틸도데실스테아로일스테아레이트;페닐트라이메티콘;CI 77891;CI 77499;다이메티콘;마카다미아씨오일(구명칭);사라수씨버터;마그네슘미리스테이트;나일론-12;메틸프로판다이올;다이펜타에리스리틸헥사하이드록시스테아레이트/헥사스테아레이트/헥사로지네이트;다이아이소스테아릴말레이트;프로판다이올;마그네슘스테아레이트;라우로일라이신;트라이에톡시카프릴릴실레인;알루미늄하이드록사이드;메티콘;정제수;향료;리날룰;제라니올;벤질알코올;탤크;CI 77019;보론나이트라이드;실리카;CI 77492;옥틸도데실스테아로일스테아레이트;페닐트라이메티콘;CI 77491;다이메티콘;CI 77891;CI 77499;마카다미아씨오일(구명칭);사라수씨버터;마그네슘미리스테이트;나일론-12;메틸프로판다이올;다이펜타에리스리틸헥사하이드록시스테아레이트/헥사스테아레이트/헥사로지네이트;다이아이소스테아릴말레이트;프로판다이올;마그네슘스테아레이트;라우로일라이신;트라이에톡시카프릴릴실레인;알루미늄하이드록사이드;메티콘;정제수;향료;리날룰;제라니올;벤질알코올;탤크;CI 77019;CI 77891;알루미늄전분옥테닐석시네이트;합성플루오르플로고파이트;실리카;카프릴릭/카프릭트라이글리세라이드;칼슘티타늄보로실리케이트;CI 77492;CI 77491;다이아이소스테아릴말레이트;마그네슘미리스테이트;마카다미아씨오일(구명칭);메틸프로판다이올;다이메티콘;마그네슘스테아레이트;프로판다이올;트라이에톡시카프릴릴실레인;알루미늄하이드록사이드;하이드로제네이티드레시틴;정제수;CI 77861;향료;리날룰;제라니올;벤질알코올;CI 77499;CI 77742;탤크;CI 77019;실리카;옥틸도데실스테아로일스테아레이트;페닐트라이메티콘;CI 77891;CI 77491;CI 77492;마그네슘미리스테이트;다이메티콘;마카다미아씨오일(구명칭);사라수씨버터;메틸프로판다이올;다이메티콘올스테아레이트;마그네슘스테아레이트;프로판다이올;트라이에톡시카프릴릴실레인;알루미늄하이드록사이드;메티콘;카올린;정제수;향료;리날룰;제라니올;벤질알코올;CI 77499;CI 19140;CI 77007;탤크;CI 77019;알루미늄전분옥테닐석시네이트;합성플루오르플로고파이트;CI 77891;마그네슘미리스테이트;칼슘티타늄보로실리케이트;나일론-12;옥틸도데칸올;CI 77492;다이아이소스테아릴말레이트;메틸프로판다이올;마그네슘스테아레이트;프로판다이올;다이펜타에리스리틸헥사하이드록시스테아레이트/헥사스테아레이트/헥사로지네이트;트라이에톡시카프릴릴실레인;알루미늄하이드록사이드;다이메티콘;정제수;CI 77861;향료;리날룰;제라니올;벤질알코올;CI 77499;CI 77491;CI 77742,홀리카홀리카(엔프라니),버터 앤 베터 컬렉션 마이페이브 무드 아이팔레트 [04 앙버터],28567,,
6.5g,,㈜코스맥스 / 엔프라니㈜,탤크;CI 77019;보론나이트라이드;실리카;옥틸도데실스테아로일스테아레이트;페닐트라이메티콘;CI 77742;나일론-12;CI 77891;다이메티콘;CI 77492;마카다미아씨오일(구명칭);마그네슘미리스테이트;메틸프로판다이올;다이아이소스테아릴말레이트;다이펜타에리스리틸헥사하이드록시스테아레이트/헥사스테아레이트/헥사로지네이트;마그네슘스테아레이트;프로판다이올;라우로일라이신;트라이에톡시카프릴릴실레인;메티콘;정제수;CI 73360;CI 77007;CI 77499;탤크;CI 77019;보론나이트라이드;실리카;옥틸도데실스테아로일스테아레이트;페닐트라이메티콘;CI 77742;나일론-12;CI 77891;다이메티콘;CI 77492;마카다미아씨오일(구명칭);마그네슘미리스테이트;메틸프로판다이올;다이아이소스테아릴말레이트;다이펜타에리스리틸헥사하이드록시스테아레이트/헥사스테아레이트/헥사로지네이트;마그네슘스테아레이트;프로판다이올;라우로일라이신;트라이에톡시카프릴릴실레인;메티콘;정제수;CI 73360;CI 77007;CI 77499;탤크;CI 77019;CI 77007;보론나이트라이드;실리카;옥틸도데실스테아로일스테아레이트;페닐트라이메티콘;나일론-12;다이메티콘;마카다미아씨오일(구명칭);마그네슘미리스테이트;메틸프로판다이올;다이아이소스테아릴말레이트;다이펜타에리스리틸헥사하이드록시스테아레이트/헥사스테아레이트/헥사로지네이트;마그네슘스테아레이트;프로판다이올;라우로일라이신;트라이에톡시카프릴릴실레인;알루미늄하이드록사이드;정제수;CI 77891;CI 77492;CI 75470;CI 77499;CI 77491;CI 77019;탤크;CI 77742;CI 77007;CI 77491;실리카;CI 77891;옥틸도데실스테아로일스테아레이트;페닐트라이메티콘;CI 77492;CI 77499;마그네슘미리스테이트;다이메티콘;마카다미아씨오일(구명칭);사라수씨버터;메틸프로판다이올;마그네슘스테아레이트;프로판다이올;다이메티콘올스테아레이트;트라이에톡시카프릴릴실레인;메티콘;정제수,홀리카홀리카(엔프라니),파스텔헤이즈 컬렉션 마이페이브 4구 섀도우 팔레트 [02 드리미],24341,,
0.3g,,㈜에치엔지 / 엔프라니(주),메틸트라이메티콘;트라이메틸실록시실리케이트;폴리에틸렌;아이소도데케인;합성왁스;칸데릴라왁스;하이드로제네이티드코코-글리세라이즈;하이드로제네이티드폴리아이소부텐;데하이드로아세틱애씨드;티타늄다이옥사이드;적색산화철;황색산화철;마이카;흑색산화철,홀리카홀리카(엔프라니),멜로우 글라이딩 펜슬 라이너 [04 코랄브륄레],24700,,
2.2g,,코스맥스(주)/엔프라니(주),"탤크, 알루미늄전분옥테닐석시네이트, 마이카 (CI 77019), 망가니즈바이올렛 (CI 77742), 합성플루오르플로고파이트, 카프릴릭/카프릭트라이글리세라이드, 마그네슘미리스테이트, 티타늄디옥사이드 (CI 77891), 적색산화철 (CI 77491), 울트라마린 (CI 77007), 다이아이소스테아릴말레이트, 실리카, 마카다미아씨오일, 마그네슘스테아레이트, 트라이에톡시카프릴릴실레인, 카프릴릴글라이콜, 글리세릴카프릴레이트, 다이메티콘, 카올린, 에틸헥실글리세린, 다이메티콘올스테아레이트, 알루미늄하이드록사이드, 메티콘, 말토덱스트린, 토코페롤, 흑색산화철 (CI 77499), 황색산화철 (CI 77492), 카민 (CI 75470)",홀리카홀리카(엔프라니),토스티 & 로스티 에디션 마이페이브 피스 아이섀도우 [95 수티 위스테리아],73932,,
2.1g,,코스맥스(주)/엔프라니(주),"탤크, 티타늄디옥사이드 (CI 77891), 마이카 (CI 77019), 알루미늄전분옥테닐석시네이트, 합성플루오르플로고파이트, 칼슘티타늄보로실리케이트, 망가니즈바이올렛 (CI 77742), 카프릴릭/카프릭트라이글리세라이드, 실리카, 울트라마린 (CI 77007), 마그네슘미리스테이트, 적색산화철 (CI 77491), 칼슘알루미늄보로실리케이트, 다이아이소스테아릴말레이트, 나일론-12, 카프릴릴글라이콜, 마그네슘스테아레이트, 트라이에톡시카프릴릴실레인, 다이메티콘, 글리세릴카프릴레이트, 알루미늄하이드록사이드, 카올린, 에틸헥실글리세린, 토코페롤, 틴옥사이드, 흑색산화철 (CI 77499), 황색산화철 (CI 77492)",홀리카홀리카(엔프라니),토스티 & 로스티 에디션 마이페이브 피스 아이섀도우 [93 모브 시즈닝],73930,,
24g,,한국화장품 / ㈜엔프라니,"정제수,부틸렌글라이콜,글리세린,소듐클로라이드,소듐스테아레이트,비스-피이지 -18메틸에터다이메틸실레인,알로에베라잎추출물,1,2-헥산다이올,피이지-60하이 드로제네이티드캐스터오일,다이스테아레스-100아이피디아이,살리실릭애씨드,소 듐시트레이트,향료,에틸헥실글리세린,인도멀구슬나무잎추출물,다이소듐이디티에 이,모란뿌리추출물,인도멀구슬나무꽃추출물,페녹시에탄올,클로페네신,엑토인,레 몬밤잎추출물,병풀추출물,알로에베라잎즙,녹차추출물,황금추출물,호장근뿌리추출 물,마트리카리아꽃추출물,제비꽃꽃추출물,당느릅나무뿌리추출물,다시마추출물,스 페인감초뿌리추출물,참마뿌리추출물,로즈마리잎추출물,라벤더꽃추출물,소듐벤조 에이트,시트릭애씨드,초피나무열매추출물,우스니아추출물,할미꽃추출물",홀리카홀리카(엔프라니),알로에 수딩에센스 87% 수분스틱,52783,,
60ml,,한국콜마(주)/엔프라니(주),정제수;사이클로펜타실록세인;징크옥사이드;티타늄다이옥사이드;다이프로필렌글라이콜;피이지-10다이메티콘;다이카프릴릴카보네이트;글리세린;다이스테아다이모늄헥토라이트;자몽추출물;파파야열매추출물;병풀추출물;쇠비름추출물;야생딸기추출물;양벚나무열매추출물;오렌지추출물;살구추출물;율무씨추출물;인동덩굴꽃추출물;질경이추출물;황금추출물;귤껍질추출물;매실추출물;복숭아추출물;토마토추출물;알로에베라잎추출물;수박추출물;소듐하이알루로네이트;마그네슘설페이트;메티콘;메틸메타크릴레이트크로스폴리머;마이카;탤크;알루미늄하이드록사이드;카프릴릴글라이콜;스테아릭애씨드;다이메티콘;글리세릴카프릴레이트;토코페릴아세테이트;폴리글리세릴-6폴리리시놀리에이트;프로판다이올;아미노프로필다이메티콘;폴리메틸실세스퀴옥세인;트라이에톡시카프릴릴실레인;에틸헥실글리세린;부틸렌글라이콜;효모발효물;시트룰린;향료;페녹시에탄올;적색산화철;황색산화철;리모넨;리날룰;시트로넬올;하이드록시시트로넬알;시트랄,홀리카홀리카(엔프라니),메이크업 선크림 [SPF50+/PA+++],32444,,
60ml,,한국콜마(주)/엔프라니(주),"정제수;다이부틸아디페이트;티타늄다이옥사이드;프로판다이올;C12-15알킬벤조에이트;다이에틸아미노하이드록시벤조일헥실벤조에이트;폴리실리콘-15;나이아신아마이드;카프릴릭/카프릭/석시닉트라이글리세라이드;에틸헥실트리아존;펜틸렌글라이콜;퉁퉁마디추출물;병풀추출물;쇠비름추출물;약모밀추출물;호호바씨오일;1,2-헥산다이올;글리세릴스테아레이트;폴리글리세릴-3다이스테아레이트;브이피/에이코신코폴리머;코코-카프릴레이트/카프레이트;폴리글리세릴-2카프레이트;메틸프로판다이올;폴리하이드록시스테아릭애씨드;폴리아크릴레이트크로스폴리머-6;수크로오스스테아레이트;스테아릭애씨드;다이카프릴릴카보네이트;알루미나;라우레스-23;에틸헥실글리세린;글리세릴카프릴레이트;트라이에톡시카프릴릴실레인;잔탄검;알루미늄하이드록사이드;글리세릴스테아레이트시트레이트;아데노신;스쿠알란;암모늄아크릴로일다이메틸타우레이트/브이피코폴리머;폴리에터-1;t-부틸알코올;토코페롤;우레아;카프릴릭/카프릭트라이글리세라이드;바이오사카라이드검-1;글리세릴글루코사이드;다이아몬드가루;자수정가루;진주가루;토르말린;부틸렌글라이콜;글리세린;향료;황색산화철;적색산화철",홀리카홀리카(엔프라니),모이스처 메이크업 선크림 [SPF50+/PA++++],32443,,
2.7g,,씨앤씨인터네셔널,"정제수;아이소스테아릴네오펜타노에이트;폴리에틸렌;다이아이소스테아릴말레이트;솔비탄올리베이트;검양옻나무열매왁스;트라이메틸실록시페닐다이메티콘;다이아이소프로필다이머다이리놀리에이트;세테아릴알코올;세레신;알루미나;솔비탄세스퀴올리에이트;스테아릭애씨드;티타늄다이옥사이드;1,2-헥산다이올;다이스테아다이모늄헥토라이트;폴리솔베이트60;펜틸렌글라이콜;암모늄아크릴로일다이메틸타우레이트/브이피코폴리머;황색5호;흑색산화철;페녹시에탄올;호호바에스터;글리세릴스테아레이트;향료;카프릴릴글라이콜;적색227호;소듐스테아로일글루타메이트;해바라기씨왁스;적색202호;에틸헥실글리세린;리날룰;리모넨;적색104호의(1);아라키딕애씨드;팔미틱애씨드;에탄올;시트로넬올;폴리글리세린-3;트리스(테트라메틸하이드록시피페리딘올)시트레이트;올레익애씨드;코튼씨오일;코코넛야자수;우유단백질추출물;부틸렌글라이콜",홀리카홀리카(엔프라니),파스텔헤이즈 컬렉션 밀키 듀 밤 [05 파나],27493,,
2.7g,,씨앤씨인터네셔널,"정제수;아이소스테아릴네오펜타노에이트;폴리에틸렌;다이아이소스테아릴말레이트;솔비탄올리베이트;검양옻나무열매왁스;트라이메틸실록시페닐다이메티콘;다이아이소프로필다이머다이리놀리에이트;세테아릴알코올;세레신;알루미나;솔비탄세스퀴올리에이트;스테아릭애씨드;1,2-헥산다이올;다이스테아다이모늄헥토라이트;폴리솔베이트60;펜틸렌글라이콜;티타늄다이옥사이드;암모늄아크릴로일다이메틸타우레이트/브이피코폴리머;황색4호;적색산화철;적색202호;페녹시에탄올;호호바에스터;글리세릴스테아레이트;황색5호;향료;카프릴릴글라이콜;흑색산화철;해바라기씨왁스;소듐스테아로일글루타메이트;적색227호;에틸헥실글리세린;리날룰;리모넨;아라키딕애씨드;팔미틱애씨드;에탄올;시트로넬올;폴리글리세린-3;트리스(테트라메틸하이드록시피페리딘올)시트레이트;올레익애씨드;코튼씨오일;코코넛야자수;우유단백질추출물;부틸렌글라이콜",홀리카홀리카(엔프라니),파스텔헤이즈 컬렉션 밀키 듀 밤 [01 잼],27491,,
2.7g,,씨앤씨인터네셔널,"정제수;아이소스테아릴네오펜타노에이트;폴리에틸렌;다이아이소스테아릴말레이트;솔비탄올리베이트;검양옻나무열매왁스;트라이메틸실록시페닐다이메티콘;다이아이소프로필다이머다이리놀리에이트;세테아릴알코올;세레신;알루미나;솔비탄세스퀴올리에이트;스테아릭애씨드;1,2-헥산다이올;다이스테아다이모늄헥토라이트;폴리솔베이트60;펜틸렌글라이콜;티타늄다이옥사이드;적색산화철;황색산화철;암모늄아크릴로일다이메틸타우레이트/브이피코폴리머;페녹시에탄올;호호바에스터;글리세릴스테아레이트;향료;흑색산화철;카프릴릴글라이콜;해바라기씨왁스;소듐스테아로일글루타메이트;황색5호;적색104호의(1);에틸헥실글리세린;리날룰;리모넨;적색227호;트라이에톡시카프릴릴실레인;아라키딕애씨드;팔미틱애씨드;에탄올;시트로넬올;폴리글리세린-3;트리스(테트라메틸하이드록시피페리딘올)시트레이트;올레익애씨드;코튼씨오일;코코넛야자수;우유단백질추출물;부틸렌글라이콜",홀리카홀리카(엔프라니),파스텔헤이즈 컬렉션 밀키 듀 밤 [02 오트],27492,,
2.7g,,씨앤씨인터네셔널,"정제수;아이소스테아릴네오펜타노에이트;폴리에틸렌;다이아이소스테아릴말레이트;솔비탄올리베이트;검양옻나무열매왁스;트라이메틸실록시페닐다이메티콘;다이아이소프로필다이머다이리놀리에이트;세테아릴알코올;세레신;알루미나;솔비탄세스퀴올리에이트;스테아릭애씨드;티타늄다이옥사이드;1,2-헥산다이올;다이스테아다이모늄헥토라이트;펜틸렌글라이콜;폴리솔베이트60;적색산화철;암모늄아크릴로일다이메틸타우레이트/브이피코폴리머;황색5호;페녹시에탄올;글리세릴스테아레이트;호호바에스터;황색산화철;향료;카프릴릴글라이콜;적색227호;소듐스테아로일글루타메이트;해바라기씨왁스;에틸헥실글리세린;적색202호;리날룰;청색1호;리모넨;적색104호의(1);아라키딕애씨드;팔미틱애씨드;에탄올;시트로넬올;트라이에톡시카프릴릴실레인;트리스(테트라메틸하이드록시피페리딘올)시트레이트;폴리글리세린-3;올레익애씨드;코튼씨오일;코코넛야자수;우유단백질추출물;부틸렌글라이콜",홀리카홀리카(엔프라니),파스텔헤이즈 컬렉션 밀키 듀 밤 [03 커드],28824,,
2.7g,,씨앤씨인터네셔널,"정제수;아이소스테아릴네오펜타노에이트;폴리에틸렌;다이아이소스테아릴말레이트;솔비탄올리베이트;검양옻나무열매왁스;트라이메틸실록시페닐다이메티콘;다이아이소프로필다이머다이리놀리에이트;세테아릴알코올;세레신;알루미나;솔비탄세스퀴올리에이트;스테아릭애씨드;1,2-헥산다이올;다이스테아다이모늄헥토라이트;폴리솔베이트60;펜틸렌글라이콜;티타늄다이옥사이드;황색5호;암모늄아크릴로일다이메틸타우레이트/브이피코폴리머;적색202호;페녹시에탄올;호호바에스터;글리세릴스테아레이트;향료;카프릴릴글라이콜;적색227호;해바라기씨왁스;소듐스테아로일글루타메이트;흑색산화철;에틸헥실글리세린;리날룰;리모넨;아라키딕애씨드;팔미틱애씨드;에탄올;청색1호;시트로넬올;폴리글리세린-3;트리스(테트라메틸하이드록시피페리딘올)시트레이트;올레익애씨드;코튼씨오일;코코넛야자수;우유단백질추출물;부틸렌글라이콜",홀리카홀리카(엔프라니),파스텔헤이즈 컬렉션 밀키 듀 밤 [04 보바],24261,,
400ml,,콜마 / 엔프라니(주),"정제수, 라우릴베타인, 데실글루코사이드, 글리세린, 다이소듐코코암포다이아세테이트, 데하이드로잔탄검, 1,2-헥산다이올, 알로에베라잎추출물, 접시꽃추출물, 녹차씨오일, 동백나무씨오일, 아르간커넬오일, 올리브오일, 퀸즈랜드넛오일, 해바라기씨오일, 호호바씨오일, 모나스커스추출물, 시어버터, 하이드록시아세토페논, 시트릭애씨드, 베타인, 다이소듐이디티에이, 알란토인, 카프릴릭/카프릭트라이글리세라이드, 하이드로제네이티드레시틴, 세라마이드엔피, 글라이코스핑고리피드, 글리세릴스테아레이트, 글리세릴시트레이트/락테이트/리놀리에이트/올리에이트, 돌콩스테롤, 메도우폼에스톨라이드, 부틸렌글라이콜, 세라마이드에이피, 세라마이드엔피, 세라마이드이오피, 세테아레스-20, 세테아릴글루코사이드, 세테아릴알코올, 스테아릭애씨드, 에틸헥실아이소소노나노에이트, 피토스테릴/이소스테아릴/세틸/스테아릴/베헤닐다이머디리놀리에이트, 하이드로제네이티드폴리데센, 하이드록시프로필비스팔미타마이드엠이에이",홀리카홀리카(엔프라니),굳세라 아토릴리프 오일 워시,44806,,
20ml * 2ea,,책임판매업자 : (주)코스알엑스,"정제수, 아스코빅애씨드, 프로판다이올, 다이메티콘, 트로메타민, 판테놀, 에칠아스코빌에텔, 스쿠알란, 카페인, 소듐클로라이드, 소듐하이알루로네이트, 소듐설파이트, 다이소듐이디티에이, 글루타티온, 아데노신, 아세틸글루코사민, 치자추출물, 알란토인, 덱스트린, 토코트라이엔올, 토코페롤, 오일팜오일, 부틸렌글라이콜, 알지닌, 나이아신아마이드, 펜틸렌글라이콜, 변성알코올, 해바라기씨오일, 스페인감초뿌리추출물, 메틸트라이메티콘, 잇꽃씨오일, 동백나무씨오일, 당근추출물, 베타-카로틴",23 years old(젬나컴퍼니),더 비타민씨 23 세럼,55695,,
180ml / 50pad,,화장품제조업자 : ㈜씨앤애프 / 화장품책임판매업자 : (주)코스메랩,"정제수,병풀추출물,글리세린,메틸프로판다이올,부틸렌글라이콜,1,2-헥산다이올,다이프로필렌글라이콜,편백잎추출물,오레가노잎추출물,흰버드나무껍질추출물,하이드록시아세토페논,육계나무껍질추출물,락토바실러스/콩발효추출물,쇠비름추출물,황금추출물,알란토인,잔탄검,소듐하이알루로네이트,에틸헥실글리세린,다이소듐이디티에이,폴리글리세릴-10라우레이트,폴리글리세릴-10미리스테이트,판테놀,자일리틸글루코사이드,안하이드로자일리톨,자일리톨,글루코오스,아줄렌,하이드록시프로필트라이모늄하이알루로네이트,하이드롤라이즈드하이알루로닉애씨드,소듐아세틸레이티드하이알루로네이트,하이알루로닉애씨드,하이드롤라이즈드소듐하이알루로네이트,소듐하이알루로네이트크로스폴리머,아시아티코사이드,마데카소사이드,아시아틱애씨드,마데카식애씨드,포타슘하이알루로네이트",23 years old(젬나컴퍼니),시카 23 워터 에센스 패드,47471,,
140ml,,에르띠코리아,"정제수, 해수, 히알루론산나트륨, 베타인, 수용성콜라겐 등 (전체 성분은 제품 상세페이지 또는 포장 참조)",23 years old(젬나컴퍼니),23 토닉 로션 포 스킨 하이드레이팅,76030,,
2.9g,,코코,"아이소노닐아이소노나노에이트,실리카,아이소트라이데실아이소노나노에이트,폴리글리세릴-2트라이아이소스테아레이트,합성왁스,티타늄디옥사이드,폴리하이드록시스테아릭애씨드,마이카,해바라기씨왁스,카프릴릭/카프릭트라이글리세라이드,황색산화철,피이지-10다이메티콘,황색4호,메티콘,레시틴,글리세릴카프릴레이트,적색202호,에틸헥실팔미테이트,아이소스테아릭애씨드,아이소프로필미리스테이트,에틸헥실글리세린,흑색산화철,다이아이소스테아릴말레이트,폴리글리세릴-3폴리리시놀리에이트,에틸렌/프로필렌코폴리머,알루미늄하이드록사이드",23 years old(젬나컴퍼니),톡 블러쉬 키캡 [23 V 베리 멜로우],74128,,
15g / 0.52 oz.,,화장품제조업자: 코스맥스(주) / 화장품책임판매업자: (주)프롬바이오코스메틱,"23호 미디엄 흑효모/매스틱검추출물발효여과물, 티타늄디옥사이드 (CI 77891), 글리세린, 에칠헥실메톡시신나메이트, 정제수, 다이페닐실록시페닐트라이메티콘, 에칠헥실살리실레이트, 다이메티콘, 하이드로제네이티드폴리아이소부텐, 라우릴피이지-10트리스(트라이메틸실록시)실릴에틸다이메티콘, 1,2-헥산다이올, 나이아신아마이드, 페닐트라이메티콘, 트라이데실트라이멜리테이트, 징크옥사이드 (CI 77947), 황색산화철 (CI 77492), 세레신, 합성플루오르플로고파이트, 동백나무꽃추출물, 글리세릴트라이베헤네이트/아이소스테아레이트/에이코산디오에이트, 세틸피이지/피피지-10/1다이메티콘, 다이스테아다이모늄헥토라이트, 브이피/에이코신코폴리머, 스테아릭애씨드, 알루미나, 부틸렌글라이콜, 트라이에톡시카프릴릴실레인, 알루미늄하이드록사이드, 키토산프로필설포네이트, 비닐다이메티콘/메티콘실세스퀴옥세인크로스폴리머, 아데노신, 에틸헥실글리세린, 팔미토일트라이펩타이드-5, 토코페롤, 폴리메틸메타크릴레이트, 실리카, 펜타에리스리틸테트라-다이-t-부틸하이드록시하이드로신나메이트, 폴리쿼터늄-10, 라우로일라이신, 향료, 적색산화철 (CI 77491), 흑색산화철 (CI 77499)",23 years old(젬나컴퍼니),내추럴 글로우 쿠션 [SPF50+/PA++++] [23호 미디엄],62489,,
15g,,상품상세참조,"정제수, 호모살레이트,티타늄디옥사이드,징크옥사이드,부틸옥틸살리실레이트,에칠헥실살리실레이트,다이카프릴릴카보네이트, 부틸렌글라이콜다이카프릴레이트/다이카프레이트,트라이메틸실록시실리케이트 C12-15알킬벤조에이트,아이소도데케인,부틸렌글라이콜, 나이아신아마이드,옥틸도데칸올,폴리글리세릴-6폴리리시놀리에이트,폴리글리세릴-6 폴리하이드록시스테아레이트,쿼터늄-90벤토나이트, 마그네슘설페이트비스-다이글리세릴폴리아실아디페이트-2 카프릴릭/카프릭글리세라이즈 아크릴레이트/폴리트라이메틸실록시메타크릴레이트코폴리머, 폴리글리세린-6 세틸알코올,알루미늄하이드록사이드,트라이에톡시카프릴릴실레인 에틸헥실글리세린,아데노신,하이드로제네이티드레시틴,프로판다이올, 세테아릴알코올,스테아릭애씨드,하이드롤라이즈드글라이코사미노글리칸,글리세린,라임추출물,코르텔루스 쉬이타케추출물,흰목이버섯추출물,자몽추출물 글라이신세린,글루타믹애씨드,아스파틱애씨드,류신,세라마이드엔피,알라닌라이신,알지닌,타이로신,페닐알라닌,발린,트레오닌,프롤린,아이소류신 세라마이드엔에스, 히스티딘,메티오닌,시스테인,콜레스테롤,피토스핑고신 세라마이드에이에스,세라마이드에이피,세라마이드이오피,티타늄디옥사이드(CI 77891),황색산화철,적색산화철,흑색산화철,향료",23 years old(젬나컴퍼니),젤리 앰플 쿠션 [SPF50+/PA++++] [23호 베이지],52364,,
본품 13g,,상품상세참조,"정제수,사이클로펜타실록세인,티타늄디옥사이드,에칠헥실메톡시신나메이트,프로필렌글라이콜,펜틸렌글라이콜,세틸피이지/피피지-10/1다이메티콘,에틸헥실아이소노나노에이트,메칠렌비스-벤조트리아졸릴테트라메칠부틸페놀,나이아신아마이드,다이메티콘,페닐트라이메티콘,메도우폼씨오일,메틸프로판다이올,하이드로제네이티드폴리(C6-14올레핀),징크옥사이드,마그네슘설페이트,다이스테아다이모늄헥토라이트,아크릴레이트/스테아릴아크릴레이트/다이메티콘메타크릴레이트코폴리머,카프릴릴다이메티콘에톡시글루코사이드,폴리메틸실세스퀴옥세인,알로에베라잎즙,다이메티콘크로스폴리머,탤크,데실글루코사이드,알루미늄하이드록사이드,트라이에톡시카프릴릴실레인,다이메티콘/비닐다이메티콘크로스폴리머,카프릴릴글라이콜,베르가모트오일,베타인,알란토인,에틸헥실글리세린,아데노신,다이소듐이디티에이,잔탄검,바실러스/소이빈발효추출물,프로판다이올,시트릭애씨드,포타슘솔베이트,부틸렌글라이콜,소듐벤조에이트,1,2-헥산다이올,메틸메타크릴레이트크로스폴리머,황색산화철,적색산화철,흑색산화철",23 years old(젬나컴퍼니),글림 커버리지 쿠션 [SPF50+/PA+++] [23호 내추럴베이지],49203,,
15 g (리필 별도),,코스맥스(주)/부건코스메틱(주),"내추럴 자작나무수액, 사이클로펜타실록세인, 티타늄디옥사이드 (CI 77891), 에칠헥실메톡시신나메이트, 세틸에틸헥사노에이트, 다이페닐실록시페닐트라이메티콘, 에칠헥실살리실레이트, 프로판다이올, 라우릴피이지-10트리스(트라이메틸실록시)실릴에틸다이메티콘, 나이아신아마이드, 1,2-헥산다이올, 폴리메틸실세스퀴옥세인, 글리세린, 센티드제라늄꽃오일, 장미꽃오일, 오렌지껍질오일, 해바라기씨오일, 사과씨오일, 로즈힙열매오일, 로얄젤리추출물, 프로폴리스추출물, 꿀추출물, 카프릴릴메티콘, 브이피/헥사데센코폴리머, 다이스테아다이모늄헥토라이트, 메틸메타크릴레이트크로스폴리머, 마그네슘설페이트, 아크릴레이트/다이메티콘코폴리머, 아이소도데케인, 세틸피이지/피피지-10/1다이메티콘, 스테아릭애씨드, 알루미나, 알루미늄하이드록사이드, 트라이에톡시카프릴릴실레인, 다이메티콘/비닐다이메티콘크로스폴리머, 비닐다이메티콘/메티콘실세스퀴옥세인크로스폴리머, 정제수, 카프릴릴글라이콜, 아데노신, 트라이소듐에틸렌다이아민다이석시네이트, 토코페롤, 부틸렌글라이콜, 펜타에리스리틸테트라-다이-t-부틸하이드록시하이드로신나메이트, 베타-글루칸, 리모넨, 시트로넬올, 제라니올, 리날룰, 황색산화철 (CI 77492), 적색산화철 (CI 77491), 흑색산화철 (CI 77499)",23 years old(젬나컴퍼니),아우라 꿀광 쿠션 [SPF50+/PA+++] [23호 내추럴],61130,,
15g,,"화장품제조업자: (주)코스메카코리아, 화장품책임판매업자: (주)픽톤","정제수, 티타늄디옥사이드, 다이페닐실록시페닐트라이메티콘, 호모살레이트, 부틸렌글라이콜, 글리세린, 라우릴피이지-10트리스(트라이메틸실록시)실릴에틸다이메티콘, 부틸옥틸살리실레이트, 메틸트라이메티콘, 페닐벤즈이미다졸설포닉애씨드, 디에칠아미노하이드록시벤조일헥실벤조에이트, 나이아신아마이드, 페닐트라이메티콘, 합성플루오르플로고파이트, 다이메티콘, 트라이메틸실록시실리케이트, 트로메타민, 황색산화철, 변성알코올, 피이지-10다이메티콘, 다이스테아다이모늄헥토라이트, 마그네슘설페이트, 솔비탄올리베이트, 프로판다이올, 카프릴릭/카프릭트라이글리세라이드, 알루미늄하이드록사이드, 판테놀, C30-45알킬다이메틸실릴폴리프로필실세스퀴옥세인, 다이메티콘/비닐다이메티콘크로스폴리머, 폴리하이드록시스테아릭애씨드, 트라이에톡시카프릴릴실레인, 스테아릭애씨드, 카프릴릴글라이콜, 다이머다이리놀레일다이머다이리놀리에이트, 적색산화철, 글리세릴카프릴레이트, 알루미나, 향료, 에틸헥실글리세린, 다이소듐스테아로일글루타메이트, 트라이소듐에틸렌다이아민다이석시네이트, 피이지-9폴리다이메틸실록시에틸다이메티콘, 아이소스테아릭애씨드, 흑색산화철, 아데노신, 레시틴, 폴리글리세릴-3폴리리시놀리에이트, 아이소노닐아이소노나노에이트, 하이드롤라이즈드식물성단백질, 말토덱스트린, 1,2-헥산다이올, 캐스터오일/아이피디아이코폴리머, 펜틸렌글라이콜, 토코페롤, 알지닌, 카보머, 아모다이메티콘, 다이메틸실란올하이알루로네이트, 하이드롤라이즈드하이알루로닉애씨드, 하이드롤라이즈드소듐하이알루로네이트, 얼룩파인애플추출물, 사과추출물, 복숭아추출물, 로우스위트블루베리추출물, 하이알루로닉애씨드, 메도우폼씨오일, 포타슘하이알루로네이트, 소듐하이알루로네이트, 하이드록시프로필트라이모늄하이알루로네이트, 소듐하이알루로네이트크로스폴리머, 소듐하이알루로네이트다이메틸실란올, 소듐아세틸레이티드하이알루로네이트",23 years old(젬나컴퍼니),애플 듀이 핏 쿠션 [SPF50+/PA++++] [23 허니],70147,,
15 g / 0.52 oz.,,(주)코스메카코리아/부건코스메틱㈜,"정제수, 사이클로펜타실록세인, 티타늄디옥사이드, 트라이메틸실록시실리케이트, 프로판다이올, 메틸트라이메티콘, 다이페닐실록시페닐트라이메티콘, 부틸옥틸살리실레이트, 나이아신아마이드, 페닐트라이메티콘, 라우릴피이지-8다이메티콘, 피이지-10다이메티콘, 황색산화철, 부틸렌글라이콜, 소듐클로라이드, 다이스테아다이모늄헥토라이트, 알루미늄하이드록사이드, 폴리메틸메타크릴레이트, 폴리글리세릴-4아이소스테아레이트, 다이메티콘, 스테아릭애씨드, 트라이에톡시카프릴릴실레인, 적색산화철, 피이지/피피지-18/18다이메티콘, 토코페릴아세테이트, 폴리메틸실세스퀴옥세인, 글리세릴카프릴레이트, 실리카, 에틸헥실글리세린, 흑색산화철, 세테아릴다이메티콘/비닐다이메티콘크로스폴리머, 트라이소듐에틸렌다이아민다이석시네이트, 아데노신, 하이알루로닉애씨드, 하이드롤라이즈드하이알루로닉애씨드, 소듐하이알루로네이트, 1,2-헥산다이올, 글리세린, 콜라겐추출물, 프로폴리스추출물, 무화과추출물, 사탕무뿌리추출물, 향료, 리모넨, 제라니올",23 years old(젬나컴퍼니),레이어 핏 커버 쿠션 [SPF50+/PA++++] [23호 내추럴],63295,,
4g,,㈜씨앤씨인터네셔널/(주)클리오,"다이메티콘;사이클로펜타실록세인;다이메티콘크로스폴리머;사이클로헥사실록세인;폴리글리세릴-2트라이아이소스테아레이트;티타늄디옥사이드(구명칭);1,2-헥산다이올;탤크;다이메티콘/비닐다이메티콘크로스폴리머;에칠헥실살리실레이트;부틸옥틸살리실레이트;페닐트라이메티콘;황색5호;페녹시에탄올;적색202호;토코페릴아세테이트;C30-45알킬다이메티콘;향료;흑색산화철;벤질벤조에이트;리날룰;아밀신남알;헥실신남알;망고씨오일;코튼씨오일;녹차씨오일",23 years old(젬나컴퍼니),물복딱복 컬렉션 잉크 더 에어리 벨벳 [023 별피치내린다],33893,,
4g,,씨앤씨인터네셔널/㈜클리오,"정제수,다이페닐다이메티콘,다이아이소스테아릴말레이트,비스-다이글리세릴폴리아실아디페이트-2,하이드로제네이티드폴리아이소부텐,비스-베헤닐/아이소스테아릴/피토스테릴다이머다이리놀레일다이머다이리놀리에이트,다이글리세린,다이프로필렌글라이콜,세틸피이지/피피지-10/1다이메티콘,하이드로제네이티드폴리데센,폴리솔베이트60,솔비탄아이소스테아레이트,다이아이소스테아로일폴리글리세릴-3다이머다이리놀리에이트,펜틸렌글라이콜,하이드록시에틸아크릴레이트/소듐아크릴로일다이메틸타우레이트코폴리머,카프릴릭/카프릭트라이글리세라이드,스쿠알란,세테아레스-20,에틸렌/프로필렌코폴리머,티타늄디옥사이드,페녹시에탄올,향료,에틸헥실글리세린,황색4호,적색104호의(1),적색227호,황색5호,알루미늄하이드록사이드,암모늄폴리아크릴레이트,부틸렌글라이콜,청색1호,버지니아풍년화잎추출물,참나리추출물,펜타에리스리틸테트라-다이-t-부틸하이드록시하이드로신나메이트",23 years old(젬나컴퍼니),페리복권 컬렉션 잉크 무드 글로이 틴트 [23호 쩡신차렷],60399,,
상품상세참조,,상품상세참조,"정제수;티타늄다이옥사이드;사이클로펜타실록세인;에칠헥실메톡시신나메이트;에칠헥실살리실레이트;부틸렌글라이콜;다이페닐실록시페닐트라이메티콘;글리세린;카프릴릴메티콘;라우릴피이지-10트리스(트라이메틸실록시)실릴에틸다이메티콘;징크옥사이드;나이아신아마이드;옥토크릴렌;세틸피이지/피피지-10/1다이메티콘;아이소도데케인;진주추출물;마그네슘설페이트;다이스테아다이모늄헥토라이트;아크릴레이트/폴리트라이메틸실록시메타크릴레이트코폴리머;보론나이트라이드;아크릴레이트/스테아릴아크릴레이트/다이메티콘메타크릴레이트코폴리머;카프릴릭/카프릭글리세라이즈;카나우바왁스;트라이에톡시카프릴릴실레인;알루미늄하이드록사이드;아데노신;하이드롤라이즈드콜라겐;톳추출물;겔리듐 카르틸라기네움추출물;감태추출물;개청각추출물;토코페롤;글라이신;세린;글루타믹애씨드;참마뿌리추출물;알로에베라잎추출물;다시마추출물;당느릅나무뿌리추출물;제비꽃꽃추출물;아스파틱애씨드;류신;알라닌;라이신;알지닌;타이로신;페닐알라닌;트레오닌;프롤린;발린;아이소류신;모과추출물;오렌지꽃추출물;레몬밤추출물;히스티딘;시스테인;메티오닌;1,2-헥산다이올;향료;황색산화철;적색산화철;흑색산화철",23 years old(젬나컴퍼니),어반 펄세이션 하이 커버리지 텐션 쿠션 EX [SPF50+/PA++++] [23호 미디움베이지],31727,,
**리필 제품입니다** 10 g / 0.35 oz,,화장품제조업자 그린코스㈜ /화장품책임판매업자 제이준코스메틱(주),"[23호] 락토바실러스발효물, 티타늄디옥사이드, 에칠헥실메톡시신나메이트, 글리세린, 사이클로펜타실록세인, C12-15알킬벤조에이트, 다이프로필렌글라이콜, 세틸피이지/피피지-10/1다이메티콘, 부틸렌글라이콜다이카프릴레이트/다이카프레이트, 다이페닐실록시페닐트라이메티콘, 에칠헥실살리실레이트, 마이카, 1,2-헥산다이올, 나이아신아마이드, 라우릴피이지-10트리스(트라이메틸실록시)실릴에틸다이메티콘, 옥토크릴렌, 황색산화철, 비스-에칠헥실옥시페놀메톡시페닐트리아진, 마그네슘설페이트, 폴리페닐실세스퀴옥세인, 다이스테아다이모늄헥토라이트, 정제수, 트라이에톡시카프릴릴실레인, 알루미늄하이드록사이드, 적색산화철, 흑색산화철, 엑토인, 글루타티온, 카프릴릭/카프릭트라이글리세라이드, 향료, 아데노신, 다이소듐이디티에이, 부틸렌글라이콜, 하이드로제네이티드레시틴, 판테놀, 벤질살리실레이트, 아미노프로필다이메티콘, 다이메티콘, 레시틴, 페닐에틸레조시놀, 실리카, 폴리메틸실세스퀴옥세인, 폴리글리세릴-10올리에이트, 하이드롤라이즈드식물성단백질, 말토덱스트린, 자일리틸글루코사이드, 세테아릴알코올, 안하이드로자일리톨, 해바라기씨오일, 레티닐팔미테이트, 스테아릭애씨드, 폴리글리세릴-10스테아레이트, 자일리톨, 회향씨추출물, 발레이추출물, 하이드롤라이즈드아마추출물, 프로방스장미꽃추출물, 토코페릴아세테이트, 비피다발효여과물, 락토코쿠스발효용해물, 스트렙토코쿠스 테르모필루스발효물, 글루코오스, 우유단백질추출물, 초유, 토코페롤, 알루미나, 귀리커넬단백질, 녹차추출물, 병풀추출물, 티트리추출물, 산소, 소듐하이알루로네이트, 하이드롤라이즈드케라틴, 아텔로콜라겐, 데사미도콜라겐, 세라마이드엔피, 카프릴릴글라이콜, 하이드롤라이즈드엘라스틴, 소듐아스코빌포스페이트, 하이드롤라이즈드콜라겐, 알지닌/라이신폴리펩타이드, 콜라겐추출물, 세라마이드엔에스, 수용성콜라겐, 콜레스테롤, 피토스핑고신, 콜라겐, 콜라겐아미노산, 아세틸헥사펩타이드-8, 세라마이드에이피, 세라마이드에이에스, 하이알루로닉애씨드, 하이드롤라이즈드하이알루로닉애씨드, 하이드롤라이즈드소듐하이알루로네이트, 하이드록시프로필트라이모늄하이알루로네이트, 포타슘하이알루로네이트, 소듐하이알루로네이트크로스폴리머, 바이오틴, 폴릭애씨드, 락토페린, 프로콜라겐, 피리독신, 펜틸렌글라이콜, 사이아노코발아민, 소듐아세틸레이티드하이알루로네이트, 세라마이드이오피, 리놀레익애씨드, 티아민에이치씨엘",23 years old(젬나컴퍼니),스킨케어 에어 핏 커버 쿠션 퍼플 [SPF50+/PA++++] [23호 뉴트럴베이지],65376,,
120ml,,한국콜마 / 카버코리아,"정제수;글리세린;아이소헥사데칸;하이드로제네이티드폴리(C6-14올레핀);1,2-헥산다이올;다이프로필렌글라이콜;프로판다이올;판테놀;네오펜틸글라이콜다이헵타노에이트;락토바실러스발효용해물;펜틸렌글라이콜;병풀추출물;무화과추출물;페퍼민트잎추출물;당느릅나무뿌리추출물;줄맨드라미씨추출물;인도멀구슬나무잎추출물;인도멀구슬나무꽃추출물;아이비고드열매추출물;가지열매추출물;알로에베라꽃추출물;오레가노잎추출물;편백잎추출물;흰버드나무껍질추출물;울금뿌리추출물;락토바실러스/콩발효추출물;쇠비름추출물;육계나무껍질추출물;참산호말추출물;홀리바질잎추출물;황금추출물;올리브오일;하이드로제네이티드레시틴;분비나무오일;로즈마리잎오일;호호바씨오일;클레리오일;센티드제라늄꽃오일;마트리카리아꽃오일;소듐하이알루로네이트;로즈힙열매오일;마룰라씨오일;호동씨오일;클로브잎오일;광곽향오일;멕시칸주니퍼오일;캐모마일꽃오일;쌀배아오일;코코넛야자오일;락토코쿠스발효용해물;소듐클로라이드;프룩토올리고사카라이드;부틸렌글라이콜;라피노오스;카프릴릴/카프릴글루코사이드;트레할로오스;아데노신;다이소듐이디티에이;락틱애씨드;비피다발효용해물;수크로오스;세라마이드엔피;사이아노코발아민;자일리틸글루코사이드;안하이드로자일리톨;자일리톨;프룩탄;글루코오스;베타-글루칸;락토바실러스발효물;글라이코리피드;리솔레시틴;락토바실러스;알루미늄/마그네슘하이드록사이드스테아레이트;나이아신아마이드;락토오스;비사보롤;세틸알코올;스테아레스-2;스테아레스-21;스테아릭애씨드;우유단백질;이눌린;카프릴릭/카프릭트라이글리세라이드;칸디다 봄비콜라/글루코오스/메틸레이프씨데이트발효물;토코페릴아세테이트;페네틸알코올;풀루란;피이지-30다이폴리하이드록시스테아레이트;에틸헥실글리세린;소듐벤조에이트;하이드록시아세토페논",A.H.C,프리미엄 EX 하이드라 B5 바이옴 앰플 미스트,30702,,
25g,,한국콜마 / 카버코리아,"병풀잎추출물;티트리잎수;사이클로펜타실록세인;징크옥사이드;호모살레이트;에칠헥실살리실레이트;프로판다이올;나이아신아마이드;라우릴폴리글리세릴-3폴리다이메틸실록시에틸다이메티콘;티타늄다이옥사이드;다이에틸아미노하이드록시벤조일헥실벤조에이트;마그네슘설페이트;비스-에틸헥실옥시페놀메톡시페닐트리아진;폴리글리세릴-4다이아이소스테아레이트/폴리하이드록시스테아레이트/세바케이트;사막장미잎세포추출물;알로에베라잎추출물;녹차추출물;사과추출물;쇠비름추출물;쑥잎추출물;약모밀추출물;캐모마일꽃추출물;페퍼민트추출물;밤부사 불가리스잎추출물;백화사설초추출물;허니서클추출물;당느릅나무뿌리추출물;코튼씨추출물;달맞이꽃추출물;대왕송잎추출물;리모니아 아키디시마추출물;칡뿌리추출물;효모추출물;서양송악추출물;다시마추출물;제비꽃꽃추출물;참마뿌리추출물;토마토추출물;화이트루핀씨추출물;아보카도열매추출물;소엽추출물;흑삼추출물;미역취추출물;클로브싹추출물;베르가모트오일;해바라기씨오일;호호바씨오일;퀸즈랜드넛오일;오일팜오일;바오밥나무씨오일;아보카도오일;하이드로제네이티드레시틴;수용성콜라겐;실리카;판테놀;폴리글리세릴-3폴리다이메틸실록시에틸다이메티콘;트라이에톡시카프릴릴실레인;솔비탄카프릴레이트;스테아릭애씨드;알루미늄하이드록사이드;글리세릴카프릴레이트;다이스테아다이모늄헥토라이트;에틸헥실글리세린;정제수;다이메티콘;다이카프릴릴카보네이트;아데노신;마이카;부틸렌글라이콜;펜틸렌글라이콜;메틸다이아이소프로필프로피온아마이드;글리세린;말토덱스트린;하이드롤라이즈드하이알루로닉애씨드;록샘파이어캘러스배양여과물;알란토인;사카라이드하이드롤리세이트;하이드롤라이즈드식물성단백질;토코페롤;1,2-헥산다이올;스쿠알란;프룩탄;세라마이드엔피;콜레스테롤;피토스핑고신;글루코노락톤;카프릴릴글라이콜;소듐벤조에이트;팔미토일트라이펩타이드-5;아세틸헥사펩타이드-8;하이드록시신나믹애씨드;루틴;칼슘글루코네이트;하이드록시스테아릭애씨드;합성플루오르플로고파이트;폴리메틸실세스퀴옥세인;락틱애씨드/글라이콜릭애씨드코폴리머;C12-15알킬벤조에이트;세륨옥사이드;하이드로젠다이메티콘;폴리하이드록시스테아릭애씨드;마데카소사이드;아스코빅애씨드;칼라민;크로뮴옥사이드그린",A.H.C,세이프 온 수딩 선 쿠션 [SPF50+/PA++++],23651,,
30ml,,피에르파브르더모코스메틱코리아(유),"온천수,글리세린,펜틸렌글라이콜,석시닉애씨드,락틱애씨드,소듐하이드록사이드,글루타믹애씨드,소듐벤조에이트,정제수,잔탄검",A.H.C,클리낭스 A.H.A 클리어 세럼,76178,,
250ml,,코스맥스 / ㈜더파운더즈,"정제수, 부틸렌글라이콜, 글리세린, 펜틸렌글라이콜, 프로판다이올, 사탕수수추출물, 자일리틸글루코사이드, 돌콩추출물, 말라카이트추출물, 자일리톨, 인도멀구슬나무잎추출물, 백미꽃추출물, 인도멀구슬나무꽃추출물, 아이비고드열매추출물, 접시꽃추출물, 알로에베라꽃추출물, 하이드롤라이즈드하이알루로닉애씨드, 가지열매추출물, 홀리바질잎추출물, 참산호말추출물, 울금뿌리추출물, 1,2-헥산다이올, 베타인, 하이드록시아세토페논,판테놀, 에틸헥실글리세린, 안하이드로자일리톨, 알란토인, 소듐디엔에이, 다이프로필렌글라이콜, 옥탄다이올, 포스파티딜콜린, 토코페롤, 하이알루로닉애씨드/하이드롤라이즈드콜라겐크로스폴리머, C12-13알케스-9, 다이포타슘포스페이트, 아세틸글루타민, 카퍼트라이펩타이드-1, 셀룰로오스검, 다이소듐이디티에이, 잔탄검",ANUA,피디알엔 100 히알루론산 부스터 토너,72961,,
30ml,,코스맥스(주)/(주)더파운더즈,"정제수, 글리세린, 나이아신아마이드, 트라넥사믹애씨드, 부틸렌글라이콜, 다이에톡시에틸석시네이트, 1,2-헥산다이올, 알부틴, 소듐하이알루로네이트, 알파-알부틴, 아이비고드열매추출물, 한련초추출물, 퀸즈랜드넛오일, 올리브오일, 호호바씨오일, 포도씨오일, 카카오추출물, 하이드롤라이즈드하이알루로닉애씨드, 편백잎추출물, 복사나무꽃추출물, 녹차씨오일, 효모발효추출물, 병풀추출물, 쑥잎추출물, 칸디다 봄비콜라/글루코오스/메틸레이프씨데이트발효물, 하이알루로닉애씨드, 펜틸렌글라이콜, 베타인살리실레이트, 수크로오스팔미테이트, 하이드로제네이티드레시틴, 젤란검, 소듐파이테이트, 셀룰로오스, 카프릴릭/카프릭트라이글리세라이드, 판테놀, 사이아노코발아민, 폴리글루타믹애씨드, 3-O-에틸아스코빅애씨드, 세라마이드엔피, 덱스트린, 아시아티코사이드, 마데카식애씨드, 아시아틱애씨드, 다이메틸실란올하이알루로네이트, 하이드롤라이즈드소듐하이알루로네이트, 포타슘하이알루로네이트, 하이드록시프로필트라이모늄하이알루로네이트, 소듐하이알루로네이트크로스폴리머, 소듐하이알루로네이트다이메틸실란올, 소듐아세틸레이티드하이알루로네이트, 잔탄검",ANUA,나이아신아마이드 10 TXA 4 다크 스팟 코렉팅 세럼,61738,,
200ml,,코스메카코리아/㈜더파운더즈,"에틸헥실팔미테이트,솔베스-30테트라올리에이트,솔비탄세스퀴올리에이트,카프릴릭/카프릭트라이글리세라이드,부틸아보카데이트,향료,해바라기씨오일,마카다미아씨오일,올리브오일,호호바씨오일,포도씨오일,카프릴릴글라이콜,에틸헥실글리세린,울금뿌리추출물,인도멀구슬나무꽃추출물,토코페롤,인도멀구슬나무잎추출물,약모밀추출물,참산호말추출물,인도멀구슬나무껍질추출물,드럼스틱씨오일,홀리바질잎추출물",ANUA,어성초 포어 컨트롤 클렌징오일,45339,,
150 mL / 5.07 fl. oz. *2개입,,(주)씨엔에프 / (주)더파운더즈,"글리세린, 정제수, 소듐코코일글라이시네이트, 부틸렌글라이콜, 소듐라우로일글루타메이트, 라우릴베타인, 1,2-헥산다이올, 하이드록시프로필스타치포스페이트, 소듐메틸코코일타우레이트, 포타슘코코일글리시네이트, 시트릭애씨드, 소듐라우로일메틸아미노프로피오네이트, 소듐클로라이드, 포타슘코코에이트, 카프릴릴글라이콜, 다이소듐이디티에이, 에틸헥실글리세린, 폴리쿼터늄-67, 인도멀구슬나무잎추출물, 인도멀구슬나무꽃추출물, 황련뿌리추출물, 아이비고드열매추출물, 소듐디엔에이, 알지닌, 가지열매추출물, 홀리바질잎추출물, 울금뿌리추출물, 참산호말추출물, 하이드롤라이즈드콜라겐, 소듐하이알루로네이트, 하이드록시프로필트라이모늄하이알루로네이트, 알란토인, 판테놀, 프로판다이올, 하이드롤라이즈드하이알루로닉애씨드, 나이아신아마이드, 하이드로제네이티드레시틴, 글루타티온, 글리세릴올리에이트, 라우릴글루코사이드, 미리스틸글루코사이드, 폴리글리세릴-6라우레이트, 아데노신, 세라마이드엔피, 하이알루로닉애씨드, 하이드롤라이즈드소듐하이알루로네이트, 포타슘하이알루로네이트, 소듐하이알루로네이트크로스폴리머, 소듐시트레이트, 펜틸렌글라이콜, 소듐아세틸레이티드하이알루로네이트",ANUA,PDRN 히알루론산 수분 클렌징 폼,76912,,
15g,,코스맥스(주) / (주)더파운더즈,"정제수, 티타늄디옥사이드 (CI 77891), 사이클로펜타실록세인, 에칠헥실메톡시신나메이트, 글리세린, 다이페닐실록시페닐트라이메티콘, 에칠헥실살리실레이트, 라우릴피이지-9폴리다이메틸실록시에틸다이메티콘, 부틸렌글라이콜다이카프릴레이트/다이카프레이트, 나이아신아마이드, 프로판다이올, 다이메티콘, 아이소도데케인, 1,2-헥산다이올, 메틸트라이메티콘, 탄산수, 연꽃꽃수, 파파야열매추출물 , 매실추출물, 사과추출물, 포도추출물, 하이드롤라이즈드식물성단백질, 탄제린추출물, 동백나무꽃추출물 , 병풀추출물, 약모밀추출물, 마돈나백합꽃추출물, 복숭아추출물, 코치닐선인장열매추출물 , 다마스크장미꽃수, 히비스커스꽃추출물, 수레국화꽃수, 마트리카리아꽃추출물, 유자껍질추출물, 프로방스장미꽃추출물, 비터오렌지꽃수, 락토바실러스발효용해물, 에델바이스캘러스배양추출물, 카카두플럼추출물, 메도우스위트추출물, 키라야타추출물, 은방울수선비늘줄기추출물, 비치스트로베리추출물, 락토바실러스발효물, 라벤더꽃추출물, 라즈베리추출물, 크랜베리추출물, 비타민나무추출물, 비타민나무열매추출물, 보리지추출물, 수레국화꽃추출물, 마트리카리아꽃/잎추출물, 백미꽃추출물, 히아신스전초추출물, 라벤더꽃수, 연꽃꽃추출물, 알바수련꽃추출물, 세룰라타벚나무꽃추출물, 장미꽃추출물, 클레리추출물, 서양민들레잎추출물, 마트리카리아꽃수, 작약꽃추출물, 라즈베리수 , 소듐하이알루로네이트, 로우스위트블루베리추출물, 하이드롤라이즈드하이알루로닉애씨드, 하이알루로닉애씨드, 복사나무꽃추출물, 파스향나무잎추출물, 얼룩파인애플추출물, 망고스틴껍질추출물, 망고추출물, 노니추출물, 바나나추출물, 람부탄가지/열매/잎추출물, 구아바열매추출물, 피이지-10다이메티콘, 트라이데실트라이멜리테이트, 다이스테아다이모늄헥토라이트, 아크릴레이트/다이메티콘코폴리머, 다이메티콘/비닐다이메티콘크로스폴리머, 아크릴레이트/스테아릴아크릴레이트/다이메티콘메타크릴레이트코폴리머, 마그네슘설페이트, 트라이메틸실록시실리케이트 , 합성플루오르플로고파이트, 폴리글리세릴-3폴리다이메틸실록시에틸다이메티콘, 폴리하이드록시스테아릭애씨드, 스테아릭애씨드, 알루미나, 옥틸도데칸올 , 알루미늄하이드록사이드, 트라이에톡시카프릴릴실레인 , 레시틴, 에틸헥실팔미테이트, 아이소프로필미리스테이트 , 아이소스테아릭애씨드, 아데노신, 트라이소듐에틸렌다이아민다이석시네이트, 폴리글리세릴-3폴리리시놀리에이트, 폴리글리세릴-4아이소스테아레이트, 네오펜틸글라이콜다이에틸헥사노에이트 , 아이소프로필티타늄트라이아이소스테아레이트, 토코페롤, 부틸렌글라이콜, 말토덱스트린, 판테놀, 메틸프로판다이올, 수크로오스, 에틸헥실글리세린, 펜틸렌글라이콜, 옥탄다이올, 다이메틸실란올하이알루로네이트, 하이드롤라이즈드소듐하이알루로네이트, 포타슘하이알루로네이트, 하이드록시프로필트라이모늄하이알루로네이트, 소듐하이알루로네이트크로스폴리머, 소듐하이알루로네이트다이메틸실란올, 소듐아세틸레이티드하이알루로네이트, 세라마이드엔피, 스쿠알란, 카프릴릭/카프릭트라이글리세라이드, 다이소듐이디티에이, 포타슘솔베이트, 황색산화철 (CI 77492), 흑색산화철 (CI 77499), 적색산화철 (CI 77491)",ANUA,결 쿠션 [SPF50+/PA+++] [03 내추럴],66709,,
50ml / 1.69 fl.oz.,,코스맥스(주) / (주)더파운더즈,"정제수, 징크옥사이드 (CI 77947), 글리세린, 부틸옥틸살리실레이트, 메틸트라이메티콘, 티타늄디옥사이드 (CI 77891), 아이소노닐아이소노나노에이트, 아이소도데케인, 프로필헵틸카프릴레이트, 라우릴폴리글리세릴-3폴리다이메틸실록시에틸다이메티콘, 나이아신아마이드, 펜틸렌글라이콜, 폴리메틸메타크릴레이트, 1,2-헥산다이올, 다이스테아다이모늄헥토라이트, 사이클로펜타실록세인, 마그네슘설페이트, 트라이메틸실록시실리케이트, 폴리글리세릴-2다이폴리하이드록시스테아레이트, 폴리글리세릴-3폴리다이메틸실록시에틸다이메티콘, 트라이에톡시카프릴릴실레인, 트라이베헤닌, 알루미늄하이드록사이드, 스테아릭애씨드, 실리카, 옥틸도데칸올, 다이메티콘/비닐다이메티콘크로스폴리머, 글리세릴트라이베헤네이트/아이소스테아레이트/에이코산디오에이트, 에틸헥실글리세린, 트라이소듐에틸렌다이아민다이석시네이트, 폴리글리세릴-4아이소스테아레이트, 하이드로제네이티드레시틴, 세라마이드엔피, 아이소프로필티타늄트라이아이소스테아레이트, 다이메티콘, 토코페롤, 마데카소사이드, 카프릴릭/카프릭트라이글리세라이드, 소듐스테아로일글루타메이트, 황색산화철 (CI 77492), 적색산화철 (CI 77491), 흑색산화철 (CI 77499)",ANUA,매트 벗 글로우 커버베이지 [SPF50+/PA++++],58893,,
10 mL,,(주)코스메카코리아 / (주)더파운더즈,"폴리아이소부텐, 다이아이소스테아릴말레이트, 폴리글리세릴-2트라이아이소스테아레이트, 다이펜타에리스리틸헥사하이드록시스테아레이트/헥사스테아레이트/헥사로지네이트,옥틸도데칸올, 마이크로크리스탈린왁스, 비스-다이글리세릴폴리아실아디페이트-2, 피토스테릴/이소스테아릴/세틸/스테아릴/베헤닐다이머디리놀리에이트, 폴리글리세릴-3폴리리시놀리에이트, 1,2-헥산다이올, 덱스트린팔미테이트, 실리카다이메틸실릴레이트, 호호바씨오일,정제수, 합성왁스, 펜틸렌글라이콜, 에틸렌/프로필렌코폴리머, 부틸렌글라이콜, 카프릴릴글라이콜, 다이메티콘, 펜타에리스리틸테트라-다이-t-부틸하이드록시하이드로신나메이트, 카프릴릭/카프릭트라이글리세라이드, 에틸헥실글리세린, 스테아랄코늄헥토라이트, 폴리글리세릴-3다이아이소스테아레이트, 다마스크장미꽃추출물, 소듐디엔에이(10ppm), 다이소듐이디티에이, 판테놀, 글리세린, 세라마이드엔피, 하이드로제네이티드레시틴, 하이알루로닉애씨드(0.01ppm), 하이드롤라이즈드콜라겐",ANUA,PDRN 립 세럼,75455,,
50ml,,한국콜마(주) / (주)더파운더즈,"정제수;징크옥사이드;사이클로헥사실록세인;부틸옥틸살리실레이트;프로판다이올;프로필헵틸카프릴레이트;아이소도데케인;폴리글리세릴-3폴리다이메틸실록시에틸다이메티콘;카프릴릴메티콘;다이카프릴릴카보네이트;메틸메타크릴레이트크로스폴리머;폴리메틸실세스퀴옥세인;병풀추출물;사철쑥추출물;약모밀추출물;티트리추출물;소듐하이알루로네이트;다이스테아다이모늄헥토라이트;마그네슘설페이트;트라이에톡시카프릴릴실레인;1,2-헥산다이올;폴리글리세릴-2다이폴리하이드록시스테아레이트;라우릴폴리글리세릴-3폴리다이메틸실록시에틸다이메티콘;페닐트라이메티콘;아크릴레이트/다이메티콘코폴리머;글리세릴카프릴레이트;카프릴릴글라이콜;에틸헥실글리세린;토코페롤;부틸렌글라이콜;펜틸렌글라이콜",ANUA,에어리 무기자차 선크림 [SPF50+/PA++++],32736,,
50ml,,㈜한국콜마 / ㈜더파운더즈,"정제수, 다이부틸아디페이트, 프로판 다이올, 부틸옥틸살리실레이트, 에칠헥실트 리아존, 나이아신아마이드, 카프릴릴메티콘, 드로메트리졸트리실록산, 테레프탈릴리덴디 캠퍼설포닉애씨드, 폴리글리세릴-3다이스테 아레이트, 1,2-헥산다이올, 디에칠아미노하이 드록시벤조일헥실벤조에이트, 트로메타민, 글 리세린, 펜틸렌글라이콜, 세테아릴알코올, 폴 리메틸실세스퀴옥세인, 비스-에칠헥실옥시페 놀메톡시페닐트리아진, 글리세릴스테아레이 트, 포타슘세틸포스페이트, 폴리C10-30알킬 아크릴레이트, 메틸프로판다이올, 카보머, 폴 리글리세릴-3메틸글루코오스다이스테아레 이트, 에틸헥실글리세린, 글리세릴스테아레 이트시트레이트, 암모늄아크릴로일다이메틸 타우레이트/브이피코폴리머, 판테놀, 다이메 티콘/비닐다이메티콘크로스폴리머, 아크릴레 이트/C10-30알킬아크릴레이트크로스폴리 머, 다이메티콘올, 트라이실록세인, 아데노신, 폴리에터-1, 소듐하이알루로네이트, 베타-글 루칸, 바이오사카라이드검-1, 토코페롤",ANUA,제로 캐스트 투명 수분 선크림 [SPF50+/PA++++],72252,,
120ml / 4.05fl.oz.,,㈜바이오코스텍 / ㈜더파운더즈,"정제수, 다이프로필렌글라이콜, 셀룰로오스, 1,2-헥산다이올, 약모밀꽃/잎/줄기수(10,000ppm), 아크릴레이트/C10-30알킬아크릴레이트크로스폴리머, 트로메타민, 알란토인, 잇꽃꽃추출물, 프로판다이올, 덱스트린, 치자추출물, 다이소듐이디티에이, 카카오추출물, 글리세린, 케이프알로에잎추출물, 바이오플라보노이드, 소듐하이알루로네이트, 카프릴릴글라이콜, 카프릴로일살리실릭애씨드(1ppm), 브로콜리추출물, 에틸헥실글리세린",ANUA,어성초 LHA 모이스처 필링젤,48980,,
200ml,,코스맥스 / ㈜더파운더즈,"약모밀꽃/잎/줄기수(77%), 글리세린, 에틸헥실스테아레이트, 1,2-헥산다이올, 글리세릴스테아레이트시트레이트, 메틸프로판다이올, 백미꽃추출물, 접시꽃추출물, 메틸트라이메티콘, 펜틸렌글라이콜, 하이드로제네이티드폴리(C6-14올레핀), 부틸렌글라이콜, 정제수, 암모늄아크릴로일다이메틸타우레이트/브이피코폴리머, 글리세릴스테아레이트, 폴리글리세릴-3다이스테아레이트, 베타인, 글리세릴글루코사이드, 하이드로제네이티드레시틴, 트로메타민, 소듐스테아로일글루타메이트, 에틸헥실글리세린, 다이포타슘글리시리제이트, 소듐파이테이트, 베타-글루칸, 토코페롤, 하이드롤라이즈드하이알루로닉애씨드(1.5ppb), 하이알루로닉애씨드(1ppb), 소듐하이알루로네이트(1ppb), 다이메틸실란올하이알루로네이트(1.5ppb), 하이드롤라이즈드소듐하이알루로네이트(1.5ppb), 포타슘하이알루로네이트(1ppb), 하이드록시프로필트라이모늄하이알루로네이트(0.8ppb), 소듐하이알루로네이트크로스폴리머(0.8ppb), 소듐하이알루로네이트다이메틸실란올(0.5ppb), 소듐아세틸레이티드하이알루로네이트(0.4ppb), 판테놀, 쿼세틴, 아이소쿼시트린, 약모밀소포(0.1ppb), 카보머",ANUA,어성초 77 히알루론산 수분 진정 로션,76376,,
20ml,,한국콜마(주) / (주)더파운더즈,"정제수, 글리세레스-26, 프로판다이올, 아스코빅애씨드, 변성알코올, 다이프로필렌글라이콜, 펜틸렌글라이콜, 소듐아스코빌포스페이트, 에칠아스코빌에텔, 글리세린, 아스코빌글루코사이드, 옥틸도데세스-16, 부틸렌글라이콜, 판테놀, 글루타티온, C12-14알케스-12, 1,2-헥산다이올, 황련뿌리추출물, 토코페롤, 소듐시트레이트, 잔탄검, 페룰릭애씨드, 에틸헥실글리세린, 아데노신, 하이드로제네이티드레시틴, 다이포타슘글리시리제이트, 소듐파이테이트, 알지닌, 코코-카프릴레이트/카프레이트, 리씨열매오일, 병풀추출물, 무화과추출물, 락틱애씨드, 글라이콜릭애씨드, 소듐서팩틴, 풀루란, 글루코노락톤, 폴리글리세릴-10올리에이트, 오렌지껍질오일, 라벤더오일, 칡뿌리추출물, 대왕소나무잎추출물, 당느릅나무뿌리추출물, 달맞이꽃꽃추출물, 세라마이드엔피, 센티드제라늄오일, 하이드록시프로필사이클로덱스트린, 아세틸헥사펩타이드-1, 마닐라엘레미트리검비휘발물, 로즈마리잎오일, 유칼립투스잎오일, 캐모마일꽃오일, 비터오렌지꽃오일, 감나무잎추출물, 콜라겐, 포도추출물, 다이펩타이드-15, 탄닉애씨드, 잇꽃꽃추출물, 호장근뿌리추출물, 커피콩추출물, 녹차추출물, 밤껍질추출물, 초피나무열매추출물, 시스테인, 티옥틱애씨드, 폴리솔베이트20, 나이아신아마이드, 트라이펩타이드-1, 마그네슘아스코빌포스페이트, 아스코빌테트라이소팔미테이트, 지모뿌리추출물, 마이크로크리스탈린셀룰로오스, 시트릭애씨드, 스핑고모나스발효추출물, 팔미토일테트라펩타이드-7, 팔미토일펜타펩타이드-4, 팔미토일트라이펩타이드-5, 헥사펩타이드-9, 소듐아세틸에스에이치-올리고펩타이드-195에스피라이신N6-(석신이미도프로피오닐티오에틸다이팔미토일글리세로포스페이트), 소듐페닐부티로일히스티디닐4-t-부틸D-페닐알라닐알지닐라이신N6-(석신이미도프로피오닐티오에틸다이팔미토일글리세로포스페이트), 셀룰로오스검, 트라이소듐아스코빌팔미테이트포스페이트, 시트랄, 리모넨, 리날룰",ANUA,비타 10 포어스트릭스 미백 토닝 세럼,73688,,
250 mL/8.45 fl. oz,,(주)코스메카코리아/(주)더파운더즈,"쌀겨수(71%), 부틸렌글라이콜, 글리세린, 다이프로필렌글라이콜, 나이아신아마이 드, 프로판다이올, 정제수, 1,2-헥산다이올, 메틸글루세스-20, 판테놀, 베타인, 쌀추출 물(3,753ppm), 하이드록시아세토페논, 다이페닐다이메티콘, 트라이에틸헥사노인, 하이드로제네이티드레시틴, 아데노신, 에틸헥실글리세린, 카보머, 트로메타민, 잔탄 검, 글리세릴아크릴레이트/아크릴릭애씨드코폴리머, 카카오씨추출물, 소듐하이알 루로네이트, 하이드롤라이즈드하이알루로닉애씨드, 하이알루로닉애씨드, 덱스트 린, 하이드롤라이즈드쌀단백질(3,000ppb), 쌀단백질(3,000ppb), 세라마이드엔피, 소듐라우로일락틸레이트, 알부틴, 아스코빅애씨드, 알란토인, 세라마이드에이피, 피토스핑고신, 콜레스테롤, 세라마이드이오피",ANUA,라이스 70 글로우 밀키 토너,66516,,
23mL,,한국콜마(주) / ㈜더파운더즈,"정제수, 다이프로필렌글라이콜, 메틸프로판다이올, 1,2-헥산다이올, 트레할로오스, 하이드록시아세토페논, 베타인, 글리세린, 암모늄아크릴로일다이메틸타우레이트/브이피코폴리머, 옥틸도데세스-16, 이노시톨, 부틸렌글라이콜, 아크릴레이트/C10-30알킬아크릴레이트크로스폴리머, 글리세릴글루코사이드, 트로메타민, 황련뿌리추출물, 메틸다이아이소프로필프로피온아마이드, 다이소듐이디티에이, 하이드로제네이티드레시틴, 녹차카테킨, 카페인, 물푸레나무추출물, 바질꽃/잎/줄기추출물, 덱스트린, 카카오씨추출물, 다시마추출물, 참마뿌리추출물, 당느릅나무뿌리추출물, 제비꽃꽃추출물, 알로에베라잎추출물, 하이드롤라이즈드소듐하이알루로네이트, 팥추출물, 에스신, 당호박추출물, 감나무잎추출물, 포도추출물, 에틸헥실글리세린, 소듐하이알루로네이트, 호장근뿌리추출물, 커피콩추출물, 잇꽃꽃추출물, 밤껍질추출물, 녹차추출물, 초피나무열매추출물, 하이드록시프로필트라이모늄하이알루로네이트, 몰로키아잎추출물, 탄닉애씨드, 보리추출물, 하이드롤라이즈드하이알루로닉애씨드, 소듐아세틸레이티드하이알루로네이트, 하이알루로닉애씨드, 소듐하이알루로네이트크로스폴리머, 소듐팔미토일프롤린, 포타슘하이알루로네이트, 알바수련꽃추출물",ANUA,8 히알루론산 카테킨 쿨 슬림 마스크,73046,,
50 mL/1.69 fl. oz,,대한민국,"쌀겨수(58%), 다이프로필렌글라이콜, 글리세린, 메틸프로판다이올, 정제수, 부틸렌 글라이콜, 메틸글루세스-10, 나이아신아마이드, 1,2-헥산다이올, 판테놀, 쌀추출물 (2989.24979ppm), 소듐하이알루로네이트, 알파-알부틴, 신선초추출물, 몰로키아 잎추출물, 참마뿌리추출물, 오크라열매추출물, 연꽃뿌리추출물, 탈지쌀겨추출물 (10ppb), 쌀겨(1ppb), 하이드롤라이즈드쌀단백질(0.3ppb), 쌀단백질(0.3ppb), 꿀 추출물, 하이알루로닉애씨드, 하이드롤라이즈드하이알루로닉애씨드, 하이드록시 에틸우레아, 펜틸렌글라이콜, 소듐폴리아크릴레이트, 카프릴릭/카프릭트라이글리 세라이드, 에틸헥실글리세린, 하이드로제네이티드레시틴, 폴리쿼터늄-51, 아데노 신, 알란토인, 소듐파이테이트, 세라마이드엔피(100.0001ppm), 베타-글루칸, 토코 페롤, 알부틴, 징크스테아레이트, 탈지쌀겨(1ppb), 카보머, 잔탄검",ANUA,7 라이스 세라마이드 하이드레이팅 베리어 세럼,66518,,
50ml,,한국콜마(주) / (주)더파운더즈,"약모밀추출물;세테아릴알코올;글리세린;사이클로헥사실록세인;부틸렌글라이콜;1,2-헥산다이올;다이카프릴릴에터;카프릴릭/카프릭트라이글리세라이드;하이드로제네이티드폴리(C6-14올레핀);하이드로제네이티드폴리데센;글리세릴스테아레이트에스이;세테아릴올리베이트;솔비탄올리베이트;식물성오일;판테놀;하이드로제네이티드레시틴;다이프로필렌글라이콜;베헤닐알코올;암모늄아크릴로일다이메틸타우레이트/브이피코폴리머;세테아릴글루코사이드;콜레스테롤;잔탄검;아데노신;세라마이드엔피;글루코오스;정제수;에틸헥실글리세린",ANUA,어성초 70 인텐스 카밍 크림,21693,,
15g,,코스맥스(주) / (주)더파운더즈,"정제수, 티타늄디옥사이드 (CI 77891), 사이클로펜타실록세인, 에칠헥실메톡시신나메이트, 글리세린, 다이페닐실록시페닐트라이메티콘, 에칠헥실살리실레이트, 라우릴피이지-9폴리다이메틸실록시에틸다이메티콘, 부틸렌글라이콜다이카프릴레이트/다이카프레이트, 나이아신아마이드, 프로판다이올, 다이메티콘, 아이소도데케인, 1,2-헥산다이올, 메틸트라이메티콘, 탄산수, 연꽃꽃수, 파파야열매추출물 , 매실추출물, 사과추출물, 포도추출물, 하이드롤라이즈드식물성단백질, 탄제린추출물, 동백나무꽃추출물 , 병풀추출물, 약모밀추출물, 마돈나백합꽃추출물, 복숭아추출물, 코치닐선인장열매추출물 , 다마스크장미꽃수, 히비스커스꽃추출물, 수레국화꽃수, 마트리카리아꽃추출물, 유자껍질추출물, 프로방스장미꽃추출물, 비터오렌지꽃수, 락토바실러스발효용해물, 에델바이스캘러스배양추출물, 카카두플럼추출물, 메도우스위트추출물, 키라야타추출물, 은방울수선비늘줄기추출물, 비치스트로베리추출물, 락토바실러스발효물, 라벤더꽃추출물, 라즈베리추출물, 크랜베리추출물, 비타민나무추출물, 비타민나무열매추출물, 보리지추출물, 수레국화꽃추출물, 마트리카리아꽃/잎추출물, 백미꽃추출물, 히아신스전초추출물, 라벤더꽃수, 연꽃꽃추출물, 알바수련꽃추출물, 세룰라타벚나무꽃추출물, 장미꽃추출물, 클레리추출물, 서양민들레잎추출물, 마트리카리아꽃수, 작약꽃추출물, 라즈베리수 , 소듐하이알루로네이트, 로우스위트블루베리추출물, 하이드롤라이즈드하이알루로닉애씨드, 하이알루로닉애씨드, 복사나무꽃추출물, 파스향나무잎추출물, 얼룩파인애플추출물, 망고스틴껍질추출물, 망고추출물, 노니추출물, 바나나추출물, 람부탄가지/열매/잎추출물, 구아바열매추출물, 피이지-10다이메티콘, 트라이데실트라이멜리테이트, 다이스테아다이모늄헥토라이트, 아크릴레이트/다이메티콘코폴리머, 다이메티콘/비닐다이메티콘크로스폴리머, 아크릴레이트/스테아릴아크릴레이트/다이메티콘메타크릴레이트코폴리머, 마그네슘설페이트, 트라이메틸실록시실리케이트 , 합성플루오르플로고파이트, 폴리글리세릴-3폴리다이메틸실록시에틸다이메티콘, 폴리하이드록시스테아릭애씨드, 스테아릭애씨드, 알루미나, 옥틸도데칸올 , 알루미늄하이드록사이드, 트라이에톡시카프릴릴실레인 , 레시틴, 에틸헥실팔미테이트, 아이소프로필미리스테이트 , 아이소스테아릭애씨드, 아데노신, 트라이소듐에틸렌다이아민다이석시네이트, 폴리글리세릴-3폴리리시놀리에이트, 폴리글리세릴-4아이소스테아레이트, 네오펜틸글라이콜다이에틸헥사노에이트 , 아이소프로필티타늄트라이아이소스테아레이트, 토코페롤, 부틸렌글라이콜, 말토덱스트린, 판테놀, 메틸프로판다이올, 수크로오스, 에틸헥실글리세린, 펜틸렌글라이콜, 옥탄다이올, 다이메틸실란올하이알루로네이트, 하이드롤라이즈드소듐하이알루로네이트, 포타슘하이알루로네이트, 하이드록시프로필트라이모늄하이알루로네이트, 소듐하이알루로네이트크로스폴리머, 소듐하이알루로네이트다이메틸실란올, 소듐아세틸레이티드하이알루로네이트, 세라마이드엔피, 스쿠알란, 카프릴릭/카프릭트라이글리세라이드, 다이소듐이디티에이, 포타슘솔베이트, 황색산화철 (CI 77492), 흑색산화철 (CI 77499), 적색산화철 (CI 77491)",ANUA,결 쿠션 [SPF50+/PA+++] [02 라이트],66710,,
50ml,,한국콜마㈜ / ㈜더파운더즈,"상품상세참조복숭아수(77%), 글리세린, 메틸프로판다이올, 나이아신아마이드(2%), 1,2-헥산다이올, 아이소도데케인, 락토바실러스발효물, 프로판다이올, 판테놀, 폴리글리세릴-3메틸글루코오스다이스테아레이트, 폴리메틸실세스퀴옥세인, 하이드로제네이티드폴리데센, 황련뿌리추출물, 복숭아추출물(40ppm), 복사나무꽃추출물(10ppm), 소듐하이알루로네이트, 수용성콜라겐, 호호바에스터, 비닐다이메티콘, 암모늄아크릴로일다이메틸타우레이트/브이피코폴리머, 정제수, 다이메티콘올, 아크릴레이트/C10-30알킬아크릴레이트크로스폴리머, 하이드록시아세토페논, 트로메타민, 에틸헥실글리세린, 부틸렌글라이콜, 아데노신, 다이소듐이디티에이, 사이아노코발아민, 효모발효여과물, 토코페롤, 세라마이드엔피, 펙틴, 말토덱스트린, 하이드롤라이즈드식물성단백질, 갈락토미세스발효여과물, 비피다발효용해물, 향료",ANUA,복숭아 77 나이아신 인리치드 크림,56219,,
50ml,,한국콜마/㈜더파운더즈,"정제수, 다이부틸아디페이트, 프로판다이올, 에칠헥실트리아존, 테레프탈릴리덴디캠퍼설포닉애씨드, 글리세린, 나이아신아마이드, 카프릴릴메티콘, 폴리메틸실세스퀴옥세인, 트로메타민, 1,2-헥산다이올, 폴리글리세릴-3다이스테아레이트, 세테아릴알코올, 펜틸렌글라이콜, 부틸렌글라이콜, 디에칠아미노하이드록시벤조일헥실벤조에이트, 폴리실리콘-15, 약모밀추출물, 감나무잎추출물, 포도추출물, 잇꽃꽃추출물, 커피콩추출물, 호장근뿌리추출물, 녹차추출물, 밤껍질추출물, 초피나무열매추출물, 트루로즈오브예리코추출물, 판테놀, 글리세릴스테아레이트, 비스-에칠헥실옥시페놀메톡시페닐트리아진, 포타슘세틸포스페이트, 메틸프로판다이올, 카보머, 글리세릴스테아레이트시트레이트, 아크릴레이트/C10-30알킬아크릴레이트크로스폴리머, 암모늄아크릴로일다이메틸타우레이트/브이피코폴리머, 아데노신, 폴리에터-1, 바이오사카라이드검-1, 토코페롤, 에틸헥실글리세린",ANUA,어성초 실키 모이스처 선크림 [SPF50+/PA++++],48222,,
30ml,,한국콜마(주)/(주)더파운더즈,"정제수, 글리세레스-26, 나이아신아마이드(5%), 사과추출물, 글리세린,1,2 헥산다이올, 카프릴릭/카프릭트라이글리세라이드, 밤껍질추출물, 글리세릴시트레이트/락테이트/리놀리에이트/올리에이트, 감나무잎추출물, 황련뿌리추출물, 실버위드추출물, 귀리커넬추출물, 아티초크잎추출물, 쇠비름추출물, 티트리추출물, 무화과추출물, 병풀추출물, 녹차추출물, 사철쑥꽃추출물, 아르니카 몬타나꽃추출물, 약모밀추출물, 인도멀구슬나무잎추출물, 라벤더꽃추출물, 마트리카리아꽃/잎추출물, 보리지추출물, 수레국화꽃추출물, 하이드로제네이티드레시틴, 녹차수, 수레국화꽃수, 소듐하이알루로네이트, 티트리잎오일, 안디로바씨오일, 비타민나무열매오일, 토코페롤, 프로판다이올, 세틸에틸헥사노에이트, 암모늄아크릴로일다이메틸타우레이트/브이피코폴리머, 펜타에리스리틸테트라-다이-t-부틸하이드록시하이드로신나메이트, 폴리아크릴레이트크로스폴리머-6, 메틸프로판다이올, 부틸렌글라이콜, 폴리솔베이트20, 레티놀(0.11%), 세라마이드엔피, 펜틸렌글라이콜, 카보머, 트로메타민, 다이포타슘글리시리제이트, 에틸헥실글리세린, 아데노신, 다이소듐이디티에이, 폴리쿼터늄-51, 베타-글루칸, 스쿠알란, 판테놀, 하이드롤라이즈드소듐하이알루로네이트, 비에이치티, 올레익애씨드, 다이프로필렌글라이콜, 비에이치에이, 알란토인, 말토덱스트린, 사카라이드하이드롤리세이트, 솔비탄라우레이트, 글리세릴스테아레이트, 시어버터, 옥틸도데칸올, 피토스테롤, 마데카소사이드, 세라마이드에이에스, 세라마이드에이피, 카프릴로일살리실릭애씨드, 콜레스테롤, 하이드록시에틸셀룰로오스, 아세틸다이펩타이드-1세틸에스터, 세라마이드엔에스, 세라마이드엔지, 카프릴릴글라이콜, 구아이아줄렌, 수크로오스다이스테아레이트, 노나펩타이드-1, 아세틸헥사펩타이드-8, 카퍼트라이펩타이드-1, 트라이펩타이드-1, 팔미토일테트라펩타이드-7, 팔미토일트라이펩타이드-1, 팔미토일펜타펩타이드-4, 하이드록시프로필사이클로덱스트린, 헥사펩타이드-9, 세라마이드이오피",ANUA,나노 레티놀 0.3 나이아신 리뉴잉 세럼,58536,,
30mL,,한국콜마 / ㈜더파운더즈,"약모밀꽃/잎/줄기수(77%), 나이아신아마이드(5%), 1,2-헥산다이올, 판테놀, 글리세린, 다이프로필렌글라이콜, 부틸렌글라이콜, 소듐시트레이트, 징크피씨에이(1%), 프로판다이올, 트레할로오스, 정제수, 베타인, 잔탄검, 스핑고모나스발효추출물, 에틸헥실글리세린, 시트릭애씨드, 하이드록시프로필사이클로덱스트린, 아데노신, 다이소듐이디티에이, 다이포타슘글리시리제이트, 글리세릴아크릴레이트/아크릴릭애씨드코폴리머, 글루코노락톤, 도코사헥사에노익애씨드, 토코페롤, 알란토인, 피리독신에이치씨엘, 카프릴로일살리실릭애씨드, 약모밀소포, 아이소쿼시트린, 쿼세틴",ANUA,어성초 77 B3징크 트러블 세럼,76378,,
150 mL/5.07 fl. oz.,,한국콜마(주)/(주)더파운더즈,"쌀겨수(71%), 하이드로제네이티드폴리(C6-14올레핀), 부틸렌글라이콜, 글리세린, 나이아신아마이드, 메도우폼씨오일, 피토스테릴/옥틸도데실라우로일글루타메이트 , 1,2-헥산다이올, 다이글리세린, 세틸에틸헥사노에이트, 정제수, 피토스테릴/이소 스테아릴/세틸/스테아릴/베헤닐다이머디리놀리에이트, 글리세릴스테아레이트, 코 코넛야자오일, 비닐다이메티콘, 베헤닐알코올, 쌀추출물(3,767ppm), 폴리솔베이 트20, 세테아릴알코올, 알지닌, 하이드록시아세토페논, 하이드로제네이티드레시틴, 에틸헥실글리세린, 아크릴레이트/C10-30알킬아크릴레이트크로스폴리머, 하이드 록시에틸아크릴레이트/소듐아크릴로일다이메틸타우레이트코폴리머, 글리세릴스 테아레이트에스이, 잔탄검, 아데노신, 카보머, 콜레스테롤, 다이프로필렌글라이콜, 세라마이드엔피, 솔비탄아이소스테아레이트, 락토바실러스발효여과물, 스쿠알란, 알란토인, 쌀단백질(3,000ppb), 하이드롤라이즈드쌀단백질(3,000ppb), 토코페롤, 엑토인, 피토스핑고신, 팔미틱애씨드, 스테아릭애씨드, 소듐하이알루로네이트, 세라 마이드에이에스, 세라마이드에이피, 세라마이드엔에스, 하이드롤라이즈드하이알 루로닉애씨드, 소듐아세틸레이티드하이알루로네이트, 쌀겨오일(0.03ppb), 세라마 이드이오피",ANUA,라이스 70 인텐시브 모이스처라이징 밀크,66519,,
150mL,,한국콜마(주) / (주)더파운더즈,"정제수, 복숭아수(15.7%), 글리세린, 포타슘라우레이트, 셀 룰로오스, 포타슘미리스테이트, 아크릴레이트코폴리머, 1,2- 헥산다이올, 베타인, 복숭아씨가루(0.5%), 하이드록시아세 토페논, 포타슘하이드록사이드, 폴리쿼터늄-22, 락토바실러 스발효물, 에틸헥실글리세린, 향료, 치자추출물, 소듐파이테 이트, 덱스트린, 나이아신아마이드(100ppm), 사이아노코발 아민, 부틸렌글라이콜, 하이드로제네이티드레시틴, 병풀추출 물, 무화과추출물, 소듐하이알루로네이트, 글리세릴글루코사 이드, 베타-글루칸, 세라마이드엔피, 칡뿌리추출물, 대왕소나 무잎추출물, 당느릅나무뿌리추출물, 달맞이꽃꽃추출물, 리놀 레닉애씨드, 아크릴레이트/C10-30알킬아크릴레이트크로 스폴리머,암모늄아크릴로일다이메틸타우레이트/브이피코 폴리머, 하이드록시프로필스타치포스페이트, 카프릴로일살 리실릭애씨드, 살구추출물",ANUA,복숭아 나이아신 스프레드 클렌징 폼,71867,,
70매 / 160 ml,,코스맥스 / (주)더파운더즈,"정제수;자작나무수액;부틸렌글라이콜;글리세린;다이프로필렌글라이콜;클로렐라 불가리스추출물;인도멀구슬나무잎추출물;소듐하이알루로네이트;인도멀구슬나무꽃추출물;아이비고드열매추출물;백미꽃추출물;알로에베라꽃추출물;가지열매추출물;홀리바질잎추출물;접시꽃추출물;참산호말추출물;울금뿌리추출물;오이열매추출물;말라카이트추출물;녹차추출물;애플민트잎추출물;타임잎추출물;달맞이꽃꽃추출물;대왕송잎추출물;칡뿌리추출물;당느릅나무뿌리추출물;하이알루로닉애씨드;하이드롤라이즈드하이알루로닉애씨드;1,2-헥산다이올;하이드록시아세토페논;알란토인;글루코오스;에틸헥실글리세린;카프릴릴글라이콜;프로판다이올;프룩토올리고사카라이드;프룩토오스;폴리글리세릴-10라우레이트;글리세릴카프릴레이트;펜틸렌글라이콜;아세틸글루코사민;베타인;소듐시트레이트;사이아노코발아민;소듐하이알루로네이트크로스폴리머;글루코노락톤;토코페롤;프로필렌글라이콜;잔탄검;다이소듐이디티에이",ANUA,자작나무 수분 부스팅 패드,34266,,
30ml,,엔코스 / (주)더파운더즈,"자작나무수액;부틸렌글라이콜;다이프로필렌글라이콜;정제수;글리세린;다이글리세린;1,2-헥산다이올;트레할로오스;하이드록시아세토페논;카보머;카프릴릴글라이콜;트로메타민;알란토인;베타인;오이열매추출물;글리세릴아크릴레이트/아크릴릭애씨드코폴리머;덱스트린;치자추출물;달맞이꽃추출물(구명칭);당느릅나무뿌리추출물;바이오사카라이드검-1;대왕송잎추출물;판테놀;칡뿌리추출물;글루코노락톤;다이포타슘글리시리제이트;말라카이트추출물;토코페롤;소듐하이알루로네이트;하이드록시프로필트라이모늄하이알루로네이트;소듐아세틸레이티드하이알루로네이트;하이드롤라이즈드하이알루로닉애씨드;하이알루로닉애씨드;소듐하이알루로네이트크로스폴리머;하이드롤라이즈드소듐하이알루로네이트;포타슘하이알루로네이트;소듐파이테이트;에틸헥실글리세린",ANUA,자작나무 70 수분 부스팅 세럼,32742,,
38 g/Net Wt. 1.34 oz.,,메가코스 / ㈜더파운더즈,"약모밀꽃/잎/줄기수(70%), 정제수, 부틸렌글라이콜, 글리세린, 하이드로제네이티드폴리 데센, 1,2-헥산다이올, 아크릴레이트코폴리머, 캐롭검, 잔탄검, 카라기난, 하이드록시아세토페논, 수크로오스, 알란토인, 포타슘클로라이드, 셀룰로오스검, 소듐폴리아크릴레이트, 다이포타슘글리시리제이트, 알로에베라잎추출물, 젤란검, 카프릴릴글라이콜, 아데노신, 프로판다이올, 에틸헥실글리세린, 크로뮴옥사이드그린, 멘톡시프로판다이올, 멘틸락테이트, 소듐파이테이트, 수용성콜라겐(60ppm), 소듐하이알루로네이트, 약모밀추출물(10 ppm), 삼나무잎추출물, 연꽃잎추출물, 효모발효물, 하이알루로닉애씨드, 하이드롤라이즈드하이 알루로닉애씨드",ANUA,어성초 70 수딩 콜라겐 마스크,72247,,
38 g/Net Wt. 1.34 oz.,,메가코스,"쌀겨수(70%), 정제수, 다이프로필렌글라이콜, 하이드로제네이티드폴리데센, 1,2-헥산다 이올, 글리세린, 나이아신아마이드, 아크릴레이트코폴리머, 캐롭검, 잔탄검, 카라기난, 하이 드록시아세토페논, 쌀추출물(3,631ppm), 수크로오스, 알란토인, 포타슘클로라이드, 왕겨 가루(1,500ppm), 소듐폴리아크릴레이트, 다이포타슘글리시리제이트, 셀룰로오스검, 젤 란검, 카프릴릴글라이콜, 아데노신, 부틸렌글라이콜, 판테놀, 에틸헥실글리세린, 소듐파이 테이트, 황색산화철, 수용성콜라겐(60ppm), 소듐하이알루로네이트, 적색산화철, 하이드 록시프로필트라이모늄하이알루로네이트, 피토스핑고신, 쌀단백질(300ppb), 하이드롤라 이즈드발단백질(300ppb), 세라마이드엔피, 소듐아세틸레이티드하이알루로네이트, 하이 드롤라이즈드하이알루로닉애씨드, 하이알루로닉애씨드, 소듐하이알루로네이트크로스폴 리머, 하이드롤라이즈드소듐하이알루로네이트, 포타슘하이알루로네이트",ANUA,라이스 70 글로우 콜라겐 마스크,72244,,
38 g/Net Wt. 1.34 oz.,,메가코스 / ㈜더파운더즈,"복숭아수(70%), 정제수, 다이프로필렌글라이콜, 하이드로제네이티드폴리데센, 1,2-헥산 다이올, 글리세린, 나이아신아마이드(2%), 락토바실러스발효물, 아크릴레이트코폴리머, 캐롭검, 잔탄검, 카라기난, 하이드록시아세토페논, 수크로오스, 알란토인, 포타슘클로라이 드, 소듐폴리아크릴레이트, 다이포타슘글리시리제이트, 셀룰로오스검, 젤란검, 카프릴릴글 라이콜, 아데노신, 에틸헥실글리세린, 소듐파이테이트, 적색산화철, 수용성콜라겐 (60ppm), 소듐하이알루로네이트, 말토덱스트린, 라즈베리추출물, 복분자딸기열매추출 물, 복사나무꽃추출물(1ppm), 복숭아추출물(1ppm), 세룰라타벚나무꽃추출물, 하이드록 시프로필트라이모늄하이알루로네이트, 베타인살리실레이트, 소듐시트레이트, 소듐아세틸 레이티드하이알루로네이트, 시트릭애씨드, 하이드롤라이즈드하이알루로닉애씨드, 하이 알 루로닉애씨드, 사이아노코발아민, 소듐하이알루로네이트크로스폴리머, 하이드롤라이즈드 소듐하이알루로네이트, 포타슘하이알루로네이트",ANUA,복숭아 70 나이아신 브라이트닝 콜라겐 마스크,72245,,
15g,,코스맥스(주) / (주)더파운더즈,"정제수, 티타늄디옥사이드 (CI 77891), 사이클로펜타실록세인, 에칠헥실메톡시신나메이트, 글리세린, 다이페닐실록시페닐트라이메티콘, 에칠헥실살리실레이트, 라우릴피이지-9폴리다이메틸실록시에틸다이메티콘, 부틸렌글라이콜다이카프릴레이트/다이카프레이트, 나이아신아마이드, 프로판다이올, 다이메티콘, 아이소도데케인, 1,2-헥산다이올, 메틸트라이메티콘, 탄산수, 연꽃꽃수, 파파야열매추출물 , 매실추출물, 사과추출물, 포도추출물, 하이드롤라이즈드식물성단백질, 탄제린추출물, 동백나무꽃추출물 , 병풀추출물, 약모밀추출물, 마돈나백합꽃추출물, 복숭아추출물, 코치닐선인장열매추출물 , 다마스크장미꽃수, 히비스커스꽃추출물, 수레국화꽃수, 마트리카리아꽃추출물, 유자껍질추출물, 프로방스장미꽃추출물, 비터오렌지꽃수, 락토바실러스발효용해물, 에델바이스캘러스배양추출물, 카카두플럼추출물, 메도우스위트추출물, 키라야타추출물, 은방울수선비늘줄기추출물, 비치스트로베리추출물, 락토바실러스발효물, 라벤더꽃추출물, 라즈베리추출물, 크랜베리추출물, 비타민나무추출물, 비타민나무열매추출물, 보리지추출물, 수레국화꽃추출물, 마트리카리아꽃/잎추출물, 백미꽃추출물, 히아신스전초추출물, 라벤더꽃수, 연꽃꽃추출물, 알바수련꽃추출물, 세룰라타벚나무꽃추출물, 장미꽃추출물, 클레리추출물, 서양민들레잎추출물, 마트리카리아꽃수, 작약꽃추출물, 라즈베리수 , 소듐하이알루로네이트, 로우스위트블루베리추출물, 하이드롤라이즈드하이알루로닉애씨드, 하이알루로닉애씨드, 복사나무꽃추출물, 파스향나무잎추출물, 얼룩파인애플추출물, 망고스틴껍질추출물, 망고추출물, 노니추출물, 바나나추출물, 람부탄가지/열매/잎추출물, 구아바열매추출물, 피이지-10다이메티콘, 트라이데실트라이멜리테이트, 다이스테아다이모늄헥토라이트, 아크릴레이트/다이메티콘코폴리머, 다이메티콘/비닐다이메티콘크로스폴리머, 아크릴레이트/스테아릴아크릴레이트/다이메티콘메타크릴레이트코폴리머, 마그네슘설페이트, 트라이메틸실록시실리케이트 , 합성플루오르플로고파이트, 폴리글리세릴-3폴리다이메틸실록시에틸다이메티콘, 폴리하이드록시스테아릭애씨드, 스테아릭애씨드, 알루미나, 옥틸도데칸올 , 알루미늄하이드록사이드, 트라이에톡시카프릴릴실레인 , 레시틴, 에틸헥실팔미테이트, 아이소프로필미리스테이트 , 아이소스테아릭애씨드, 아데노신, 트라이소듐에틸렌다이아민다이석시네이트, 폴리글리세릴-3폴리리시놀리에이트, 폴리글리세릴-4아이소스테아레이트, 네오펜틸글라이콜다이에틸헥사노에이트 , 아이소프로필티타늄트라이아이소스테아레이트, 토코페롤, 부틸렌글라이콜, 말토덱스트린, 판테놀, 메틸프로판다이올, 수크로오스, 에틸헥실글리세린, 펜틸렌글라이콜, 옥탄다이올, 다이메틸실란올하이알루로네이트, 하이드롤라이즈드소듐하이알루로네이트, 포타슘하이알루로네이트, 하이드록시프로필트라이모늄하이알루로네이트, 소듐하이알루로네이트크로스폴리머, 소듐하이알루로네이트다이메틸실란올, 소듐아세틸레이티드하이알루로네이트, 세라마이드엔피, 스쿠알란, 카프릴릭/카프릭트라이글리세라이드, 다이소듐이디티에이, 포타슘솔베이트, 황색산화철 (CI 77492), 흑색산화철 (CI 77499), 적색산화철 (CI 77491)",ANUA,결 쿠션 [SPF50+/PA+++] [01 클리어],66708,,
25ml/0.84 fl.oz.,,(주)엔코스 / (주)더파운더즈,"정제수;다이프로필렌글라이콜;자작나무수액;부틸렌글라이콜;글리세린;다이글리세린;베타-글루칸;소듐하이알루로네이트;하이드록시프로필트라이모늄하이알루로네이트;소듐아세틸레이티드하이알루로네이트;하이드롤라이즈드하이알루로닉애씨드;하이알루로닉애씨드;소듐하이알루로네이트크로스폴리머;하이드롤라이즈드소듐하이알루로네이트;포타슘하이알루로네이트;다이포타슘글리시리제이트;트레할로오스;알란토인;시어버터;피토스핑고신;세라마이드엔피;글루코오스;자일리톨;자일리틸글루코사이드;안하이드로자일리톨;알지닌;카페인;바이오사카라이드검-1;카보머;하이드록시아세토페논;카프릴릴글라이콜;에틸헥실글리세린;1,2-헥산다이올;소듐파이테이트",ANUA,자작나무 수분 마스크,21692,,
40g,,㈜코스메카코리아 / (주)더파운더즈,"옥수수전분, 카올린, 소듐바이카보네이트, 소듐코코일이 세티오네이트, 소듐라우로일글루타메이트, 시트릭애씨드, 소듐폴리아크릴레이트, 다이글리세린, 알란토인, 정제수, 말토덱스트린, 파파인, 쌀가루(1,000ppm), 쌀지게미추출 물(1,000ppm), 쌀겨수(487.5ppm), 부틸렌글라이콜, 1,2-헥산다이올, 세라마이드엔피, 아스코빅애씨드, 알파-알부 틴, 글루코오스, 쌀추출물(7,500ppb), 프로테아제, 다이 프로필렌글라이콜, 글리세린, 타타릭애씨드, 락틱애씨드, 쌀단백질(150ppb), 하이드롤라이즈드쌀단백질(150ppb), 카프릴릴글라이콜",ANUA,라이스 효소 브라이트닝 클렌징 파우더,66030,,
28mL/0.94 fl. oz.,,한국콜마 / ㈜더파운더즈,"정제수, 글리세린, 나이아신아마이드(5%), 프로판다이올, 부틸렌글라이콜, 에리스리톨, 프로필렌글라이콜, 하이드록시아세토페논, 다이에톡시에틸석시네이트, 베타인살리실레 이트, 트라넥사믹애씨드 (1,000ppm), 잔탄검, 카프릴릴글라이콜, 폴리글리세릴-10 아이 소스테아레이트, 에틸헥실글리세린, 카보머, 아데노신, 트로메타민, 치자추출물, 펜틸렌 글라이콜, 폴리글리세릴-10 올리에이트, 덱스트린, 메틸다이아이소프로필프로피온아마 이드, 소듐파이테이트, 효모발효여과물, 1,2-헥산다이올, 카프릴릭/카프릭트라이글리세 라이드, 판테놀, 사이아노코발아민, 하이드로제네이티드레시틴, 카카오추출물, 베타-글루 칸, 다발방패버섯추출물, 세라마이드엔피, 백미꽃추출물, 접시꽃추출물, 토코페롤, 하이 드롤라이즈드하이알루로닉애씨드, 카프릴릴/카프릴글루코사이드, 다이메틸실란올하이 알루로네이트, 하이드롤라이즈드소듐하이알루로네이트, 하이알루로닉애씨드, 포타슘하 이알루로네이트, 소듐코코일글루타메이트, 소듐하이알루로네이트, 하이드록시프로필트 라이모늄하이알루로네이트, 소듐하이알루로네이트크로스폴리머, 소듐하이알루로네이 트다이메틸실란을, 소듐아세틸레이티드하이알루로네이트, 글리세릴카프릴레이트, 폴리 글리세릴-6 올리에이트, 시트릭애씨드, 소듐서팩틴",ANUA,나이아신아마이드 TXA 다크스팟 세럼 마스크,75454,,
50ml,,엔코스 / (주)더파운더즈,"자작나무수액;다이프로필렌글라이콜;부틸렌글라이콜;정제수;스쿠알란;카프릴릭/카프릭트라이글리세라이드;1,2-헥산다이올;C12-16알코올;하이드록시에틸아크릴레이트/소듐아크릴로일다이메틸타우레이트코폴리머;암모늄아크릴로일다이메틸타우레이트/브이피코폴리머;폴리글리세릴-2스테아레이트;글리세릴스테아레이트;팔미틱애씨드;하이드로제네이티드레시틴;스테아릴알코올;카프릴릴글라이콜;솔비탄아이소스테아레이트;덱스트린;알란토인;베타인;오이열매추출물;글루코노락톤;판테놀;치자추출물;당느릅나무뿌리추출물;대왕송잎추출물;칡뿌리추출물;달맞이꽃추출물(구명칭);다이포타슘글리시리제이트;토코페롤;말라카이트추출물;소듐하이알루로네이트;하이드록시프로필트라이모늄하이알루로네이트;하이드롤라이즈드하이알루로닉애씨드;소듐아세틸레이티드하이알루로네이트;하이알루로닉애씨드;하이드롤라이즈드소듐하이알루로네이트;소듐하이알루로네이트크로스폴리머;포타슘하이알루로네이트;에틸헥실글리세린;하이드록시아세토페논;다이소듐이디티에이",ANUA,자작나무 70 수분 부스팅 크림,32743,,
80mL,,한국콜마(주) / ㈜더파운더즈,"약모밀꽃/잎/줄기수(77%), 나이아신아마이드(1,000 ppm), 1,2-헥산다이올, 판테놀, 글리세린, 다이프로필렌글라이콜, 부틸렌글라이콜, 소듐시트레이트, 징크피씨에이(10 ppm), 프로판다이올, 트레할로오스, 정제수, 베타인, 잔탄검, 스핑고모나스발효추출물, 에틸헥실글리세린, 시트릭애씨드, 하이드록시프로필사이클로덱스트린, 아데노신, 다이소듐이디티에이, 다이포타슘글리시리제이트, 글리세릴아크릴레이트/아크릴릭애씨드코폴리머, 글루코노락톤, 도코사헥사에노익애씨드, 토코페롤, 알란토인, 피리독신에이치씨엘, 카프릴로일살리실릭애씨드, 약모밀소포, 아이소쿼시트린, 쿼세틴",ANUA,어성초 77 B3징크 수딩 크림,76379,,
24ml x 1ea,,한국콜마,"정제수, 나이아신아마이드(5%), 부틸렌글라이콜, 메틸프로판다이올, 트라이프로필렌글라이콜, 메틸트라이메티콘, 글리세린, 글리세레스-26, 다이카프릴릴에터, 1,2-헥산다이올, 옥틸도데세스-16, 하이드록시아세토페논, 트레할로오스, 암모늄아크릴로일다이메틸타우레이트/브이피코폴리머, 다이포타슘글리시리제이트, 폴리우레탄-15, 펜틸렌글라이콜, 아크릴레이트/C10-30알킬아크릴레이트크로스폴리머, 글리세릴글루코사이드, 황련뿌리추출물, 잔탄검, 펜타에리스리틸테트라-다이-t-부틸하이드록시하이드로신나메이트, 아데노신, 트로메타민, 다이소듐이디티에이, 알란토인, 판테놀, 올레익애씨드, 글리세릴아크릴레이트/아크릴릭애씨드코폴리머, 하이드로제네이티드레시틴, 레티놀(17ppm), 카프릴릭/카프릭트라이글리세라이드, 에이치디아이/트라이메틸올헥실락톤크로스폴리머, 토코페롤, 베타글루칸, 폴리비닐알코올, 세라마이드엔피, 소듐하이알루로네이트, 시어버터, 옥틸도데칸올, 피토스테롤, 카프릴릴글라이콜, 페닐프로판올, 비타민나무열매오일",ANUA,레티놀 나이아신 나이트 케어 마스크,75451,,
25ml x 10ea,,레인보우,"쌀겨수(70%), 정제수, 다이프로필렌글라이콜, 메틸프로판다이올, 글리세린, 1,2-헥산다이올, 글리세레스-26, 다이카프릴릴카보네 이트, 쌀추출물(3,610ppm), 옥틸도데세스-16, 부틸렌글라이콜, 하이드록시아세토페논, 아크릴레이트/C10-30알킬아크릴레이트크로스 폴리머, 암모늄아크릴로일다이메틸타우레이트/브이피코폴리머, 베타인, 트로메타민, 잔탄검, 알란토인, 다이소듐이디티에이, 쌀겨오일 (99ppm), 스쿠알란, 토코페롤, 에틸헥실글리세린, 소듐하이알루로네이트, 스테아릭애씨드, 팔미틱애씨드, 하이드롤라이즈드쌀단백질 (300ppb), 쌀단백질(300ppb), 세라마이드엔피, 하이드롤라이즈드하이알루로닉애씨드, 락토바실러스발효여과물, 하이드로제네이티 드레시틴, 콜레스테롤, 글리세릴스테아레이트, 피토스핑고신, 소듐아세틸레이티드하이알루로네이트, 아라키딕애씨드, 미리스틱애씨드, 세라마이드에이피, 세라마이드에이에스, 세라마이드이오피, 세라마이드엔에스, 엑토인",ANUA,라이스 인텐시브 모이스처라이징 밀크 마스크,75449,,
25ml/0.84 fl.oz.,,(주)씨엔에프/㈜더파운더즈,"정제수, 부틸렌글라이콜, 레몬추출물(20,000ppm), 나이아신아마이드, 1,2-헥산다 이올, 다이프로필렌글라이콜, 하이드록시아세토페논, 알지닌, 알란토인, 아크릴레이 트/C10-30알킬아크릴레이트크로스폴리머, 카보머, 폴리글리세릴-10라우레이트,에 틸헥실글리세린, 다이소듐이디티에이, 향료, 아스코빅애씨드(100ppm), 인도멀구슬 나무꽃추출물, 홀리바질잎추출물, 인도멀구슬나무잎추출물, 울금뿌리추출물, 참산 호말추출물, 페롤릭애씨드, 글루타티온, 하이드롤라이즈드소듐하이알루로네이트, 토코페롤, 셀러리추출물, 브로콜리추출물, 녹차추출물, 아보카도열매추출물, 추출물, 리모넨, 시트로넬올, 리날룰",ANUA,그린레몬 비타씨 잡티 세럼 마스크,56027,,
25g/0.88oz,,코스맥스 / (주)더파운더즈,"복숭아수(70%), 정제수, 글리세린, 메틸프로판다이올, 나이아신아마이드, 1,2-헥산다이올, 락토바실러스발효물, 진흙버섯추출물, 백미꽃추출물, 하이드롤라이즈드하이알루로닉애씨드, 접시꽃추출물, 녹차씨오일, 효모발효추출물, 잇꽃씨오일, 멕시칸치아씨오일, 복사나무꽃추출물, 칸디다 봄비콜라/글루코오스/메틸레이프씨데이트발효물, 하이알루로닉애씨드, 소듐하이알루로네이트, 하이드록시아세토페논, 프로판다이올, 부틸렌글라이콜, 알란토인, 트로메타민, 폴리글리세릴-10아이소스테아레이트, 폴리글리세릴-10올리에이트, 소듐파이테이트, 사이아노코발아민, 에틸헥실글리세린, 판테놀, 카프릴릭/카프릭트라이글리세라이드, 베타인살리실레이트, 하이드로제네이티드레시틴, 리놀레익애씨드, 리놀레닉애씨드, 수크로오스팔미테이트, 세라마이드엔피, 카보머, 잔탄검, 향료",ANUA,복숭아 나이아신아마이드 세럼 마스크,54714,,
27ml/0.91 fl. oz. (27ml x 10ea/9.12 floz.),,(주)씨엔에프/(주)더파운더즈,"약모밀꽃/잎/줄기수(80%), 부틸렌글라이콜, 정제수, 다이프로필렌글라이콜, 1,2-헥산다이올, 글리세린, 하이드록시아세토페논, 셀룰로오스검, 카보머, 알란토인, 폴리글리세릴-10라우레이트, 시트릭애씨드, 알지닌, 다이소듐이디티에이, 베타인, 판테놀, 바이오사카라이드검-1, 카카오추출물, 소듐하이알루로네이트, 덱스트린, 하이드롤라이즈드하이알루로닉애씨드, 소듐아세틸레이티드하이알루로네이트",ANUA,어성초 80 수분 진정 앰플 마스크,60026,,
25ml x 10ea,,엔코스 / ㈜더파운더즈,"정제수, 다이프로필렌글라이콜, 글리세린, 세틸에틸헥사노에이트, 판테놀, 쉐어버터, 피토스핑고신, 세라마이드엔피, 약모밀추출물, 1,2-헥산다이올, 폴리글리세릴-3메틸글루코오스다이스테아레이트, 하이드로제네이티드식물성오일, 글리세릴스테아레이트, 세테아릴알코올, 소듐하이알루로네이트, 카보머, 알지닌, 하이드록시아세토페논, 카프릴릴글라이콜, 다이포타슘글리시리제이트, 에틸헥실글리세린, 토코페롤,소듐파이테이트",ANUA,어성초 크림마스크 나이트 솔루션,42495,,
250ml,,CI팩토리 / 더파운더즈,"자작나무수액;다이프로필렌글라이콜;식물성글리세린;1,2-헥산다이올;메틸프로판다이올;베타인;알란토인;오이열매추출물;글루코닉애씨드;하이드롤라이즈드하이알루로닉애씨드;하이알루로닉애씨드;소듐하이알루로네이트;소듐하이알루로네이트크로스폴리머;하이드롤라이즈드글라이코사미노글리칸;부틸렌글라이콜;치자추출물;아이소펜틸다이올;아크릴레이트/C10-30알킬아크릴레이트크로스폴리머;트로메타민;시트릭애씨드;프로판다이올;벤질글라이콜;에틸헥실글리세린;라즈베리케톤",ANUA,자작나무 70 수분 부스팅 토너,32738,,
30ml,,㈜노디너리/㈜모먼츠컴퍼니,"병풀추출물;부틸렌글라이콜;정제수;글리세레스-26;메틸프로판다이올;글리세린;폴리글리세린-3;사카라이드하이드롤리세이트;1,2-헥산다이올;판테놀;자일리틸글루코사이드;알란토인;트로메타민;아크릴레이트/C10-30알킬아크릴레이트크로스폴리머;글리세릴아크릴레이트/아크릴릭애씨드코폴리머;안하이드로자일리톨;자일리톨;소듐폴리아크릴레이트;글루코오스;다이카프릴릴카보네이트;펜틸렌글라이콜;베타-글루칸;소듐하이알루로네이트;베타-시토스테롤;마데카소사이드;카프릴로일살리실릭애씨드;하이드로제네이티드레시틴;백미꽃추출물;하이알루로닉애씨드;아시아티코사이드;마데카식애씨드;아시아틱애씨드",Beauty of Joseon,시카테롤 앰플,31145,,
50ml,,별도표시 / ㈜오유인터내셔널,"정제수, 부틸렌글라이콜, 글리세린, 다이메티콘, 사이클로펜타실록세인, 나이아신아마이드, 티타늄디옥사이드, 판테놀, 소듐폴리아크릴레이트, 소듐아크릴레이트/소듐아크릴로일다이메틸타우레이트코폴리머, 아이소헥사데칸, 페녹시에탄올, 에틸헥실스테아레이트, 폴리솔베이트80, 에틸헥실글리세린, 카프릴릴글라이콜, 알란토인, 다이메티콘올, 트라이데세스-6, 알루미늄하이드록사이드, 아데노신, 트라이에톡시카프릴릴실레인, 솔비탄올리에이트, 다이소듐이디티에이, C11-13아이소알케인, 소듐하이알루로네이트, 글루코만난, 프로필렌글라이콜, 솔비톨, 프로판다이올, 레시틴, 올리브오일피이지-8에스터, 펜틸렌글라이콜, 1,2-헥산다이올, 염소유추출물, 에틸헥산다이올, 바이오사카라이드검-1, 회화나무열매추출물, 토코페릴아세테이트, 해바라기씨오일, 잔탄검, 소듐아스코빌포스페이트, 하이드롤라이즈드콜라겐, 레티닐팔미테이트, 다시마추출물, 바다포도추출물, 김추출물, 클로렐라 불가리스추출물, 테트라소듐글루타메이트다이아세테이트, 시트릭애씨드, 진주추출물, 토코페롤, 당근씨오일, 당근추출물, 베타-카로틴, 향료, 제라니올",Beauty of Joseon,미녀크림 더블유,13460,,
50ml / 1.7fl oz,,주식회사 제이오디랩,"정제수, 다이프로필렌글라이콜, 메틸프로판다이올, 판테놀, 글리세린, 히비스커스꽃추출물, 참갈파래추출물, 베타-글루칸, 소듐하이알루로네이트, 하이드롤라이즈드스클레로튬검, 카프릴릴글라이콜, 에틸헥실글리세린, 1,2-헥산다이올, 트로메타민, 다이소듐이디티에이",Beauty of Joseon,마이베스트뷰티앰플,51289,,
건조중량 100g (수분포함 120g),,DR케어,"레몬밤추출물, 티트리추출물, 시어버터, 센텔라추출물, 어성초추출물, 유칼립투스오일, 코코넛야자오일, 정제수, 경화동백유, 유차나무씨오일, 알킬폴리글루코사이드, 소듐라우레이트, 소듐미리스테이트, 스클로란스아일글루코사이드, 글리세린, 하이루론산",Beauty of Joseon,퓨어클린 뷰티바,72395,,
상품상세참조,,상품상세참조,"정제수;약모밀추출물;부틸렌글라이콜;글리세린;1,2-헥산다이올;판테놀;베타인;백미꽃추출물;월계수잎추출물;유칼립투스잎추출물;마데카소사이드;아시아티코사이드;도금양열매추출물;병풀추출물;녹차추출물;황금추출물;마트리카리아꽃추출물;동충하초추출물;폴리글리세릴-10라우레이트;폴리글리세릴-10미리스테이트;프로판다이올;덱스트린;스클레로튬검;잔탄검;에틸헥실글리세린;유향나무오일;리모넨",Beauty of Joseon,어성초 앰플 [산뜻],32569,,
상품상세참조,,상품상세참조,"정제수, 약모밀수(20%), 2,3-부탄다이올, 글리세린, 부틸렌글라이콜, 1,2-헥산다이올, 베타인, 판테놀, 에리스리톨, 백미꽃추출물, 퉁퉁마디추출물, 미역추출물, 월계수잎추출물, 유칼립투스잎추출물, 마데카소사이드, 아시아티코사이드, 도금양열매추출물, 병풀추출물, 녹차추출물, 황금추출물, 마트리카리아꽃추출물, 동충하초추출물, 효모발효물, 아스퍼질러스발효물, 폴리글리세릴-10라우레이트, 폴리글리세릴-10미리스테이트, 프로판 다이올, 카프릴릭/카프릭트라이글리세라이드, 에틸헥실글리세린, 덱스트린, 스클레로튬검, 잔탄검, 유향나무오일, 리모넨",Beauty of Joseon,어성초 앰플 [촉촉],69212,,
7g,,㈜바이오시엠,하이드롤라이즈드콜라겐;실리카;옥수수전분;콜라겐추출물;효모베타-글루칸;비피다발효용해물;갈락토미세스발효여과물,Beauty of Joseon,시크릿 오브 유스 콜라겐 파우더,24080,,
500ml,,디킨코스메틱/큐오디코리아,"정제수, 다이소듐라우레스설포석시네이트, 포타슘코코에이트, 라우릴베타인, 글리세린, 티이에이-코코일글루타메이트, 코카마이드미파, 소듐코코일글루타메이트, 부틸렌글라이콜, 히비스커스꽃추출물, 피록톤올아민, 1,2-헥산다이올, 카프릴릴글라이콜, 에틸헥실글리세린, 폴리쿼터늄-10, 다이소듐이디티에이, 시트릭애씨드, 알란토인, 판테놀, 나이아신아마이드, 살리실릭애씨드, 소듐클로라이드, 라벤더수, 클레리추출물, 히아신스전초추출물, 마트리카리아꽃/잎추출물, 보리지추출물, 수레국화꽃추출물, 글라이신, 세린, 글루타믹애씨드, 아스파틱애씨드, 류신, 알라닌, 라이신, 알지닌, 타이로신, 페닐알라닌, 트레오닌, 프롤린, 발린, 아이소류신, 히스티딘, 메티오닌, 시스테인, 하이드롤라이즈드콜라겐, 향료, 리모넨, 하이드록시시트로넬알",Beauty of Joseon,블룸오브샤론 리페어 샴푸,43414,,
52ml,,㈜바이오시엠,히비스커스꽃수;나이아신아마이드;다이포타슘글리시리제이트;사이아노코발아민,Beauty of Joseon,빛의 요정 앰플,24143,,
300ml,,제품별도표기 / (주)에이치티오인터내셔널,"정제수,부틸렌글라이콜,글리세린,프로판다이올,펜틸렌글라이콜,아이리쉬모스추출물,사탕수수추출물,갈대추출물,퉁퉁마디추출물,살비아오일,불가리스쑥오일,바질오일,아보카도열매추출물,양파추출물,겔리듐 카르틸라기네움추출물,레몬밤잎추출물,살비아잎추출물,1,2-헥산다이올,베타인,판테놀,폴리글리세릴-10라우레이트,에틸헥실글리세린,알란토인,토코페롤,말토덱스트린,다이소듐이디티에이,잔탄검",Beauty of Joseon,아임 프라우드 오브 유 카밍 토너,57847,,
건조중량 100g (수분포함 120g),,DR케어,"시나몬추출물, 어성초추출물, 티트리추출물, 센텔라추출물, 시어버터, 유칼립투스오일, 코코넛야자오일, 정제수, 경화동백유, 유차나무씨오일, 알킬폴리글루코사이드, 소듐라우레이트, 소듐미리스테이트, 소듐비스-하이드록시에틸글라이시네이트라우릴-글루코사이드크로스폴리머, 글리세린, 히알루론",Beauty of Joseon,머리의 힘 샴푸 바,72396,,
20ml,,디킨코스메틱/큐오디코리아,"사이클로펜타실록세인, 다이메티콘, 다이메티콘올, 포도씨오일, 올리브오일, 무궁화꽃수, 바바수씨오일, 브라질넛씨오일, 패션프룻씨오일, 부틸렌글라이콜, 1,2-헥산다이올, 향료, 시트로넬올, 리모넨, 하이드록시시트로넬알, 리날룰",Beauty of Joseon,헤어 오일 [10 블룸오브샤론],43386,,
200g,,디킨코스메틱/큐오디코리아,"정제수, 세틸알코올, 무궁화꽃수(50,000ppm), 베헨트라이모늄클로라이드, 부틸렌글라이콜, 스테아릴알코올, 아모다이메티콘, 솔비탄세스퀴올리에이트, 판테놀, 시트릭애씨드, 아이소프로필알코올, 라우릴알코올, 미리스틸알코올, 호호바씨오일, 아보카도오일, 세트리모늄클로라이드, 티트리잎추출물, 홍차추출물, 병풀잎추출물, 알로에베라잎추출물, 쇠비름추출물, 사철쑥추출물, 쑥/쇠뜨기/약모밀추출물, 하이드롤라이즈드콜라겐, 하이드롤라이즈드케라틴, 글라이신, 세린, 글루타믹애씨드, 아스파틱애씨드, 류신, 알라닌, 라이신, 알지닌, 타이로신, 페닐알라닌, 트레오닌, 프롤린, 발린, 아이소류신, 히스티딘, 메티오닌, 시스테인, 트라이데세스-12,1,2-헥산다이올,향료",Beauty of Joseon,10 블룸오브샤론 리페어 헤어마스크,43400,,
4g,,(주)씨앤씨인터내셔널/(주)그레이스클럽,"04 오브 마티니 - 정제수, 다이메티콘, 부틸렌글라이콜, 다이메티콘/비닐다이메티콘크로스폴리머, 폴리글리세릴-10미리스테이트, 글리세린, 펜틸렌글라이콜, 폴리아크릴레이트크로스폴리머-6, 티타늄디옥사이드, 페녹시에탄올, 황색산화철, 에틸헥실글리세린, 황색5호, 적색227호, 향료, 황색4호, 암모늄폴리아크릴레이트, 알루미늄하이드록사이드, 알지닌, 카보머, 청색1호",Beauty of Joseon,워터 블러리 틴트 [04 오브마티니],57885,,
200ml,,㈜바이오시엠,"정제수;글리세린;부틸렌글라이콜;프로방스장미꽃수;병풀추출물;글리세릴스테아레이트;피이지-100스테아레이트;카프릴릭/카프릭트라이글리세라이드;1,2-헥산다이올;소듐하이알루로네이트;세테아릴올리베이트;솔비탄올리베이트;폴리솔베이트60;세틸알코올;포도씨오일;베르가모트오일;유칼립투스잎오일;호호바씨오일;윈터체리뿌리추출물;향료;알란토인;다이포타슘글리시리제이트;판테놀;솔비탄스테아레이트;토코페릴아세테이트;스쿠알란;알지닌;적색2호;페녹시에탄올;카보머",Beauty of Joseon,더 트루 러브 스토리 오브 에멀젼,24213,,
100ml,,별도 표기,정제수;부틸렌글라이콜;글리세린;세틸에틸헥사노에이트;카프릴릭/카프릭트라이글리세라이드;C14-22알코올;C12-20알킬글루코사이드;나이아신아마이드;약모밀추출물;락로즈꽃/잎/줄기추출물;갈락토미세스발효여과물;동백나무꽃추출물;귤껍질추출물;불가리스쑥추출물;제주조릿대추출물;녹차추출물;병풀추출물;라벤더꽃수;수레국화꽃추출물;효모베타-글루칸;판테놀;비즈왁스;다이메티콘;폴리아크릴레이트-13;폴리아이소부텐;폴리솔베이트20;폴리솔베이트60;솔비탄스테아레이트;알지닌;카보머;알란토인;다이포타슘글리시리제이트;아데노신;케이프알로에잎추출물;펜틸렌글라이콜;카프릴릴글라이콜;에틸헥실글리세린;향료;부틸페닐메틸프로피오날;리날룰;헥실신남알;리모넨;하이드록시시트로넬알;사이아노코발아민,Beauty of Joseon,더 트루 러브 스토리 오브 크림,24210,,
9.0g,,㈜코디 / 바르나바스 주식회사,"""[01 모브오브] -브리즈가든 탤크, 마이카, 티타늄디옥사이드, 폴리메틸메타크릴레이트, 라우로일라이신, 마그네슘미리스테이트, 실리카, 적색산화철, 다이메티콘, 헥실라우레이트, 페닐트라이메티콘, 다이아이소스테아릴말레이트, 다이펜타에리스리틸헥사하이드록시스테아레이트/헥사스테아레이트/헥사로지네이트, 카프릴릴글라이콜, 옥틸도데실스테아로일스테아레이트, 황색5호, 글리세릴카프릴레이트, 아이소스테아릴네오펜타노에이트, 에틸헥실글리세린, 황색산화철, 트라이에톡시카프릴릴실레인, 토코페롤 -레이디룩 탤크, 마이카, 라우로일라이신, 실리카, 폴리메틸메타크릴레이트, 적색산화철, 티타늄디옥사이드, 헥실라우레이트, 다이메티콘, 황색산화철, 마그네슘미리스테이트, 페닐트라이메티콘, 다이아이소스테아릴말레이트, 울트라마린, 옥틸도데실스테아로일스테아레이트, 다이펜타에리스리틸헥사하이드록시스테아레이트/헥사스테아레이트/헥사로지네이트, 카프릴릴글라이콜, 적색202호, 글리세릴카프릴레이트, 아이소스테아릴네오펜타노에이트, 에틸헥실글리세린, 흑색산화철, 트라이에톡시카프릴릴실레인, 토코페롤 -로지뚜아 탤크, 마이카, 라우로일라이신, 실리카, 적색산화철, 폴리메틸메타크릴레이트, 마그네슘미리스테이트, 칼슘알루미늄보로실리케이트, 헥실라우레이트, 황색산화철, 다이메티콘, 흑색산화철, 다이아이소스테아릴말레이트, 페닐트라이메티콘, 다이펜타에리스리틸헥사하이드록시스테아레이트/헥사스테아레이트/헥사로지네이트, 옥틸도데실스테아로일스테아레이트, 카프릴릴글라이콜, 적색226호, 아이소스테아릴네오펜타노에이트, 글리세릴카프릴레이트, 에틸헥실글리세린, 티타늄디옥사이드, 트라이에톡시카프릴릴실레인, 정제수, 틴옥사이드, 소듐클로라이드, 소듐설페이트, 토코페롤 -브라이덜샤워 탤크, 칼슘티타늄보로실리케이트, 다이아이소스테아릴말레이트, 카프릴릭/카프릭트라이글리세라이드, 하이드로제네이티드캐스터오일아이소스테아레이트, 칼슘소듐보로실리케이트, 마그네슘미리스테이트, 나일론-12, 티타늄디옥사이드, 폴리메틸메타크릴레이트, 카프릴릴글라이콜, 글리세릴카프릴레이트, 틴옥사이드, 에틸헥실글리세린, 적색226호, 흑색산화철, 적색202호, 정제수, 소듐클로라이드, 소듐설페이트, 토코페롤 -실버캔디 칼슘티타늄보로실리케이트, 탤크, 다이아이소스테아릴말레이트, 카프릴릭/카프릭트라이글리세라이드, 티타늄디옥사이드, 하이드로제네이티드캐스터오일아이소스테아레이트, 마이카, 나일론-12, 마그네슘미리스테이트, 폴리메틸메타크릴레이트, 카프릴릴글라이콜, 적색산화철, 글리세릴카프릴레이트, 에틸헥실글리세린, 틴옥사이드, 카민, 울트라마린, 토코페롤 -버진로즈 탤크, 마이카, 라우로일라이신, 티타늄디옥사이드, 실리카, 폴리메틸메타크릴레이트, 적색산화철, 적색202호, 헥실라우레이트, 황색4호, 다이메티콘, 마그네슘미리스테이트, 흑색산화철, 페닐트라이메티콘, 다이아이소스테아릴말레이트, 다이펜타에리스리틸헥사하이드록시스테아레이트/헥사스테아레이트/헥사로지네이트, 카프릴릴글라이콜, 옥틸도데실스테아로일스테아레이트, 글리세릴카프릴레이트, 아이소스테아릴네오펜타노에이트, 에틸헥실글리세린, 트라이에톡시카프릴릴실레인, 토코페롤 -멜로루즈 탤크, 마이카, 라우로일라이신, 폴리메틸메타크릴레이트, 실리카, 적색산화철, 흑색산화철, 황색산화철, 헥실라우레이트, 다이메티콘, 마그네슘미리스테이트, 다이아이소스테아릴말레이트, 페닐트라이메티콘, 다이펜타에리스리틸헥사하이드록시스테아레이트/헥사스테아레이트/헥사로지네이트, 카프릴릴글라이콜, 옥틸도데실스테아로일스테아레이트, 적색226호, 글리세릴카프릴레이트, 아이소스테아릴네오펜타노에이트, 에틸헥실글리세린, 트라이에톡시카프릴릴실레인, 정제수, 소듐클로라이드, 소듐설페이트, 토코페롤 -오마주뮤트 탤크, 마이카, 흑색산화철, 적색산화철, 라우로일라이신, 티타늄디옥사이드, 폴리메틸메타크릴레이트, 실리카, 황색산화철, 헥실라우레이트, 마그네슘미리스테이트, 다이메티콘, 적색226호, 다이아이소스테아릴말레이트, 페닐트라이메티콘, 다이펜타에리스리틸헥사하이드록시스테아레이트/헥사스테아레이트/헥사로지네이트, 카프릴릴글라이콜, 옥틸도데실스테아로일스테아레이트, 글리세릴카프릴레이트, 아이소스테아릴네오펜타노에이트, 에틸헥실글리세린, 트라이에톡시카프릴릴실레인, 정제수, 적색202호, 소듐클로라이드, 소듐설페이트, 토코페롤 -피노누아 적색산화철, 탤크, 마이카, 흑색산화철, 황색산화철, 라우로일라이신, 폴리메틸메타크릴레이트, 실리카, 헥실라우레이트, 마그네슘미리스테이트, 페닐트라이메티콘, 다이아이소스테아릴말레이트, 다이펜타에리스리틸헥사하이드록시스테아레이트/헥사스테아레이트/헥사로지네이트, 카프릴릴글라이콜, 옥틸도데실스테아로일스테아레이트, 다이메티콘, 글리세릴카프릴레이트, 트라이에톡시카프릴릴실레인, 아이소스테아릴네오펜타노에이트, 에틸헥실글리세린, 토코페롤 [02 우디드망] -어텀밀크 탤크, 마이카, 티타늄디옥사이드, 폴리메틸메타크릴레이트, 라우로일라이신, 실리카, 마그네슘미리스테이트, 다이메티콘, 헥실라우레이트, 황색산화철, 페닐트라이메티콘, 다이아이소스테아릴말레이트, 옥틸도데실스테아로일스테아레이트, 다이펜타에리스리틸헥사하이드록시스테아레이트/헥사스테아레이트/헥사로지네이트, 카프릴릴글라이콜, 적색산화철, 에틸헥실글리세린, 아이소스테아릴네오펜타노에이트, 글리세릴카프릴레이트, 흑색산화철, 트라이에톡시카프릴릴실레인, 토코페롤 -샌디로드 탤크, 마이카, 티타늄디옥사이드, 폴리메틸메타크릴레이트, 라우로일라이신, 황색산화철, 실리카, 마그네슘미리스테이트, 다이메티콘, 적색산화철, 헥실라우레이트, 페닐트라이메티콘, 다이아이소스테아릴말레이트, 흑색산화철, 옥틸도데실스테아로일스테아레이트, 다이펜타에리스리틸헥사하이드록시스테아레이트/헥사스테아레이트/헥사로지네이트, 카프릴릴글라이콜, 에틸헥실글리세린, 아이소스테아릴네오펜타노에이트, 황색4호, 트라이에톡시카프릴릴실레인, 글리세릴카프릴레이트, 토코페롤 -멜랑슈 탤크, 마이카, 티타늄디옥사이드, 마그네슘미리스테이트, 황색산화철, 폴리메틸메타크릴레이트, 라우로일라이신, 적색산화철, 합성플루오르플로고파이트, 실리카, 흑색산화철, 헥실라우레이트, 다이메티콘, 페닐트라이메티콘, 다이아이소스테아릴말레이트, 울트라마린, 옥틸도데실스테아로일스테아레이트, 다이펜타에리스리틸헥사하이드록시스테아레이트/헥사스테아레이트/헥사로지네이트, 카프릴릴글라이콜, 에틸헥실글리세린, 트라이에톡시카프릴릴실레인, 아이소스테아릴네오펜타노에이트, 글리세릴카프릴레이트, 틴옥사이드, 토코페롤 -부티크블랑 탤크, 칼슘티타늄보로실리케이트, 다이메티콘, 칼슘알루미늄보로실리케이트, 네오펜틸글라이콜다이에틸헥사노에이트, 헥실라우레이트, 폴리메틸메타크릴레이트, 마그네슘미리스테이트, 티타늄디옥사이드, 다이메티콘/비닐다이메티콘크로스폴리머, 나일론-12, 다이펜타에리스리틸헥사하이드록시스테아레이트/헥사스테아레이트/헥사로지네이트, 마이카, 적색산화철, 카프릴릴글라이콜, 황색산화철, 에틸헥실글리세린, 글리세릴카프릴레이트, 틴옥사이드, 트라이에톡시카프릴릴실레인, 토코페롤 -베러댄뮤즈 탤크, 칼슘티타늄보로실리케이트, 합성플루오르플로고파이트, 트라이에틸헥사노인, 적색산화철, 폴리글리세릴-2트라이아이소스테아레이트, 나일론-12, 마그네슘미리스테이트, 하이드로제네이티드캐스터오일아이소스테아레이트, 폴리메틸메타크릴레이트, 티타늄디옥사이드, 카프릴릴글라이콜, 에틸헥실글리세린, 글리세릴카프릴레이트, 틴옥사이드, 토코페롤 -웨일즈우드 탤크, 마이카, 황색산화철, 티타늄디옥사이드, 적색산화철, 폴리메틸메타크릴레이트, 흑색산화철, 망가니즈바이올렛, 황색4호, 라우로일라이신, 마그네슘미리스테이트, 실리카, 헥실라우레이트, 다이메티콘, 다이아이소스테아릴말레이트, 페닐트라이메티콘, 다이펜타에리스리틸헥사하이드록시스테아레이트/헥사스테아레이트/헥사로지네이트, 카프릴릴글라이콜, 옥틸도데실스테아로일스테아레이트, 트라이에톡시카프릴릴실레인, 에틸헥실글리세린, 아이소스테아릴네오펜타노에이트, 알루미늄하이드록사이드, 글리세릴카프릴레이트, 적색202호, 토코페롤 -더스티밤 탤크, 티타늄디옥사이드, 황색산화철, 마이카, 폴리메틸메타크릴레이트, 적색산화철, 라우로일라이신, 망가니즈바이올렛, 흑색산화철, 마그네슘미리스테이트, 실리카, 헥실라우레이트, 다이메티콘, 다이아이소스테아릴말레이트, 페닐트라이메티콘, 트라이에톡시카프릴릴실레인, 다이펜타에리스리틸헥사하이드록시스테아레이트/헥사스테아레이트/헥사로지네이트, 카프릴릴글라이콜, 옥틸도데실스테아로일스테아레이트, 알루미늄하이드록사이드, 에틸헥실글리세린, 아이소스테아릴네오펜타노에이트, 글리세릴카프릴레이트, 토코페롤 -우디봉봉 탤크, 황색산화철, 마이카, 적색산화철, 폴리메틸메타크릴레이트, 라우로일라이신, 흑색산화철, 실리카, 마그네슘미리스테이트, 헥실라우레이트, 다이메티콘, 페닐트라이메티콘, 다이아이소스테아릴말레이트, 옥틸도데실스테아로일스테아레이트, 다이펜타에리스리틸헥사하이드록시스테아레이트/헥사스테아레이트/헥사로지네이트, 카프릴릴글라이콜, 트라이에톡시카프릴릴실레인, 에틸헥실글리세린, 아이소스테아릴네오펜타노에이트, 글리세릴카프릴레이트, 토코페롤 -노블리티 탤크, 흑색산화철, 마이카, 적색산화철, 황색산화철, 라우로일라이신, 실리카, 마그네슘미리스테이트, 헥실라우레이트, 다이메티콘, 다이아이소스테아릴말레이트, 페닐트라이메티콘, 카프릴릴글라이콜, 다이펜타에리스리틸헥사하이드록시스테아레이트/헥사스테아레이트/헥사로지네이트, 옥틸도데실스테아로일스테아레이트, 에틸헥실글리세린, 아이소스테아릴네오펜타노에이트, 글리세릴카프릴레이트, 트라이에톡시카프릴릴실레인, 토코페롤""",Beauty of Joseon,무드썸 섀도우 팔레트 [01 모브오브],54045,,
50ml,,별도표시 / ㈜오유인터내셔널,"정제수, 티타늄디옥사이드, 에칠헥실메톡시신나메이트, 부틸렌글라이콜, 사이클로펜타실록세인, 글리세린, 나이아신아마이드, 메칠렌비스-벤조트리아졸릴테트라메칠부틸페놀, 네오펜틸글라이콜다이헵타노에이트, 하이드로제네이티드폴리(C6-14올레핀), 세테아릴알코올, 사이클로헥사실록세인, 포타슘세틸포스페이트, 다이펜타에리스리틸헥사하이드록시스테아레이트/헥사스테아레이트/헥사로지네이트, 코코-카프릴레이트/카프레이트, 페닐트라이메티콘, 징크옥사이드, 글리세릴스테아레이트, 피이지-100스테아레이트, 피이지-2스테아레이트, 글라이콜스테아레이트, 트라이세테아레스-4포스페이트, 마이카, 다이메티콘, 황색산화철, 소듐아크릴레이트/소듐아크릴로일다이메틸타우레이트코폴리머, 데실글루코사이드, 페녹시에탄올, 폴리솔베이트60, 흑색산화철, 알루미늄하이드록사이드, 아이소헥사데칸, 트라이에톡시카프릴릴실레인, 적색산화철, 피이지-10다이메티콘, 에틸헥실글리세린, 토코페릴아세테이트, 카프릴릴글라이콜, 소듐폴리아크릴레이트, 폴리솔베이트80, 아데노신, 솔비탄올리에이트, 다이소듐이디티에이, 프로필렌글라이콜, 잔탄검, 호호바씨오일, 마카다미아씨오일, 폴리글리세릴-3메틸글루코오스다이스테아레이트, 솔비톨, 프로판다이올, 레시틴, 아스코빌글루코사이드, 올리브오일피이지-8에스터, 올리브나무잎추출물, 징크피씨에이, 바이오사카라이드검-4, 1,2-헥산다이올, 에칠아스코빌에텔, 해바라기씨오일, 하이드롤라이즈드익스텐신, 소듐아스코빌포스페이트, 아스코빅애씨드, 하이드롤라이즈드콜라겐, 소듐벤조에이트, 포타슘솔베이트, 레티닐팔미테이트, 테트라소듐글루타메이트다이아세테이트, 시트릭애씨드, 토코페롤, 당근씨오일, 당근추출물, 베타-카로틴, 향료, 알파-아이소메틸아이오논, 시트로넬올, 리모넨, 유제놀, 제라니올, 헥실신남알",Beauty of Joseon,미녀크림 안티폴루션 선비비 [SPF50+/PA+++],13473,,
120g,,와이제이에스/와이제이에스,소듐코코일이세티오네이트 창포뿌리추출물 옥수수전분 약모밀추출물 소듐코코일애플아미노산 삼씨오일 사철쑥추출물 로즈마리잎추출물 녹차추출물 글리세린 감초뿌리추출물,Beauty of Joseon,올인원 비건 뷰티볼 샴푸바 [햄프씨드],49006,,
상품상세참조,,상품상세참조,"캐모마일꽃수;글리세린;흰목이버섯사카라이드;흰목이버섯추출물;라벤더추출물;라즈베리추출물;마시멜로잎추출물;쇠비름추출물;필리핀오렌지추출물;목화씨추출물(구명칭);블래더랙앨지추출물(구명칭);검은뽕나무열매추출물;페퍼민트추출물;잎새버섯추출물;칡뿌리추출물;초피나무열매추출물;할미꽃추출물;우스니아추출물;카라기난검;캐럽콩검;젤란검;셀룰로오스검;1,2-헥산다이올;알란토인;카프릴릴글라이콜;판테놀;문주란추출물;버지니아풍년화수;잔탄검;캐모마일오일(구명칭);폴리솔베이트85;캐모마일꽃오일",TREEANNSEA,아이스멜라 퍼타일 수딩 토너,23805,,
상품상세참조,,상품상세참조,"정제수;사막장미잎추출물;빙하수;다이헵틸석시네이트;카프릴로일글리세린/세바식애씨드코폴리머;글리세린;부틸렌글라이콜;나이아신아마이드;다마스크장미꽃수;에리스리톨;다이메틸설폰;소듐하이알루로네이트;베타-글루칸;세테아릴알코올;세테아릴올리베이트;솔비탄올리베이트;글리세릴스테아레이트;달팽이점액여과물;알부틴;하이드로제네이티드캐스터오일;알란토인;판테놀;다이포타슘글리시리제이트;암모늄폴리아크릴로일다이메틸타우레이트;브이코폴리머;하이드롤라이즈드완두콩단백질;1,2-헥산다이올;레시틴;올리브오일;피토스테롤;세라마이드엔피;카프릴릴글라이콜;시어버터;프로판다이올;하이드롤라이즈드알진;징크설페이트;병풀추출물;소이아이소플라본;스쿠알란;잔탄검;캐모마일꽃추출물;트로폴론;스페인감초뿌리추출물;아데노신",TREEANNSEA,데저트 로즈 사막 세럼,23826,,
상품상세참조,,상품상세참조,"탄산수;포타슘코코일글리시네이트;다이소듐코코암포다이아세테이트;코카미도프로필베타인;부틸렌글라이콜;흰목이버섯추출물;비누풀뿌리추출물;겐티아나뿌리추출물;파파야잎추출물;칡뿌리추출물;쐐기풀추출물;초피나무열매추출물;할미꽃추출물;우스니아추출물;글리세린;모과추출물;무화과추출물;쌀겨추출물;보골지열매추출물;비누풀잎추출물;헛개나무열매추출물;무환자추출물;귀리커넬추출물;루이보스잎추출물;알로에 마쿨라타잎추출물;1,2-헥산다이올;카프릴릴글라이콜;구연산;만다린껍질오일",TREEANNSEA,에스키모멜라 리퀴드 무스 폼,23827,,
120g*2,,㈜바이오코스텍/㈜고운세상코스메틱,"정제수, 셀룰로오스, 다이프로필렌글라이콜, 글리세릴카프릴레이트, 아크릴레이트/C10-30알킬아크릴레이트크로스폴리머, 카프릴릴글라이콜, 알란토인, 덱스판테놀, 폴리글리세릴-10라우레이트, 프로판다이올, 알지닌, 다이소듐이디티에이, 글리세린, 1,2-헥산다이올, 부틸렌글라이콜, 소듐하이알루로네이트, 글라이코스핑고리피드, 하이드록시프로필트라이모늄하이알루로네이트, 아스코빅애씨드, 하이드롤라이즈드하이알루로닉애씨드, 소듐아세틸레이티드하이알루로네이트, 하이알루로닉애씨드, 하이드롤라이즈드소듐하이알루로네이트, 소듐하이알루로네이트크로스폴리머, 포타슘하이알루로네이트",고운세상닥터지,브라이트닝 필링 젤,75547,,
50ml*2 / 1.69 fl. oz.*2,,"한국콜마, 코스메카","정제수, 다이프로필렌글라이콜, 글리세린, 사이클로헥사실록세인, 세테아릴알코올, 카프릴릭/카프릭트라이글리세라이드, 트라이에틸헥사노인, 나이아신아마이드, 하이드로제네이티드폴리데센, 하이드로제네이티드폴리아이소부텐, 하이드로제네이티드폴리(C6-14올레핀), 달팽이점액여과물(10,500ppm), 1,2-헥산다이올, 비즈왁스, 세테아릴글루코사이드, 글라이코실트레할로오스, 폴리글리세릴-2스테아레이트, 비닐다이메티콘, 부틸렌글라이콜, 글리세릴스테아레이트, 세테아릴올리베이트, 팔미틱애씨드, 하이드로제네이티드스타치하이드롤리세이트, 시어버터, 스테아릴알코올, 스테아릭애씨드, 솔비탄올리베이트, 하이드록시아세토페논, 참마뿌리추출물, 하이드록시에틸아크릴레이트/소듐아크릴로일다이메틸타우레이트코폴리머, 향료, 하이드롤라이즈드옥수수전분, 알지닌, 잔탄검, 카보머, 아데노신, 하이드로제네이티드레시틴, 베타-글루칸, 맥아추출물, 페네틸알코올, 수크로오스, 솔비탄아이소스테아레이트, 쇠비름추출물, 진주가루, 파이틱애씨드, 트라넥사믹애씨드, 말토덱스트린, 에틸헥실글리세린, 병풀추출물, 진흙버섯추출물, 하이드롤라이즈드로얄젤리단백질, 자이모모나스발효추출물, 꿀추출물",고운세상닥터지,로얄 블랙 스네일 크림,75685,,
210ml,,㈜바이오코스텍/㈜고운세상코스메틱,"포도씨오일, 카프릴릭/카프릭트라이글리세라이드, 솔베스-30테트라올리에이트, 유채씨오일, 녹차씨오일, 마카다미아씨오일, 토코페롤, 정제수, 부틸렌글라이콜, 류코노스톡/무발효여과물, 글리세린, 퀼라자껍질추출물, 비누풀잎추출물, 1,2-헥산다이올, 락토바실러스, 흰버드나무껍질추출물, 비피다발효용해물, 향료",고운세상닥터지,그린 딥 클렌징 오일,75639,,
70 ml*2,,한국콜마㈜,"정제수, 글리세린, 2,3-부탄다이올, 하이드로제네이티드폴리(C6-14올레핀), 병풀추출물, 나이아신아마이드, 베타인, 비닐다이메티콘, 사이클로헥사실록세인, 1,2-헥산다이올, 세틸에틸헥사노에이트, 하이드로제네이티드폴리데센, 호호바에스터, 하이드로제네이티드레시틴, 소듐하이알루로네이트, 마카다미아씨오일, 하이드로제네이티드채종유, 카프릴릭/카프릭트라이글리세라이드, 하이드록시에틸아크릴레이트/소듐아크릴로일다이메틸타우레이트코폴리머, 헥실데실라우레이트, 헥실데칸올, 실리카, 암모늄아크릴로일다이메틸타우레이트/브이피코폴리머, C14-22알코올, 아라키딜알코올, 팔미틱애씨드, C12-20알킬글루코사이드, 글리세릴스테아레이트, 다이프로필렌글라이콜, 알란토인, 스테아릭애씨드, 베헤닐알코올, 아라키딜글루코사이드, 카보머, 소듐스테아로일글루타메이트, 솔비탄아이소스테아레이트, 다이소듐이디티에이, 판테놀, 수크로오스다이스테아레이트, 부틸렌글라이콜, 글루코오스, 미리스틱애씨드, 세라마이드엔피, 마데카소사이드, 아시아티코사이드, 마데카식애씨드, 아시아틱애씨드, 피토스핑고신, 하이드록시아세토페논, 에틸헥실글리세린",고운세상닥터지,레드 블레미쉬 클리어 모이스처 크림,75642,,
150mL,,코리아나,"정제수, 프로판다이올, 부틸렌글라이콜다이카프릴레이트/다이카프레이트, 메틸프로판다이올, 트라이에틸헥사노인, 나이아신아마이드, 아라키딜알코올, 비닐다이메티콘, 판테놀, 베헤닐알코올, 1,2-헥산다이올, 글리세릴스테아레이트에스이, 폴리글리세릴-2스테아레이트, 포타슘세틸포스페이트, 폴리아크릴레이트크로스폴리머-6, 글리세릴글루코사이드, 암모늄아크릴로일다이메틸타우레이트/브이피코폴리머, 글리세릴스테아레이트, 세테아릴알코올, 세테아릴올리베이트, 아라키딜글루코사이드, 스테아릴알코올, 하이드로제네이티드레시틴, 솔비탄올리베이트, 하이드록시아세토페논, 글리세린, 토코페롤, 글루코노락톤, 프룩탄, 아데노신, 다이소듐이디티에이, 세라마이드엔피, 병풀추출물, 라이소레시틴, 하이드롤라이즈드감자단백질, 하이드롤라이즈드스위트아몬드단백질, 하이드롤라이즈드쌀단백질, 콜레스테롤, 팔미틱애씨드, 소듐하이알루로네이트, 하이드롤라이즈드콜라겐, 마데카소사이드, 마데카식애씨드, 아시아티코사이드, 아시아틱애씨드, 소듐하이알루로네이트크로스폴리머, 포타슘하이알루로네이트, 하이드록시프로필트라이모늄하이알루로네이트, 하이드롤라이즈드소듐하이알루로네이트, 하이드롤라이즈드하이알루로닉애씨드, 하이알루로닉애씨드, 아세틸헥사펩타이드-8, 소듐아세틸레이티드하이알루로네이트",고운세상닥터지,레드 블레미쉬 포 맨 탄력 올인원,75581,,
50mL*2,,코스맥스,"비타민나무수, 나이아신아마이드, 글리세린, 부틸렌글라이콜, 세테아릴알코올, 카프릴릭/카프릭트라이글리세라이드, 카프릴릴메티콘, 다이글리세린, 1,2-헥산다이올, 펜틸렌글라이콜, 비닐다이메티콘, 다이카프릴릴카보네이트, 하이드로제네이티드폴리데센, 트라넥사믹애씨드, 트라이에틸헥사노인, 글리세릴스테아레이트, 폴리메틸실세스퀴옥세인, 세테아릴올리베이트, 솔비탄올리베이트, 판테놀, 정제수, 암모늄아크릴로일다이메틸타우레이트/브이피코폴리머, 하이드로제네이티드올리브오일데실에스터, 카보머, 세테아릴글루코사이드, 하이드로제네이티드식물성오일, 스테아릴알코올, 합성비즈왁스, 팔미틱애씨드, 알파-알부틴, 스테아릭애씨드, 다이에틸헥실시링질리덴말로네이트, 에틸헥실글리세린, 황련뿌리추출물, 트로메타민, 알란토인, 다이라우릴티오다이프로피오네이트, 다이포타슘글리시리제이트, 펜타에리스리틸테트라-다이-t-부틸하이드록시하이드로신나메이트, 아데노신, 3-O-에틸아스코빅애씨드, 비사보롤, 병풀잎추출물, 아스코빅애씨드, 프룩토올리고사카라이드, 글루타티온, 토코페롤, 락토바실러스발효물, 락토바실러스/콩발효추출물, 류코노스톡/무발효여과물, 효모발효추출물, 판토테닉애씨드, 마데카소사이드, 병풀추출물, 아시아티코사이드, 마데카식애씨드, 말토덱스트린, 아시아틱애씨드, 치자추출물",고운세상닥터지,레드 블레미쉬 흔적 수딩 크림,75580,,
30 sheets*2 / 280g*2,,이미인,"정제수, 부틸렌글라이콜, 다이프로필렌글라이콜, 글리세린, 하이드록시아세토페논, 알지닌, 카프릴릴글라이콜, 하이드록시에틸우레아, 글루코노락톤(1,000ppm), 트레할로오스, 판테놀, 폴리글리세릴-10라우레이트, 알란토인, 에틸헥실글리세린, 잔탄검, 카보머, 셀룰로오스검, 글리세릴아크릴레이트/아크릴릭애씨드코폴리머, 하이드록시에틸아크릴레이트/소듐아크릴로일다이메틸타우레이트코폴리머, 1,2-헥산다이올, 피브이엠/엠에이코폴리머, 솔비탄아이소스테아레이트, 판토락톤, 다이포타슘글리시리제이트, 하이드로제네이티드레시틴, 하이드로제네이티드포스파티딜콜린, 카프릴릭/카프릭트라이글리세라이드, 수크로오스스테아레이트, 소듐하이알루로네이트, 아시아티코사이드, 마데카식애씨드, 아시아틱애씨드, 콜레스테롤, 병풀추출물, 마데카소사이드, 하이알루로닉애씨드, 하이드롤라이즈드하이알루로닉애씨드, 소듐하이알루로네이트크로스폴리머, 하이드록시프로필트라이모늄하이알루로네이트, 포타슘하이알루로네이트, 하이드롤라이즈드소듐하이알루로네이트, 펜틸렌글라이콜, 소듐아세틸레이티드하이알루로네이트, 다이소듐이디티에이",고운세상닥터지,레드 블레미쉬 퀵 파하 마스크,75596,,
50ml*2,,㈜코스맥스,"정제수, 다이부틸아디페이트, 에칠헥실살리실레이트, 에칠헥실트리아존, 부틸옥틸살리실레이트, 옥토크릴렌, 프로판다이올, 실리카, 트라이메틸펜타페닐트라이실록세인, 나이아신아마이드, 트라이프로필렌글라이콜, 에탄올, 디에칠아미노하이드록시벤조일헥실벤조에이트, 테레프탈릴리덴디캠퍼설포닉애씨드, 라우릴락테이트, 해바라기씨오일, 스핑고모나스발효추출물, 락토바실러스발효용해물, 소듐하이알루로네이트, 크리산텔룸 인디쿰추출물, 지치뿌리추출물, 병풀추출물, 하이드롤라이즈드콜라겐, 비스-에칠헥실옥시페놀메톡시페닐트리아진, 1,2-헥산다이올, 펜틸렌글라이콜, 트로메타민, C30-45알킬다이메틸실릴폴리프로필실세스퀴옥세인, 다이부틸에틸헥사노일글루타마이드, 다이부틸라우로일글루타마이드, 부틸렌글라이콜, C15-19알케인, 다이프로필렌글라이콜, 판테놀, 하이드록시아세토페논, 폴리페닐실세스퀴옥세인, 데하이드로잔탄검, 알란토인, 아데노신, 소듐디엔에이(55,000 ppb), 에틸헥실글리세린, 토코페롤, 에틸헥실팔미테이트, 트라이하이드록시스테아린, 카보머, 다이소듐이디티에이",고운세상닥터지,스킨부스트 PDRN 선세럼 [SPF50+/PA++++],77033,,
3g,,코스맥스,"폴리글리세릴-2트라이아이소스테아레이트, 다이아이소스테아릴말레이트, 부틸렌글라이콜다이카프릴레이트/다이카프레이트, 합성왁스, 마이크로크리스탈린왁스, 프로필헵틸카프릴레이트, 하이드로제네이티드폴리아이소부텐, 비스-베헤닐/아이소스테아릴/피토스테릴다이머다이리놀레일다이머다이리놀리에이트, 비스-다이글리세릴폴리아실아디페이트-2, 카프릴릭/카프릭트라이글리세라이드, 세틸에틸헥사노에이트, 폴리부텐, 에칠헥실트리아존, 다이부틸아디페이트, 트라이아이소스테아린, 디에칠아미노하이드록시벤조일헥실벤조에이트, 실리카다이메틸실릴레이트, 에틸렌/프로필렌코폴리머, 카프릴릴글라이콜, 글리세릴카프릴레이트, 적색223호 (CI 45380), 크로뮴옥사이드그린 (CI 77288), 황색산화철 (CI 77492), 옥틸도데칸올, 토코페롤, 스쿠알란, 올리브오일, 폴리하이드록시스테아릭애씨드, 트라이에톡시카프릴릴실레인, 네오펜틸글라이콜다이에틸헥사노에이트, 칸디다 봄비콜라/글루코오스/메틸레이프씨데이트발효물, 정제수, 1,2-헥산다이올, 마데카소사이드, 병풀추출물, 아시아티코사이드, 마데카식애씨드, 아시아틱애씨드",고운세상닥터지,포 맨 톤 체인지 선 립밤 [SPF30/PA++],75533,,
50ml,,㈜메가코스 / ㈜라비오뜨,"*락토바실러스발효용해물(286,000 ppm), *락토코쿠스발효용해물(226,000 ppm), *비피다발효용해물(226,000 ppm), 글리세린, 사이클로메티콘, 프로판다이올, 정제수, 나이아신아마이드, 하이드로제네이티드폴리아이소부텐, *1,2-헥산다이올, 부틸렌글라이콜, 펜타에리스리틸테트라아이소스테아레이트, 폴리글리세릴-10라우레이트, C14-22알코올, 글리세릴스테아레이트, 메틸프로판다이올, 시어버터, 살구씨오일, 마카다미아씨오일, 오일팜오일, 아보카도오일, 바오밥나무씨오일, 병풀추출물, 쇠비름추출물, 서양배추출물, 다마스크장미꽃수, 체이스트트리추출물, 마트리카리아꽃추출물, 복숭아추출물, 커먼자스민꽃수, 우엉뿌리추출물, 서양송악잎/줄기추출물, 멜론추출물, 진흙버섯추출물, 필리핀오렌지껍질추출물, 세라마이드엔피, 아라키딜알코올, C12-20알킬글루코사이드, 세테아릴알코올, 베헤닐알코올, 아라키딜글루코사이드, 글리세릴아크릴레이트/아크릴릭애씨드코폴리머, 하이드록시에틸아크릴레이트/소듐아크릴로일다이메틸타우레이트코폴리머, 카보머, 트로메타민, 아데노신, 다이소듐이디티에이, *소듐하이알루로네이트(175 ppm), 하이드롤라이즈드하이알루로닉애씨드, 소듐아세틸레이티드하이알루로네이트, 폴리글리세릴-2카프레이트, 콜레스테롤, 하이드로제네이티드레시틴, C13-16아이소파라핀, 에탄올, 페닐트라이메티콘, 판테놀, 피토스핑고신, 피브이엠/엠에이코폴리머, 스테아릭애씨드, 리솔레시틴, 소듐아스코빌포스페이트, 시트릭애씨드, 에틸헥실글리세린 (*히알바이옴™)",라비오뜨,히알바이옴 워터 크림,54836,,
150ml,,㈜메가코스 / ㈜라비오뜨,"*락토바실러스발효용해물(342,000 ppm), *락토코쿠스발효용해물(270,000 ppm), *비피다발효용해물(270,000 ppm), 글리세린, *1,2-헥산다이올, 펜타에리스리틸테트라아이소스테아레이트, *소듐하이알루로네이트(100 ppm), 판테놀, 알란토인, 멜론추출물, 서양송악잎/줄기추출물, 커먼자스민꽃수, 복숭아추출물, 서양배추출물, 다마스크장미꽃수, 부틸렌글라이콜, 카프릴릭/카프릭트라이글리세라이드, 폴리쿼터늄-51, 글리세릴아크릴레이트/아크릴릭애씨드코폴리머, 정제수, 소듐클로라이드, 폴리글리세릴-2카프레이트, 리솔레시틴, 소듐아스코빌포스페이트, 하이드로제네이티드레시틴, 마카다미아씨오일, 올리브오일, 호호바씨오일, 수크로오스팔미테이트, 포도씨오일, 에탄올, 잔탄검, 젤란검, 다이소듐이디티에이 (*히알바이옴™)",라비오뜨,히알바이옴 워터 앰플,54832,,
50ML,,㈜메가코스 / ㈜라비오뜨,"하이드롤라이즈드콜라겐추출물 (69 %), 글리세린, 부틸렌글라이콜, 다이프로필렌글라이콜, 다이메티콘, 나이아신아마이드, 정제수, 카프릴릭/카프릭트라이글리세라이드, 피이지-240/에이치디아이코폴리머비스-데실테트라데세스-20에터, 폴리메틸실세스퀴옥세인, 트레할로오스, 하이드록시아세토페논, 카보머, 트로메타민, 하이드로제네이티드폴리(C6-14올레핀), 진흙버섯추출물, 우엉뿌리추출물, 병풀추출물, 페녹시에탄올, 해바라기씨오일, 쇠비름추출물, 폴리글리세릴-2스테아레이트, 에틸헥실글리세린, 하이드로제네이티드레시틴, 잔탄검, 피이지-8스테아레이트, 체이스트트리추출물, 마트리카리아꽃추출물, 향료, 폴리글리세릴-10미리스테이트, 아데노신, 다이소듐이디티에이, 돌콩오일, 인도멀구슬나무잎추출물, 인도멀구슬나무꽃추출물, 울금뿌리추출물, 홀리바질잎추출물, 아나토씨오일, 1,2-헥산다이올, 유채스테롤, 레시틴, 폴리글리세릴-2카프레이트, 참산호말추출물, 에탄올, 수크로오스라우레이트, 하이드롤라이즈드콜라겐 (1 ppm), 수용성콜라겐 (0.75 ppm), 토코페롤, 소듐하이알루로네이트, 세라마이드엔피, 칡뿌리추출물, 천궁뿌리추출물, 작약뿌리추출물, 알로에베라잎즙, 스페인감초뿌리추출물, 리솔레시틴, 소듐아스코빌포스페이트, 판테놀, 아세틸헥사펩타이드-8, 라피노오스, 폴릭애씨드, 콜레스테롤, 팔미토일펜타펩타이드-4",라비오뜨,프리미엄 콜라겐 풀 업 크림,55851,,
150ml,,㈜메가코스/㈜라비오뜨,"하이드롤라이즈드콜라겐추출물(66 %), 글리세린, 카프릴릭/카프릭트라이글리세라이드, 글리세레스-26, 메틸프로판다이올, 하이드로제네이티드폴리(C6- 14올레핀), 나이아신아마이드, 글리세릴스테아레이트, 다이메티콘, 피이지-100스테아레이트, 폴리솔베이트60, 트레할로오스, 정제수, 페녹시에 탄올, 트로메타민, 카보머, 다이메티콘/비닐다이메티콘크로스폴리머, 아크릴레이트/C10-30알킬아크릴레이트크로스폴리머, 에틸헥실글리세린, 잔 탄검, 아데노신, 바오밥나무씨오일, 하이드로제네이티드레시틴, 다이소듐이디티에이, 하이드롤라이즈드옥수수전분, 세라마이드엔피, 카라멜, 바 쿠치올, 세라마이드엔에스, 세라마이드에이에스, 유채스테롤, 레시틴, 세라마이드에이피, 세라마이드이오피, 하이드롤라이즈드콜라겐(1 ppm), 에탄올, 폴리글리세릴-2카프레이트, 1,2-헥산다이올, 수크로오스라우레이트, 소듐하이알루로네이트, 리솔레시틴, 소듐아스코빌포스페이트, 향료",라비오뜨,프리미엄 콜라겐 풀 업 에멀전,55850,,
50ml,,㈜메가코스 / ㈜라비오뜨,"병풀잎추출물 (80 %), 아이소펜틸다이올, 정제수, 메틸프로판다이올, 글리세린, 1,2-헥산다이올, 다이에톡시에틸석시네이트, 프로판다이올, 폴리글리세릴-10라우레이트, 아크릴레이트/베헤네스-25메타크릴레이트코폴리머, 트로메타민, 아크릴레이트/C10-30알킬아크릴레이트크로스폴리머, 알란토인, 셀룰로오스검, 인도멀구슬나무잎추출물, 에톡시다이글라이콜, 서양배추출물, 부테스-3, 다마스크장미꽃수, 인도멀구슬나무꽃추출물, 소듐하이알루로네이트, 소듐벤조트라이아졸릴부틸페놀설포네이트, 오리스뿌리추출물, 하이드록시에틸셀룰로오스, 멜론추출물, 서양송악잎/줄기추출물, 울금뿌리추출물, 바실러스발효물, 옥틸도데칸올, 풀루란, 아시아티코사이드, 하이드로제네이티드레시틴, 마데카식애씨드, 아시아틱애씨드, 글라이코리피드, C12-13파레스-9, 트라이부틸시트레이트, 홀리바질잎추출물, 자일리틸글루코사이드, 안하이드로자일리톨, 참산호말추출물, 자일리톨, 카프릴릭/카프릭트라이글리세라이드, 글루코오스, 레시틴, 유채스테롤, 에탄올, 수크로오스라우레이트, 폴리글리세릴-2카프레이트, 세라마이드엔피, 리솔레시틴, 소듐아스코빌포스페이트, 다이소듐이디티에이",라비오뜨,마이데카 시카 수딩 세럼,54837,,
50ml,,㈜메가코스 / ㈜라비오뜨,"병풀잎추출물 (68 %), 글리세린, 카프릴릭/카프릭트라이글리세라이드, 세틸에틸헥사노에이트, 하이드로제네이티드폴리(C6-14올레핀), 페닐트라이메티콘, 비닐다이메티콘, 1,2-헥산다이올, 글리세릴스테아레이트, 폴리글리세릴-3메틸글루코오스다이스테아레이트, 세테아릴알코올, 세테아릴올리베이트, 에톡시다이글라이콜, 폴리글리세릴-10미리스테이트, 다이메티콘/비닐다이메티콘크로스폴리머, C14-22알코올, 솔비탄올리베이트, 소듐폴리아크릴레이트, 정제수, 하이드록시아세토페논, 다이메티콘올, 트라이실록세인, 에틸헥실스테아레이트, 잔탄검, 아크릴레이트/C10-30알킬아크릴레이트크로스폴리머, 인도멀구슬나무잎추출물, 트로메타민, C12-20알킬글루코사이드, 에틸헥실글리세린, 옥틸도데칸올, 캐모마일꽃오일, 소듐스테아로일글루타메이트, 아시아티코사이드, 아데노신, 서양측백나무잎오일, 인도멀구슬나무꽃추출물, 하이드로제네이티드레시틴, 마데카식애씨드, 아시아틱애씨드, 글라이코리피드, 다이소듐이디티에이, C12-13파레스-9, 트라이데세스-6, 카카오추출물, 덱스트린, 참마뿌리추출물, 판테놀, 비터오렌지꽃추출물, 유채스테롤, 레시틴, 에탄올, 수크로오스라우레이트, 폴리글리세릴-2카프레이트, 세라마이드엔피, 리솔레시틴, 소듐아스코빌포스페이트",라비오뜨,마이데카 시카 케어 크림,54839,,
150ml,,㈜메가코스/㈜라비오뜨,"하이드롤라이즈드콜라겐추출물(83 %), 글리세린, 부틸렌글라이콜, 글리세레스-26, 나이아신아마이드, 트레할로오스, 암모늄아크릴로일다이메틸타우레이트/브이피코폴리머, 페녹시에탄올, 정제수, 하이드롤라이즈드콜라겐(1 ppm), 판테놀, C12-14파레스-12, 에틸헥실글리세린, 소듐폴리아크릴레이트, 아데노신, 다이소듐이디티에이, 1,2-헥산다이올, 하이드롤라이즈드옥수수전분, 글리세릴아크릴레이트/아크릴릭애씨드코폴리머, 카라멜, 카프릴릭/카프릭트라이글리세라이드, 소듐하이알루로네이트, 하이드로제네이티드레시틴, 유채스테롤, 레시틴, 수크로오스라우레이트, 폴리글리세릴-2카프레이트, 에탄올, 하이드록시프로필트라이모늄하이알루로네이트, 리솔레시틴, 세라마이드엔피, 소듐아스코빌포스페이트, 하이드롤라이즈드하이알루로닉애씨드, 소듐아세틸레이티드하이알루로네이트, 하이알루로닉애씨드, 소듐하이알루로네이트크로스폴리머, 포타슘하이알루로네이트, 향료",라비오뜨,프리미엄 콜라겐 풀 업 소프너,55849,,
50ml,,㈜메가코스/㈜라비오뜨,"하이드롤라이즈드콜라겐추출물 (80%), 글리세린, 메틸글루세스-20, 프로판다이올, 1,2-헥산다이올, 정제수, 나이아신아마이드, 다이에톡시에틸석시네이트, 부틸렌글 라이콜, 폴리글리세릴-10라우레이트, 하이드록시에틸아크릴레이트/소듐아크릴로일다이메틸타우레이트코폴리머, 아크릴레이트/C10-30알킬아크릴레이트크로스폴리머, 알란토인, 알지닌, 병풀추출물, 잔탄검, 쇠비름추출물, 아데노신, 부테스-3, 하이드롤라이즈드호호바에스터, 마트리카리아꽃추출물, 체이스트트리추출물, 소듐벤조 트라이아졸릴부틸페놀설포네이트, 바이오사카라이드검-1, 수크로오스팔미테이트, 글리세릴아크릴레이트/아크릴릭애씨드코폴리머, 하이드로제네이티드레시틴, 인도멀 구슬나무잎추출물, 인도멀구슬나무꽃추출물, 진흙버섯추출물, 울금뿌리추출물, 우엉뿌리추출물, 마카다미아씨오일, 올리브오일, 포도씨오일, 호호바씨오일, 카카오 추출물, 덱스트린, 글라이신, 세린, 글루타믹애씨드, 트라이부틸시트레이트, 아스파틱애씨드, 류신, 홀리바질잎추출물, 알라닌, 라이신, 타이로신, 페닐알라닌, 프롤린, 트레오닌, 발린, 아이소류신, 참산호말추출물, 히스티딘, 시스테인, 메티오닌, 다이소듐이디티에이, 향료",라비오뜨,프리미엄 콜라겐 풀 업 앰플 [영양],55856,,
500ml,,㈜메가코스/㈜라비오뜨,"정제수, 글리세린, 1,2-헥산다이올, 메틸프로판다이올, 글리세레스-26, 폴리글리세릴-4카프레이트, 폴리글리세릴-6카프릴레이트, 부틸렌글라이콜, 병풀추출물, 쇠비름추출물, 진흙버섯추출물, 체이스트트리추출물, 마트리카리아꽃추출물, 우엉뿌리추출물, 하이드롤라이즈드콜라겐(2.5 ppm), 클로렐라 미누티시마추출물, 스피룰리나 플라텐시스추출물, 흰버드나무껍질수, 소듐하이알루로네이트, 하이드롤라이즈드하이알루로닉애씨드, 소듐아세틸레이티드하이알루로네이트, 글리세릴글루코사이드, 카프릴릭/카프릭트라이글리세라이드, 하이드로제네이티드레시틴, 세라마이드엔피, 잔탄검, 카보머, 트로메타민, 알란토인, 다이소듐이디티에이, 에틸헥실글리세린, 페녹시에탄올, 헥실신나몰, 부틸페닐메틸프로피오날, 향료",라비오뜨,콜라겐 에센스 인 토너,55853,,
50ml / 1.69 fl.oz.,,㈜허니스트 / ㈜대성글로벌,"정제수, 아이소프로필아이소스테아레이트, 글리세린, 부틸렌글라이콜다이카프릴레이트/다이카프레이트, 세틸피이지/피피지-10/1다이메티콘, 트라이에틸헥사노인, 세틸에틸헥사노에이트, 1,2-헥산다이올, 프로필렌글라이콜, 나이아신아마이드, 마그네슘설페이트, 콜라겐추출물, 다이스테아다이모늄헥토라이트, 카프릴릴글라이콜, 글리세릴글루코사이드, 에틸헥실글리세린, 브라질넛씨오일, 아데노신, 부틸렌글라이콜, 다이소듐이디티에이, 알파-비사보롤, 글루타티온, 트라넥사믹애씨드, 티옥틱애씨드, 니코틴아마이드모노뉴클레오타이드, 시스테인, 알파-알부틴, 브로콜리추출물, 얼룩파인애플추출물, 울금뿌리추출물, 월하미인꽃추출물, 소듐하이알루로네이트, 콜라겐, 수용성콜라겐, 하이드롤라이즈드콜라겐, 콜라겐아미노산, 소듐소이하이드롤라이즈드콜라겐, 징크하이드롤라이즈드콜라겐, 하이알루로닉애씨드, 하이드롤라이즈드소듐하이알루로네이트, 하이드롤라이즈드하이알루로닉애씨드, 토마토추출물, 토코페롤, 하이드롤라이즈드글라이코사미노글리칸, 소듐하이알루로네이트크로스폴리머, 소듐아세틸레이티드하이알루로네이트, 다이메틸실란올하이알루로네이트, 하이드록시프로필트라이모늄하이알루로네이트, 카퍼트라이펩타이드-1, 아세틸헥사펩타이드-8, 팔미토일펜타펩타이드-4, 팔미토일트라이펩타이드-1, 팔미토일테트라펩타이드-7, 트라이펩타이드-1, 트라이펩타이드-2, 트라이펩타이드-3, 아세틸옥타펩타이드-3, 향료, 리모넨, 하이드록시시트로넬알, 리날룰",루나,트리플 익스트림 글로우 앰플,74247,,
50ml / 1.69 fl.oz.,,㈜허니스트 / ㈜대성글로벌,"정제수, 글리세린, 사이클로펜타실록세인, 카프릴릭/카프릭트라이글리세라이드, 부틸렌글라이콜, 다이페닐실록시페닐트라이메티콘, 나이아신아마이드, 에탄올, 사이클로헥사실록세인, 아이소노닐아이소노나노에이트, 비닐다이메티콘, 다이메티콘올, 캐스터오일/아이피디아이코폴리머, 하이드록시에틸아크릴레이트/소듐아크릴로일다이메틸타우레이트코폴리머, 다이프로필렌글라이콜, 1,2-헥산다이올, 콜라겐추출물, 하이드록시아세토페논, 피이지-60하이드로제네이티드캐스터오일, 카프릴릴글라이콜, 글리세릴아크릴레이트/아크릴릭애씨드코폴리머, 알지닌, 글리세릴글루코사이드, 다이메티콘/비닐다이메티콘크로스폴리머, 피이지/피피지-19/19다이메티콘, 피브이엠/엠에이코폴리머, 토코페릴아세테이트, 아데노신, 다이소듐이디티에이, 베타인, 브로콜리추출물, 에틸헥실글리세린, 얼룩파인애플추출물, 울금뿌리추출물, 다이포타슘글리시리제이트, 월하미인꽃추출물, 유차나무씨오일, 안디로바씨오일, 쌀겨오일, 소듐하이알루로네이트, 콜라겐, 수용성콜라겐, 하이드롤라이즈드콜라겐, 콜라겐아미노산, 소듐소이하이드롤라이즈드콜라겐, 징크하이드롤라이즈드콜라겐, 하이알루로닉애씨드, 하이드롤라이즈드소듐하이알루로네이트, 하이드롤라이즈드하이알루로닉애씨드, 하이드롤라이즈드글라이코사미노글리칸, 소듐하이알루로네이트크로스폴리머, 소듐아세틸레이티드하이알루로네이트, 다이메틸실란올하이알루로네이트, 하이드록시프로필트라이모늄하이알루로네이트, 향료, 리모넨, 하이드록시시트로넬알",루나,리치 오일 캡슐 크림,74266,,
50ml / 1.69 fl.oz.,,㈜허니스트 / ㈜대성글로벌,"정제수, 글리세린, 부틸렌글라이콜, 세틸에틸헥사노에이트, 다이프로필렌글라이콜, 나이아신아마이드, 시어버터, 합성비즈왁스, 글리세릴스테아레이트, 피이지-100스테아레이트, 글리세릴스테아레이트에스이, 다이메티콘, 솔비탄세스퀴올리에이트, 프로판다이올, 폴리솔베이트60, 콜라겐추출물, 스테아릭애씨드, 팔미틱애씨드, 하이드록시에틸아크릴레이트/소듐아크릴로일다이메틸타우레이트코폴리머, 글리세릴글루코사이드, 카프릴릴글라이콜, 판테놀, 알란토인, 다이소듐이디티에이, 아데노신, 에틸헥실글리세린, 카프릴릭/카프릭트라이글리세라이드, 세틸알코올, 1,2-헥산다이올, 피이지-75스테아레이트, 솔비탄아이소스테아레이트, 브로콜리추출물, 얼룩파인애플추출물, 울금뿌리추출물, 세테스-20, 스테아레스-20, 하이드로제네이티드레시틴, 트라이프로필렌글라이콜, 미리스틱애씨드, 아라키딕애씨드, 폴리글리세릴-4카프레이트, 토코페롤, 월하미인꽃추출물, 감태추출물, 서양고추나물추출물, 라벤더꽃추출물, 소듐하이알루로네이트, 세라마이드엔피, 멜라토닌, 콜라겐, 수용성콜라겐, 하이드롤라이즈드콜라겐, 콜라겐아미노산, 소듐소이하이드롤라이즈드콜라겐, 징크하이드롤라이즈드콜라겐, 하이알루로닉애씨드, 프로필렌글라이콜, 하이드롤라이즈드소듐하이알루로네이트, 하이드롤라이즈드하이알루로닉애씨드, 하이드롤라이즈드글라이코사미노글리칸, 소듐하이알루로네이트크로스폴리머, 소듐아세틸레이티드하이알루로네이트, 다이메틸실란올하이알루로네이트, 하이드록시프로필트라이모늄하이알루로네이트, 향료, 리모넨, 하이드록시시트로넬알, 리날룰",루나,풀문 나이트 크림,74265,,
150ml / 5.07 fl.oz.,,㈜허니스트 / ㈜대성글로벌,"정제수, 프로판다이올, 부틸렌글라이콜, 글리세린, 나이아신아마이드, 옥틸도데칸올, 글리세레스-26, C14-22알코올, 스쿠알란, 솔비탄세스퀴아이소스테아레이트, 콜라겐추출물, 피이지-60하이드로제네이티드캐스터오일, 비스-피이지-18메틸에터다이메틸실레인, C12-20알킬글루코사이드, 글리세릴글루코사이드, 카프릴릴글라이콜, 암모늄아크릴로일다이메틸타우레이트/브이피코폴리머, 판테놀, 하이드록시에틸아크릴레이트/소듐아크릴로일다이메틸타우레이트코폴리머, 1,2-헥산다이올, 아데노신, 에틸헥실글리세린, 스타이렌/아크릴레이트코폴리머, 다이소듐이디티에이, 소듐하이알루로네이트, 코코-글루코사이드, 브로콜리추출물, 얼룩파인애플추출물, 울금뿌리추출물, 솔비탄아이소스테아레이트, 폴리솔베이트60, 하이드로제네이티드레시틴, 글루코오스, 월하미인꽃추출물, 세라마이드엔피, 벤조익애씨드, 시트릭애씨드, 소듐소이하이드롤라이즈드콜라겐, 수용성콜라겐, 징크하이드롤라이즈드콜라겐, 콜라겐, 콜라겐아미노산, 하이드롤라이즈드콜라겐, 하이알루로닉애씨드, 하이드롤라이즈드소듐하이알루로네이트, 하이드롤라이즈드하이알루로닉애씨드, 하이드롤라이즈드글라이코사미노글리칸, 다이메틸실란올하이알루로네이트, 소듐아세틸레이티드하이알루로네이트, 소듐하이알루로네이트크로스폴리머, 하이드록시프로필트라이모늄하이알루로네이트, 향료, 리모넨, 하이드록시시트로넬알, 리날룰",루나,스킨 밸런싱 크림 토너,74268,,
50ml / 1.69 fl.oz.,,㈜허니스트 / ㈜대성글로벌,"정제수, 글리세린, 나이아신아마이드, 다이프로필렌글라이콜, 자작나무수액, 프로판다이올, 콜라겐추출물, 카보머, 하이드록시에틸셀룰로오스, 글리세릴글루코사이드, 카프릴릴글라이콜, 1,2-헥산다이올, 알란토인, 잔탄검, 알지닌, 부틸렌글라이콜, 다이포타슘글리시리제이트, 베타인, 피이지-60하이드로제네이티드캐스터오일, 에틸헥실글리세린, 아데노신, 다이소듐이디티에이, 소듐하이알루로네이트, 브로콜리추출물, 얼룩파인애플추출물, 울금뿌리추출물, 바이오사카라이드검-1, 프로필렌글라이콜, 트라이프로필렌글라이콜, 사막장미잎추출물, 병풀추출물, 병풀잎추출물, 병풀뿌리추출물, 효모발효물, 월하미인꽃추출물, 하이알루로닉애씨드, 하이드롤라이즈드소듐하이알루로네이트, 하이드롤라이즈드하이알루로닉애씨드, 콜라겐, 수용성콜라겐, 하이드롤라이즈드콜라겐, 콜라겐아미노산, 소듐소이하이드롤라이즈드콜라겐, 징크하이드롤라이즈드콜라겐, 하이드롤라이즈드글라이코사미노글리칸, 소듐하이알루로네이트크로스폴리머, 소듐아세틸레이티드하이알루로네이트, 다이메틸실란올하이알루로네이트, 하이드록시프로필트라이모늄하이알루로네이트, 아시아티코사이드, 마데카소사이드, 마데카식애씨드, 아시아틱애씨드, 향료, 리모넨, 하이드록시시트로넬알, 리날룰",루나,딥 아쿠아 리커버리 앰플,74264,,
30ml / 1.01 fl.oz.,,㈜허니스트 / ㈜대성글로벌,"정제수, 글리세린, 다이메티콘, 카프릴릭/카프릭트라이글리세라이드, 다이프로필렌글라이콜, 부틸렌글라이콜, 합성비즈왁스, 팔미틱애씨드, 나이아신아마이드, 스테아릭애씨드, 글리세릴스테아레이트에스이, 폴리솔베이트60, 시어버터, 솔비탄세스퀴올리에이트, 프로판다이올, 글리세릴스테아레이트, 피이지-100스테아레이트, 콜라겐추출물*, 카보머, 하이드록시에틸셀룰로오스, 알지닌, 글리세릴글루코사이드*, 카프릴릴글라이콜, 판테놀, 알란토인, 카페인, 잔탄검, 다이소듐이디티에이, 아데노신, 에틸헥실글리세린, 1,2-헥산다이올, 미리스틱애씨드, 아라키딕애씨드, 브로콜리추출물, 폴리글리세릴-10스테아레이트, 얼룩파인애플추출물, 울금뿌리추출물, 하이드로제네이티드레시틴, 올레익애씨드, 트라이프로필렌글라이콜, 월하미인꽃추출물, 소듐하이알루로네이트*, 프로필렌글라이콜, 콜라겐*, 수용성콜라겐*, 하이드롤라이즈드콜라겐*, 콜라겐아미노산*, 소듐소이하이드롤라이즈드콜라겐*, 징크하이드롤라이즈드콜라겐*, 하이알루로닉애씨드*, 하이드롤라이즈드소듐하이알루로네이트*, 하이드롤라이즈드하이알루로닉애씨드*, 하이드롤라이즈드글라이코사미노글리칸*, 메나다이온, 소듐하이알루로네이트크로스폴리머*, 소듐아세틸레이티드하이알루로네이트*, 다이메틸실란올하이알루로네이트*, 하이드록시프로필트라이모늄하이알루로네이트*, 향료, 리모넨, 하이드록시시트로넬알, 리날룰",루나,17 루나 글로우 아이크림,74267,,
50ml,,(주)리더스코스메틱,"정제수, 글리세린, 메틸프로판다이올, 스쿠알란, 베타인, 펜타에리스리틸테트라에틸헥사노에이트, 사이클로헥사실록세인, 메도우폼씨오일, 세틸알코올, 1,2-헥산다이올, 부틸렌글라이콜, 판테놀, 하이드로제네이티드폴리(C6-14올레핀), 세테아릴알코올, 세테아릴올리베이트, 칸디다 봄비콜라/글루코오스/메틸레이프씨데이트발효물, 솔비탄올리베이트, 폴리아크릴레이트-13, 알란토인, 암모늄아크릴로일다이메틸타우레이트/브이피코폴리머, 세테아릴글루코사이드, 카보머, 알지닌, 다이프로필렌글라이콜, 하이드로제네이티드폴리아이소부텐, 카프릴릴글라이콜, 에틸헥실글리세린, 베르가모트오일, 콜라겐, 하이드로제네이티드레시틴, 아데노신, 펜틸렌글라이콜, 카프릴릭/카프릭트라이글리세라이드, 폴리글리세릴-10라우레이트, 에틸헥실팔미테이트, 류코노스톡/무발효여과물, 피토스테롤, 시어버터, 다이소듐이디티에이, 솔비탄아이소스테아레이트, 잔탄검, 락토바실러스발효용해물, 하이드롤라이즈드완두콩단백질, 로즈마리잎오일, 글루코오스, 아스코빅애씨드, 팔미토일트라이펩타이드-5, 스피어민트잎오일, 리씨열매오일, 클레리오일, 해바라기씨오일, 세라마이드엔피",리더스코스메틱,그린 콜라겐 하이드레이트 부스팅 크림,51315,,
30ml,,(주)리더스코스메틱,"정제수, 글리세레스-26, 베타인, 1,2-헥산다이올, 글리세린, 다이에톡시에틸석시네이트, 판테놀, 폴리글리세릴-10라우레이트, 암모늄아크릴로일다이메틸타우레이트/브이피코폴리머, 메틸글루세스-20, 알란토인, 폴리아크릴레이트크로스폴리머-6, 트로메타민, 카보머, 에틸헥실글리세린, 카프릴릴글라이콜, 부틸렌글라이콜, 아데노신, 소듐하이알루로네이트, 베르가모트오일, 잔탄검, 다이소듐이디티에이, 콜라겐, 칸디다 봄비콜라/글루코오스/메틸레이프씨데이트발효물, 류코노스톡/무발효여과물, 락토바실러스발효용해물, 헵타소듐헥사카복시메틸다이펩타이드-12, 다이프로필렌글라이콜, t-부틸알코올, 하이드로제네이티드레시틴, 펜틸렌글라이콜, 로즈마리잎오일, 카프릴릭/카프릭트라이글리세라이드, 피토스테롤, 시어버터, 스피어민트잎오일, 리씨열매오일, 클레리오일, 하이드롤라이즈드완두콩단백질, 스쿠알란, 아스코빅애씨드, 해바라기씨오일, 세라마이드엔피",리더스코스메틱,그린 콜라겐 모이스트 퍼밍 세럼,51316,,
200ml,,리더스코스메틱,"정제수, 소듐C14-16올레핀설포네이트, 코카미도프로필하이드록시설테인, 글리세린, 소듐코코일알라니네이트, 트레할로오스, 폴리글리세릴-10라우레이트, 소듐클로라이드, 알란토인, 에틸헥실글리세린, 카프릴릴글라이콜, 아크릴레이트/C10-30알킬아크릴레이트크로스폴리머, 시트릭애씨드, 푸시디움 코키네움발효여과물, 다이소듐이디티에이, 부테스-3, 다이프로필렌글라이콜, 소듐벤조트라이아졸릴부틸페놀설포네이트, 인도멀구슬나무잎추출물, 부틸렌글라이콜, 인도멀구슬나무꽃추출물, 에탄올, 아이비고드열매추출물, 몰로키아잎추출물, 오크라열매추출물, 트리스(테트라메틸하이드록시피페리딘올)시트레이트, 락토바실러스발효물, 카룸 페트로셀리눔추출물, 1,2-헥산다이올, 병풀잎추출물, 트라이부틸시트레이트, 가지열매추출물, 알로에베라꽃추출물, 병풀추출물, 트라이에틸헥사노인, 호호바씨오일, 마데카식애씨드, 하이드로제네이티드레시틴, 울금뿌리추출물, 참산호말추출물, 홀리바질잎추출물, 수크로오스다이스테아레이트, 아시아틱애씨드, 아시아티코사이드, 마데카소사이드, 만니톨, 카프릴로일살리실릭애씨드",리더스코스메틱,카밍 바이오틱스 젤 클렌저,52687,,
50ml,,상품상세참조,"정제수,징크옥사이드,사이클로헥사실록세인,부틸옥틸살리실레이트,프로판다이올,프로필헵틸카프릴레이트,C9-12알케인,카프릴릴메티콘,폴리글리세릴-3폴리다이메틸실록시에틸다이메티콘,나이아신아마이드,다이프로필렌글라이콜,메틸트라이메티콘,카프릴릭/카프릭/석시닉트라이글리세라이드,귀리커넬추출물,아티초크잎추출물,병풀추출물,물푸레나무추출물,바질꽃/잎/줄기추출물,프랑스해안송껍질추출물,소듐하이알루로네이트,녹차수,하이드로제네이티드레시틴,다이스테아다이모늄헥토라이트,마그네슘설페이트,트라이에톡시카프릴릴실레인,1,2-헥산다이올,메틸메타크릴레이트크로스폴리머,폴리글리세릴-2다이폴리하이드록시스테아레이트,폴리메틸실세스퀴옥세인,라우릴폴리글리세릴-3폴리다이메틸실록시에틸다이메티콘,메틸프로판다이올,글리세린,글리세릴카프릴레이트,카프릴릴글라이콜,에틸헥실글리세린,아데노신,폴리쿼터늄-51,베타-글루칸,부틸렌글라이콜,토코페롤,락토바이오닉애씨드,비피다발효용해물,판테놀,마데카소사이드,소듐디엔에이,다이소듐이디티에이",리더스코스메틱,컴포트 베리어 선크림 [SPF50+/PA++++],78124,,
50ml,,상품상세참조,"정제수, 부틸렌글라이콜, 프로판다이올, 다이부틸아디페이트, 폴리메틸실세스퀴옥세인, 비스-에칠헥실옥시페놀메톡시페닐트리아진, 디에칠아미노하이드록시벤조일헥실벤조에이트, 다이아이소프로필아디페이트, 에칠헥실트리아존, 폴리실리콘-15, 나이아신아마이드, 메칠렌비스-벤조트리아졸릴테트 라메칠부틸페놀, 비피다발효용해물, 병풀추출물, C12-15알킬벤조에이트, 카프릴릴메티콘, 펜틸렌글라이콜, 폴리글리세릴-3메틸글루코오스다이스테아레이트, 1,2-헥산다이올, 하이드록시아세토페논, 아크릴레이트/C10-30알 킬아크릴레이트크로스폴리머, 트로메타민, 폴리C10-30알킬아크릴레이트, 하이드록시에틸우레아, 데실글루코사이드, 소듐아크릴레이트크로스폴리머-2, 알란토인, 다이포타슘글리시리제이트, 아데노신, 소듐스테아로일글루타메이트, 글리세린, 카르노신, 엑토인,락토오스, 팔미토일트라이펩타이드-5, 판테놀, 하이드롤라이즈드엘라스틴, 마데카소사이드, 베헤닐알코올, 잔탄검",리더스코스메틱,워터드롭 에센스 선크림 [SPF50+/PA++++],78125,,
상품상세참조,,(주)리더스코스메틱,"정제수, 글리세린, 나이아신아마이드, 1,2-헥산다이올, 부틸렌글라이콜, 폴리글리세릴-10라우레이트, 카프릴릴글라이콜, 에틸헥실글리세린, 부테스-3, 다이소듐이디티에이, 잔탄검, 소듐벤조트라이아졸릴부틸페놀설포네이트, 에탄올, 치자꽃추출물, 트리스(테트라메틸하이드록시피페리딘올)시트레이트, 트라이부틸시트레이트, 칸디다 봄비콜라/글루코오스/메틸레이프씨데이트발효물, 다이프로필렌글라이콜, 글루타티온, 아스코빅애씨드, 해바라기씨오일",리더스코스메틱,잡티 흔적 패드,65782,,
21ml,,(주)리더스코스메틱,"정제수, 글리세린, 메틸프로판다이올, 알지닌, 카보머, 에틸헥실글리세린, 카프릴릴글라이콜, 약모밀추출물(1,000 ppm), 잔탄검, 부틸렌글라이콜, 다이소듐이디티에이, 1,2-헥산다이올, 말릭애씨드",리더스코스메틱,네이처 이펙트 마스크 [어성초],51331,,
200ml,,(주)리더스코스메틱,"트루로즈오브예리코추출물 (50 %), 정제수, 다이프로필렌글라이콜, 메틸프로판다이올, 글리세린, 1,2-헥산다이올, 아크릴레이트/C10-30알킬아크릴레이트크로스폴리머, 트로메타민, 판테놀, 폴리글리세릴-10라우레이트, 에틸헥실글리세린, 카프릴릴글라이콜, 알란토인, 다이소듐이디티에이, 편백오일, 부틸렌글라이콜, 다이메틸실란올하이알루로네이트, 하이드롤라이즈드소듐하이알루로네이트, 하이드롤라이즈드하이알루로닉애씨드, 소듐하이알루로네이트, 포타슘하이알루로네이트, 하이알루로닉애씨드, 소듐하이알루로네이트크로스폴리머, 하이드록시프로필트라이모늄하이알루로네이트, 소듐하이알루로네이트다이메틸실란올, 소듐아세틸레이티드하이알루로네이트",리더스코스메틱,아임피토 부활초 수딩젤,55136,,
150ml,,리더스코스메틱,"정제수;부틸렌글라이콜;글리세린;푸시디움 코식네움발효여과물;코코-카프릴레이트/카프레이트;1,2-헥산다이올;하이드롤라이즈드호호바에스터;하이드록시에틸아크릴레이트/소듐아크릴로일다이메틸타우레이트코폴리머;에틸헥실올리베이트;카프릴릴글라이콜;에틸헥실글리세린;소듐아크릴레이트코폴리머;폴리글리세릴-4올리에이트;자일리틸글루코사이드;아데노신;소듐하이알루로네이트;시트릭애씨드;안하이드로자일리톨;병풀잎추출물;솔비탄아이소스테아레이트;다이소듐이디티에이;자일리톨;트라이에틸헥사노인;마데카식애씨드;하이드로제네이티드레시틴;글루코오스;오크라열매추출물;몰로키아잎추출물;락토바실러스발효물;카룸 페트로셀리눔추출물;베르가모트오일;수크로오스다이스테아레이트;아시아틱애씨드;아시아티코사이드;마데카소사이드;살비아오일;만니톨",리더스코스메틱,카밍 바이오틱스 에센스 워터,19731,,
50매+50매,,(주)리더스코스메틱,"정제수, 베타인, 1,2-헥산다이올, 판테놀, 부틸렌글라이콜, 에틸헥실글리세린, 카프릴릴글라이콜, 아데노신, 다이소듐이디티에이, 소듐하이알루로네이트, 자두추출물, 감태추출물, 다시마추출물, 글리세린, 페퍼민트추출물, 콜라겐, 팔미토일트라이펩타이드-5",리더스코스메틱,모공 탄력 패드,65781,,
30ml,,리더스코스메틱,"정제수;푸시디움 코식네움발효여과물;부틸렌글라이콜;다이프로필렌글라이콜;스쿠알란;사이클로헥사실록세인;프로판다이올;1,2-헥산다이올;메도우폼씨오일;C14-22알코올;폴리글리세릴-3메틸글루코오스다이스테아레이트;하이드록시에틸아크릴레이트/소듐아크릴로일다이메틸타우레이트코폴리머;병풀잎추출물;글리세린;암모늄아크릴로일다이메틸타우레이트/브이피코폴리머;C12-20알킬글루코사이드;트라이에틸헥사노인;베타인;판테놀;소듐시트레이트;마데카식애씨드;하이드로제네이티드레시틴;카프릴릴글라이콜;에틸헥실글리세린;아데노신;솔비탄아이소스테아레이트;수크로오스다이스테아레이트;다이소듐이디티에이;시트릭애씨드;아시아틱애씨드;아시아티코사이드;마데카소사이드;소듐하이알루로네이트;오크라열매추출물;몰로키아잎추출물;락토바실러스발효물;카룸 페트로셀리눔추출물;베르가모트오일;글루코오스;살비아오일;만니톨",리더스코스메틱,카밍 바이오틱스 앰플,19747,,
21ml,,(주)리더스코스메틱,"정제수, 글리세린, 메틸프로판다이올, 알지닌, 카보머, 병풀추출물(1,080 ppm), 카프릴릴글라이콜, 에틸헥실글리세린, 잔탄검, 부틸렌글라이콜, 다이소듐이디티에이, 티트리잎수",리더스코스메틱,네이처 이펙트 마스크 [시카],51317,,
80ml,,리더스코스메틱,"정제수, 푸시디움 코식네움발효여과물, 프로판다이올, 사이클로헥사실록세인, 글리세레스-26, 글리세린, 페닐트라이메티콘, 1,2-헥산다이올, 하이드록시에틸아크릴레이트/소듐아크릴로일다이메틸타우레이트코폴리머, 부틸렌글라이콜, 병풀잎추출물, 아크릴레이트/C10-30알킬아크릴레이트크로스폴리머, 알지닌, 트라이에틸헥사노인, 카프릴릴글라이콜, 에틸헥실글리세린, 마데카식애씨드, 솔비탄아이소스테아레이트, 하이드로제네이티드레시틴, 아데노신, 수크로오스다이스테아레이트, 다이소듐이디티에이, 아시아틱애씨드, 아시아티코사이드, 마데카소사이드, 오크라열매추출물, 몰로키아잎추출물, 락토바실러스발효물, 카룸 페트로셀리눔추출물, 베르가모트오일, 살비아오일, 만니톨",리더스코스메틱,카밍 바이오틱스 크림 마스크,19862,,
21ml,,(주)리더스코스메틱,"정제수, 글리세린, 메틸프로판다이올, 알지닌, 카보머, 에틸헥실글리세린, 카프릴릴글라이콜, 유자추출물(1,000 ppm), 잔탄검, 까무까무열매추출물, 부틸렌글라이콜, 다이소듐이디티에이, 1,2-헥산다이올, 아스코빅애씨드(6 ppm)",리더스코스메틱,네이처 이펙트 마스크 [유자비타],51355,,
15ml,,(주)리더스코스메틱,"정제수, 다이프로필렌글라이콜, 글리세린, 칼라민, 코코-카프릴레이트/카프레이트, 카프릴릭/카프릭트라이글리세라이드, 1,2-헥산다이올, 나이아신아마이드, 세테아릴알코올, 세테아릴올리베이트, 솔비탄올리베이트, C14-22알코올, 세틸알코올, 피토스테롤, 징크피씨에이, 폴리아크릴레이트크로스폴리머-6, C12-20알킬글루코사이드, 락토바실러스발효용해물, 락토코쿠스발효용해물, 병풀잎추출물, 비피다발효용해물, 판테놀, 하이드로제네이티드레시틴, 에틸헥실글리세린, 카프릴릴글라이콜, 다이소듐이디티에이, t-부틸알코올, 칸디다 봄비콜라/글루코오스/메틸레이프씨데이트발효물, 글루코오스, 아시아티코사이드, 마데카식애씨드, 아시아틱애씨드, 해바라기씨오일, 세라마이드엔피, 베타-글루칸, 폴리라이신, 아스코빅애씨드, 카프릴로일살리실릭애씨드",리더스코스메틱,카밍 바이오틱스 블레미쉬 스팟 크림,64286,,
220ml,,상품상세참조,"정제수, 부틸렌글라이콜, 글리세린, 메틸프로판다이올, 다이프로필렌글라이콜, 당근추출물, 라임추출물, 핑거라임열매추출물, 오크라열매추출물, 모란뿌리추출물, 검은귀리추출물, 수레국화꽃추출물, 소듐하이알루로네이트, 알란토인, 베타인, 하이드롤라이즈드콜라겐 (49,000 ppb), 아스코빅애씨드, 라벤더오일, 레몬껍질오일, 팔마로사오일, 베르가모트오일, 쓴쑥오일, 장미꽃오일, 캐모마일꽃오일, 폴리글리세릴-4라우레이트, 폴리글리세릴-10라우레이트, 레시틴, 에틸헥실글리세린, 1,2-헥산다이올, 하이드록시아세토페논, 포타슘솔베이트, 시트릭애씨드, 카보머, 잔탄검, 알지닌, 다이소듐이디티에이, 리모넨",리더스코스메틱,아임피토 콜라겐 글로우 마스크,56992,,
21ml,,(주)리더스코스메틱,"정제수, 글리세린, 메틸프로판다이올, 알지닌, 카보머, 에틸헥실글리세린, 카프릴릴글라이콜, 흰목이버섯추출물(1,000 ppm), 잔탄검, 부틸렌글라이콜, 다이소듐이디티에이, 1,2-헥산다이올, 콜라겐, 류코노스톡/무발효여과물",리더스코스메틱,네이처 이펙트 마스크 [은이버섯],51358,,
50ml,,(주)리더스코스메틱,"정제수, 글리세린, 부틸렌글라이콜, 스쿠알란, 베타인, 메틸프로판다이올, 사이클로헥사실록세인, 메도우폼씨오일, 세틸알코올, 하이드로제네이티드폴리(C6-14올레핀), 펜타에리스리틸테트라에틸헥사노에이트, 프로판다이올, 1,2-헥산다이올, 세테아릴알코올, 판테놀, 세테아릴올리베이트, 암모늄아크릴로일다이메틸타우레이트/브이피코폴리머, 솔비탄올리베이트, 폴리아크릴레이트-13, 세테아릴글루코사이드, 알란토인, 아크릴레이트/C10-30알킬아크릴레이트크로스폴리머, 알지닌, 하이드로제네이티드폴리아이소부텐, 카프릴릴글라이콜, 에틸헥실글리세린, 베르가모트오일, 칸디다 봄비콜라/글루코오스/메틸레이프씨데이트발효물, 아데노신, 아보카도열매추출물, 폴리글리세릴-10라우레이트, 다이프로필렌글라이콜, 에틸헥실팔미테이트, 콜라겐, 하이드로제네이티드레시틴, 다이소듐이디티에이, 펜틸렌글라이콜, 솔비탄아이소스테아레이트, 카프릴릭/카프릭트라이글리세라이드, 류코노스톡/무발효여과물, 피토스테롤, 시어버터, 잔탄검, 락토바실러스발효용해물, 글루코오스, 로즈마리잎오일, 하이드롤라이즈드완두콩단백질, 스피어민트잎오일, 리씨열매오일, 클레리오일, 아스코빅애씨드, 아세틸테트라펩타이드-5, 해바라기씨오일, 세라마이드엔피",리더스코스메틱,스페셜에디션 그린 콜라겐 아이크림 포 페이스,78533,,
25ml,,리더스코스메틱,"카카두플럼추출물;정제수;부틸렌글라이콜;글리세린;프로판다이올;나이아신아마이드;1,2-헥산다이올;석류추출물;레몬추출물;황련추출물;아크릴레이트/C10-30알킬아크릴레이트크로스폴리머;알지닌;에틸헥실글리세린;카프릴릴글라이콜;잔탄검;다이소듐이디티에이;까무까무열매추출물;아스코빅애씨드",리더스코스메틱,아임피토 비타민 마스크,30300,,
150ml,,리더스코스메틱,정제수;글리세린;팔미틱애씨드;스테아릭애씨드;라우릭애씨드;미리스틱애씨드;포타슘하이드록사이드;라우릴베타인;피이지-100스테아레이트;글리세릴스테아레이트;비즈왁스;포타슘코코일글리시네이트;살리실릭애씨드;소듐클로라이드;에틸헥산다이올;글리세릴카프릴레이트;토코페릴아세테이트;에탄올;다이소듐이디티에이;하이드록시에틸셀룰로오스;알란토인;판테놀;도둑놈의지팡이뿌리추출물;부틸렌글라이콜;카프릴/카프라미도프로필베타인;폴리글리세릴-6리시놀리에이트;폴리글리세릴-4카프레이트;폴리글리세릴-6카프릴레이트;폴리글리세릴-3코코에이트;흰버드나무껍질추출물;락토바실러스/콩발효추출물;쇠비름추출물;오레가노잎추출물;육계나무껍질추출물;황금추출물;편백잎추출물;마데카소사이드;아시아티코사이드;아시아틱애씨드;마데카식애씨드,리더스코스메틱,카밍 클리어 아크네 폼 클렌저,19870,,
150ml,,(주)리더스코스메틱,"토너: 정제수, 부틸렌글라이콜, 글리세린, 1,2-헥산다이올, 베타인, 하이드록시에틸아크릴레이트/소듐아크릴로일다이메틸타우레이트코폴리머, 판테놀, 폴리글리세릴-10라우레이트, 에틸헥실글리세린, 카프릴릴글라이콜, 소듐하이알루로네이트, 아데노신, 다이소듐이디티에이, 솔비탄아이소스테아레이트, 콜라겐, 베르가모트오일, 칸디다 봄비콜라/글루코오스/메틸레이프씨데이트발효물, 류코노스톡/무발효여과물, 락토바실러스발효용해물, 다이프로필렌글라이콜, 헵타소듐헥사카복시메틸다이펩타이드-12, 잔탄검, 해바라기씨오일, 하이드로제네이티드레시틴, 펜틸렌글라이콜, 카프릴릭/카프릭트라이글리세라이드, 로즈마리잎오일, 시어버터, 피토스테롤, 리씨열매오일, 스피어민트잎오일, 클레리오일, 하이드롤라이즈드완두콩단백질, 아스코빅애씨드, 스쿠알란, 세라마이드엔피",리더스코스메틱,그린 콜라겐 시너지 토너,65812,,
25ml,,리더스코스메틱,"몰로키아잎추출물;정제수;부틸렌글라이콜;글리세린;1,2-헥산다이올;프로판다이올;아크릴레이트/C10-30알킬아크릴레이트크로스폴리머;알지닌;에틸헥실글리세린;카프릴릴글라이콜;잔탄검;다이소듐이디티에이;오크라열매추출물;카룸 페트로셀리눔추출물;베르가모트오일;살비아오일",리더스코스메틱,아임피토 뮤신 마스크,30296,,
1회분 기준 : 1제 2ml + 2제 2ml + 3제 28g,,상품상세참조,"[리더스 3X 부스팅 솔루션 샷] 정제수, 다이프로필렌글라이콜, 글리세린, 나이아신아마이드, 1,2-헥산다이올, 베타인, 카프릴릭/카프릭트라이글리세라이드, 부틸렌글라이콜, 세틸에틸헥사노에이트, 하이드롤라이즈드해면, 에틸헥실올리베이트, 폴리아크릴레이트크로스폴리머-6, 판테놀, 소듐아크릴레이트코폴리머, 폴리글리세릴-4올리에이트, 하이드록시에틸아크릴레이트/소듐아크릴로일다이메틸타우레이트코폴리머, 에틸헥실글리세린, 카프릴릴글라이콜, 잔탄검, 아데노신, 다이소듐이디티에이, 소듐하이알루로네이트, t-부틸알코올, 솔비탄아이소스테아레이트, 하이드롤라이즈드콜라겐, 아스코빅애씨드 [리더스 3X 부스팅 앰플 티트리] 정제수, 티트리잎수(99,650 ppm), 부틸렌글라이콜, 글리세린, 1,2-헥산다이올, 베타인, 글리세레스-26, 판테놀, 하이드록시에틸아크릴레이트/소듐아크릴로일다이메틸타우레이트코폴리머, 알란토인, 약모밀추출물, 카프릴릴글라이콜, 에틸헥실글리세린, 병풀추출물, 솔비탄아이소스테아레이트, 다이소듐이디티에이, 잔탄검, 마데카소사이드, 아시아티코사이드, 아시아틱애씨드, 마데카식애씨드 [리더스 3X 부스팅 모델링 파우더 티트리] 셀룰로오스검, 규조토, 칼슘설페이트, 알진, 카올린, 트레할로오스, 자일리톨, 글루코오스, 에리스리톨, 알란토인, 클로렐라 불가리스가루, 소듐하이알루로네이트, 데하이드로아세틱애씨드, 마그네슘옥사이드, 베타인, 티트리잎가루(1,000 ppm), 글리세린, 테트라소듐파이로포스페이트, 병풀추출물, 티트리잎추출물(30 ppm), 마데카소사이드, 페퍼민트오일, 하이드롤라이즈드하이알루로닉애씨드, 소듐아세틸레이티드하이알루로네이트, 페퍼민트잎추출물, 약모밀추출물, 애플민트잎추출물, 아시아티코사이드",리더스코스메틱,3X 부스팅 모델링 마스크 [티트리],65481,,
30ml,,(주)리더스코스메틱,"정제수,다이프로필렌글라이콜,부틸렌글라이콜,글리세린,1,2-헥산다이올,글리세레스-26,메틸프로판다이올,프로판다이올,아크릴레이트/C10-30알킬아크릴레이트크로스폴리머,알지닌,베타인,알라토인,하이드록시에틸아크릴레이트/소듐아크릴로일다이메틸타우레이트코폴리머,잔탄검,에틸렉실글리세린,카프릴릴글라이콜,다이소듐이디티에이,소듐하이알루로네이트,폴리글리세릴-10라우레이트,솔비탄아이소스테아레이트,마카다미아씨오일,세라마이드엔피(세라마이드3)(0.4ppm),복사나무꽃추출물,피토스핑고신,하이드로제네이티드레시",리더스코스메틱,세라마이드 모이스처라이징 마스크,56972,,
25ml,,상품상세참조,"정제수, 글리세린, 메틸프로판다이올, 부틸렌글라이콜, 다이프로필렌글라이콜, 마트리카리아꽃추출물, 설탕단풍추출물, 베타인, 쇠비름추출물, 하이드록시에틸아크릴레이트/소듐아크릴로일다이메틸타우레이트코폴리머, 에틸헥실글리세린, 카프릴릴글라이콜,잔탄검, 1,2-헥산다이올, 하이드롤라이즈드엘라스틴, 폴리솔베이트60, 솔비탄아이소스테아레이트, 하이드롤라이즈드콜라겐, 향료, 소듐하이알루로네이트, 삼백초추출물, 약모밀추출물, 사철쑥꽃추출물, 감태추출물, 겐티아나뿌리추출물, 서양톱풀추출물, 쓴쑥추출물, 아르니카 몬타나꽃추출물, 팔미토일트라이펩타이드-5",리더스코스메틱,인솔루션 스킨리뉴얼 마스크 Rx [콜라겐리프팅],56979,,
100g,,(주)리더스코스메틱,"정제수,티타늄디옥사이드,글리세린,카프릴릭/카프릭트라이글리세라이드,옥수수커넬가루,카올린,1,2-헥산다이올,트로메타민,세테아릴알코올,아크릴레이트/C10-30알킬아크릴레이트크로스폴리머,카보머,알루미늄하이드록사이드,부틸렌글라이콜,글리세릴스테아레이트,알란토인,에틸헥실글리세린,락토바실러스/우유발효여과물,다이소듐이디티에이,쇠비름추출물,카프릴릴글라이콜,우유단백질추출물",리더스코스메틱,밀크 스폰지 마스크,53540,,
23ml,,(주)리더스코스메틱,"파파야열매추출물(50 %), 정제수, 프로판다이올, 부틸렌글라이콜, 글리세린,1,2-헥산다이올, 매실추출물, 사과추출물, 포도추출물, 아크릴레이트/C10-30알킬아크릴레이트크로스폴리머, 알지닌, 에틸헥실글리세린, 카프릴릴글라이콜, 잔탄검, 다이소듐이디티에이, 말릭애씨드(100 ppb)",리더스코스메틱,아임피토 아하 마스크,55714,,
25ml,,(주)리더스코스메틱,"정제수, 메칠프로판디올, 부틸렌글라이콜, 글리세린, 디프로필렌글라이콜, 캐모마일꽃추출물, 설탕단풍추출물, 마치현추출물, 하이드록시에칠아크릴레이트/소듐아크릴로일디메칠타우레이트코폴리머, 베타인, 잔탄검, 카프릴릴글라이콜, 에칠헥실글리세린, 소르비탄이소스테아레이트, 폴리소르베이트60, 소듐하이알루로네이트, 감태추출물, 사철쑥꽃추출물, 어성초추출물, 삼백초추출물, 달팽이점액여과물, 아르니카꽃추출물, 쓴쑥추출물, 서양톱풀추출물, 겐티아나추출물, 알파-비사보롤, 1,2-헥산디올, 티트리잎오일, 가자추출물, 소목껍질추출물, 후박추출물, 팔미토일트리펩타이드-5, 향료",리더스코스메틱,인솔루션 에이씨 드레싱 스킨 클리닉 마스크,56973,,
1회분 기준 :1제 2ml + 2제 2ml + 3제 28g,,상품상세참조,"[리더스 3X 부스팅 솔루션 샷] 정제수, 다이프로필렌글라이콜, 글리세린, 나이아신아마이드, 1,2-헥산다이올, 베타인, 카프릴릭/카프릭트라이글리세라이드, 부틸렌글라이콜, 세틸에틸헥사노에이트, 하이드롤라이즈드해면, 에틸헥실올리베이트, 폴리아크릴레이트크로스폴리머-6, 판테놀, 소듐아크릴레이트코폴리머, 폴리글리세릴-4올리에이트, 하이드록시에틸아크릴레이트/소듐아크릴로일다이메틸타우레이트코폴리머, 에틸헥실글리세린, 카프릴릴글라이콜, 잔탄검, 아데노신, 다이소듐이디티에이, 소듐하이알루로네이트, t-부틸알코올, 솔비탄아이소스테아레이트, 하이드롤라이즈드콜라겐, 아스코빅애씨드 [리더스 3X 부스팅 앰플 비타민] 정제수, 나이아신아마이드(50,000 ppm), 글리세레스-26, 글리세린, 1,2-헥산다이올, 부틸렌글라이콜, 베타인, 폴리아크릴레이트크로스폴리머-6, 알란토인, 암모늄아크릴로일다이메틸타우레이트/브이피코폴리머, 하이드로제네이티드레시틴, 에틸헥실글리세린, 카프릴릴글라이콜, 글루타티온, 다이소듐이디티에이, 잔탄검, 글리세릴폴리아크릴레이트, 돌콩스테롤, 레티놀, t-부틸알코올 [리더스 3X 부스팅 모델링 파우더 비타민] 셀룰로오스검, 규조토, 칼슘설페이트, 카올린, 알진, 다이포타슘글리시리제이트, 알란토인, 카카오열매가루, 글루코오스, 데하이드로아세틱애씨드, 마그네슘옥사이드, 진주가루, 당호박가루, 테트라소듐파이로포스페이트, 나이아신아마이드, 아스코빅애씨드(100 ppm), 토코페릴아세테이트(10 ppm), 탄제린껍질오일, 율무씨가루, 나이아신(10 ppm), 히비스커스꽃추출물, 오렌지추출물, 비타민나무열매추출물, 구기자추출물",리더스코스메틱,3X 부스팅 모델링 마스크 [비타민],65478,,
50ml,,상품상세참조,"정제수,징크옥사이드,사이클로헥사실록세인,다이부틸아디페이트,프로판다이올,다이아이소프로필세바케이트,부틸옥틸살리실레이트,다이카프릴릴카보네이트,글리세린,폴리글리세릴-4다이아이소스테아레이트/폴리하이드록시스테아레이트/세바케이트,티타늄디옥사이드,나이아신아마이드,메틸트라이메티콘,카프릴릴메티콘,디에칠아미노하이드록시벤조일헥실벤조에이트,비스-에칠헥실옥시페놀메톡시페닐트리아진,에칠헥실트리아존,병풀추출물,효모추출물,폴리글리세릴-3폴리다이메틸실록시에틸다이메티콘,다이스테아다이모늄헥토라이트,마그네슘설페이트,트라이에톡시카프릴릴실레인,1,2-헥산다이올,글리세릴카프릴레이트,카프릴릴글라이콜,알루미늄하이드록사이드,에틸헥실글리세린,아데노신,폴리메틸메타크릴레이트,부틸렌글라이콜,토코페롤,락토바이오닉애씨드,비피다발효용해물,글루타티온,판테놀,펜틸렌글라이콜,마데카소사이드,아세틸헥사펩타이드-1,황색산화철,적색산화철,흑색산화철",리더스코스메틱,글로우 톤업 선크림 [SPF50+/PA++++],78126,,
25ml,,(주)리더스코스메틱,"정제수, 글리세린, 다이프로필렌글라이콜, 부틸렌글라이콜, 글리세레스-26, 정제수, 글리세린, 소듐하이알루로네이트, 1,2-헥산다이올, 카프릴릴글라이콜, 에틸헥실글리세린, 다이소듐이디티에이, 1,2-헥산다이올, 아크릴레이트/C10-30알킬아크릴레이트크로스폴리머, 알지닌, 암모늄아크릴로일다이메틸타우레이트/브이피코폴리머, 카프릴릴글라이콜, 에틸헥실글리세린, 판테놀, 병풀추출물, 부틸렌글라이콜, 알란토인, 아텔로콜라겐, 하이드롤라이즈드콜라겐, 수용성콜라겐, 정제수, 부틸렌글라이콜, 1,2-헥산다이올, 아데노신, 다이소듐이디티에이, 잔탄검, 페트롤라툼",리더스코스메틱,인솔루션 라이트 바세린 마스크 [리프팅],55369,,
21ml,,(주)리더스코스메틱,"정제수, 글리세린, 메틸프로판다이올, 알지닌, 카보머, 에틸헥실글리세린, 카프릴릴글라이콜, 귀리커넬추출물(1,000 ppm), 잔탄검, 부틸렌글라이콜, 다이소듐이디티에이, 판테놀, 1,2-헥산다이올",리더스코스메틱,네이처 이펙트 마스크 [오트],51332,,
25ml,,상품상세참조,"정제수, 메칠프로판디올, 글리세린, 부틸렌글라이콜, 디프로필렌글라이콜, 설탕단풍추출물, 캐모마일꽃추출물, 마치현추출물, 베타인, 하이드록시에칠아크릴레이트/소듐아크릴로일디메칠타우레이트코폴리머, 잔탄검, 카프릴릴글라이콜, 에칠헥실글리세린, 소르비탄이소스테아레이트, 폴리소르베이트60, 글라이신, 소듐하이알루로네이트, 세린, 글루타믹애씨드, 연꽃추출물, 아스코빌글루코사이드, 토코페릴아세테이트, 아스파틱애씨드, 류신, 트리에탄올아민, 알라닌, 라이신, 알지닌, 아르니카꽃추출물, 쓴쑥추출물, 서양톱풀추출물, 겐티아나추출물, 타이로신, 페닐알라닌, 트레오닌, 프롤린, 발린, 이소류신, 히스티딘, 감태추출물, 사철쑥꽃추출물, 어성초추출물, 삼백초추출물, 메치오닌, 시스테인, 팔미토일트리펩타이드-5, 향료 (아미노산 컴플렉스 10,000ppm)",리더스코스메틱,메디유 아미노 클리어링 마스크,56994,,
25ml,,리더스코스메틱,"록샘파이어추출물;정제수;부틸렌글라이콜;글리세린;1,2-헥산다이올;당근추출물;에스큘렌타렌즈콩추출물;카보머;알지닌;에틸헥실글리세린;카프릴릴글라이콜;소듐폴리아크릴레이트;아데노신;덱스트린;카카오추출물;다이소듐이디티에이;비타민나무열매추출물;레티놀",리더스코스메틱,아임피토 레티놀 마스크,30294,,
25ml,,(주)리더스코스메틱,"정제수, 다이프로필렌글라이콜, 부틸렌글라이콜, 글리세린, 1,2-헥산다이올, 아크릴레이트/C10-30알킬아크릴레이트크로스폴리머, 알지닌, 암모늄아크릴로일다이메틸타우레이트/브이피코폴리머, 카프릴릴글라이콜, 에틸헥실글리세린, 병풀추출물, 알란토인, 판테놀, 아데노신, 다이소듐이디티에이, 잔탄검, 페트롤라툼, 석송추출물, 쇠뜨기추출물",리더스코스메틱,인솔루션 라이트 바세린 마스크 [라이트닝],57397,,
25ml,,(주)리더스코스메틱,"정제수, 글리세린, 다이프로필렌글라이콜, 부틸렌글라이콜, 글리세레스-26, 정제수, 글리세린, 소듐하이알루로네이트, 1,2-헥산다이올, 카프릴릴글라이콜, 에틸헥실글리세린, 다이소듐이디티에이, 1,2-헥산다이올, 아크릴레이트/C10-30알킬아크릴레이트크로스폴리머, 알지닌, 암모늄아크릴로일다이메틸타우레이트/브이피코폴리머, 카프릴릴글라이콜, 에틸헥실글리세린, 판테놀, 글리세린, 정제수, 꽃송이버섯추출물, 병풀추출물, 부틸렌글라이콜, 알란토인, 아데노신, 다이소듐이디티에이, 잔탄검, 페트롤라툼",리더스코스메틱,인솔루션 라이트 바세린 마스크 [수딩],55361,,
40g,,(주)리더스코스메틱,"정제수, 글리세린, 다이프로필렌글라이콜, 나이아신아마이드, 아이리쉬모스가루, 1,2-헥산다이올, 하이드록시에틸우레아, 캐롭검, 부틸렌글라이콜, 하이드록시아세토페논, 판테놀, 알란토인, 베타인, 카페인, 잔탄검, 스트렙토코쿠스테르모필루스발효물, 포타슘클로라이드, 젤란검, 글루코만난, 소듐폴리아크릴레이트, 카프릴릴글라이콜, 피이지-60하이드로제네이티드캐스터오일, 코코넛야자오일, 아데노신, 에틸헥실글리세린, 셀룰로오스검, 아이리쉬모스, 세테스-20, 스테아레스-20, 세테아릴알코올, 글리세릴스테아레이트, 프로판다이올, 소듐폴리아크릴로일다이메틸타우레이트, 실리카, 글리세릴카프릴레이트, 토코페릴아세테이트, 토코페롤, 소듐만노오스포스페이트, 만노오스, 누에추출물",리더스코스메틱,퍼스트 샷 에센스 겔마스크 에이지 컨트롤,51311,,
25ml,,(주)리더스코스메틱,"흰목이버섯폴리사카라이드(50 %), 정제수, 글리세린, 부틸렌글라이콜, 프로판다이올, 1,2-헥산다이올, 알지닌, 카보머, 잔탄검, 카프릴릴글라이콜, 에틸헥실글리세린, 인삼추출물, 아데노신, 부테스-3, 다이소듐이디티에이, 소듐벤조트라이아졸릴부틸페놀설포네이트, 에탄올, 치자꽃추출물, 콜라겐(45,000 pbb), 트리스(테트라메틸하이드록시피페리딘올)시트레이트, 류코노스톡/무발효여과물, 트라이부틸시트레이트",리더스코스메틱,아임피토 콜라겐 마스크,55713,,
1회분 기준 : 1제 2ml + 2제 2ml + 3제 28g,,상품상세참조,"[리더스 3X 부스팅 솔루션 샷] 정제수, 다이프로필렌글라이콜, 글리세린, 나이아신아마이드, 1,2-헥산다이올, 베타인, 카프릴릭/카프릭트라이글리세라이드, 부틸렌글라이콜, 세틸에틸헥사노에이트, 하이드롤라이즈드해면, 에틸헥실올리베이트, 폴리아크릴레이트크로스폴리머-6, 판테놀, 소듐아크릴레이트코폴리머, 폴리글리세릴-4올리에이트, 하이드록시에틸아크릴레이트/소듐아크릴로일다이메틸타우레이트코폴리머, 에틸헥실글리세린, 카프릴릴글라이콜, 잔탄검, 아데노신, 다이소듐이디티에이, 소듐하이알루로네이트, t-부틸알코올, 솔비탄아이소스테아레이트, 하이드롤라이즈드콜라겐, 아스코빅애씨드 [리더스 3X 부스팅 앰플 콜라겐] 정제수, 글리세레스-26, 1,2-헥산다이올, 글리세린, 베타인, 판테놀, 암모늄아크릴로일다이메틸타우레이트/브이피코폴리머, 알란토인, 하이드록시에틸아크릴레이트/소듐아크릴로일다이메틸타우레이트코폴리머, 카프릴릴글라이콜, 부틸렌글라이콜, 에틸헥실글리세린, 아데노신, 콜라겐(200 ppm), 다이소듐이디티에이, 잔탄검, 소듐하이알루로네이트, 폴리글리세릴-10라우레이트, 솔비탄아이소스테아레이트, 헵타소듐헥사카복시메틸다이펩타이드-12, 카퍼트라이펩타이드-1, 트라이펩타이드-1, 팔미토일트라이펩타이드-1, 팔미토일펜타펩타이드-4, 헥사펩타이드-11, 헥사펩타이드-9 [리더스 3X 부스팅 모델링 파우더 콜라겐] 셀룰로오스검, 규조토, 칼슘설페이트, 알로에베라잎즙가루, 알진, 카올린, 알란토인, 트레할로오스, 글루코오스, 사탕무뿌리가루, 데하이드로아세틱애씨드, 마그네슘옥사이드, 베타인, 하이드롤라이즈드콜라겐(1,000 ppm), 테트라소듐파이로포스페이트, 사탕무뿌리추출물, 베르가모트오일, 아데노신, 쇠비름추출물, 카퍼트라이펩타이드-1, 황금추출물, 아세틸헥사펩타이드-8, 팔미토일펜타펩타이드-4, 팔미토일테트라펩타이드-7, 팔미토일트라이펩타이드-1",리더스코스메틱,3X 부스팅 모델링 마스크 [콜라겐],65479,,
25ml,,리더스코스메틱,"밀배아추출물;정제수;부틸렌글라이콜;글리세린;프로판다이올;카프릴릭/카프릭트라이글리세라이드;코코-카프릴레이트/카프레이트;1,2-헥산다이올;쌀배아추출물;돌콩배아추출물;에틸헥실올리베이트;황련추출물;암모늄아크릴로일다이메틸타우레이트/브이피코폴리머;소듐아크릴레이트코폴리머;아크릴레이트/C10-30알킬아크릴레이트크로스폴리머;알지닌;하이드록시에틸아크릴레이트/소듐아크릴로일다이메틸타우레이트코폴리머;에틸헥실글리세린;카프릴릴글라이콜;폴리글리세릴-4올리에이트;잔탄검;다이소듐이디티에이;솔비탄아이소스테아레이트;마카다미아씨오일(구명칭);세라마이드엔피;복사나무꽃추출물;피토스핑고신;하이드로제네이티드레시틴",리더스코스메틱,아임피토 세라마이드 마스크,30295,,
상품상세참조,,상품상세참조,"코코넛야자오일;정제수;해바라기씨오일;올리브오일;소듐하이드록사이드;우유단백질추출물;일랑일랑꽃오일;라벤더오일;소듐폴리아크릴레이트;옥수수전분;스테아릭애씨드;라우릭애씨드;1,2-헥산다이올;검은깨가루;오트밀;시어버터;스위트아몬드오일;세라마이드엔피;벤질살리실레이트;리날룰;벤질벤조에이트",리더스코스메틱,밀크 밸런싱 마스크 솝,34045,,
50ml,,(주)리더스코스메틱,"정제수, 다이프로필렌글라이콜, 글리세린, 코코-카프릴레이트/카프레이트, 메틸글루세스-20, 푸시디움 코키네움발효여과물, 세틸에틸헥사노에이트, 세테아릴알코올, 글리세릴스테아레이트, 베타인, 세틸알코올, 페닐트라이메티콘, 사이클로헥사실록세인, 세테아릴올리베이트, 솔비탄올리베이트, 1,2-헥산다이올, 세테아릴글루코사이드, 하이드록시에틸아크릴레이트/소듐아크릴로일다이메틸타우레이트코폴리머, 부틸렌글라이콜, 카프릴릭/카프릭트라이글리세라이드, 아크릴레이트/C10-30알킬아크릴레이트크로스폴리머, 트로메타민, 귀리커넬추출물, 카프릴릴글라이콜, 에틸헥실글리세린, C12-15알킬벤조에이트, 아데노신, 병풀잎추출물, 다이소듐이디티에이, 하이드로제네이티드레시틴, 락토바실러스발효물, 병풀추출물, 2,3-부탄다이올, 솔비탄아이소스테아레이트, 세라마이드에이피, 트라이에틸헥사노인, 수크로오스다이스테아레이트, 글루코오스, 폴리글리세릴-10올리에이트, 마데카식애씨드, 몰로키아잎추출물, 오크라열매추출물, 피토스테롤, 카룸 페트로셀리눔추출물, 소듐벤조에이트, 아시아틱애씨드, 베헤닐알코올, 팔미틱애씨드, 스테아릭애씨드, 아시아티코사이드, 포타슘솔베이트, 토코페롤, 마데카소사이드, 폴리글리세릴-2다이올리에이트, 쿼세틴, 팔미토일펜타펩타이드-4, 아세틸헥사펩타이드-8, 만니톨",리더스코스메틱,카밍 바이오틱스 인텐시브 크림,65810,,
25ml,,(주)리더스코스메틱,"정제수, 푸시디움 코식네움발효여과물, 글리세린, 베타인, 다이프로필렌글라이콜, 메틸프로판다이올, 카프릴릭/카프릭트라이글리세라이드, 1,2-헥산다이올, 세틸에틸헥사노에이트, 세테아릴올리베이트, 폴리글리세릴-3메틸글루코오스다이스테아레이트, 솔비탄올리베이트, 부틸렌글라이콜, 글리세릴스테아레이트, 아크릴레이트/C10-30알킬아크릴레이트크로스폴리머, 알지닌, 에틸헥실글리세린, 카프릴릴글라이콜, 다이소듐이디티에이, 소듐폴리아크릴레이트, 몰로키아잎추출물, 오크라열매추출물, 락토바실러스발효물, 카룸 페트로셀리눔추출물, 병풀잎추출물, 병풀추출물, 트라이에틸헥사노인, 마데카식애씨드, 하이드로제네이티드레시틴, 수크로오스다이스테아레이트, 아시아틱애씨드, 아시아티코사이드, 만니톨, 마데카소사이드",리더스코스메틱,카밍 바이오틱스 에센셜 마스크,48822,,
25ml,,리더스코스메틱,"정제수, 메틸프로판다이올, 글리세린, 부틸렌글라이콜, 다이프로필렌글라이콜, 마트리카리아꽃추출물, 설탕단풍추출물, 쇠비름추출물, 베타인, 하이드록시에틸아크릴레이트/소듐아크릴로일다이메틸타우레이트코폴리머, 에틸헥실글리세린, 카프릴릴글라이콜, 잔탄검, 폴리솔베이트60, 솔비탄아이소스테아레이트, 아스코빌글루코사이드, 향료, 소듐하이알루로네이트, 삼백초추출물, 약모밀추출물, 사철쑥꽃추출물, 감태추출물, 토코페릴아세테이트, 트라이에탄올아민, 겐티아나뿌리추출물, 서양톱풀추출물, 쓴쑥추출물, 아르니카 몬타나꽃추출물, 팔미토일트라이펩타이드-5",리더스코스메틱,인솔루션 스킨리뉴얼 마스크 Rx [비타브라이트],56976,,
24 ml * 20매,,㈜코스맥스 / 엘앤피코스메틱㈜,"정제수, 글리세린, 다이프로필렌글라이콜, 1,2-헥산다이올, 티트리추출물(12,000 ppm), 메틸프로판다이올, 프로판다이올, 하이드록시아세토페논, 알지닌, 카보머, 아미노부티릭애씨드, 부틸렌글라이콜, 잔탄검, 폴리글리세릴-10라우레이트, 아데노신, 폴리글리세릴-4라우레이트, 해수, 다이소듐이디티에이, 트루로즈오브예리코추출물, 티트리잎오일(90 ppm), 폴리쿼터늄-51, 하이드로제네이티드레시틴, 베르가모트오일, 티트리잎추출물(10 ppm), 4-터피네올(10 ppm), 글리세릴글루코사이드, 화이트티트리잎추출물(10 ppm), 티트리꽃/잎/줄기추출물(10 ppm), 티트리잎수(10 ppm), 트레할로오스, 소엽잎추출물, 서양민들레뿌리줄기/뿌리추출물, 향부자추출물, 소두구씨오일, 판테놀, 세라마이드엔피",메디힐,에센셜 마스크 [티트리진정수분],69796,,
리필 100매 + 리필 100매,,한국콜마(주) / 엘앤피코스메틱(주),"정제수, 글리세린, 글리세레스-26, 나이아신아마이드, 메틸프로판다이올, 다마스크장미꽃수, 1,2-헥산다이올, 베타인, 하이드록시아세토페논, 하이드록시에틸우레아, 다이포타슘글리시리제이트, 소듐시트레이트, 옥틸도데세스-16, 판테놀, 피브이피, 시트릭애씨드, 아데노신, 다이소듐이디티에이, 부틸렌글라이콜, 알란토인, 메틸다이아이소프로필프로피온아마이드, 치자나무꽃추출물, 양까막까치밥나무잎추출물, 첨차잎추출물, 해수, 서양송악잎/줄기추출물, 약모밀추출물, 산구절초추출물, 센티드제라늄꽃오일, 돌콩추출물, 물망초꽃/잎/줄기추출물, 폴리글리세릴-10라우레이트, 글루타티온, 하이드로제네이티드레시틴, 엑토인, 글루코노락톤, 에틸헥산다이올, 다마스크장미꽃추출물, 쿼세틴, 스쿠알란, 소듐디엔에이(100 ppb), 카프릴릴글라이콜, 하이드롤라이즈드프로안토시아니딘, 아세틸헥사펩타이드-8",메디힐,피디알엔 모공 탄력 패드,75411,,
50ml * 2ea,,한국콜마 / 엘앤피코스메틱(주),"티트리잎수(920,879 ppm), 글리세린, 프로판다이올, 메틸프로판다이올, 인도멀구슬나무잎추출물, 인도멀구슬나무꽃추출물, 카카오씨추출물, 티트리잎추출물(10 ppm), 티트리추출물(10 ppm), 티트리잎오일(10 ppm), 하이드로제네이티드레시틴, 아크릴레이트/C10-30알킬아크릴레이트크로스폴리머, 다이에톡시에틸석시네이트, 다이소듐이디티에이, 트로메타민, 정제수, 덱스트린, 4-터피네올, 락토바실러스발효물, 1,2-헥산다이올, 에틸헥실글리세린",메디힐,티트리 진정 수분 앰플,74861,,
리필 100매 + 리필 100매,,화장품제조업자 : 한국콜마㈜ / 화장품책임판매업자 : 엘앤피코스메틱(주),"정제수, 다이프로필렌글라이콜, 글리세레스-26, 나이아신아마이드, 글리세린, 1,2-헥산다이올, 다이페닐다이메티콘, 트라이에틸헥사노인, 하이드록시아세토페논, 하이드로제네이티드레시틴, 폴리글리세릴-10올리에이트, 병풀추출물(1,001 ppm), 다이포타슘글리시리제이트, 소듐시트레이트, 알란토인, 옥틸도데세스-16, 시트릭애씨드, 다이소듐이디티에이, 폴리글리세릴-10라우레이트, 연필향나무오일, 부틸렌글라이콜, 불가리스쑥오일, 광곽향오일, 마데카소사이드(10.25 ppm), 로즈마리잎오일, 향기제비꽃잎추출물, 병풀뿌리추출물, 병풀잎추출물, 효모발효물, 망고추출물, 락토바실러스발효물, 아시아티코사이드, 마데카식애씨드, 아시아틱애씨드",메디힐,마데카소사이드 흔적패드,75409,,
24 ml * 20매,,㈜이미인 / 엘앤피코스메틱㈜,"정제수, 글리세린, 다이프로필렌글라이콜, 부틸렌글라이콜, 나이아신아마이드, 1,2-헥산다이올, 판테놀, 소듐하이알루로네이트(2,000 ppm), 알지닌, 카보머, 하이드록시아세토페논, 아미노부티릭애씨드, 잔탄검, 아데노신, 해수, 폴리글리세릴-10라우레이트, 다이소듐이디티에이, 서양배추출물, 폴리글리세릴-4라우레이트, 다마스크장미꽃수, 옥틸도데세스-16, 오리스뿌리추출물, 폴리쿼터늄-51, 멜론추출물, 서양송악잎/줄기추출물, 하이드로제네이티드레시틴, 향부자추출물, 소엽잎추출물, 서양민들레뿌리줄기/뿌리추출물, 스쿠알란, 카프릴릭/카프릭트라이글리세라이드, 다이메틸실란올하이알루로네이트(10 ppb), 글루코노락톤, 글루타티온, 하이알루로닉애씨드(10 ppb), 하이드롤라이즈드하이알루로닉애씨드(10 ppb), 하이드롤라이즈드소듐하이알루로네이트(10 ppb), 하이드록시프로필트라이모늄하이알루로네이트(10 ppb), 포타슘하이알루로네이트(10 ppb), 소듐아세틸레이티드하이알루로네이트(10 ppb), 소듐하이알루로네이트크로스폴리머(10 ppb), 소듐하이알루로네이트다이메틸실란올(10 ppb), 피토스테롤, 세라마이드엔피",메디힐,에센셜 마스크 [히알루론산고밀도수분],69792,,
24 ml * 20매,,코스맥스(주) / 엘앤피코스메틱㈜,"정제수, 글리세린, 프로판다이올, 부틸렌글라이콜, 글리세레스-26, 1,2-헥산다이올, 다마스크장미추출물, 잔탄검, 카보머, 판테놀, 알지닌, 하이드록시아세토페논, 카놀라오일, 폴리글리세릴-10라우레이트, 아데노신, 해바라기씨오일, 메도우폼씨오일, 다이프로필렌글라이콜, 폴리글리세릴-4라우레이트, 폴리글리세릴-10스테아레이트, 다이소듐이디티에이, 하이드록시에틸셀룰로오스, 아르간커넬오일, 다마스크장미꽃수, 치자꽃추출물, 락토바실러스발효물, 양까막까치밥나무잎추출물, 첨차잎추출물, 해수, 서양송악잎/줄기추출물, 센티드제라늄꽃오일, 스쿠알란, 밤껍질추출물, 무화과추출물, 검정콩추출물, 버지니아풍년화잎수, 퀴노아씨추출물, 향부자추출물, 하이드로제네이티드레시틴, 밤부사 불가리스잎추출물, 아마씨추출물, 에틸헥실글리세린, 소듐디엔에이, 글루코노락톤, 세라마이드엔피",메디힐,에센셜 마스크 [로제 PDRN 모공 결광],69791,,
34ml * 10ea,,이미인(주) / 엘앤피코스메틱㈜,"정제수, 글리세린, 다이프로필렌글라이콜, 나이아신아마이드, 세틸에틸헥사노에이트, 카프릴릭/카프릭트라이글리세라이드, 캐롭검, 아이리쉬모스, 아이리쉬모스가루, 하이드록시아세토페논, 셀룰로오스검, 시어버터, 카프릴릴글라이콜, 포타슘클로라이드, 호호바에스터, 글리세릴스테아레이트, 소듐폴리아크릴레이트, 콜라겐(1,100 ppm), 스테아릴알코올, 세틸알코올, 솔비탄세스퀴올리에이트, 하이드로제네이티드폴리데센, 수크로오스, 에틸헥실글리세린, 소듐스테아로일글루타메이트, 해바라기씨왁스, 아데노신, 부틸렌글라이콜, 로즈마리잎오일, 트라이데세스-6, C11-13아이소알케인, 하이드롤라이즈드치자추출물, 폴리글리세린-3, 말토덱스트린, 라벤더오일, 1,2-헥산다이올, 다이포타슘글리시리제이트, 황련뿌리추출물, 글루타티온, 하이드롤라이즈드콜라겐(500 ppb), 구기자추출물, 석류추출물, 토코페롤, 하이드로제네이티드레시틴, 수용성콜라겐(100 ppb), 글루코오스, 만노오스, 콜라겐추출물(1 ppb), 다이소듐이디티에이",메디힐,하이퍼 마스크 [콜라겐],66646,,
120매,,엘앤피코스메틱㈜ / (주)진코스텍,"정제수, 글리세린, 나이아신아마이드, 카라기난, 부틸렌글라이콜, 글루코만난, 1,2-헥산다이올, 하이드록시아세토페논, 칼슘클로라이드, 셀룰로오스검, 아이소노닐아이소노나노에이트, 캐롭검, 구아검, 보론나이트라이드, 판테놀, 포타슘클로라이드, 알란토인, 수크로오스, 프로판다이올, 폴리글리세릴-10라우레이트, 하이드롤라이즈드익스텐신(500 ppm), 아데노신, 에틸헥실글리세린, 카프릴릴글라이콜, 젤란검, 아가, 다이포타슘글리시리제이트, 알지닌, 소듐파이테이트, 카페인, 한련초추출물, 라벤더오일, 적색산화철, 센티드제라늄꽃오일, 인도멀구슬나무잎추출물, 잔탄검, 드럼스틱씨오일, 다마스크장미꽃추출물, 소듐디엔에이, 레티놀(0.04 ppm)",메디힐,콜라겐 캡슐패치 [레티놀],73701,,
100매/160ml,,주식회사 씨엔에프 / 엘앤피코스메틱㈜,"정제수, 다이프로필렌글라이콜, 글리세레스-26, 베타인, 1,2-헥산다이올, 글리세린, 솔비톨, 하이드록시아세토페논, 하이드록시에틸우레아, 소듐하이알루로네이트(1,020 ppm), 알란토인, 옥틸도데세스-16, 부틸렌글라이콜, 다이포타슘글리시리제이트, 잔탄검, 다이소듐이디티에이, 올리브오일, 시트릭애씨드, 소듐시트레이트, 다이메틸실란올하이알루로네이트(15 ppm), 하이알루로닉애씨드(15 ppm), 하이드롤라이즈드하이알루로닉애씨드(15 ppm), 하이드롤라이즈드소듐하이알루로네이트(15 ppm), 포타슘하이알루로네이트(10 ppm), 스쿠알란, 하이드록시프로필트라이모늄하이알루로네이트(8 ppm), 소듐하이알루로네이트크로스폴리머(8 ppm), 분비나무오일, 소듐하이알루로네이트다이메틸실란올(5 ppm), 베타-글루칸, 소듐아세틸레이티드하이알루로네이트(4 ppm), 로즈마리잎오일, 클레리오일, 캐모마일꽃오일, 멕시칸주니퍼오일, 마트리카리아꽃오일, 에리스리톨, 소듐피씨에이, 자일리틸글루코사이드, 안하이드로자일리톨, 자일리톨, 글루코오스",메디힐,히알루론산 속보습 패드,74600,,
크림 50ml + 세럼 10ml + 패드 2p,,코스맥스㈜ / 엘앤피코스메틱(주),"정제수, 글리세린, 스쿠알란, 카프릴릭/카프릭트라이글리세라이드, 하이드로제네이티드폴리(C6-14올레핀), 다이글리세린, 하이드로제네이티드폴리데센, 나이아신아마이드, 메틸프로판다이올, 펜틸렌글라이콜, 암모늄아크릴로일다이메틸타우레이트/브이피코폴리머, 1,2-헥산다이올, 판테놀, 세테아릴올리베이트, 하이드록시아세토페논, 아크릴레이트/C10-30알킬아크릴레이트크로스폴리머, 아미노메틸프로판다이올, 솔비탄올리베이트, 하이드록시에틸아크릴레이트/소듐아크릴로일다이메틸타우레이트코폴리머, 해바라기씨오일, 피토스테롤, 마데카소사이드, 하이드로제네이티드폴리아이소부텐, 서양배추출물, 아라키딜알코올, 연필향나무오일, 알란토인, 에틸헥실글리세린, 하이드로제네이티드레시틴, 아데노신, 다마스크장미꽃수, 스테아릭애씨드, 베헤닐알코올, 멜론추출물, 오리스뿌리추출물, 아라키딜글루코사이드, 호호바씨오일, 서양송악잎/줄기추출물, 소듐파이테이트, 부틸렌글라이콜, 광곽향오일, 솔비탄아이소스테아레이트, 하이알루로닉애씨드, 세테아릴알코올, 세라마이드엔피, 불가리스쑥오일, 로즈마리잎오일, 포타슘세틸포스페이트, 카프릴릴글라이콜, 병풀추출물, 베타-글루칸, 글리세릴스테아레이트, 돌콩추출물, 토코페롤, 팔미틱애씨드, 카프릴릴/카프릴글루코사이드, 병풀잎추출물",메디힐,마데카소사이드 흔적 리페어 더마 크림,75340,,
(앰플 2ml / 파우더 28g) x 5ea,,엘에스화장품,"앰플 : 정제수, 글리세린, 다이프로필렌글라이콜, 부틸렌글라이콜, 나이아신아마이드, 트라이에틸헥사노인, 1,2-헥산다이올, 알지닌, 글리세릴스테아레이트, 하이드록시아세토페논, 폴리글리세릴-3메틸글루코오스다이스테아레이트, 아크릴레이트/C10-30알킬아크릴레이트크로스폴리머, 카보머, 잔탄검, 폴리글리세릴-10라우레이트, 에틸헥실글리세린, 팔미틱애씨드, 폴리글리세릴-4라우레이트, 스테아릭애씨드, 소듐아크릴레이트/소듐아크릴로일다이메틸타우레이트코폴리머, 다이소듐이디티에이, 폴리아이소부텐, 연필향나무오일, 판토락톤, 병풀잎추출물(55 ppm), 병풀추출물(50 ppm), 병풀뿌리추출물(50 ppm), 마데카소사이드(45 ppm), 서양배추출물, 호호바씨오일, 카프릴릴/카프릴글루코사이드, 솔비탄올리에이트, 광곽향오일, 다마스크장미꽃수, 오리스뿌리추출물, 멜론추출물, 불가리스쑥오일, 향부자추출물, 서양송악잎/줄기추출물, 로즈마리잎오일, 소엽잎추출물, 서양민들레뿌리줄기/뿌리추출물, 판테놀, 판토테닉애씨드, 아시아틱애씨드(0.05 ppm), 아시아티코사이드(0.05 ppm), 마데카식애씨드(0.05 ppm) 파우더 : 규조토, 글루코오스, 알진, 칼슘설페이트, 카올린, 트레할로오스, 베타인, 정제수, 자일리톨, 판테놀, 소듐벤조에이트, 소듐데하이드로아세테이트, 약모밀가루, 알란토인, 소듐하이알루로네이트, 편백수, 글리세린, 덱스트린, 1,2-헥산다이올, 테트라소듐파이로포스페이트, 병풀추출물(100 ppm), 치자추출물, 마데카소사이드(54.52 ppm), 부틸렌글라이콜, 아시아티코사이드(45.48 ppm), 녹차추출물, 약모밀추출물, 쌀겨추출물, 버지니아풍년화추출물, 쑥잎추출물",메디힐,더마 모델링 팩 [마데카소사이드흔적],74865,,
24 ml * 20매,,㈜엘에스화장품/ 엘앤피코스메틱㈜,"정제수, 프로판다이올, 나이아신아마이드, 글리세린, 1,2-헥산다이올, 다이프로필렌글라이콜, 귤껍질추출물, 비타민나무추출물, 하이드록시아세토페논, 글리세릴글루코사이드, 알지닌, 카보머, 판테놀, 아미노부티릭애씨드, 하이드록시에틸우레아, 폴리글리세릴-10라우레이트, 잔탄검, 다이소듐이디티에이, 부틸렌글라이콜, 글리세릴아크릴레이트/아크릴릭애씨드코폴리머, 3-O-에틸아스코빅애씨드, 센티드제라늄꽃오일, 글루코오스, 시트로넬올, 해수, 바이오틴, 카르니틴에이치씨엘, 폴릭애씨드, 헤스페리딘, 메나다이온, 피리독신에이치씨엘, 리보플라빈, 티아민에이치씨엘, 토코페릴아세테이트, 제라니올, 황련추출물, 하이드로제네이티드레시틴, 아스코빅애씨드, 밤부사 불가리스잎추출물, 아마씨추출물, 향부자추출물, 에틸헥실글리세린, 소듐하이알루로네이트, 세라마이드엔피",메디힐,에센셜 마스크 [비타민씨잡티토닝],69793,,
25ml*10매입,,(주)엘에스화장품 / 엘앤피코스메틱㈜,"정제수, 글리세린, 부틸렌글라이콜, 나이아신아마이드, 프로판다이올, 다이프로필렌글라이콜, 1,2-헥산다이올, 글리세레스-26, 하이드록시아세토페논, 카보머, 알지닌, 카놀라오일, 폴리글리세릴-10라우레이트, 병풀추출물, 해바라기씨오일, 다이소듐이디티에이, 폴리글리세릴-4라우레이트, 잔탄검, 메도우폼씨오일, 마데카소사이드, 폴리글리세릴-10스테아레이트, 아르간커넬오일, 연필향나무오일, 서양배추출물, 판토락톤, 호호바씨오일, 다마스크장미꽃수, 광곽향오일, 글리세릴글루코사이드, 병풀잎추출물, 아이리쉬모스추출물, 오리스뿌리추출물, 멜론추출물, 불가리스쑥오일, 서양송악잎/줄기추출물, 로즈마리잎오일, 흰목이버섯폴리사카라이드, 밤부사 불가리스잎추출물, 아마씨추출물, 향부자추출물, 하이드로제네이티드레시틴, 판테놀, 판토테닉애씨드, 소듐하이알루로네이트, 에틸헥실글리세린, 수국잎추출물, 아시아틱애씨드, 아시아티코사이드, 마데카식애씨드",메디힐,마데카소사이드 랩핑 세럼 마스크 [흔적 리페어],73380,,
50ml * 2ea,,엘에스화장품,"정제수, 글리세린, 트라이에틸헥사노인, 부틸렌글라이콜, 다이메티콘, 나이아신아마이드, 폴리글리세릴-3메틸글루코오스다이스테아레이트, 카프릴릭/카프릭/미리스틱/스테아릭트라이글리세라이드, 하이드로제네이티드레시틴, 비스-피이지-18메틸에터다이메틸실레인, 다이글리세린, 글리세릴스테아레이트, 카프릴릴글라이콜, 하이드록시아세토페논, 아크릴레이트/C10-30알킬아크릴레이트크로스폴리머, 알지닌, 암모늄아크릴로일다이메틸타우레이트/브이피코폴리머, 트레할로오스, 폴리글리세릴-10라우레이트, 에틸헥실글리세린, 잔탄검, 다이프로필렌글라이콜, 폴리글리세릴-4라우레이트, 팔미틱애씨드, 마데카소사이드(500 ppm), 스테아릭애씨드, 아데노신, 서양배추출물, 해수, 연필향나무오일, 다마스크장미꽃수, 오리스뿌리추출물, 트라이소듐에틸렌다이아민다이석시네이트, 멜론추출물, 호호바씨오일, 서양송악잎/줄기추출물, 1,2-헥산다이올, 광곽향오일, 불가리스쑥오일, 병풀추출물, 로즈마리잎오일, 시트릭애씨드, 아시아티코사이드, 아시아틱애씨드, 마데카식애씨드(0.03 ppm), 판테놀, 세라마이드엔피, 피토스테롤, 올레익애씨드",메디힐,더마 앰플 흔적 리페어 [마데카소사이드],74862,,
40ml,,코스맥스㈜ / 엘앤피코스메틱㈜,"정제수, 글리세린, 부틸렌글라이콜, 베타인, 나이아신아마이드(30,000 ppm), 1,2-헥산다이올, 메틸프로판다이올, 인도멀구슬나무꽃추출물, 홀리바질잎추출물, 인도멀구슬나무잎추출물, 울금뿌리추출물, 참산호말추출물, 소듐하이알루로네이트, 하이드롤라이즈드하이알루로닉애씨드, 카카오추출물, 하이알루로닉애씨드, 판테놀(5,000 ppm), 폴리글리세릴-10라우레이트, 하이드로제네이티드레시틴, 암모늄아크릴로일다이메틸타우레이트/브이피코폴리머, 트로메타민, 카프릴릭/카프릭트라이글리세라이드, 에틸헥실글리세린, 프로판다이올, 아데노신, 소듐하이알루로네이트크로스폴리머, 토코페롤(200 ppm), 폴리글리세릴-10올리에이트, 하이드롤라이즈드글라이코사미노글리칸, 3-O-에틸아스코빅애씨드(100 ppm), 소듐파이테이트, 아스코빅애씨드(50 ppm), 세라마이드엔피, 벤질글라이콜, 베타-글루칸, 덱스트린, 카프릴로일살리실릭애씨드, 글루코노락톤, 카보머, 잔탄검, 향료",메디힐,비타민씨 브라이트닝 세럼,59121,,
350ml,,한국콜마 / 엘앤피코스메틱(주),"락토바실러스/티트리잎추출물발효여과물(976,299 ppm), 글리세린, 티트리잎오일(200 ppm), 티트리잎수(10 ppb), 하이드로제네이티드레시틴, 옥틸도데세스-16, 카프릴로일살리실릭애씨드, 정제수, 락토바실러스발효물, 하이드록시아세토페논, 에틸헥실글리세린",메디힐,티트리 진정 수분 토너,58164,,
103g / 60매,,㈜진코스텍 / 엘앤피코스메틱㈜,"정제수, 글리세린, 트레할로오스, 나이아신아마이드, 카라기난, 글루코만난, 레티놀(1 ppm), 콜라겐(160 ppm), 하이드롤라이즈드익스텐신(15 ppm), 콜라겐추출물(10 ppm), 하이드롤라이즈드콜라겐(5 ppm), 수용성콜라겐(0.5 ppm), 글루타티온, 소듐하이알루로네이트, 마데카소사이드, 녹두씨추출물, 스핑고모나스발효추출물, 스타아니스추출물, 토코페릴아세테이트, 카프릴릴글라이콜, 적색산화철, 폴리메틸실세스퀴옥세인, 실리카, 폴리글리세릴-10올리에이트, 카프릴릭/카프릭트라이글리세라이드, 하이드로제네이티드레시틴, 폴리글리세릴-10미리스테이트, 캐롭검, 구아검, 에틸헥산다이올, 헥실렌글라이콜, 알란토인, 칼슘클로라이드, 프로판다이올, 펜틸렌글라이콜, 부틸렌글라이콜, 폴리글리세릴-10라우레이트, 구주소나무잎추출물, 1,2-헥산다이올, 하이드록시아세토페논, 클로페네신, 판테놀, 수크로오스, 다이포타슘글리시리제이트, 칼슘락테이트, 셀룰로오스검, 아데노신, 포타슘클로라이드, 알지닌, 젤란검, 피마자씨오일, 에틸헥실글리세린, 다이소듐이디티에이, 티타늄디옥사이드, 향료",메디힐,레티놀 콜라겐 아이 앰플 패치,69184,,
120매,,엘앤피코스메틱㈜ / (주)진코스텍,"정제수, 글리세린, 나이아신아마이드(20,000 ppm), 카라기난, 부틸렌글라이콜, 1,2-헥산다이올, 글루코만난, 하이드록시아세토페논, 카프릴릭/카프릭트라이글리세라이드, 셀룰로오스검, 캐롭검, 구아검, 포타슘클로라이드, 판테놀, 칼슘클로라이드, 티타늄디옥사이드, 프로판다이올, 폴리글리세릴-10라우레이트, 알란토인, 수크로오스, 하이드롤라이즈드익스텐신(500 ppm), 스핑고모나스발효추출물, 아데노신, 카프릴릴글라이콜, 에틸헥실글리세린, 젤란검, 아가, 다이포타슘글리시리제이트, 알지닌, 소듐파이테이트, 카페인, 유비퀴논, 황색산화철, 스위트아몬드오일, 글루타티온, 센티드제라늄꽃오일, 라벤더오일, 잔탄검, 캐모마일꽃오일, 오렌지껍질오일, 아스타잔틴, 멕시칸주니퍼오일, 폴리글리세릴-10아이소스테아레이트, 하이드로제네이티드레시틴, 소듐아스코빌포스페이트(0.046 ppm), 아스코빅애씨드(0.045 ppm), 3-o-에틸아스코빅애씨드(0.01 ppm), 아스코빌글루코사이드(0.001ppm), 마그네슘아스코빌포스페이트(0.0001 ppm)",메디힐,콜라겐 캡슐패치 [비타민C],73702,,
(앰플 2ml / 파우더 28g) x 2세트,,엘에스화장품,"앰플 : 정제수, 다이프로필렌글라이콜, 글리세린, 1,2-헥산다이올, 판테놀, 알지닌, 카보머, 하이드록시아세토페논, 폴리글리세릴-10라우레이트, 티트리잎추출물(1,030 ppm), 아미노부티릭애씨드, 암모늄아크릴로일다이메틸타우레이트/브이피코폴리머, 프로판다이올, 부틸렌글라이콜, 판토락톤, 티트리잎오일(220 ppm), 글리세릴아크릴레이트/아크릴릭애씨드코폴리머, 다이소듐이디티에이, 티트리잎수(130 ppm), 소듐하이알루로네이트, 글리세릴글루코사이드, 락토바실러스발효물, 티트리추출물(30 ppm), 흰목이버섯폴리사카라이드, 하이드로제네이티드레시틴, 판토테닉애씨드, 소엽잎추출물, 서양민들레뿌리줄기/뿌리추출물, 4-터피네올(0.03 ppm) 파우더 : 규조토, 글루코오스, 알진, 칼슘설페이트, 카올린, 트레할로오스, 베타인, 정제수, 자일리톨, 판테놀, 소듐벤조에이트, 소듐데하이드로아세테이트, 티트리잎가루(1,000 ppm), 알란토인, 소듐하이알루로네이트, 해수, 트루로즈오브예리코추출물, 잇꽃꽃추출물, 글리세린, 1,2-헥산다이올, 테트라소듐파이로포스페이트, 치자추출물, 덱스트린, 티트리잎추출물(100 ppm), 부틸렌글라이콜, 페퍼민트오일, 자작나무수액, 약모밀추출물, 페퍼민트잎추출물, 알로에베라잎추출물, 티트리잎오일(10 ppm)",메디힐,더마 모델링 팩 [티트리진정],66558,,
리필 100매 + 리필 100매,,주식회사 씨엔에프 / 엘앤피코스메틱㈜,"정제수, 부틸렌글라이콜, 메틸프로판다이올, 1,2-헥산다이올, 하이드록시아세토페논, 옥틸도데세스-16, 티트리잎수(1,300.8 ppm), 락토바실러스발효물, 글리세린, 알란토인, 하이드로제네이티드레시틴, 다이소듐이디티에이, 티트리잎오일(200 ppm), 4-터피네올(100 ppm), 다이포타슘글리시리제이트, 소듐시트레이트, 글리세릴글루코사이드, 시트릭애씨드, 티트리잎추출물(10 ppm), 티트리추출물(10 ppm), 소듐하이알루로네이트, 펜틸렌글라이콜, 망고추출물, 카프릴릴글라이콜",메디힐,티트리 트러블 진정 패드,75395,,
40 ml * 2,,코스맥스㈜ / 엘앤피코스메틱㈜,"정제수, 프로판다이올, 부틸렌글라이콜, 1,2-헥산다이올, 나이아신아마이드, 소듐하이알루로네이트(10,100.01 ppm), 베타인, 하이드록시에틸셀룰로오스, 글리세린, 암모늄아크릴로일다이메틸타우레이트/브이피코폴리머, 자일리톨, 판테놀, 카프릴릭/카프릭트라이글리세라이드, C12-14알케스-12, 에틸헥실글리세린, 아데노신, 하이드로제네이티드레시틴, 스쿠알란, 세라마이드엔피, 베타-글루칸, 베르가모트오일, 유칼립투스잎오일, 토코페롤, 다이메틸실란올하이알루로네이트(15 ppb), 하이드롤라이즈드하이알루로닉애씨드(15 ppb), 하이드롤라이즈드소듐하이알루로네이트(15 ppb), 하이알루로닉애씨드(10 ppb), 포타슘하이알루로네이트(10 ppb), 하이드록시프로필트라이모늄하이알루로네이트(8 ppb), 소듐하이알루로네이트크로스폴리머(8 ppb), 소듐하이알루로네이트다이메틸실란올(5 ppb), 소듐아세틸레이티드하이알루로네이트(4 ppb), 폴리글리세릴-10올리에이트, 펜틸렌글라이콜, 카프릴릴/카프릴글루코사이드",메디힐,저분자 히알루론산 수분 밀도 세럼,72231,,
10g,,코스맥스㈜ / 엘앤피코스메틱(주),"합성왁스, 카프릴릴메티콘, 메틸메타크릴레이트크로스폴리머, 다이부틸아디페이트, 코코-카프릴레이트/카프레이트, 아이소프로필팔미테이트, 실리카, 부틸옥틸살리실레이트, 합성플루오르플로고파이트, 디에칠아미노하이드록시벤조일헥실벤조에이트, 비스-에칠헥실옥시페놀메톡시페닐트리아진, 카프릴릴트라이메티콘, 에틸헥실팔미테이트, 에칠헥실트리아존, 폴리실리콘-15, 마이크로크리스탈린왁스, 비닐다이메티콘/메티콘실세스퀴옥세인크로스폴리머, 비스-베헤닐/아이소스테아릴/피토스테릴다이머다이리놀레일다이머다이리놀리에이트, 동백나무씨오일, 폴리글리세릴-4다이아이소스테아레이트/폴리하이드록시스테아레이트/세바케이트, 비닐다이메티콘, 알파-비사보롤, 향료, 티타늄디옥사이드 (CI 77891), 폴리에틸렌, 펜타에리스리틸테트라-다이-t-부틸하이드록시하이드로신나메이트, 아데노신, 아이소도데케인, 옥틸도데칸올, 마데카소사이드(200.9 ppm), 폴리글리세릴-4아이소스테아레이트, 아이소프로필티타늄트라이아이소스테아레이트, 알루미늄하이드록사이드, 리날룰, 헥실신남알, 벤질벤조에이트, 리모넨, 병풀추출물, 정제수, 판테놀, 스쿠알란, 부틸렌글라이콜, 1,2-헥산다이올, 소듐하이알루로네이트, 펜틸렌글라이콜, 하이드로제네이티드레시틴, 다이메틸실란올하이알루로네이트, 하이드롤라이즈드하이알루로닉애씨드, 하이드롤라이즈드소듐하이알루로네이트, 콜레스테롤, 하이알루로닉애씨드, 포타슘하이알루로네이트, 하이드록시프로필트라이모늄하이알루로네이트, 소듐하이알루로네이트크로스폴리머, 병풀잎추출물, 키토산, 소듐하이알루로네이트다이메틸실란올, 소듐아세틸레이티드하이알루로네이트, 세라마이드엔피",메디힐,마데카소사이드 선스틱 에어리 핏 [SPF50+/PA++++],78097,,
마스크 23ml + 앰플 4ml *10매,,㈜엔코스 / 엘앤피코스메틱㈜,"STEP 1 메디힐 마데카소사이드 바이오 세컨덤 마스크 정제수, 부틸렌글라이콜, 나이아신아마이드, 1,2-헥산다이올, 글리세린, 소듐폴리아크릴레이트, 잔탄검, 폴리글리세릴-10라우레이트, 에틸헥실글리세린, 다이소듐이디티에이, 마데카소사이드(30 ppm), 유칼립투스잎오일, 엑토인, 알란토인, 살리실릭애씨드, 살비아오일, 멕시칸주니퍼오일, 병풀추출물, 토코페롤, 녹차추출물, 티트리추출물, 소듐하이알루로네이트, 흰버드나무껍질추출물, 하이드로제네이티드레시틴 STEP 2 메디힐 마데카소사이드 바이오 세컨덤 앰플 정제수, 다이프로필렌글라이콜, 글리세린, 부틸렌글라이콜, 나이아신아마이드, 1,2-헥산다이올, 베타인, 옥틸도데세스-16, 카보머, 알지닌, 잔탄검, 에틸헥실글리세린, 폴리글리세릴-10미리스테이트, 다이소듐이디티에이, 글리세릴아크릴레이트/아크릴릭애씨드코폴리머, 바이오사카라이드검-1, 피브이엠/엠에이코폴리머, 마데카소사이드(30 ppm), 유칼립투스잎오일, 살비아오일, 멕시칸주니퍼오일, 흰버드나무껍질추출물, 엑토인, 병풀추출물, 토코페롤, 하이드로제네이티드레시틴",메디힐,마데카소사이드 바이오 세컨덤 마스크 [흔적진정],71922,,
마스크 23ml + 앰플 4ml *10매,,㈜엔코스 / 엘앤피코스메틱㈜,"STEP 1 메디힐 히알루론산 바이오 세컨덤 마스크 정제수, 부틸렌글라이콜, 1,2-헥산다이올, 아이소펜틸다이올, 글리세린, 소듐폴리아크릴레이트, 잔탄검, 폴리글리세릴-10라우레이트, 소듐하이알루로네이트(720 ppm), 에틸헥실글리세린, 다이소듐이디티에이, 베르가모트오일, 판테놀, 바이오사카라이드검-1, 엑토인, 토코페롤, 흰버드나무껍질추출물, *리모넨, *리날룰 STEP 2 메디힐 히알루론산 바이오 세컨덤 앰플 정제수, 부틸렌글라이콜, 아이소펜틸다이올, 글리세린, 1,2-헥산다이올, 트레할로오스, 소듐폴리아크릴레이트, 풀루란, 폴리글리세릴-10미리스테이트, 소듐하이알루로네이트(720 ppm), 알지닌, 카보머, 에틸헥실글리세린, 다이소듐이디티에이, 글리세릴아크릴레이트/아크릴릭애씨드코폴리머, 바이오사카라이드검-1, 피브이엠/엠에이코폴리머, 센티드제라늄꽃오일, 흰버드나무껍질추출물, 판테놀, 엑토인, 토코페롤",메디힐,히알루론산 바이오 세컨덤 마스크 [고밀도수분],71921,,
24 ml * 20매,,㈜엘에스화장품/ 엘앤피코스메틱㈜,"정제수, 글리세린, 다이프로필렌글라이콜, 트라이에틸헥사노인, 프로판다이올, 시어버터, 글리세릴스테아레이트, 1,2-헥산다이올, 폴리글리세릴-3메틸글루코오스다이스테아레이트, 하이드록시아세토페논, 알지닌, 폴리글리세릴-10라우레이트, 아크릴레이트/C10-30알킬아크릴레이트크로스폴리머, 폴리글리세릴-4라우레이트, 잔탄검, 에틸헥실글리세린, 팔미틱애씨드, 카보머, 스테아릭애씨드, 세라마이드엔피(400 ppm), 아데노신, 다이소듐이디티에이, 향료, 부틸렌글라이콜, 판테놀, 서양배추출물, 다마스크장미꽃수, 오리스뿌리추출물, 멜론추출물, 글라이신, 글루타믹애씨드, 서양송악잎/줄기추출물, 아스파틱애씨드, 소듐폴리아크릴레이트, 소듐클로라이드, 향부자추출물, 엑토인, 히스티딘, 세린, 시트릭애씨드, 알라닌, 프롤린, 트레오닌, 마그네슘클로라이드, 칼슘클로라이드, 세라마이드에이피(1 ppb), 세라마이드이오피(1 ppb), 세라마이드엔에스(1 ppb)",메디힐,에센셜 마스크 [세라마이드보습장벽],69794,,
120ml * 2ea,,코스맥스㈜ / 엘앤피코스메틱(주),"글리세린, 정제수, 소듐코코일글라이시네이트, 라우릴하이드록시설테인, 코코-글루코사이드, 1,2-헥산다이올, 카프릴릴글라이콜, 글루코노락톤, 헥토라이트, 데실글루코사이드, 하이드록시프로필스타치포스페이트, 펜틸렌글라이콜, 소듐라우로일글루타메이트, 프로방스장미꽃가루, 시트릭애씨드, 폴리쿼터늄-7, 아크릴레이트/C10-30알킬아크릴레이트크로스폴리머, 향료, 부틸렌글라이콜, 소듐코코일이세티오네이트, 하이드롤라이즈드하이알루로닉애씨드, 소듐클로라이드, 소듐폴리아크릴레이트, 치자추출물, 프로판다이올, 덱스트린, 소듐파이테이트, 폴리글리세릴-10아이소스테아레이트, 소듐벤조에이트, 폴리글리세릴-10올리에이트, 장미추출물, 퀼라자껍질추출물, 하이드롤라이즈드익스텐신, 에틸헥실글리세린, 하이드롤라이즈드식물성단백질, 백미꽃추출물, 소듐디엔에이, 접시꽃추출물",메디힐,더마 크림 팩 클렌저 [로제 피디알엔 모공 탄력],74050,,
50ml * 2ea,,코스맥스㈜/ 엘앤피코스메틱㈜,"정제수, 부틸렌글라이콜, 글리세린, 폴리글리세린-3, 1,2-헥산다이올, 메틸프로판다이올, 판테놀, 티트리잎수(9,409 ppm), 티트리추출물(3,000 ppm), 티트리잎오일(800 ppm), 퀸즈랜드넛오일, 올리브오일, 호호바씨오일, 소듐하이알루로네이트, 포도씨오일, 티트리잎추출물(100 ppm), 마카다미아씨오일, 카카오추출물, 시어버터, 소듐폴리아크릴레이트, C12-14알케스-12, 수크로오스팔미테이트, 하이드로제네이티드레시틴, 글리세릴아크릴레이트/아크릴릭애씨드코폴리머, 에틸헥실글리세린, 알란토인, 다이포타슘글리시리제이트, 시트릭애씨드, 덱스트린, 스쿠알란, 하이드로제네이티드폴리데센, 베타-글루칸, 카프릴릭/카프릭트라이글리세라이드, 폴리글리세릴-3메틸글루코오스다이스테아레이트, 4-터피네올, 세라마이드엔피, 팔미토일트라이펩타이드-5, 토코페롤, 다이소듐이디티에이, 치자추출물",메디힐,티트리 진정 장벽 앰플,74864,,
22ml*10ea,,주식회사 씨엔에프/ 엘앤피코스메틱㈜,"정제수, 부틸렌글라이콜, 글리세린, 베타인, 다이프로필렌글라이콜, 1,2-헥산다이올, 하이드록시아세토페논, 폴리글리세릴-10라우레이트, 카보머, 알지닌, 알란토인, 하이드록시에틸아크릴레이트/소듐아크릴로일다이메틸타우레이트코폴리머, 에틸헥실글리세린, 다이소듐이디티에이, 병풀추출물(111 ppm), 판테놀, 솔비탄아이소스테아레이트, 마텔오일, 약모밀추출물, 티트리잎추출물, 살비아잎추출물, 소듐하이알루로네이트, 사철쑥추출물, 버지니아풍년화추출물, 징크옥사이드, 카프릴릭/카프릭트라이글리세라이드, 하이드로제네이티드포스파티딜콜린, 하이드록시프로필트라이모늄하이알루로네이트, 수크로오스스테아레이트, 아줄렌, 세테아릴알코올, 마데카소사이드, 아시아티코사이드, 하이드롤라이즈드하이알루로닉애씨드, 소듐아세틸레이티드하이알루로네이트, 아시아틱애씨드, 마데카식애씨드, 하이알루로닉애씨드, 하이드롤라이즈드소듐하이알루로네이트, 소듐하이알루로네이트크로스폴리머, 포타슘하이알루로네이트",메디힐,더마플러스 마스크 [시카],60806,,
리필 100매 + 리필 100매,,엘앤피코스메틱㈜ / 주식회사 씨엔에프,"정제수, 글리세린, 글리세레스-26, 1,2-헥산다이올, 다이페닐다이메티콘, 트라이에틸헥사노인, 하이드록시아세토페논, 옥틸도데세스-16, 하이드로제네이티드레시틴, 폴리글리세릴-10라우레이트, 하이드록시에틸우레아, 베타인, 하이드롤라이즈드익스텐신(1,000 ppm), 하이드록시에틸셀룰로오스, 잔탄검, 알란토인, 다이포타슘글리시리제이트, 아데노신, 다이소듐이디티에이, 소듐시트레이트, 시트릭애씨드, 올리브오일, 센티드제라늄꽃오일, 라벤더오일, 캐모마일꽃오일, 오렌지껍질오일, 멕시칸주니퍼오일, 돌콩오일, 부틸렌글라이콜, 세라마이드엔피, 락토바실러스발효물, 망고추출물, 레티놀, 카프릴릴글라이콜, 아세틸헥사펩타이드-8, 카퍼트라이펩타이드-1, 팔미토일펜타펩타이드-4, 팔미토일트라이펩타이드-1, 트라이펩타이드-1, 헥사펩타이드-9, 노나펩타이드-1",메디힐,콜라겐 탄력 채움 패드,75400,,
25ml * 10ea,,㈜엘에스화장품/ 엘앤피코스메틱㈜,"정제수, 글리세린, 부틸렌글라이콜, 다이프로필렌글라이콜, 나이아신아마이드, 1,2-헥산다이올, 병풀추출물, 하이드록시아세토페논, 카보머, 알지닌, 스타이렌/아크릴레이트코폴리머, 트레할로오스, 에틸헥실글리세린, 폴리글리세릴-10라우레이트, 프로판다이올, 잔탄검, 아데노신, 해수, 소듐하이알루로네이트, 트라이소듐에틸렌다이아민다이석시네이트, 마데카소사이드(50 ppm), 연필향나무오일, 서양배추출물, 소듐라우릴설페이트, 하이드로제네이티드레시틴, 다마스크장미꽃수, 호호바씨오일, 오리스뿌리추출물, 광곽향오일, 멜론추출물, 병풀잎추출물, 서양송악잎/줄기추출물, 불가리스쑥오일, 로즈마리잎오일, 향부자추출물, 아시아티코사이드, 아시아틱애씨드, 마데카식애씨드(0.03 ppm), 판테놀, 세라마이드엔피, 피토스테롤, 스테아릭애씨드, 올레익애씨드",메디힐,더마 앰플 마스크 [마데카소사이드],66644,,
25ml*10매입,,(주)엘에스화장품 / 엘앤피코스메틱㈜,"정제수, 글리세린, 다이프로필렌글라이콜, 부틸렌글라이콜, 나이아신아마이드, 글리세레스-26, 프로판다이올, 스쿠알란, 다마스크장미꽃수, 1,2-헥산다이올, 하이드록시아세토페논, 폴리글리세릴-10라우레이트, 카보머, 알지닌, 카놀라오일, 판테놀, 폴리글리세린-3, 해바라기씨오일, 에틸헥실글리세린, 메도우폼씨오일, 폴리글리세릴-10스테아레이트, 하이드로제네이티드레시틴, 아데노신, 잔탄검, 아르간커넬오일, 폴리글리세릴-4라우레이트, 다이소듐이디티에이, 소듐폴리아크릴레이트, 편백오일, 검정콩추출물, 장미추출물, 다마스크장미꽃오일, 판토락톤, 글리세릴글루코사이드, 덱스트린, 치자추출물, 사이아노코발아민, 흰목이버섯폴리사카라이드, 밤부사 불가리스잎추출물, 아마씨추출물, 판토테닉애씨드, 소듐하이알루로네이트, 소듐디엔에이, 소듐아세테이트, 다이펩타이드-2, 팔미토일다이펩타이드-7",메디힐,피디알엔 랩핑 세럼 마스크 [모공 탄력],73378,,
25ml X 10매,,㈜엘에스화장품 / 엘앤피코스메틱㈜,"정제수, 글리세린, 다이프로필렌글라이콜, 나이아신아마이드, 부틸렌글라이콜, 티트리잎추출물(10,000 ppm), 1,2-헥산다이올, 글리세레스-26, 메틸프로판다이올, 다이글리세린, 하이드록시아세토페논, 카보머, 알지닌, 아미노부티릭애씨드, 글리세릴글루코사이드, 에틸헥실글리세린, 잔탄검, 폴리글리세릴-10라우레이트, 프로판다이올, 아데노신, 다이소듐이디티에이, 락토바실러스발효물, 티트리잎수(200 ppm), 판토락톤, 티트리잎오일(114 ppm), 글루코오스, 하이드로제네이티드레시틴, 흰목이버섯폴리사카라이드, 4-터피네올(6 ppm), 밤부사 불가리스잎추출물, 아마씨추출물, 판테놀, 판토테닉애씨드, 소듐하이알루로네이트, 망고추출물",메디힐,티트리 앰플 마스크,57327,,
(앰플 2ml / 파우더 28g) x 5ea,,엘에스화장품,"앰플 : 정제수, 다이프로필렌글라이콜, 글리세린, 부틸렌글라이콜, 1,2-헥산다이올, 판테놀, 알지닌, 카보머, 하이드록시아세토페논, 아미노부티릭애씨드, 암모늄아크릴로일다이메틸타우레이트/브이피코폴리머, 폴리글리세릴-10라우레이트, 프로판다이올, 판토락톤, 호호바씨오일, 글리세릴아크릴레이트/아크릴릭애씨드코폴리머, 다이소듐이디티에이, 글리세릴글루코사이드, 서양송악잎/줄기추출물, 소듐하이알루로네이트(102 ppm), 멜론추출물, 센티드제라늄꽃오일, 라벤더오일, 흰목이버섯폴리사카라이드, 캐모마일꽃오일, 판토테닉애씨드, 서양민들레뿌리줄기/뿌리추출물, 소엽잎추출물, 글루코오스, 광곽향오일, 멕시칸주니퍼오일, 발삼코파이바수지, 오렌지껍질오일, 글라이신, 글루타믹애씨드, 다이메틸실란올하이알루로네이트(0.1 ppm), 소듐아세틸레이티드하이알루로네이트(0.1 ppm), 소듐하이알루로네이트다이메틸실란올(0.1 ppm), 소듐하이알루로네이트크로스폴리머(0.1 ppm), 아스파틱애씨드, 카프릴릭/카프릭트라이글리세라이드, 포타슘하이알루로네이트(0.1 ppm), 하이드록시프로필트라이모늄하이알루로네이트(0.1 ppm), 하이드롤라이즈드소듐하이알루로네이트(0.1 ppm), 하이드롤라이즈드하이알루로닉애씨드(0.1 ppm), 하이알루로닉애씨드(0.1 ppm), 하이드로제네이티드레시틴, 소듐폴리아크릴레이트, 소듐클로라이드, 피토스테롤, 세린, 히스티딘, 알라닌, 트레오닌, 프롤린, 아크릴레이트/C10-30알킬아크릴레이트크로스폴리머, 마그네슘클로라이드, 세라마이드엔피, 칼슘클로라이드 파우더 : 규조토, 글루코오스, 알진, 칼슘설페이트, 카올린, 트레할로오스, 베타인, 자일리톨, 판테놀, 소듐벤조에이트, 소듐데하이드로아세테이트, 정제수, 소듐하이알루로네이트(1,000.1 ppm), 알란토인, 해수, 덱스트린, 테트라소듐파이로포스페이트, 치자추출물, 글리세린, 1,2-헥산다이올, 자작나무수액, 바오밥나무씨추출물, 알로에베라잎추출물, 버지니아풍년화추출물, 하이드록시프로필트라이모늄하이알루로네이트(10 ppb), 소듐아세틸레이티드하이알루로네이트(1 ppb), 하이드롤라이즈드하이알루로닉애씨드(1 ppb), 하이알루로닉애씨드(0.25 ppb), 소듐하이알루로네이트크로스폴리머(0.1 ppb), 하이드롤라이즈드소듐하이알루로네이트(0.1 ppb), 포타슘하이알루로네이트(0.02 ppb)",메디힐,더마 모델링 팩 [히알루론산 속보습],74867,,
24 ml * 20매,,㈜이미인 / 엘앤피코스메틱㈜,"정제수, 글리세린, 메틸프로판다이올, 프로판다이올, 1,2-헥산다이올, 하이드롤라이즈드익스텐신(비건콜라겐 2,000 ppm), 하이드록시아세토페논, 카보머, 알지닌, 잔탄검, 베타인, 트레할로오스, 아데노신, 폴리글리세릴-10라우레이트, 해수, 다이프로필렌글라이콜, 폴리글리세릴-4라우레이트, 다이소듐이디티에이, 옥틸도데세스-16, 소듐하이알루로네이트, 판테놀, 아미노부티릭애씨드, 부틸렌글라이콜, 스위트아몬드오일, 글리세릴글루코사이드, 소듐폴리아크릴레이트, 센티드제라늄꽃오일, 라벤더오일, 하이드로제네이티드레시틴, 흰목이버섯폴리사카라이드, 캐모마일꽃오일, 오렌지껍질오일, 소엽잎추출물, 서양민들레뿌리줄기/뿌리추출물, 멕시칸주니퍼오일, 엘라스틴, 향부자추출물, 카프릴릭/카프릭트라이글리세라이드, 아세틸헥사펩타이드-8, 카퍼트라이펩타이드-1, 헥사펩타이드-9, 노나펩타이드-1, 팔미토일펜타펩타이드-4, 팔미토일테트라펩타이드-7, 트라이펩타이드-1, 세라마이드엔피",메디힐,에센셜 마스크 [콜라겐코어탄력],69795,,
22ml*10ea,,주식회사 씨엔에프/ 엘앤피코스메틱㈜,"정제수, 부틸렌글라이콜, 글리세린, 베타인, 다이프로필렌글라이콜, 1,2-헥산다이올, 하이드록시아세토페논, 약모밀추출물(2,200 ppm), 카보머, 알지닌, 알란토인, 폴리글리세릴-10라우레이트, 하이드록시에틸아크릴레이트/소듐아크릴로일다이메틸타우레이트코폴리머, 에틸헥실글리세린, 다이소듐이디티에이, 잔탄검, 판테놀, 카프릴로일살리실릭애씨드, 솔비탄아이소스테아레이트, 라벤더오일, 엑토인, 소듐하이알루로네이트, 마시멜로뿌리추출물, 꽃생강뿌리추출물, 까무까무열매추출물, 부처스브룸뿌리추출물, 돌나물추출물, 유칼립투스잎추출물, 티트리잎추출물, 하이드록시프로필트라이모늄하이알루로네이트, 보검선인장줄기추출물, 트루로즈오브예리코추출물, 하이드롤라이즈드하이알루로닉애씨드, 소듐아세틸레이티드하이알루로네이트, 하이알루로닉애씨드, 하이드롤라이즈드소듐하이알루로네이트, 소듐하이알루로네이트크로스폴리머, 포타슘하이알루로네이트",메디힐,더마플러스 마스크 [어성초],60805,,
25ml * 10ea,,(주)엘에스화장품,"정제수, 나이아신아마이드(50,000 ppm), 글리세린, 다이프로필렌글라이콜, 부틸렌글라이콜, 1,2-헥산다이올, 프로판다이올, 카보머, 알지닌, 하이드록시아세토페논, 카놀라오일, 해바라기씨오일, 폴리글리세릴-10라우레이트, 잔탄검, 메도우폼씨오일, 스타이렌/아크릴레이트코폴리머, 폴리글리세릴-4라우레이트, 폴리글리세릴-10스테아레이트, 3-O-에틸아스코빅애씨드(200 ppm), 아르간커넬오일, 옥틸도데세스-16, 트라이소듐에틸렌다이아민다이석시네이트, 아스코빅애씨드(100 ppm), 토코페롤(100 ppm), 베르가모트오일, 센티드제라늄꽃오일, 황련추출물, 라벤더오일, 하이드롤라이즈드옥수수전분, 비타민나무수(10 ppm), 카라멜, 소듐라우릴설페이트, 판토락톤(1,000 ppb), 하이드로제네이티드레시틴, 알부틴, 향부자추출물, 트라넥사믹애씨드, 판토테닉애씨드(11 ppb), 카프릴릭/카프릭트라이글리세라이드, 판테놀(10 ppb), 피리독신(1 ppb), 티아민에이치씨엘(1 ppb), 바이오틴(0.1 ppb), 폴릭애씨드(0.1 ppb), 헤스페리딘(0.1 ppb), 리보플라빈(0.1 ppb), 글루타티온, 시트로넬올, 리모넨, 리날룰",메디힐,더마 앰플 마스크 [비타민],66643,,
30매(본품) + 30매(리필),,주식회사 씨엔에프 / 엘앤피코스메틱㈜,"정제수, 글리세린, 다이프로필렌글라이콜, 글리세레스-26, 1,2-헥산다이올, 하이드록시아세토페논, 알지닌, 카보머, 아미노부티릭애씨드, 베타인, 트레할로오스, 폴리글리세릴-10라우레이트, 프로판다이올, 잔탄검, 소듐하이알루로네이트, 다이소듐이디티에이, 티트리잎오일(90 ppm), 부틸렌글라이콜, 베르가모트오일, 판토락톤, 하이드로제네이티드레시틴, 락토바실러스발효물, 향부자추출물, 판테놀, 판토테닉애씨드, 병풀잎추출물, 4-터피네올(5 ppb), 화이트티트리잎추출물(5 ppb), 레몬향티트리오일(5 ppb), 티트리잎추출물(5 ppb), 티트리잎수(5 ppb), 티트리추출물(5 ppb), 티트리꽃/잎/줄기추출물(5 ppb), 소듐디엔에이, 터피네올(5 ppb), 세라마이드엔피, 약모밀추출물",메디힐,더마365 마스크팩 티트리 [진정 수분],77082,,
25 ml x 10매,,㈜엘에스화장품 / 엘앤피코스메틱㈜,"정제수, 글리세린, 프로판다이올, 다이프로필렌글라이콜, 나이아신아마이드, 1,2-헥산다이올, 판테놀, 하이드록시아세토페논, 베타인, 다이글리세린, 카보머, 알지닌, 폴리글리세릴-10라우레이트, 트레할로오스, 부틸렌글라이콜, 에틸헥실글리세린, 잔탄검, 다마스크장미꽃수, 아데노신, 서양배추출물, 다이소듐이디티에이, 판토락톤, 서양송악잎/줄기추출물, 하이드롤라이즈드콜라겐, 아마씨추출물, 밤부사 불가리스잎추출물, 흰목이버섯폴리사카라이드, 하이드로제네이티드레시틴, 포도추출물, 감나무잎추출물, 피토스테롤, 호장근뿌리추출물, 커피콩추출물, 잇꽃꽃추출물, 초피나무열매추출물, 밤껍질추출물, 녹차추출물, 판토테닉애씨드, 망고추출물, 카프릴로일살리실릭애씨드, 세라마이드엔피, 레티놀, 팔미토일펜타펩타이드-4, 팔미토일트라이펩타이드-1, 헥사펩타이드-9, 아세틸헥사펩타이드-8, 트라이펩타이드-1, 카퍼트라이펩타이드-1",메디힐,더마 시너지 랩핑 마스크 [모공탄력],57006,,
27 ml * 10EA,,(주)엘에스화장품 / 엘앤피코스메틱㈜,"정제수, 글리세린, 다이프로필렌글라이콜, 글리세레스-26, 나이아신아마이드, 1,2-헥산다이올, 하이드록시에틸우레아, 카보머, 트로메타민, 베타인, 트레할로오스, 판테놀, 알란토인, 잔탄검, 폴리글리세릴-10라우레이트, 아데노신, 폴리글리세릴-4라우레이트, 제올라이트, 소듐하이알루로네이트, 아스파틱애씨드, 토코페롤, 트루로즈오브예리코추출물, 소듐폴리아크릴레이트, 소듐클로라이드, 글라이신, 글루타믹애씨드, 세린, 알라닌, 다이소듐이디티에이, 세라마이드엔피, 스쿠알란, 아크릴레이트/C10-30알킬아크릴레이트크로스폴리머, 알지닌, 트레오닌, 프롤린, 히스티딘, 마그네슘클로라이드, 칼슘클로라이드, 다이메틸실란올하이알루로네이트, 소듐아세틸레이티드하이알루로네이트, 소듐하이알루로네이트크로스폴리머, 하이드록시프로필트라이모늄하이알루로네이트, 하이드롤라이즈드글라이코사미노글리칸, 하이드롤라이즈드소듐하이알루로네이트, 하이드롤라이즈드하이알루로닉애씨드, 하이알루로닉애씨드, 향료",메디힐,더 NMF 앰플 마스크 오리지널,71818,,
60매/250ml,,㈜이미인 / 엘앤피코스메틱㈜,"정제수, 글리세린, 부틸렌글라이콜, 다이프로필렌글라이콜, 글리세레스-26, C12-14알케스-12, 베타인, 판테놀, 하이드록시아세토페논, 비스-에톡시다이글라이콜사이클로헥산1,4-다이카복실레이트, 카프릴릴글라이콜, 당근추출물(500 ppm), 에틸헥실글리세린, 카보머, 알란토인, 1,2-헥산다이올, 알지닌, 글리세릴아크릴레이트/아크릴릭애씨드코폴리머, 로즈마리잎오일, 피브이엠/엠에이코폴리머, 판토락톤, 다이포타슘글리시리제이트, 라벤더오일, 하이드롤라이즈드하이알루로닉애씨드, 하이드롤라이즈드소듐하이알루로네이트, 다이메틸실란올하이알루로네이트, 소듐하이알루로네이트, 하이알루로닉애씨드, 포타슘하이알루로네이트, 소듐하이알루로네이트크로스폴리머, 하이드록시프로필트라이모늄하이알루로네이트, 소듐하이알루로네이트다이메틸실란올, 소듐아세틸레이티드하이알루로네이트, 다이소듐이디티에이",메디힐,당근 수분 진정 패드,59870,,
25ml*10매입,,(주)엘에스화장품 / 엘앤피코스메틱㈜,"정제수, 글리세린, 메틸프로판다이올, 부틸렌글라이콜, 나이아신아마이드, 하이드롤라이즈드익스텐신, 1,2-헥산다이올, 트라이에틸헥사노인, 다이글리세린, 카프릴릭/카프릭트라이글리세라이드, 하이드록시아세토페논, 카보머, 프로판다이올, 알지닌, 잔탄검, 다이프로필렌글라이콜, 시어버터, 폴리글리세릴-10라우레이트, 폴리아크릴레이트-13, 아데노신, 다이소듐이디티에이, 하이드로제네이티드레시틴, 하이드로제네이티드폴리아이소부텐, 하이드롤라이즈드옥수수전분, 폴리글리세릴-10스테아레이트, 돌콩추출물, 카라멜, 스위트아몬드오일, 에틸헥실팔미테이트, 센티드제라늄꽃오일, 솔비탄아이소스테아레이트, 아이리쉬모스추출물, 라벤더오일, 레틴알, 캐모마일꽃오일, 해수, 오렌지껍질오일, 멕시칸주니퍼오일, 레티놀, 레티닐팔미테이트, 글리세릴글루코사이드, 향부자추출물, 흰목이버섯폴리사카라이드, 소듐하이알루로네이트, 소듐아세테이트, 소엽잎추출물, 서양민들레뿌리줄기/뿌리추출물, 엘라스틴, 수국잎추출물, 다이펩타이드-2, 팔미토일다이펩타이드-7, 아세틸헥사펩타이드-8, 카퍼트라이펩타이드-1, 헥사펩타이드-9, 노나펩타이드-1, 팔미토일펜타펩타이드-4, 팔미토일테트라펩타이드-7, 판테놀, 트라이펩타이드-1, 세라마이드엔피",메디힐,콜라겐 탄력 볼륨 랩핑 세럼 마스크,73375,,
25 ml x 10매,,㈜엘에스화장품 / 엘앤피코스메틱㈜,"정제수, 프로판다이올, 다이프로필렌글라이콜, 글리세레스-26, 글리세린, 티트리잎추출물, 1,2-헥산다이올, 하이드록시아세토페논, 알지닌, 카보머, 폴리글리세릴-10라우레이트, 베타인, 병풀잎추출물, 아미노부티릭애씨드, 트레할로오스, 약모밀추출물, 부틸렌글라이콜, 에틸헥실글리세린, 잔탄검, 아데노신, 판토락톤, 다이소듐이디티에이, 티트리잎오일, 버지니아풍년화추출물, 다이글리세린, 병풀꽃/잎/줄기추출물, 병풀뿌리추출물, 병풀추출물, 티트리잎수, 티트리추출물, 하이드로제네이티드레시틴, 자일리틸글루코사이드, 안하이드로자일리톨, 자일리톨, 밤부사 불가리스잎추출물, 아마씨추출물, 흰목이버섯폴리사카라이드, 판테놀, 판토테닉애씨드, 글루코노락톤, 망고추출물, 징크피씨에이",메디힐,더마 시너지 랩핑 마스크 [트러블진정],60808,,
40ml*2,,제조자 : 코스맥스(주) / 제조판매업자 : 엘앤피코스메틱(주),"정제수, 스쿠알란, 글리세린, 부틸렌글라이콜, 1,2-헥산다이올, 나이아신아마이드, 다이펜타에리스리틸헥사C5-9애씨드에스터, 하이드롤라이즈드익스텐신, 퀸즈랜드넛오일, 하이드로제네이티드레시틴, 아크릴레이트/C10-30알킬아크릴레이트크로스폴리머, 카프릴릭/카프릭트라이글리세라이드, 소듐폴리아크릴로일다이메틸타우레이트, 트로메타민, 잔탄검, 소듐다이라우미도글루타미드라이신, 알란토인, 에틸헥실글리세린, 아데노신, 메틸프로판다이올, 폴리글리세릴-10올리에이트, 소듐파이테이트, 인도멀구슬나무꽃추출물, 시트로넬올, 홀리바질잎추출물, 덱스트린, 인도멀구슬나무잎추출물, 펜틸렌글라이콜, 소듐하이알루로네이트, 카카오추출물, 센티드제라늄꽃오일, 라벤더오일, 세라마이드엔피, 리날룰, 울금뿌리추출물, 모란뿌리추출물, 참산호말추출물, 제라니올, 글리세릴스테아레이트시트레이트, 베타-글루칸, 레티놀, 팔미토일트라이펩타이드-5, 글루코실루틴, 토코페롤, 베헤닉애씨드, 콜레스테롤, 피토스핑고신",메디힐,콜라겐 탄력 볼륨 세럼,72232,,
34ml * 10ea,,이미인(주) / 엘앤피코스메틱㈜,"정제수, 글리세린, 다이프로필렌글라이콜, 나이아신아마이드, 세틸에틸헥사노에이트, 카프릴릭/카프릭트라이글리세라이드, 캐롭검, 아이리쉬모스, 아이리쉬모스가루, 하이드록시아세토페논, 셀룰로오스검, 시어버터, 카프릴릴글라이콜, 포타슘클로라이드, 호호바에스터, 글리세릴스테아레이트, 소듐폴리아크릴레이트, 스테아릴알코올, 세틸알코올, 솔비탄세스퀴올리에이트, 판테놀, 하이드로제네이티드폴리데센, 수크로오스, 에틸헥실글리세린, 해바라기씨왁스, 소듐스테아로일글루타메이트, 아데노신, 하이드롤라이즈드하이알루로닉애씨드(100.16 ppm), 로즈마리잎오일, 트라이데세스-6, C11-13아이소알케인, 폴리글리세린-3, 라벤더오일, 부틸렌글라이콜, 다이포타슘글리시리제이트, 판토락톤, 글루타티온, 1,2-헥산다이올, 하이드로제네이티드레시틴, 토코페롤, 소듐하이알루로네이트(170 ppb), 하이드롤라이즈드소듐하이알루로네이트(166 ppb), 다이메틸실란올하이알루로네이트(165 ppb), 포타슘하이알루로네이트(111.8 ppb), 하이알루로닉애씨드(111.8 ppb), 소듐하이알루로네이트크로스폴리머(89.8 ppb), 하이드록시프로필트라이모늄하이알루로네이트(89.8 ppb), 소듐하이알루로네이트다이메틸실란올(55 ppb), 소듐아세틸레이티드하이알루로네이트(45.2 ppb), 펜틸렌글라이콜, 다이소듐이디티에이",메디힐,하이퍼 마스크 [히알루론산],66645,,
마스크 23ml + 앰플 4ml *10매,,㈜엔코스 / 엘앤피코스메틱㈜,"STEP 1 메디힐 로제 피디알엔 바이오 세컨덤 마스크 정제수, 부틸렌글라이콜, 1,2-헥산다이올, 글리세린, 소듐폴리아크릴레이트, 잔탄검, 폴리글리세릴-10라우레이트, 에틸헥실글리세린, 아데노신, 라벤더오일, 다이소듐이디티에이, 센티드제라늄꽃오일, 소듐하이알루로네이트, 엑토인, 돌콩추출물, 다마스크장미꽃오일(3 ppm), 매듭풀추출물, 토코페롤, 레드신코나나무껍질추출물, 흰버드나무껍질추출물, 마누카잎추출물, 소듐디엔에이(35 ppb), *리날룰, *시트로넬올 STEP 2 메디힐 로제 피디알엔 바이오 세컨덤 앰플 전성분 정제수, 글리세린, 세틸에틸헥사노에이트, 부틸렌글라이콜, 카프릴릭/카프릭트라이글리세라이드, 1,2-헥산다이올, 글리세릴스테아레이트에스이, 폴리글리세릴-10스테아레이트, 폴리글리세릴-10다이스테아레이트, 라우릴글루코사이드, 폴리글리세릴-6라우레이트, 아크릴레이트/C10-30알킬아크릴레이트크로스폴리머, 알지닌, 소듐스테아로일글루타메이트, 미리스틸글루코사이드, 에틸헥실글리세린, 아데노신, 다이소듐이디티에이, 라벤더오일, 글리세릴아크릴레이트/아크릴릭애씨드코폴리머, 센티드제라늄꽃오일, 돌콩추출물, 다마스크장미꽃오일(3 ppm), 흰버드나무껍질추출물, 엑토인, 매듭풀추출물, 토코페롤, 레드신코나나무껍질추출물, 마누카잎추출물, 소듐디엔에이(35 ppb), *리날룰, *시트로넬올",메디힐,로제 피디알엔 바이오 세컨덤 마스크 [모공탄력],71920,,
25ml*10매입,,(주)엘에스화장품 / 엘앤피코스메틱㈜,"정제수, 나이아신아마이드, 글리세린, 다이프로필렌글라이콜, 프로판다이올, 부틸렌글라이콜, 1,2-헥산다이올, 판테놀, 하이드록시아세토페논, 알지닌, 카보머, 폴리글리세릴-10라우레이트, 폴리글리세릴-4라우레이트, 판토락톤, 아데노신, 잔탄검, 다이소듐이디티에이, 토코페롤, 3-O-에틸아스코빅애씨드, 글리세릴글루코사이드, 아스코빅애씨드, 오렌지껍질추출물, 황련추출물, 센티드제라늄수, 다마스크장미꽃수, 흰목이버섯폴리사카라이드, 밤부사 불가리스잎추출물, 아마씨추출물, 센티드제라늄꽃오일, 유칼립투스잎수, 소듐하이알루로네이트, 향부자추출물, 판토테닉애씨드, 바추잎잎추출물, 에틸헥실글리세린, 아이리쉬모스추출물, 갈바눔수지오일, 하이드로제네이티드레시틴, 하이알루로닉애씨드, 하이드롤라이즈드하이알루로닉애씨드, 하이드롤라이즈드소듐하이알루로네이트, 하이드록시프로필트라이모늄하이알루로네이트, 포타슘하이알루로네이트, 소듐하이알루로네이트크로스폴리머, 레몬씨오일, 수국잎추출물, 펜틸렌글라이콜, 소듐아세틸레이티드하이알루로네이트, 베타인살리실레이트, 카프릴로일살리실릭애씨드, 시트릭애씨드, 락토바이오닉애씨드, 다이메틸실란올하이알루로네이트, 소듐하이알루로네이트다이메틸실란올",메디힐,비타민 씨 브라이트닝 랩핑 세럼 마스크,73372,,
30매(본품) + 30매(리필),,주식회사 씨엔에프 / 엘앤피코스메틱㈜,"정제수, 글리세린, 다이프로필렌글라이콜, 글리세레스-26, 나이아신아마이드, 1,2-헥산다이올, 하이드록시아세토페논, 카프릴릭/카프릭트라이글리세라이드, 카보머, 잔탄검, 알지닌, 다이소듐이디티에이, 폴리글리세릴-10라우레이트, 아데노신, 폴리글리세릴-4라우레이트, 판토락톤, 소듐하이알루로네이트, 부틸렌글라이콜, 돌콩추출물, 콜라겐(100 ppm), 글리세릴글루코사이드, 스위트아몬드오일, 라벤더오일, 센티드제라늄꽃오일, 흰목이버섯폴리사카라이드, 하이드로제네이티드레시틴, 수용성콜라겐크로스폴리머(10 ppm), 캐모마일꽃오일, 판테놀, 판토테닉애씨드, 오렌지껍질오일, 글라이신, 글루타믹애씨드, 아스파틱애씨드, 밤부사 불가리스잎추출물, 콜라겐추출물(1,000 ppb), 향부자추출물, 엘라스틴, 아마씨추출물, 멕시칸주니퍼오일, 소듐폴리아크릴레이트, 에틸헥실글리세린, 소듐클로라이드, 히스티딘, 세린, 알라닌, 프롤린, 트레오닌, 아크릴레이트/C10-30알킬아크릴레이트크로스폴리머, 아세틸헥사펩타이드-8, 아텔로콜라겐(10 ppb), 카퍼트라이펩타이드-1, 코코일하이드롤라이즈드콜라겐(10 ppb), 콜라겐아미노산(10 ppb), 하이드롤라이즈드콜라겐(10 ppb), 하이드롤라이즈드익스텐신(10 ppb), 헥사펩타이드-9, 노나펩타이드-1, 팔미토일펜타펩타이드-4, 팔미토일테트라펩타이드-7, 프로콜라겐(10 ppb), 수용성콜라겐(10 ppb), 트라이펩타이드-1, 마그네슘클로라이드, 칼슘클로라이드, 세라마이드엔피, 레티놀",메디힐,더마365 마스크팩 콜라겐 [탄력 볼륨],77079,,
30 ml,,㈜이미인 / 엘앤피코스메틱㈜,"정제수, 다이프로필렌글라이콜, 글리세린, 부틸렌글라이콜, 글리세레스-26, 하이드록시아세토페논, 알지닌, 카보머, 폴리글리세릴-10라우레이트, 카프릴릴글라이콜, 아데노신, 에틸헥실글리세린, 소듐폴리아크릴레이트, 잔탄검, 1,2-헥산다이올, 다이포타슘글리시리제이트, 하이드롤라이즈드콜라겐(50 ppm), 센티드제라늄꽃오일, 소듐하이알루로네이트, 라벤더오일, 하이드로제네이티드레시틴, 피토스테롤, 장미꽃오일, 레티놀(500 ppb), 세라마이드엔피, 다이소듐이디티에이",메디힐,레티놀 콜라겐 앰플 윤곽 마스크,58720,,
리필 100매 + 리필 100매,,주식회사 씨엔에프 / 엘앤피코스메틱㈜,"정제수, 다이프로필렌글라이콜, 글리세린, 부틸렌글라이콜, 1,2-헥산다이올, 베타인, 베타인살리실레이트, 하이드록시아세토페논, 옥틸도데세스-16, 트로메타민, 파파인(200.079 ppm), 다이소듐이디티에이, 시트릭애씨드, 소듐시트레이트, 콘민트오일, 불가리스쑥오일, 멕시칸주니퍼오일, 광곽향오일, 브로멜라인(1.089 ppm), 하이드로제네이티드레시틴, 베타-글루칸, 카프릴로일살리실릭애씨드, 글루코노락톤, 락토바이오닉애씨드, 소듐하이알루로네이트",메디힐,피토엔자임 각질 필링 패드,75404,,
25 ml x 10매,,㈜엘에스화장품 / 엘앤피코스메틱㈜,"정제수, 글리세린, 부틸렌글라이콜, 다이프로필렌글라이콜, 나이아신아마이드, 1,2-헥산다이올, 카보머, 베타인, 하이드록시아세토페논, 알지닌, 다이글리세린, 잔탄검, 스타이렌/아크릴레이트코폴리머, 에틸헥실글리세린, 폴리글리세릴-10라우레이트, 프로판다이올, 아데노신, 판토락톤, 다이소듐이디티에이, 콘민트오일, 세틸에틸헥사노에이트, 글리세릴글루코사이드, 하이드로제네이티드레시틴, 소듐하이알루로네이트, 바추잎잎추출물, 스쿠알란, 카프릴릭/카프릭트라이글리세라이드, 다마스크장미꽃수, 판테놀, 레시틴, 마카다미아씨오일, 소듐라우릴설페이트, 흰목이버섯폴리사카라이드, 아마씨추출물, 밤부사 불가리스잎추출물, 판토테닉애씨드, 소듐아스코빌포스페이트, 망고추출물, 올리브오일불검화물, 세라마이드엔피, 돌콩오일불검화물, 밀배아오일불검화물, 콜레스테롤, 스테아릭애씨드, 꽃가루추출물, 하이드록시프로필트라이모늄하이알루로네이트, 소듐아세틸레이티드하이알루로네이트, 하이드롤라이즈드하이알루로닉애씨드, 하이알루로닉애씨드, 소듐하이알루로네이트크로스폴리머, 하이드롤라이즈드소듐하이알루로네이트, 포타슘하이알루로네이트",메디힐,더마 시너지 랩핑 마스크 [보습장벽],57007,,
4 회분(8 패치),,제조자 : (주)코바스 / 제조판매업자 : 엘앤피코스메틱(주),"정제수, 글리세린, 소듐폴리아크릴레이트, 다이프로필렌글라이콜, 폴리아크릴릭애씨드, 나이아신아마이드, 아가, 하이드록시에틸우레아, 하이드록시아세토페논, 잔탄검, 카프릴릴글라이콜, 셀룰로오스검, 알루미늄글리시네이트, 세틸에틸헥사노에이트, 타타릭애씨드, 펜타소듐트라이포스페이트, 카프릴릴/카프릴글루코사이드, 아데노신, 다이포타슘글리시리제이트, 소듐아스코빌포스페이트, 글루타티온, 마데카소사이드, 1,2-헥산다이올, 병풀잎추출물, 소듐하이알루로네이트, 병풀추출물, 포타슘하이알루로네이트, 소듐하이알루로네이트크로스폴리머, 하이드롤라이즈드소듐하이알루로네이트, 하이알루로닉애씨드, 소듐아세틸레이티드하이알루로네이트, 아시아티코사이드, 아시아틱애씨드, 마데카식애씨드",메디힐,마데카소사이드 유브이 컷 아웃도어 선 패치 [와이드프로텍션],70358,,
22ml*10ea,,주식회사 씨엔에프/ 엘앤피코스메틱㈜,"정제수, 부틸렌글라이콜, 글리세린, 베타인, 스쿠알란, 다이프로필렌글라이콜, 1,2-헥산다이올, 폴리글리세릴-10라우레이트, 하이드록시아세토페논, 카보머, 알지닌, 알란토인, 자작나무수액(550 ppm), 잔탄검, 에틸헥실글리세린, 다이소듐이디티에이, 판테놀, 피마자씨오일, 소듐하이알루로네이트, 글리세릴카프릴레이트, 캐모마일꽃오일, 하이드로제네이티드레시틴, 하이드록시프로필트라이모늄하이알루로네이트, 세라마이드엔피, 개똥쑥추출물, 톳추출물, 왕대수액, 하이드롤라이즈드하이알루로닉애씨드, 소듐아세틸레이티드하이알루로네이트, 오렌지꽃오일, 하이알루로닉애씨드, 하이드롤라이즈드소듐하이알루로네이트, 소듐하이알루로네이트크로스폴리머, 트루로즈오브예리코추출물, 포타슘하이알루로네이트",메디힐,더마플러스 마스크 [자작나무],60804,,
리필 100매 + 리필 100매,,한국콜마(주) / 엘앤피코스메틱㈜,"정제수, 다이프로필렌글라이콜, 나이아신아마이드(30,000 ppm), 글리세레스-26, 1,2-헥산다이올, 비타민나무수(9,399.93 ppm), 하이드록시아세토페논, 베타인, 옥틸도데세스-16, 하이드록시에틸우레아, 다이포타슘글리시리제이트, 알란토인, 잔탄검, 트레할로오스, 하이드록시에틸셀룰로오스, 다이소듐이디티에이, 폴리글리세릴-10라우레이트, 올리브오일, 하이드제네이티드레시틴, 센티드제라늄꽃오일, 라벤더오일, 캐모마일꽃오일, 오렌지껍질오일, 아스코빅애씨드(6.01 ppm), 멕시칸주니퍼오일, 글루타티온, 소듐아스코빌포스페이트(10 ppb), 토코페릴아세테이트, 리보플라빈, 티아민에이치씨엘, 피리독신에이치씨엘, 메나다이온, 시트로넬올, 리날룰, 제라니올, 리모넨",메디힐,비타민씨 잡티 토닝 패드,75401,,
60매/250ml,,㈜이미인 / 엘앤피코스메틱㈜,"정제수, 메틸프로판다이올, 다이프로필렌글라이콜, 글리세린, 비스-에톡시다이글라이콜사이클로헥산1,4-다이카복실레이트, 하이드록시아세토페논, 카프릴릴글라이콜, C12-14알케스-12, 알지닌, 글루코노락톤, 셀룰로오스검, 에틸헥실글리세린, 부틸렌글라이콜, 알란토인, 카보머, 광곽향오일, 다이포타슘글리시리제이트, 밤껍질추출물(50 ppm), 라임전초오일, 카프릴로일살리실릭애씨드, 포도추출물, 파파야열매추출물, 매실추출물, 사과추출물, 1,2-헥산다이올, 소듐하이알루로네이트, 하이드롤라이즈드하이알루로닉애씨드, 하이알루로닉애씨드, 포타슘하이알루로네이트, 하이드롤라이즈드소듐하이알루로네이트, 다이소듐이디티에이",메디힐,율피 각질 매끈결 패드,59871,,
22ml * 10매,,제조자 : ㈜엘에스화장품 / 제조판매업자 : 엘앤피코스메틱㈜,"정제수, 글리세린, 부틸렌글라이콜, 나이아신아마이드, 글리세레스-26, 다이프로필렌글라이콜, 1,2-헥산다이올, 프로폴리스추출물(2,040 ppm), 하이드록시아세토페논, 카보머, 알지닌, 잔탄검, 카놀라오일, 아데노신, 폴리글리세릴-10라우레이트, 해바라기씨오일, 폴리글리세릴-4라우레이트, 메도우폼씨오일, 다이소듐이디티에이, 폴리글리세릴-10스테아레이트, 아르간커넬오일, 트라이에틸시트레이트, 스위트아몬드오일, 꿀추출물, 살비아오일, 라벤더오일, 로얄젤리추출물, 판토락톤, 토코페롤, 실론시나몬나무껍질오일, 소듐하이알루로네이트, 스타아니스열매/씨오일, 콘민트오일, 향부자추출물, 글루코노락톤, 카프릴로일살리실릭애씨드, 오일팜커넬오일, 페네틸알코올, 아이소아밀아세테이트, 리씨열매오일, 판테놀, 판토테닉애씨드, 하이알루로닉애씨드, 하이드롤라이즈드하이알루로닉애씨드, 하이드롤라이즈드소듐하이알루로네이트, 하이드록시프로필트라이모늄하이알루로네이트, 포타슘하이알루로네이트, 소듐하이알루로네이트크로스폴리머, 풀러린, 펜틸렌글라이콜, 소듐아세틸레이티드하이알루로네이트, 프로판다이올, 다이메틸실란올하이알루로네이트, 소듐하이알루로네이트다이메틸실란올",메디힐,더마플러스 프로폴리스 마스크 [탄력광채],70140,,
60 ml,,코스맥스(주) / 엘앤피코스메틱(주),"정제수, 변성알코올, 호모살레이트, 에칠헥실메톡시신나메이트, 에칠헥실살리실레이트, C12-15알킬벤조에이트, 페닐벤즈이미다졸설포닉애씨드, 아크릴레이트코폴리머, 디에칠아미노하이드록시벤조일헥실벤조에이트, 비스-에칠헥실옥시페놀메톡시페닐트리아진, 부틸옥틸살리실레이트, 카프릴릴메티콘, 세틸다이메티콘, 다이부틸아디페이트, 옥토크릴렌, 페네틸벤조에이트, 아미노메틸프로판올, 하이드롤라이즈드하이알루로닉애씨드, 하이알루로닉애씨드, 소듐하이알루로네이트, 티트리잎오일, 티트리잎추출물, 부틸메톡시디벤조일메탄, 부틸렌글라이콜, 1,2-헥산다이올, 다이메틸실란올하이알루로네이트, 하이드롤라이즈드소듐하이알루로네이트, 포타슘하이알루로네이트, 하이드록시프로필트라이모늄하이알루로네이트, 소듐하이알루로네이트크로스폴리머, 소듐하이알루로네이트다이메틸실란올, 소듐아세틸레이티드하이알루로네이트, 4-터피네올, 에리스리톨, 마데카소사이드, 멘틸락테이트, 에틸헥실글리세린 [분사제] 부탄, 프로판, 아이소부탄",메디힐,수분 유브이 컷 선 스프레이 [SPF50+/PA++++],71344,,
23ml*8매,,엘에스화장품㈜ / 엘앤피코스메틱㈜,"정제수, 글리세린, 부틸렌글라이콜, 메틸프로판다이올, 폴리글리세릴-4카프레이트, 알란토인, 멘틸락테이트, 아데노신, 다이포타슘글리시리제이트, 글리세릴아크릴레이트/아크릴릭애씨드코폴리머, 소듐하이알루로네이트, 알로에베라추출물, 병풀추출물, 아르니카 몬타나꽃추출물, 가시칠엽수추출물, 다이소듐이디티에이, 알지닌, 잔탄검, 아크릴레이트/C10-30알킬아크릴레이트크로스폴리머, 암모늄아크릴로일다이메틸타우레이트/브이피코폴리머, 1,2-헥산다이올, 카프릴릴글라이콜, 에틸헥실글리세린, 라벤더오일, 센티드제라늄꽃오일",메디힐,브이티알 스트레칭 패치,72944,,
25 ml x 10매,,㈜엘에스화장품 / 엘앤피코스메틱㈜,"정제수, 글리세레스-26, 나이아신아마이드, 글리세린, 부틸렌글라이콜, 프로판다이올, 다이프로필렌글라이콜, 1,2-헥산다이올, 귤껍질추출물, 비타민나무추출물, 하이드록시아세토페논, 카보머, 알지닌, 폴리글리세릴-10라우레이트, 아미노부티릭애씨드, 폴리글리세릴-4라우레이트, 에틸헥실글리세린, 잔탄검, 판토락톤, 글리세릴글루코사이드, 다이소듐이디티에이, 다마스크장미꽃수, 하이드로제네이티드레시틴, 치자꽃추출물, 양까막까치밥나무잎추출물, 첨차잎추출물, 소듐아스코빌포스페이트, 마데카소사이드, 살비아오일, 흰목이버섯폴리사카라이드, 라벤더오일, 서양송악잎/줄기추출물, 병풀잎추출물, 판테놀, 판토테닉애씨드, 소듐하이알루로네이트, 밤부사 불가리스잎추출물, 아마씨추출물, 비사보롤, 망고추출물, 아시아틱애씨드, 아시아티코사이드, 마데카식애씨드, 아스코빅애씨드, 레스베라트롤",메디힐,더마 시너지 랩핑 마스크 [흔적토닝],60807,,
1매당 5 g(4매입),,(주)코바스 / 엘앤피코스메틱㈜,"정제수, 글리세린, 다이프로필렌글라이콜, 폴리아크릴릭애씨드, 아가, 나이아신아마이드, 소듐폴리아크릴레이트, 하이드록시아세토페논, 잔탄검, 카프릴릴글라이콜, 셀룰로오스검, 다이소듐이디티에이, 타타릭애씨드, 세틸에틸헥사노에이트, 카프릴릴/카프릴글루코사이드, 아데노신, 티트리잎오일, 락토바실러스발효물, 티트리잎수, 알루미늄글리시네이트, 4-터피네올, 1,2-헥산다이올, 부틸렌글라이콜, 다이포타슘글리시리제이트, 티트리추출물, 소듐아스코빌포스페이트, 글루타티온, 하이드롤라이즈드콜라겐, 소듐하이알루로네이트, 포타슘하이알루로네이트, 소듐하이알루로네이트크로스폴리머, 하이드롤라이즈드소듐하이알루로네이트, 페녹시에탄올, 하이알루로닉애씨드, 소듐아세틸레이티드하이알루로네이트",메디힐,유브이 컷 아웃도어 선 패치 [트리플프로텍션],46628,,
30매(본품) + 30매(리필),,주식회사 씨엔에프 / 엘앤피코스메틱㈜,"정제수, 글리세린, 글리세레스-26, 다이프로필렌글라이콜, 나이아신아마이드, 1,2-헥산다이올, 하이드록시아세토페논, 알지닌, 카보머, 스타이렌/아크릴레이트코폴리머, 잔탄검, 폴리글리세릴-10라우레이트, 소듐하이알루로네이트, 다이소듐이디티에이, 폴리글리세릴-4라우레이트, 연필향나무오일, 하이드로제네이티드레시틴, 서양배추출물, 호호바씨오일, 부틸렌글라이콜, 다마스크장미꽃수, 광곽향오일, 오리스뿌리추출물, 소듐라우릴설페이트, 멜론추출물, 불가리스쑥오일, 판토락톤, 서양송악잎/줄기추출물, 로즈마리잎오일, 병풀잎추출물, 병풀추출물, 병풀뿌리추출물, 병풀꽃/잎/줄기추출물, 글리세릴글루코사이드, 마데카소사이드(1,003 ppb), 향부자추출물, 아시아티코사이드, 흰목이버섯폴리사카라이드, 아시아틱애씨드, 마데카식애씨드(580 ppb), 판테놀, 판토테닉애씨드, 소듐디엔에이, 세라마이드엔피, 편백수, 사포닌",메디힐,더마365 마스크팩 마데카소사이드 [흔적 리페어],77075,,
30 ml,,㈜이미인 / 엘앤피코스메틱㈜,"정제수, 메틸프로판다이올, 세틸에틸헥사노에이트, 카프릴릭/카프릭트라이글리세라이드, 하이드로제네이티드폴리(C6-14올레핀), 폴리글리세릴-6스테아레이트, 다이프로필렌글라이콜, 솔비탄스테아레이트, 하이드록시아세토페논, 글리세린, 알지닌, 카보머, 카프릴릴글라이콜, 폴리글리세릴-6베헤네이트, 아데노신, 1,2-헥산다이올, 에틸헥실글리세린, 암모늄아크릴로일다이메틸타우레이트/브이피코폴리머, 글리세릴아크릴레이트/아크릴릭애씨드코폴리머, 다이포타슘글리시리제이트, 소듐하이알루로네이트, 하이드롤라이즈드콜라겐(50 ppm), 피브이엠/엠에이코폴리머, 캐모마일꽃오일, 센티드제라늄꽃오일, 하이드로제네이티드레시틴, 토코페롤, 피토스테롤, 장미꽃오일, 레티놀(500 ppb), 세라마이드엔피, 다이소듐이디티에이",메디힐,레티놀 콜라겐 크림 윤곽 마스크,58733,,
22ml*10매,,㈜엘에스화장품 / 엘앤피코스메틱㈜,"정제수, 글리세린,프로판다이올, 다이프로필렌글라이콜, 1,2-헥산다이올, 트레할로오스, 글리세레스-26, 하이드록시아세토페논, 베타인, 폴리글리세린-3, 알지닌, 카보머, 판테놀, 하이드록시에틸우레아, 폴리글리세릴-10라우레이트, 아데노신, 다마스크장미꽃수, 동백나무씨오일(200 ppm), 다이소듐이디티에이, 동백나무꽃추출물(200 ppm), 동백나무씨추출물(200 ppm), 동백나무잎추출물(200 ppm), 치자꽃추출물, 잔탄검, 양까막까치밥나무잎추출물, 첨차잎추출물, 글리세릴아크릴레이트/아크릴릭애씨드코폴리머, 서양송악잎/줄기추출물, 글리세릴글루코사이드, 센티드제라늄꽃오일, 폴리쿼터늄-51, 부틸렌글라이콜, 흰목이버섯폴리사카라이드, 판토락톤, 소듐하이알루로네이트, 향부자추출물, 소듐아세테이트, 수국잎추출물, 판토테닉애씨드, 아세틸헥사펩타이드-8, 다이펩타이드-2, 팔미토일다이펩타이드-7, 포타슘하이알루로네이트, 하이드록시프로필트라이모늄하이알루로네이트, 하이드롤라이즈드소듐하이알루로네이트, 하이드롤라이즈드하이알루로닉애씨드, 하이알루로닉애씨드, 소듐하이알루로네이트크로스폴리머, 펜틸렌글라이콜, 소듐아세틸레이티드하이알루로네이트, 다이메틸실란올하이알루로네이트, 소듐하이알루로네이트다이메틸실란올",메디힐,더마플러스 동백 마스크 [영양리프팅],73056,,
25ml*10매입,,(주)엘에스화장품 / 엘앤피코스메틱㈜,"정제수, 글리세린, 프로판다이올, 나이아신아마이드, 1,2-헥산다이올, 부틸렌글라이콜, 다이프로필렌글라이콜, 소듐하이알루로네이트, 폴리글리세린-3, 글리세릴글루코사이드, 판테놀, 하이드록시아세토페논, 알지닌, 카보머, 아데노신, 아이리쉬모스추출물, 폴리글리세릴-10라우레이트, 잔탄검, 폴리글리세릴-4라우레이트, 다이소듐이디티에이, 옥틸도데세스-16, 스쿠알란, 글루코오스, 유칼립투스잎오일, 해수, 베르가모트오일, 글루타티온, 하이드로제네이티드레시틴, 향부자추출물, 글리세릴시트레이트/락테이트/리놀리에이트/올리에이트, 서양민들레뿌리줄기/뿌리추출물, 소엽잎추출물, 수국잎추출물, 폴리글리세릴-10미리스테이트, 다이메틸실란올하이알루로네이트, 소듐아세틸레이티드하이알루로네이트, 소듐하이알루로네이트다이메틸실란올, 소듐하이알루로네이트크로스폴리머, 카프릴릭/카프릭트라이글리세라이드, 포타슘하이알루로네이트, 하이드록시프로필트라이모늄하이알루로네이트, 하이드롤라이즈드소듐하이알루로네이트, 하이드롤라이즈드하이알루로닉애씨드, 하이알루로닉애씨드, 피토스테롤, 글루코노락톤, 세라마이드엔피",메디힐,저분자 히알루론산 수분 밀도 랩핑 세럼 마스크,73379,,
22ml*10ea,,주식회사 씨엔에프/ 엘앤피코스메틱㈜,"정제수, 프로판다이올, 글리세린, 다이프로필렌글라이콜, 폴리글리세린-3, 에리스리톨, 1,2-헥산다이올, 하이드록시아세토페논, 카보머, 에틸헥실글리세린, 트로메타민, 잔탄검, 부틸렌글라이콜, 폴리글리세릴-10라우레이트, 폴리글리세릴-10미리스테이트, 알란토인, 다이소듐이디티에이, 알로에베라잎수(110 ppm), 판테놀, 올리브오일, 알로에베라추출물(55 ppm), 메틸다이아이소프로필프로피온아마이드, 팔마로사오일, 엑토인, 소듐하이알루로네이트, 마시멜로뿌리추출물, 버지니아풍년화추출물, 꽃생강뿌리추출물, 까무까무열매추출물, 부처스브룸뿌리추출물, 돌나물추출물, 개잎갈나무목부오일, 로즈마리잎오일, 하이드록시프로필트라이모늄하이알루로네이트, 트루로즈오브예리코추출물, 하이드롤라이즈드하이알루로닉애씨드, 소듐아세틸레이티드하이알루로네이트, 하이알루로닉애씨드, 하이드롤라이즈드소듐하이알루로네이트, 소듐하이알루로네이트크로스폴리머, 포타슘하이알루로네이트",메디힐,더마플러스 마스크 [알로에],60802,,
30ml,,아이큐어(주) / 엘앤피코스메틱㈜,"정제수, 부틸렌글라이콜, 아이리쉬모스가루, 나이아신아마이드, 캐롭검, 1,2-헥산다이올, 글리세린, 아가, 구아검, 하이드록시아세토페논, 포타슘클로라이드, 클로페네신, 글루코오스, 글리세레스-25피씨에이아이소스테아레이트, 잔탄검, 에틸헥실글리세린, 다이프로필렌글라이콜, 하이드롤라이즈드콜라겐(413 ppm), 카프릴릴글라이콜, 아이소프로필미리스테이트, 소듐하이알루로네이트, 다이소듐이디티에이, 자작나무수액, 자일리톨, 에리스리톨, 콜라겐(13 ppm), 류코노스톡/무발효여과물, 다마스크장미꽃오일, 아텔로콜라겐(0.3 ppm), 토코페롤",메디힐,누드 겔 마스크 [콜라겐],43766,,
30ml,,아이큐어(주) / 엘앤피코스메틱㈜,"정제수, 부틸렌글라이콜, 아이리쉬모스가루, 1,2-헥산다이올, 캐롭검, 글리세린, 아가, 구아검, 하이드록시아세토페논, 클로페네신, 글루코오스, 포타슘클로라이드, 글리세레스-25피씨에이아이소스테아레이트, 잔탄검, 에리스리톨, 자일리톨, 트레할로오스, 판테놀, 다마스크장미꽃수, 아데노신, 소듐하이알루로네이트, 에틸헥실글리세린, 말굽잔나비버섯추출물, 다이소듐이디티에이, 토코페릴아세테이트, 자작나무수액, 일랑일랑꽃오일, 하이드로제네이티드레시틴, 세테아릴알코올, 스테아릭애씨드, 세라마이드엔피, 스위트아몬드오일, 토코페롤, 세라마이드엔에스, 콜레스테롤, 피토스핑고신, 하이드록시프로필트라이모늄하이알루로네이트, 세라마이드에이에스, 세라마이드에이피, 소듐아세틸레이티드하이알루로네이트, 하이드롤라이즈드하이알루로닉애씨드, 하이알루로닉애씨드, 소듐하이알루로네이트크로스폴리머, 하이드롤라이즈드소듐하이알루로네이트, 포타슘하이알루로네이트, 세라마이드이오피",메디힐,누드 겔 마스크 [엔엠에프],43765,,
30매(본품) + 30매(리필),,주식회사 씨엔에프 / 엘앤피코스메틱㈜,"정제수, 글리세린, 다이프로필렌글라이콜, 글리세레스-26, 나이아신아마이드, 부틸렌글라이콜, 1,2-헥산다이올, 하이드록시아세토페논, 카프릴릭/카프릭트라이글리세라이드, 다이글리세린, 알지닌, 카보머, 잔탄검, 다이소듐이디티에이, 아데노신, 폴리글리세릴-10라우레이트, 폴리글리세릴-4라우레이트, 트레할로오스, 다마스크장미꽃수, 스타이렌/아크릴레이트코폴리머, 치자나무꽃추출물, 첨차잎추출물, 양까막까치밥나무잎추출물, 돌콩추출물, 소듐하이알루로네이트, 판토락톤, 서양송악잎/줄기추출물, 글리세릴글루코사이드, 센티드제라늄꽃오일, 소듐라우릴설페이트, 흰목이버섯폴리사카라이드, 다마스크장미추출물, 캐모마일꽃추출물, 동백나무꽃추출물, 국화추출물, 감국꽃추출물, 향부자추출물, 녹차꽃추출물, 히비스커스꽃추출물, 라벤더꽃추출물, 달맞이꽃꽃추출물, 제비꽃꽃추출물, 판테놀, 판토테닉애씨드, 소듐디엔에이(50 ppb), 지모뿌리추출물, 아줄렌, 베타-글루칸, 엑토인, 글루코노락톤, 레티놀, 스쿠알란, 하이드로제네이티드폴리아이소부텐",메디힐,더마365 마스크팩 피디알엔 [모공 탄력],77077,,
28 g * 10매,,코스맥스㈜ / 엘앤피코스메틱㈜,"정제수, 부틸렌글라이콜, 글리세린, 나이아신아마이드, 캐롭검, 퀸즈랜드넛오일, 아이리쉬모스가루, 시어버터, 콜라겐, 살비아오일, 카카오추출물, 불가리스쑥오일, 바질오일, 진흙버섯추출물, 돌콩오일, 레틴알, 하이드롤라이즈드콜라겐, 다이프로필렌글라이콜, 1,2-헥산다이올, 글리세릴글루코사이드, 베타인, 하이드록시아세토페논, 폴리글리세릴-2다이아이소스테아레이트, 글루코만난, 폴리아크릴레이트-13, 폴리글리세릴-3메틸글루코오스다이스테아레이트, 포타슘클로라이드, 카프릴릴글라이콜, 셀룰로오스검, 구아검, 하이드로제네이티드폴리아이소부텐, 아데노신, 다이포타슘글리시리제이트, 글루코오스, 폴리글리세릴-10라우레이트, 덱스트린, 에틸헥실팔미테이트, 솔비탄아이소스테아레이트, 토코페롤, 레티놀, 말토덱스트린, 레시틴, 알지닌, 세라마이드엔피, 잔탄검, 세테아릴알코올, 치자추출물",메디힐,더마 씰 마스크 [영양탄력],69821,,
28 ml * 10EA,,㈜엘에스화장품/ 엘앤피코스메틱㈜,"정제수, 온천수(50,000 ppm), 다이프로필렌글라이콜, 글리세린, 나이아신아마이드, 1,2-헥산다이올, 하이드록시아세토페논, 알지닌, 카보머, 소듐하이알루로네이트(1,000 ppm), 아미노부티릭애씨드, 폴리글리세릴-10라우레이트, 판토락톤, 잔탄검, 폴리글리세릴-4라우레이트, 연필향나무오일, 부틸렌글라이콜, 다이소듐이디티에이, 호호바씨오일, 광곽향오일, 불가리스쑥오일, 로즈마리잎오일, 글리세릴글루코사이드, 글리세릴시트레이트/락테이트/리놀리에이트/올리에이트, 판테놀, 판토테닉애씨드, 소엽잎추출물, 서양민들레뿌리줄기/뿌리추출물, 하이드로제네이티드레시틴, 폴리글리세릴-10미리스테이트, 향부자추출물, 흰목이버섯폴리사카라이드",메디힐,스파 워터 히알루론산 스팀 마스크,69811,,
30ml,,아이큐어(주) / 엘앤피코스메틱㈜,"정제수, 부틸렌글라이콜, 글리세린, 아이리쉬모스가루, 캐롭검, 1,2-헥산다이올, 구아검, 아가, 하이드록시아세토페논, 글루코오스, 클로페네신, 포타슘클로라이드, 글리세레스-25피씨에이아이소스테아레이트, 알란토인, 잔탄검, 하이드록시에틸셀룰로오스, 에틸헥실글리세린, 소듐하이알루로네이트, 카프릴릴글라이콜, 병풀추출물, 다이소듐이디티에이, 락토바실러스발효물, 티트리잎수(45 ppm), 에리스리톨, 자일리톨, 자작나무수액, 티트리잎오일(30 ppm), 펜틸렌글라이콜, 마데카소사이드, 쇠비름추출물, 약모밀추출물, 토코페롤",메디힐,누드 겔 마스크 [티트리],43767,,
70ml,,한국콜마(주) / 주식회사 스킨이데아,"하이드롤라이즈드콜라겐추출물(70.2 %), 호호바씨오일, 폴리비닐알코올, 메틸프로판다이올, 1,2-헥산다이올, 알진, 폴리솔베이트80, 카프릴릭/카프릭트라이글리세라이드, 폴리글리세릴-10올리에이트, 풀루란, 달맞이꽃꽃추출물, 당느릅나무뿌리추출물, 대왕송잎추출물, 칡뿌리추출물, 감나무잎추출물, 녹차추출물, 밤껍질추출물, 잇꽃꽃추출물, 초피나무열매추출물, 커피콩추출물, 포도추출물, 호장근뿌리추출물, 소듐하이알루로네이트, 글리세릴스테아레이트, 판테놀, 다이스테아다이모늄헥토라이트, 소듐폴리스타이렌설포네이트, 정제수, 셀룰로오스검, 토코페릴아세테이트, 알란토인, 부틸렌글라이콜, 소듐파이테이트, 락토바실러스발효물(1,000 ppm), 글라이신, 세린, 글루타믹애씨드, 아스파틱애씨드, 류신, 라이신, 알라닌, 알지닌, 발린, 아이소류신, 타이로신, 트레오닌, 페닐알라닌, 프롤린, 히스티딘, 메티오닌, 시스테인, 소듐아세틸레이티드하이알루로네이트, 하이드롤라이즈드하이알루로닉애씨드, 피이지-100스테아레이트, 향료, 에틸헥실글리세린",메디힐,레드 락토 콜라겐 랩핑 마스크,48929,,
300ml,,제품 내 별도표기 / 주식회사 스킨이데아,"정제수, 글리세린, 코코-베타인, 포타슘코코에이트, 포타슘코코일글리시네이트, 아크릴레이트코폴리머, 1,2-헥산다이올, 소듐클로라이드, 하이드록시프로필스타치포스페이트, 에틸헥실글리세린, 시트릭애씨드, 메틸프로판다이올, 병풀추출물(500,000 ppb), 오리스뿌리추출물, 서양배추출물, 부틸렌글라이콜, 바닐라열매추출물, 서양송악잎/줄기추출물, 글루코노락톤, 첨차잎추출물, 소엽맥문동뿌리추출물, 락토바실러스/부레옥잠발효물, 자일리틸글루코사이드, 국화추출물, 안하이드로자일리톨, 카프릴릭/카프릭트라이글리세라이드,자일리톨, 콜라겐(7,920 ppb), 세라마이드엔피, 마데카소사이드(5,000 ppb), 하이드로제네이티드레시틴, 하이드롤라이즈드콜라겐(2,500 ppb), 글라이신, 세린, 글루타믹애씨드, 바이오사카라이드검-4, 소듐하이알루로네이트, 아스파틱애씨드, 류신, 아시아티코사이드(500 ppb), 판테놀, 아시아틱애씨드(500 ppb), 마데카식애씨드(500 ppb), 알라닌, 라이신, 알지닌, 타이로신, 페닐알라닌, 트레오닌, 프롤린, 발린, 아이소류신, 히스티딘, 메티오닌, 시스테인, 콜라겐추출물(100 ppb), 포타슘솔베이트",메디힐,그린 시카 콜라겐 클리어 젤 클렌저 2.0,54065,,
50ml,,제품 내 별도표기 / 주식회사 스킨이데아,"정제수, 프로판다이올, 글리세린, 다이프로필렌글라이콜, 메틸프로판다이올, 1,2-헥산다이올, 나이아신아마이드, 다시마추출물, 한련초잎추출물, 병풀뿌리추출물, 에난티아 클로란타껍질추출물, 지모뿌리추출물, 소듐하이알루로네이트(500.1 ppm), 하이드로제네이티드레시틴, 알란토인, 카보머, 엑토인, 판테놀, 아데노신, 다이소듐이디티에이, 프룩토올리고사카라이드, 자일리톨, 부틸렌글라이콜, 베타-글루칸, 자일리틸글루코사이드, 하이드롤라이즈드하이알루로닉애씨드(30 ppm), 안하이드로자일리톨, 콜라겐, 류코노스톡/무발효여과물, 수크로오스팔미테이트, 스쿠알란, 폴리글루타믹애씨드, 글리세릴리놀리에이트, 하이드로제네이티드폴리아이소부텐, 글리세릴글루코사이드, 토코페롤, 올레아놀릭애씨드, 세라마이드엔피, 글라이신, 글루타믹애씨드, 알지닌, 하이드록시프로필사이클로덱스트린, 카프릴릭/카프릭트라이글리세라이드, 수크로오스다이스테아레이트, 피토스핑고신, 에틸헥실글리세린, 쌀겨오일, 해바라기씨오일, 트로메타민",메디힐,히알루론산 레이어 물톡스 앰플,57194,,
130g,,(주)씨엘피코스메틱 / 주식회사 스킨이데아,"정제수, 하이드로제네이티드폴리데센, 글리세린, 우레아, 글리세릴스테아레이트, 부틸렌글라이콜, 꿀추출물, 프로폴리스추출물, 세테아릴알코올, 나이아신아마이드, 피이지-100스테아레이트, 1,2-헥산다이올, 마트리카리아꽃추출물, 보리지추출물, 커먼자스민추출물, 라벤더추출물, 콘민트잎추출물, 로즈마리추출물, 살비아잎추출물, 타임추출물, 버지니아풍년화추출물, 페퍼민트잎추출물, 편백잎추출물, 유칼립투스잎추출물, 소나무잎추출물, 락토바실러스/콩발효추출물 , 흰버드나무껍질추출물, 육계나무껍질추출물, 오레가노잎추출물, 황금추출물, 쇠비름추출물, 로얄젤리추출물, 병풀추출물, 옥수수잎추출물, 라이신, 히스티딘, 알지닌, 아스파틱애씨드, 트레오닌, 세린, 글루타믹애씨드, 프롤린, 글라이신, 알라닌, 발린, 메티오닌, 아이소류신, 류신, 타이로신, 페닐알라닌, 시스테인, 하이드롤라이즈드글라이코사미노글리칸, 해바라기씨오일, 포도씨오일, 호호바씨오일, 카퍼트라이펩타이드-1, 아세틸헥사펩타이드-8, 팔미토일펜타펩타이드-4, 미리스토일펜타펩타이드-17, 알에이치-올리고펩타이드-1(39.9 ppb), 알에이치-폴리펩타이드-11, 트레할로오스, 스쿠알란, 사이클로헥사실록세인, 시어버터, 카프릴로일살리실릭애씨드, 아데노신, 하이드록시아세토페논, 카프릴릴글라이콜, 다이포타슘글리시리제이트, 다이프로필렌글라이콜, 마이크로크리스탈린셀룰로오스, 소듐폴리아크릴레이트스타치, 다이소듐이디티에이, 셀룰로오스검, 황색4호, 황색5호, 향료",메디힐,EGF 스케일링 모이스처 풋 크림,44326,,
250ml,,제품 내 별도표기 / 주식회사 스킨이데아,"정제수, 트로메타민, 에탄올, 글리세린, 폴리글리세릴-10미리스테이트, 부틸렌글라이콜, 하이드록시아세토페논, 다이프로필렌글라이콜, 카프릴릴글라이콜, 향료, 베타인, 다이소듐이디티에이, 1,2-헥산다이올, 소듐하이알루로네이트, 파파야열매추출물, 카카두플럼추출물, 마트리카리아꽃추출물, 쇠비름추출물, 호장근뿌리추출물, 치자추출물, 아사이팜열매추출물, 까무까무열매추출물, 가자열매추출물, 부틸아보카데이트, 에틸헥실글리세린, 병풀추출물, 살리실릭애씨드, 글루코노락톤, 목련나무껍질추출물, 아세틸헥사펩타이드-8, 카퍼트라이펩타이드-1, 팔미토일펜타펩타이드-4, 트라이펩타이드-1, 팔미토일트라이펩타이드-1, 헥사펩타이드-9, 토코페롤, 노나펩타이드-1, 락틱애씨드, 시트릭애씨드",메디힐,엑스트라 슈퍼9 플러스 2.0,53386,,
70ml,,제품 내 별도표기 / 주식회사 스킨이데아,"탄산수, 정제수, 호호바씨오일, 폴리비닐알코올, 메틸프로판다이올, 부틸렌글라이콜, 카프릴릭/카프릭트라이글리세라이드, 나이아신아마이드, 알진, 1,2-헥산다이올, 폴리글리세릴-10올리에이트, 폴리솔베이트80, 풀루란, 스핑고모나스발효추출물, 치자추출물, 병풀뿌리추출물, 에난티아 클로란타껍질추출물, 지모뿌리추출물, 해바라기씨오일, 소듐하이알루로네이트(1,220.3 ppb), 하이드로제네이티드레시틴, 쌀겨오일, 글리세릴스테아레이트, 피이지-100스테아레이트, 판테놀, 다이스테아다이모늄헥토라이트, 소듐폴리스타이렌설포네이트, 마이크로크리스탈린셀룰로오스, 에틸헥실글리세린, 토코페릴아세테이트, 알란토인, 메틸다이아이소프로필프로피온아마이드, 아데노신, 덱스트린, 셀룰로오스검, 소듐파이테이트, 글리세린, 수크로오스팔미테이트, 글리세릴리놀리에이트, 토코페롤, 자일리톨, 7-데하이드로콜레스테롤, 멘틸락테이트, 시트릭애씨드, 엑토인, 폴리글루타믹애씨드, 프로판다이올, 하이드로제네이티드폴리아이소부텐, 글리세릴글루코사이드, 자일리틸글루코사이드, 콜라겐, 안하이드로자일리톨, 글라이신, 류코노스톡/무발효여과물, 글루타믹애씨드, 실리카, 알지닌, 카올린, 세라마이드엔피, 피토스핑고신, 하이드록시프로필사이클로덱스트린, 카프릴릴글라이콜, 아세틸헥사펩타이드-1, 하이드롤라이즈드하이알루로닉애씨드(0.1 ppb), 하이알루로닉애씨드(0.075 ppb), 올레아놀릭애씨드, 아스코빅애씨드, 수크로오스다이스테아레이트, 향료",메디힐,히알루론산 레이어 물톡스 랩핑 마스크,60184,,
120ml,,(주)한솔바이오텍 / 주식회사 스킨이데아,"온천수(75.514%), 부틸렌글라이콜, 글리세린, 프로판다이올, 카프릴릴메티콘, 나이아신아마이드, 라벤더추출물, 로즈마리추출물, 타임추출물, 오레가노꽃/잎/줄기추출물, 당근추출물, 마테잎추출물, 보리지추출물, 몰로키아잎추출물, 백미꽃추출물, 해바라기씨오일, 동백나무씨오일, 마카다미아씨오일, 아르간커넬오일, 메도우폼씨오일, 망고씨버터, 야자씨버터, 쿠푸아쿠씨버터, 시어버터, 트레할로오스, 소듐하이알루로네이트크로스폴리머, 하이드롤라이즈드하이알루로닉애씨드, 라즈베리케톤, 하이드록시프로필트라이모늄하이알루로네이트, 하이알루로닉애씨드, 소듐아세틸레이티드하이알루로네이트, 소듐하이알루로네이트, 베타-글루칸, 토코페롤, 인도멀구슬나무잎추출물, 인도멀구슬나무꽃추출물, 아이비고드열매추출물, 가지열매추출물, 알로에베라꽃추출물, 홀리바질잎추출물, 참산호말추출물, 강황추출물, 알로에베라잎즙가루, 세라마이드엔피(10 ppm), 하이드롤라이즈드글라이코사미노글리칸, 다이포타슘글리시리제이트, 벤질글라이콜, 암모늄아크릴로일다이메틸타우레이트/브이피코폴리머, 다이프로필렌글라이콜, 하이드록시아세토페논, 트로메타민, 카프릴릴글라이콜, 소듐서팩틴, 에틸헥실글리세린, 판테놀, 하이드로제네이티드레시틴, 이눌린라우릴카바메이트, 정제수, 카보머, 판토락톤, 다이소듐이디티에이, 아데노신, 1,2-헥산다이올",메디힐,허브 떼르말 세라마이드 크림,44319,,
50g,,제품 내 별도표기 / 주식회사 스킨이데아,"정제수, 카프릴릭/카프릭트라이글리세라이드, 판테놀(50,000 ppm), 프로판다이올, 폴리글리세릴-3메틸글루코오스다이스테아레이트, 사이클로헥사실록세인, 티타늄디옥사이드, 글리세린, 나이아신아마이드, 1,2-헥산다이올, 세테아릴알코올, 동백나무씨오일, 병풀추출물(5,000 ppm), 마데카소사이드(50 ppm), 아시아티코사이드(5 ppm), 아시아틱애씨드(5 ppm), 마데카식애씨드(5 ppm), 효모/겨우살이발효추출물, 락토바실러스/콩발효추출물, 효모/띠뿌리발효추출물, 라벤더추출물, 로즈마리추출물, 오레가노꽃/잎/줄기추출물, 타임추출물, 부틸렌글라이콜, 목련나무껍질추출물, 바이오사카라이드검-4, 파파야열매추출물, 사과추출물, 매실추출물, 포도추출물, 글루코노락톤, 콜라겐추출물, 티트리추출물, 유칼립투스잎추출물, 마트리카리아추출물, 흰버드나무껍질추출물, 포트마리골드추출물, 스페인감초뿌리추출물, 호호바씨오일, 아르간커넬오일, 시어버터, 세라마이드엔피, 카보머, 다이소듐이디티에이, 아데노신, 베타인, 소듐하이알루로네이트, 에틸헥실글리세린, 스테아릭애씨드, 글리세릴스테아레이트, 트로메타민, 하이드록시아세토페논, 카프릴릴글라이콜, 다이포타슘글리시리제이트, 다이프로필렌글라이콜, 알루미늄하이드록사이드, 향료",메디힐,피토 시카놀 B5 리페어 크림,54050,,
270ml / 70매,,뷰티스킨 / (주)스킨이데아,"정제수;프로판다이올;메틸프로판다이올;1,2-헥산다이올;글리세레스-26;글루코노락톤;트레할로오스;알지닌;에틸헥실글리세린;콜라겐추출물;부틸렌글라이콜;병풀추출물;팔마로사오일;다이소듐이디티에이;자일리틸글루코사이드;인도멀구슬나무잎추출물;베티버뿌리오일;폴리쿼터늄-51;안하이드로자일리톨;바추잎잎추출물;콘민트오일;자일리톨;목련나무껍질추출물;소듐하이알루로네이트;인도멀구슬나무꽃추출물;녹차추출물;글루코오스;자몽추출물;나한백가지추출물;마데카소사이드;글라이신;세린;글루타믹애씨드;바이오사카라이드검-4;아스파틱애씨드;류신;글리세린;라벤더꽃추출물;마데카식애씨드;마트리카리아꽃추출물;보리지추출물;석송추출물;쇠뜨기추출물;수레국화꽃추출물;아시아티코사이드;아시아틱애씨드;클레리추출물;판테놀;히아신스전초추출물;알라닌;라이신;타이로신;페닐알라닌;발린;트레오닌;프롤린;아이소류신;달맞이꽃추출물;당느릅나무뿌리추출물;대왕송잎추출물;칡뿌리추출물;카프릴릭/카프릭트라이글리세라이드;히스티딘;메티오닌;시스테인;세라마이드엔피;하이드로제네이티드레시틴",메디힐,피토 시카놀 B5 카밍 패드,30324,,
33g,,제품 내 별도표기 / 주식회사 스킨이데아,"정제수, 카올린, 글리세린, 프로필렌글라이콜, 소듐스테아레이트, 부틸렌글라이콜, 프로판다이올, 세테아릴올리베이트, 벤토나이트, 1,2-헥산다이올, 티트리잎가루, 병풀잎/줄기가루, 엑토인, 소나무잎추출물, 개똥쑥추출물, 유자추출물, 에난티아클로란타껍질추출물, 너도밤나무싹추출물, 버지니아풍년화추출물, 매실추출물, 사과추출물, 파파야열매추출물, 녹차추출물, 밤껍질추출물, 초피나무열매추출물, 커피콩추출물, 포도추출물, 감나무잎추출물, 호장근뿌리추출물, 잇꽃꽃추출물, 폴리글리세릴-10라우레이트, 락토바이오닉애씨드, 살리실릭애씨드, 카프릴로일살리실릭애씨드, 글라이콜릭애씨드, 락토바실러스/콩발효추출물, 쇠비름추출물, 오레가노잎추출물, 육계나무껍질추출물, 흰버드나무껍질추출물, 황금추출물, 편백잎추출물, 하이드롤라이즈드글라이코사미노글리칸, 소듐하이알루로네이트, 소듐하이알루로네이트크로스폴리머, 하이드롤라이즈드하이알루로닉애씨드, 하이드록시프로필트라이모늄하이알루로네이트, 하이알루로닉애씨드, 소듐아세틸레이티드하이알루로네이트, 부틸아보카데이트, 아세틸헥사펩타이드-8, 카퍼트라이펩타이드-1, 트라이펩타이드-1, 팔미토일펜타펩타이드-4, 알라닌/히스티딘/라이신폴리펩타이드카퍼에이치씨엘, 팔미토일트라이펩타이드-1, 헥사펩타이드-9, 판테놀, 알란토인, 병풀추출물, 글루코오스, 안하이드로자일리톨, 자일리톨, 자일리틸글루코사이드, 밤껍질가루, 토코페롤, 카프릴릴글라이콜, 에틸헥실글리세린, 벤질글라이콜, 올레아놀릭애씨드, 젤란검, 솔비탄올리베이트, 다이스테아다이모늄헥토라이트, 티타늄디옥사이드, 페퍼민트오일",메디힐,엑스트라 슈퍼9 플러스 액티브 스틱,55109,,
100ml,,제품 내 별도표기 / 주식회사 스킨이데아,"정제수, 글리세린, 메틸퍼플루오로아이소부틸에터, 하이드로제네이티드폴리아이소부텐, 메틸프로판다이올, 카프릴릭/카프릭트라이글리세라이드, 사이클로펜타실록세인, 나이아신아마이드, 부틸렌글라이콜다이카프릴레이트/다이카프레이트, 메틸퍼플루오로부틸에터, 사이클로헥사실록세인, 소듐미리스토일글루타메이트, 세테아릴알코올, 오일팜커넬오일, 알지닌, 오일팜오일, 데실글루코사이드, 글리세릴스테아레이트, 하이드록시에틸우레아, 베타인, 피이지-100스테아레이트, 다이메티콘, 미리스틱애씨드, 카보머, 암모늄아크릴로일다이메틸타우레이트/브이피코폴리머, 데실렌글라이콜, 에틸헥실글리세린, 헥실렌글라이콜, 부틸렌글라이콜, 다이메티콘/비닐다이메티콘크로스폴리머, 프로판다이올, 1,2-헥산다이올, 글리세릴아크릴레이트/아크릴릭애씨드코폴리머, 토타롤, 소듐하이알루로네이트크로스폴리머, 알란토인, 폴리락틱애씨드(499ppm), 아데노신, 소듐하이알루로네이트, 에탄올, 하이드롤라이즈드글라이코사미노글리칸, 라우레스-23, 다이소듐이디티에이, 두송열매추출물, 유칼립투스잎추출물, 아르간커넬오일, 벤질글라이콜, 서양민들레뿌리줄기/뿌리추출물, 데실알코올, 카프릴릴글라이콜, 트라이데세스-6, 소듐폴리아크릴레이트, 펜틸렌글라이콜, 하이드로제네이티드폴리데센, 하이드롤라이즈드하이알루로닉애씨드, 글루코오스, 타임추출물, 로즈마리추출물, 오레가노꽃/잎/줄기추출물, 라벤더추출물, 녹차추출물, 올레라케아아크멜라추출물, 프룩탄, 지모뿌리추출물, 백설차잎추출물, 실리카, 다시마추출물, 비타민나무추출물, 콜라겐추출물(1ppm), 토코페롤, 하이알루로닉애씨드, 캐모마일꽃수, 라즈베리케톤, 폴리솔베이트80, 락토바실러스발효물, 하이드롤라이즈드엘라스틴, 아스타잔틴, 지황뿌리추출물, 판테놀, 이노시톨, 하이드롤라이즈드콜라겐, 글루타티온, 폴릭애씨드, 바이오틴, 아스코빅애씨드, 팔미토일테트라펩타이드-7(5ppb), 아세틸옥타펩타이드-3(5ppb), 트라이펩타이드-1(1ppb), 팔미토일트라이펩타이드-1(1ppb), 팔미토일펜타펩타이드-4(1ppb), 카퍼트라이펩타이드-1(1ppb), 아세틸헥사펩타이드-8(1ppb), 헥사펩타이드-9(0.5ppb), 노나펩타이드-1(0.1ppb), 향료",메디힐,펩타이드9 볼륨 리프팅 올인원 에센스,55303,,
120ml,,제품 내 별도표기 / 주식회사 스킨이데아,"정제수, 암모늄라우레스설페이트, 코카미도프로필베타인, 메틸퍼플루오로부틸에터, 메틸퍼플루오로아이소부틸에터, 아크릴레이트코폴리머, 암모늄라우릴설페이트, 엑토인, 소나무잎추출물, 개똥쑥추출물, 유자추출물, 에난티아클로란타껍질추출물, 너도밤나무싹추출물, 버지니아풍년화추출물, 매실추출물, 사과추출물, 파파야열매추출물, 녹차추출물, 밤껍질추출물, 초피나무열매추출물, 커피콩추출물, 포도추출물, 감나무잎추출물, 호장근뿌리추출물, 잇꽃꽃추출물, 다이소듐코코암포다이아세테이트, 다이프로필렌글라이콜, 라우릴하이드록시설테인, 소듐코코일애플아미노산, 부틸렌글라이콜, 락토바이오닉애씨드, 살리실릭애씨드, 글라이콜릭애씨드, 카프릴로일살리실릭애씨드, 락토바실러스/콩발효추출물, 쇠비름추출물, 오레가노잎추출물, 육계나무껍질추출물, 흰버드나무껍질추출물, 황금추출물, 편백잎추출물, 하이드롤라이즈드글라이코사미노글리칸, 소듐하이알루로네이트, 소듐하이알루로네이트크로스폴리머, 하이드롤라이즈드하이알루로닉애씨드, 하이드록시프로필트라이모늄하이알루로네이트, 하이알루로닉애씨드, 소듐아세틸레이티드하이알루로네이트, 부틸아보카데이트, 아세틸헥사펩타이드-8, 카퍼트라이펩타이드-1, 트라이펩타이드-1, 팔미토일펜타펩타이드-4, 알라닌/히스티딘/라이신폴리펩타이드카퍼에이치씨엘, 팔미토일트라이펩타이드-1, 헥사펩타이드-9, 알란토인, 병풀추출물, 글루코오스, 안하이드로자일리톨, 자일리톨, 자일리틸글루코사이드, 마데카소사이드, 아시아티코사이드, 마데카식애씨드, 아시아틱애씨드, 레시틴, 글리세린, 사이아노코발아민, 나이아신아마이드, 바이오틴, 아스코빅애씨드, 판테놀, 비타민나무추출물, 피리독신에이치씨엘, 메나다이온, 쌀겨추출물, 다마스크장미꽃수, 마트리카리아꽃추출물, 카프릴릭/카프릭트라이글리세라이드, 데실글루코사이드, 벤질글라이콜, 에틸헥실글리세린, 하이드록시프로필비스팔미타마이드엠이에이, 프로판다이올, 1,2-헥산다이올, 하이드록시아세토페논, 다이소듐이디티에이, 헥실렌글라이콜, 테트라소듐글루타메이트다이아세테이트, 다이포타슘글리시리제이트, 황색4호 (CI 19140), 포타슘하이드록사이드, 폴리글리세릴-10라우레이트, 카프릴릴글라이콜, 올레아놀릭애씨드, 소듐클로라이드, 펜틸렌글라이콜, 향료",메디힐,엑스트라 슈퍼9 플러스 포어 톡스 클렌저,55311,,
50g,,(주)씨엘피코스메틱 / (주)스킨이데아,"병풀추출물;글리세린;프로판다이올;폴리글리세릴-3메틸글루코오스다이스테아레이트;카프릴릭/카프릭트라이글리세라이드;사이클로헥사실록세인;판테놀;동백나무씨오일;나이아신아마이드;1,2-헥산다이올;세테아릴알코올;마데카소사이드;아시아티코사이드;아시아틱애씨드;마데카식애씨드;사과추출물;포도추출물;매실추출물;파파야열매추출물;비니거추출물;글루코노락톤;콜라겐추출물;검은깨추출물;당근추출물;녹두추출물;편백잎추출물;소나무추출물;삼나무껍질추출물;병풀잎수;쇠비름추출물;마트리카리아추출물;효모/겨우살이발효추출물;락토바실러스/콩발효추출물;효모/띠뿌리발효추출물;라벤더추출물;로즈마리추출물;오레가노꽃/잎/줄기추출물;타임추출물;목련나무껍질추출물;바이오사카라이드검-4;호호바씨오일;아르간커넬오일;시어버터;알란토인;다이포타슘글리시리제이트;아데노신;베타인;소듐하이알루로네이트;팔마로사오일;베티버뿌리오일;콘민트오일;바추잎잎추출물;인도멀구슬나무잎추출물;인도멀구슬나무꽃추출물;아이비고드열매추출물;가지열매추출물;홀리바질잎추출물;울금뿌리추출물;참산호말추출물;정제수;카보머;다이프로필렌글라이콜;다이소듐이디티에이;스테아릭애씨드;글리세릴스테아레이트;트로메타민;하이드록시아세토페논;에틸헥실글리세린;카프릴릴글라이콜",메디힐,피토 시카놀 크림,30285,,
70ml,,(주)아주화장품 / (주)스킨이데아,"정제수;티트리잎수;부틸렌글라이콜;다이프로필렌글라이콜;1,2-헥산다이올;티트리추출물;병풀잎추출물;병풀뿌리추출물;병풀추출물;아시아티코사이드;아시아틱애씨드;마데카식애씨드;마데카소사이드;글리세린;C12-13파레스-9;알지닌;카보머;알란토인;베타인;메틸글루세스-20;바이오사카라이드검-1;하이드록시에틸셀룰로오스;하이드록시프로필구아;티트리잎오일;인도멀구슬나무잎추출물;인도멀구슬나무꽃추출물;약모밀추출물;삼나무잎추출물;연꽃잎추출물;효모발효물;달맞이꽃추출물;대왕송잎추출물;칡뿌리추출물;당느릅나무뿌리추출물;글리세릴아크릴레이트/아크릴릭애씨드코폴리머;소듐하이알루로네이트;하이드록시프로필트라이모늄하이알루로네이트;하이드롤라이즈드하이알루로닉애씨드;소듐아세틸레이티드하이알루로네이트;하이알루로닉애씨드;소듐하이알루로네이트크로스폴리머;포타슘하이알루로네이트;다이소듐이디티에이;에틸헥실글리세린;펜틸렌글라이콜;카프릴릴글라이콜",메디힐,더치 티 에이씨 카밍 세럼,29288,,
1.6g x 60매,,(주)진코스텍 / 주식회사 스킨이데아,"정제수, 글리세린, 콜라겐추출물(93,000 ppm), 나이아신아마이드, 카라기난, 부틸렌글라이콜, 에틸헥산다이올, 캐롭검, 구아검, 펜틸렌글라이콜, 구주소나무잎추출물, 칼슘클로라이드, 알란토인, 수크로오스, 셀룰로오스검, 1,2-헥산다이올, 포타슘클로라이드, 프로판다이올, 폴리글리세릴-10라우레이트, 피마자씨오일, 락토바실러스발효물(902.1 ppm), 스타아니스추출물, 티타늄디옥사이드, 칼슘락테이트, 아데노신, 헥실렌글라이콜, 알지닌, 에틸헥실글리세린, 합성플루오르플로고파이트, 다이소듐이디티에이, 하이드록시아세토페논, 폴리메틸실세스퀴옥세인, 서양배추출물, 서양송악잎/줄기추출물, 실리카, 폴리글리세릴-10올리에이트, 사과추출물, 비치스트로베리추출물, 카프릴릭/카프릭트라이글리세라이드, 시어버터, 소듐하이알루로네이트, 하이드록시프로필트라이모늄하이알루로네이트, 하이드롤라이즈드콜라겐(0.93 ppm), 블래더랙추출물, 꿀풀추출물, 글라이신, 글루타믹애씨드, 대왕송잎추출물, 당느릅나무뿌리추출물, 달맞이꽃꽃추출물, 칡뿌리추출물, 소듐아세틸레이티드하이알루로네이트, 하이드롤라이즈드하이알루로닉애씨드, 아스파틱애씨드, 소듐하이알루로네이트크로스폴리머, 하이알루로닉애씨드, 라이신, 히스티딘, 트레오닌, 세린, 프롤린, 알라닌, 발린, 메티오닌, 아이소류신, 류신, 타이로신, 페닐알라닌, 시스테인, 포타슘하이알루로네이트",메디힐,레드 락토 콜라겐 아이 패치,48928,,
70g,,(주)아주화장품 / (주)스킨이데아,"정제수, 부틸렌글라이콜, 카프릴릭/카프릭트라이글리세라이드, 하이드로제네이티드폴리데센, 시어버터, 다이프로필렌글라이콜, 나이아신아마이드, 1,2-헥산다이올, 폴리글리세릴-3메틸글루코오스다이스테아레이트, 글리세린, 알란토인, 베타인, 트레할로오스, 세테아릴알코올, 바이오사카라이드검-1, 하이드록시프로필구아, 티트리추출물, 티트리잎수, 병풀잎추출물, 병풀뿌리추출물, 병풀추출물, 아시아티코사이드, 아시아틱애씨드, 마데카식애씨드, 마데카소사이드, 트라이플루오로프로필다이메티콘, 폴리글리세릴-6스테아레이트, 알지닌, 카보머, 소듐폴리아크릴로일다이메틸타우레이트, 세테아릴올리베이트, 솔비탄올리베이트, 토코페롤, 마카다미아씨오일, 호호바씨오일, 티트리잎오일, 삼나무잎추출물, 연꽃잎추출물, 효모발효물, 약모밀추출물, 판테놀, 달맞이꽃추출물, 대왕송잎추출물, 칡뿌리추출물, 당느릅나무뿌리추출물, 인도멀구슬나무잎추출물, 인도멀구슬나무꽃추출물, 소듐하이알루로네이트, 하이드록시프로필트라이모늄하이알루로네이트, 하이드롤라이즈드하이알루로닉애씨드, 소듐아세틸레이티드하이알루로네이트, 하이알루로닉애씨드, 소듐하이알루로네이트크로스폴리머, 포타슘하이알루로네이트, 하이드록시에틸셀룰로오스, 다이포타슘글리시리제이트, 폴리글리세릴-6베헤네이트, 다이소듐이디티에이, 트라이데세스-10, 에틸헥실글리세린, 펜틸렌글라이콜, 카프릴릴글라이콜",메디힐,더치 티 밸런싱 크림,28377,,
30ml,,(주)아주화장품 / (주)스킨이데아,"알로에베라잎추출물;글리세린;카프릴릭/카프릭트라이글리세라이드;세테아릴알코올;다이프로필렌글라이콜;정제수;나이아신아마이드;글리세릴스테아레이트;피이지-100스테아레이트;솔비탄스테아레이트;하이드로제네이티드폴리데센;베타인;다이메티콘;마카다미아씨오일(구명칭);포도씨오일;1,2-헥산다이올;카보머;알지닌;부틸렌글라이콜;카프릴릴글라이콜;스타아니스추출물;알란토인;판테놀;토코페릴아세테이트;글리세릴아크릴레이트/아크릴릭애씨드코폴리머;초피나무열매추출물;할미꽃추출물;우스니아추출물;다이소듐이디티에이;아데노신;아시아티코사이드;마데카식애씨드;에델바이스캘러스배양추출물;아시아틱애씨드;프로필렌글라이콜;소듐하이알루로네이트;가지열매추출물;석류추출물;무화과추출물;뽕나무열매추출물;은행추출물;병풀추출물;에틸헥실글리세린;아세틸헥사펩타이드-8;카퍼트라이펩타이드-1;올리고펩타이드-29;올리고펩타이드-32;팔미토일펜타펩타이드-4;향료;제라니올;부틸페닐메틸프로피오날;리날룰;벤질벤조에이트;헥실신남알;리모넨",메디힐,센텔라 메조 크림,24249,,
1000ml,,씨엘피코스메틱 / (주)스킨이데아,"정제수;글리세린;다이프로필렌글라이콜;나이아신아마이드;1,2-헥산다이올;하이드롤라이즈드콜라겐;소듐하이알루로네이트;락토바실러스발효물;부틸렌글라이콜;자일리틸글루코사이드;안하이드로자일리톨;자일리톨;서양배추출물;다마스크장미꽃수;오리스뿌리추출물;멜론추출물;서양송악잎/줄기추출물;카퍼트라이펩타이드-1;아세틸헥사펩타이드-8;팔미토일펜타펩타이드-4;다이펩타이드-2;아세틸옥타펩타이드-3;아세틸테트라펩타이드-5;다이펩타이드다이아미노부티로일벤질아마이드다이아세테이트;감초뿌리추출물;눈빛승마추출물;하수오뿌리추출물;검은깨추출물;진흙버섯추출물;참당귀뿌리추출물;뽕나무껍질추출물;작약추출물;도둑놈의지팡이뿌리추출물;황금추출물;감나무잎추출물;포도추출물;커피콩추출물;잇꽃꽃추출물;호장근뿌리추출물;녹차추출물;밤껍질추출물;초피나무열매추출물;라이신;히스티딘;알지닌;아스파틱애씨드;트레오닌;세린;글루타믹애씨드;프롤린;글라이신;알라닌;발린;메티오닌;아이소류신;류신;타이로신;페닐알라닌;시스테인;아데노신;판테놀;세라마이드엔피;하이드롤라이즈드엘라스틴;아크릴레이트/C10-30알킬아크릴레이트크로스폴리머;다이소듐이디티에이;베타인;카라멜;폴리글리세릴-10미리스테이트;에틸헥실글리세린;하이드록시아세토페논;카프릴릴글라이콜;다이포타슘글리시리제이트;트로메타민",메디힐,(해외) 레드 락토 콜라겐 토너,24148,,
30ml,,(주) 주식회사 뉴앤뉴 / (주)스킨이데아,"정제수;글리세린;카프릴릭/카프릭트라이글리세라이드;세테아릴알코올;다이프로필렌글라이콜;나이아신아마이드;글리세릴스테아레이트;피이지-100스테아레이트;노니열매추출물;베타인;솔비탄스테아레이트;알지닌;카보머;하이드록시아세토페논;다이메티콘;카프릴릴글라이콜;인도멀구슬나무잎추출물;다이포타슘글리시리제이트;밀싹추출물;병풀추출물;인도멀구슬나무꽃추출물;아이비고드열매추출물;에틸헥실글리세린;강황추출물(구명칭);한련초추출물;아데노신;참산호말추출물;홀리바질잎추출물;글리세릴아크릴레이트/아크릴릭애씨드코폴리머;가지열매추출물;다이소듐이디티에이;알란토인;알로에베라꽃추출물;토코페릴아세테이트;판테놀;프로필렌글라이콜;프로판다이올;베타-글루칸;스쿠알란;팔미토일테트라펩타이드-7;팔미토일트라이펩타이드-1;프룩탄;부틸렌글라이콜;소듐하이알루로네이트크로스폴리머;글리세릴폴리메타크릴레이트;소듐하이알루로네이트;하이드롤라이즈드글라이코사미노글리칸;시어버터;1,2-헥산다이올;올리브나무잎추출물;만난;스페인감초뿌리추출물;서양민들레잎추출물;벤질글라이콜;세라마이드엔피;피토스핑고신;하이드롤라이즈드하이알루로닉애씨드;다마스크장미꽃추출물;바위돌꽃뿌리추출물;오레가노잎추출물;팔미토일트라이펩타이드-5;편백잎추출물;흰버드나무껍질추출물;우스니아추출물;초피나무열매추출물;할미꽃추출물;락토바실러스/콩발효추출물;쇠비름추출물;시트릭애씨드;육계나무껍질추출물;황금추출물;라즈베리케톤;하이알루로닉애씨드;아세틸헥사펩타이드-8;카퍼트라이펩타이드-1;올리고펩타이드-29;올리고펩타이드-32;팔미토일올리고펩타이드;팔미토일펜타펩타이드-4;향료;헥실신남알;리모넨;리날룰;시트로넬올",메디힐,시카 안티오 크림,24252,,
50 g,,제품 내 별도표기 / 주식회사 스킨이데아,"정제수, 글리세린, 다이메티콘, 카프릴릭/카프릭트라이글리세라이드, 사이클로펜타실록세인, 1,2-헥산다이올, 세테아릴알코올, 세테아릴올리베이트, 메틸프로판다이올, 솔비탄올리베이트, 사이클로헥사실록세인, 펜타에리스리틸테트라아이소스테아레이트, 카보머, 알지닌, 세테아릴글루코사이드, 글리세릴스테아레이트, 소듐아크릴레이트/소듐아크릴로일다이메틸타우레이트코폴리머, 아이소헥사데칸, 해바라기씨오일, 트레할로오스, 세틸알코올, 잔탄검, 에틸헥실글리세린, 아데노신, 폴리솔베이트80, 소듐하이알루로네이트, 스테아릴알코올, 다이소듐이디티에이, 솔비탄올리에이트, 부틸렌글라이콜, 하이드롤라이즈드엘라스틴, 돌콩오일, 하이드롤라이즈드콜라겐, 요엽후박나무껍질추출물, 미리스틸알코올, 글루코오스, 에탄올, 하이드로제네이티드폴리아이소부텐, 라우릴알코올, 두송열매추출물, 유칼립투스잎추출물, 프로판다이올, 소듐하이알루로네이트크로스폴리머, 프룩탄, 아나토씨오일, 하이드롤라이즈드글라이코사미노글리칸, 벤질글라이콜, 토코페롤, 아스타잔틴, 하이드롤라이즈드하이알루로닉애씨드, 카프릴릴글라이콜, 지모뿌리추출물, 아세틸옥타펩타이드-3(5 ppb), 하이알루로닉애씨드, 팔미토일테트라펩타이드-7(5 ppb), 라즈베리케톤, 팔미토일트라이펩타이드-1(1 ppb), 팔미토일펜타펩타이드-4(1 ppb), 트라이펩타이드-1(1 ppb), 아세틸헥사펩타이드-8(1 ppb), 카퍼트라이펩타이드-1(1 ppb), 헥사펩타이드-9(0.5 ppb), 노나펩타이드-1(0.1 ppb), 피이지-100스테아레이트, 페녹시에탄올, 향료",메디힐,펩타이드9 볼륨 톡스 크림,55165,,
100g,,(주)엔에프씨 / (주)스킨이데아,"세틸에틸헥사노에이트;세틸에틸헥사노에이트, 폴리글리세릴-6다이카프레이트, 폴리글리세릴-2카프레이트, 폴리글리세릴-2세스퀴카프릴레이트, 합성왁스, 비즈왁스, 카프릴릭/카프릭트라이글리세라이드, 실리카다이메틸실릴레이트, 시어버터, 비피다발효용해물(1,000 ppb), 락토코쿠스발효용해물(5,000 ppb), 락토바실러스발효용해물(98 ppm), 하이드롤라이즈드콜라겐(100 ppm), 살구씨오일, 아보카도오일, 포도씨오일, 서양배추출물, 서양송악줄기추출물, 사과추출물, 비치스트로베리추출물, 한련초추출물, 인도멀구슬나무잎추출물, 드럼스틱씨오일, 감나무잎추출물, 포도추출물, 커피콩추출물, 잇꽃꽃추출물, 호장근뿌리추출물, 녹차추출물, 밤껍질추출물, 초피나무열매추출물, 글라이신, 세린, 글루타믹애씨드, 아스파틱애씨드, 류신, 알라닌, 라이신, 알지닌, 타이로신, 페닐알라닌, 트레오닌, 프롤린, 발린, 아이소류신, 대왕송잎추출물, 당느릅나무뿌리추출물, 달맞이꽃추출물, 칡뿌리추출물, 히스티딘, 메티오닌, 시스테인, 하이드로제네이티드레시틴, 폴리글리세릴-10스테아레이트, 소듐하이알루로네이트, 글루코노락톤, 하이드롤라이즈드하이알루로닉애씨드, 하이드롤라이즈드소듐하이알루로네이트, 하이알루로닉애씨드, 하이드록시프로필트라이모늄하이알루로네이트, 포타슘하이알루로네이트, 펜틸렌글라이콜, 소듐하이알루로네이트크로스폴리머, 소듐아세틸레이티드하이알루로네이트, 부틸렌글라이콜, 글리세린, 정제수, 솔비탄세스퀴올리에이트, 1,2-헥산다이올, 카프릴릴글라이콜, 에틸헥실글리세린폴리글리세릴-6다이카프레이트;폴리글리세릴-2카프레이트;폴리글리세릴-2세스퀴카프릴레이트;합성왁스;비즈왁스;카프릴릭/카프릭트라이글리세라이드;실리카다이메틸실릴레이트;시어버터;비피다발효용해물;락토코쿠스발효용해물;락토바실러스발효용해물;하이드롤라이즈드콜라겐;살구씨오일;아보카도오일;포도씨오일;서양배추출물;서양송악줄기추출물;사과추출물;비치스트로베리추출물;한련초추출물;인도멀구슬나무잎추출물;드럼스틱씨오일;감나무잎추출물;포도추출물;커피콩추출물;잇꽃꽃추출물;호장근뿌리추출물;녹차추출물;밤껍질추출물;초피나무열매추출물;글라이신;세린;글루타믹애씨드;아스파틱애씨드;류신;알라닌;라이신;알지닌;타이로신;페닐알라닌;트레오닌;프롤린;발린;아이소류신;대왕송잎추출물;당느릅나무뿌리추출물;달맞이꽃추출물;칡뿌리추출물;히스티딘;메티오닌;시스테인;하이드로제네이티드레시틴;폴리글리세릴-10스테아레이트;소듐하이알루로네이트;글루코노락톤;하이드롤라이즈드하이알루로닉애씨드;하이드롤라이즈드소듐하이알루로네이트;하이알루로닉애씨드;하이드록시프로필트라이모늄하이알루로네이트;포타슘하이알루로네이트;펜틸렌글라이콜;소듐하이알루로네이트크로스폴리머;소듐아세틸레이티드하이알루로네이트;부틸렌글라이콜;글리세린;정제수;솔비탄세스퀴올리에이트;1,2-헥산다이올;카프릴릴글라이콜;에틸헥실글리세린",메디힐,레드 락토 콜라겐 클렌징 밤 투 오일,30606,,
10g,,주식회사 뉴앤뉴 / (주)스킨이데아,"해바라기씨오일, 피토스테릴/이소스테아릴/세틸/스테아릴/베헤닐다이머디리놀리에이트, 폴리글리세릴-2트라이아이소스테아레이트, 비스-다이글리세릴폴리아실아디페이트-2, 다이펜타에리스리틸헥사하이드록시스테아레이트/헥사스테아레이트/헥사로지네이트, 정제수, 폴리아이소부텐, 마이크로크리스탈린왁스, 옥틸도데칸올, 세레신, 합성왁스, 나이아신아마이드, 다이메티콘, 호호바에스터, 토코페릴아세테이트, C10-18트라이글리세라이즈, 해바라기씨왁스, 에틸렌/프로필렌코폴리머, 에틸헥실글리세린, 카프릴릴글라이콜, 한련초추출물, 울금뿌리추출물, 인도멀구슬나무잎추출물, 그린와틀꽃왁스, 폴리글리세린-3, 인도멀구슬나무꽃추출물, 아데노신, 글리세린, 호호바씨오일, 아이비고드열매추출물, 아르간커넬오일, 드럼스틱씨오일, 파파인, 메도우폼씨오일, 하이드로제네이티드폴리아이소부텐, 참산호말추출물, 글리세릴글루코사이드, 인도멀구슬나무껍질추출물, 부틸렌글라이콜, 홀리바질잎추출물, 가지열매추출물, 프로판다이올, 카놀라오일, 불가리스쑥추출물, 포도씨오일, 살구씨오일, 트라넥사믹애씨드, 시어버터, 스쿠알란, 1,2-헥산다이올, 토마토추출물, 퀸즈랜드넛오일, 세라마이드엔피, 피토스핑고신, 소듐하이알루로네이트, 하이드롤라이즈드완두콩단백질, 피토스테롤, 레시틴, 올리브오일, 씨대퍼딜추출물, 하이알루로닉애씨드, 하이드롤라이즈드하이알루로닉애씨드, 하이드롤라이즈드소듐하이알루로네이트, 소듐하이알루로네이트크로스폴리머, 팔미토일테트라펩타이드-7(50 ppb), 지모뿌리추출물, 아세틸헥사펩타이드-8(20 ppb), 카퍼트라이펩타이드-1(20 ppb), 아스코빅애씨드, 바이오틴, 글루타티온, 폴릭애씨드, 팔미토일트라이펩타이드-1(10 ppb), 판테놀, 소듐아세틸레이티드하이알루로네이트, 이노시톨, 하이드록시프로필트라이모늄하이알루로네이트, 올리고펩타이드-29(5 ppb) , 올리고펩타이드-32(5 ppb), 토코페롤, 헥사펩타이드-9(5 ppb), 아세틸옥타펩타이드-3(5 ppb), 팔미토일펜타펩타이드-4(2 ppb), 향료",메디힐,펩타이드9 멜라 스틱,30234,,
50ml,,주식회사 뉴앤뉴 / (주)스킨이데아,"정제수, 사이클로펜타실록세인, 징크옥사이드, 에칠헥실메톡시신나메이트, 아크릴레이트코폴리머, 부틸옥틸살리실레이트, 실리카, 이소아밀p-메톡시신나메이트, 티타늄디옥사이드, 옥토크릴렌, 부틸렌글라이콜, 글리세린, 나이아신아마이드, 세틸피이지/피피지-10/1다이메티콘, 1,2-헥산다이올, 다이메티콘, 피이지-30다이폴리하이드록시스테아레이트, 쿼터늄-18벤토나이트, 마그네슘설페이트, 라우릴피이지-10트리스(트라이메틸실록시)실릴에틸다이메티콘, 솔비탄세스퀴올리에이트, 트라이에톡시카프릴릴실레인, 다이스테아다이모늄헥토라이트, 콘민트오일, 하이드롤라이즈드콜라겐(1,000 ppm), 바추잎잎추출물, 카놀라오일, 에틸헥실글리세린, 다이소듐이디티에이, 다마스크장미꽃수, 아데노신, 락토바실러스발효물(327.5 ppm), 비피다발효여과물, 락토코쿠스발효물(326.5 ppm), 프로판다이올, 자일리틸글루코사이드, 안하이드로자일리톨, 당근씨오일, 자일리톨, 감나무잎추출물, 포도추출물, 커피콩추출물, 잇꽃꽃추출물, 호장근뿌리추출물, 밤껍질추출물, 녹차추출물, 초피나무열매추출물, 당근추출물, 토코페릴아세테이트, 베타-카로틴, 해바라기씨오일, 글루코오스, 글라이신, 소듐하이알루로네이트, 세린, 글루타믹애씨드, 펜타에리스리틸테트라-다이-t-부틸하이드록시하이드로신나메이트, 하이드롤라이즈드엘라스틴, 아스파틱애씨드, 류신, 하이드롤라이즈드완두콩단백질, 알라닌, 라이신, 피토스테롤, 알지닌, 타이로신, 페닐알라닌, 올리브오일, 프롤린, 두날리엘라 살리나추출물, 레시틴, 발린, 스쿠알란, 트레오닌, 아이소류신, 대왕송잎추출물, 달맞이꽃추출물, 칡뿌리추출물, 당느릅나무뿌리추출물, 히스티딘, 시스테인, 메티오닌, 뽕나무껍질추출물, 하이드롤라이즈드하이알루로닉애씨드, 검은깨추출물, 황금추출물, 작약뿌리추출물, 진흙버섯추출물, 하수오뿌리추출물, 스페인감초뿌리추출물, 참당귀뿌리추출물, 라케모사승마뿌리추출물, 도둑놈의지팡이뿌리추출물, 세라마이드3, 시어버터, 소듐아세틸레이티드하이알루로네이트",메디힐,레드 락토 콜라겐 선크림 [SPF50+/PA++++],27899,,
155ml,,(주) 주식회사 뉴앤뉴 / (주)스킨이데아,"돌콩오일;솔베스-30테트라올리에이트;카프릴릭/카프릭트라이글리세라이드;호호바씨오일;올리브오일;칸디다 봄비콜라/글루코오스/메틸레이프씨데이트발효물;콘민트오일;살구씨오일;토코페릴아세테이트;달맞이꽃오일;바추잎잎추출물;쌀배아오일;다마스크장미꽃수;포도씨오일;메도우폼씨오일;아르간커넬오일;병풀잎추출물;녹차추출물;치자추출물;오미자추출물;울금뿌리추출물;지치뿌리추출물;해바라기씨오일;안디로바씨오일;정제수;락토바실러스발효물;부틸렌글라이콜;자일리틸글루코사이드;안하이드로자일리톨;자일리톨;감나무잎추출물;포도추출물;1,2-헥산다이올;커피콩추출물;잇꽃꽃추출물;호장근뿌리추출물;초피나무열매추출물;밤껍질추출물;글루코오스;글라이신;세린;글루타믹애씨드;아스파틱애씨드;류신;알라닌;라이신;알지닌;타이로신;페닐알라닌;프롤린;발린;트레오닌;아이소류신;대왕송잎추출물;당느릅나무뿌리추출물;칡뿌리추출물;달맞이꽃추출물;히스티딘;메티오닌;시스테인;에틸헥실글리세린;하이드롤라이즈드콜라겐",메디힐,레드 락토 콜라겐 클렌징 오일,24256,,
50ml,,주식회사 스킨앤스킨 / (주)스킨이데아,"콜라겐추출물;정제수;스위트아몬드오일;세틸에틸헥사노에이트;폴리글리세릴-2다이폴리하이드록시스테아레이트;카프릴릭/카프릭트라이글리세라이드;폴리글리세릴-4아이소스테아레이트;폴리글리세릴-4다이아이소스테아레이트/폴리하이드록시스테아레이트/세바케이트;비스-다이글리세릴폴리아실아디페이트-2;프로판다이올;글리세린;나이아신아마이드;부틸렌글라이콜;1,2-헥산다이올;실리카;마그네슘설페이트;하이드록시아세토페논;트라넥사믹애씨드;글루코노락톤;에틸헥실글리세린;베르가모트오일;아데노신;하이드롤라이즈드옥수수전분;수크로오스;삼씨오일;락토바이오닉애씨드;말토바이오닉애씨드;마그네슘피씨에이;카퍼트라이펩타이드-1;세린;글라이신;칼슘클로라이드;씨솔트;알라닌;마그네슘클로라이드;트레오닌;히스티딘;아스파틱애씨드;발린;프롤린;다이포타슘포스페이트;라이신;류신;타이로신;아이소류신;마그네슘시트레이트;글루코사민에이치씨엘;페닐알라닌;글루타믹애씨드;알지닌;1-메틸하이단토인-2-이미드;아스파라진;시트룰린;메티오닌;타우린;트립토판;포믹애씨드;글루타민;시스테인;리날룰;리모넨",메디힐,블랑 톡스 앰플,24254,,
180ml,,(주)코스온 / (주)스킨이데아,"정제수;글리세린;부탄;스테아릭애씨드;티타늄다이옥사이드;프로판;부틸렌글라이콜;팔미틱애씨드;포타슘하이드록사이드;하이드록시에틸셀룰로오스;포타슘벤조에이트;프로판다이올;자작나무수액;락토바이오닉애씨드;동백나무꽃추출물;메틸프로판다이올;우유단백질추출물;다이소듐이디티에이;녹차추출물;에우파토리아짚신나물추출물;오레가노잎추출물;편백잎추출물;흰버드나무껍질추출물;에탄올;1,2-헥산다이올;하이드로제네이티드레시틴;다이포타슘글리시리제이트;락토바실러스/콩발효추출물;쇠비름추출물;육계나무껍질추출물;소엽잎추출물;황금추출물;폴리글리세릴-10스테아레이트;비누풀추출물;분홍바늘꽃꽃/잎/줄기추출물;판테놀;소듐하이알루로네이트크로스폴리머;소시지트리열매추출물;하이드롤라이즈드글라이코사미노글리칸;낫토검;락토바실러스/부레옥잠발효물;소엽맥문동뿌리추출물;소듐아스코빌포스페이트;소듐하이알루로네이트;국화추출물;벤질글라이콜;에틸헥실글리세린;나이아신아마이드;하이드롤라이즈드하이알루로닉애씨드;폴릭애씨드;바이오틴;피리독신;토코페롤;하이알루로닉애씨드;사이아노코발아민;라즈베리케톤;리놀레익애씨드;티아민에이치씨엘;베타-카로틴;리보플라빈;이노시톨;향료",메디힐,생크림 트리플 필,24253,,
300ml,,나드리화장품㈜ / ㈜티엘비코리아,"정제수;비니거;글리세린;부틸렌글라이콜;1,2-헥산다이올;판테놀;알란토인;하이드롤라이즈드알진;시트릭애씨드;글루코노락톤;소듐하이알루로네이트;소듐시트레이트;살리실릭애씨드;잔탄검;징크설페이트;에탄올;에틸헥실글리세린;카프릴릴글라이콜;다이소듐이디티에이",셀트리온스킨큐어,애플 식초 토너,28331,,
상품상세참조,,상품상세참조,"정제수;글리세린;부틸렌글라이콜;카프릴릭/카프릭트라이글리세라이드;1,2-헥산다이올;카보머;알지닌;아크릴레이트/C10-30알킬아크릴레이트크로스폴리머;암모늄폴리아크릴로일다이메틸타우레이트;에틸헥실글리세린;잔탄검;하이드록시에틸아크릴레이트/소듐아크릴로일다이메틸타우레이트코폴리머;다이소듐이디티에이;알란토인;판테놀;솔비탄아이소스테아레이트;병풀추출물;알바수련꽃추출물;다이프로필렌글라이콜;소듐하이알루로네이트;사이클로덱스트린;마데카소사이드;보검선인장줄기추출물",싸이닉,더 심플 릴리프 수분크림,78470,,
30ml,,(주)코스메카코리아,"정제수;부틸렌글라이콜;1,2-헥산다이올;병풀추출물;병풀잎추출물;마데카소사이드;에틸헥실글리세린;아시아티코사이드;토코페롤;마데카식애씨드;아시아틱애씨드;잔탄검",싸이닉,스킨 릴리프 앰플 [마데카소사이드],34454,,
상품상세참조,,상품상세참조,"정제수;프로판다이올;펜틸렌글라이콜;병풀추출물;나이아신아마이드;무화과추출물;쇠비름추출물;조류추출물;한련초잎추출물;로즈마리잎추출물;마트리카리아꽃추출물;프랑스해안송껍질추출물;하이드로제네이티드레시틴;오렌지오일;필리핀오렌지껍질오일;리씨열매오일;올리브오일;C12-14파레스-12;옥틸도데세스-16;소듐시트레이트;시트릭애씨드;아데노신;프룩토올리고사카라이드;판테놀;베타-글루칸;세라마이드엔피;하이드롤라이즈드하이알루로닉애씨드;부틸렌글라이콜;마데카소사이드;솔비탄라우레이트;풀러린;하이드록시에틸셀룰로오스;아세틸다이펩타이드-1세틸에스터;아세틸헥사펩타이드-8;마데카식애씨드;아시아티코사이드;아시아틱애씨드;아스타잔틴;에틸헥실글리세린;1,2-헥산다이올;카프릴릴글라이콜",싸이닉,시카노이드 토너,39155,,
40ml,,다비드화장품/(주)자연인,"정제수;글리세린;에탄올;카프릴릭/카프릭트라이글리세라이드;베타인;마카다미아씨오일;세테아릴알코올;글리세릴스테아레이트;흰버드나무껍질추출물;고삼뿌리추출물;비타민나무열매추출물;약모밀추출물;다마스크장미꽃수;레몬향티트리오일;소듐하이알루로네이트;잔탄검;알란토인;서양송악추출물;신선초추출물;바오밥나무잎추출물;밤껍질추출물;병풀추출물;알지닌;카보머;포트마리골드꽃추출물;부틸렌글라이콜;1,2-헥산다이올;솔비탄스테아레이트;황금추출물;모란뿌리추출물;스페인감초뿌리추출물;시트랄",아이소이,아크니 닥터 1st 컨트롤 세럼,32979,,
125ml,,다비드화장품/(주)자연인,"정제수, 글리세린, 소듐코코일글라이시네이트, 소듐라우로일글루타메이트, 라우릴베타인, 다마스크장미꽃수, 하이드록시프로필스타치포스페이트, 코코넛애씨드, 카올린, 나이아신아마이드, 잔탄검, 판테놀, 다마스크장미꽃오일, 팔마로사오일, 베르가모트오일, 소듐디엔에이, 다마스크장미꽃추출물, 포트마리골드꽃추출물, 편백잎추출물, 프로판다이올, 부틸렌글라이콜, 1,2-헥산다이올, 소듐클로라이드, 사이아노코발아민, 시트릭애씨드, 제라니올※, 리모넨※, 리날룰※, 시트랄※ ※식물유래 에센셜오일 자체에 원래 포함된 성분",아이소이,브라이트닝 팩 클렌징 폼,75938,,
75ml,,다비드화장품/(주)자연인,"정제수, 글리세린, 팔미틱애씨드, 스테아릭애씨드, 라우릭애씨드, 포타슘하이드록사이드, 미리스틱애씨드, 카올린, 솔비탄올리베이트, 숯가루, 약모밀추출물, 신선초추출물, 밤껍질추출물, 흰버드나무껍질추출물, 병풀추출물, 알란토인, 판테놀, 베르가모트오일, 레몬향티트리오일, 포트마리골드꽃추출물, 부틸렌글라이콜, 1,2-헥산다이올, 황금추출물, 모란뿌리추출물, 스페인감초뿌리추출물, 리모넨※, 리날룰※ ※자연유래 에센셜 오일에 원래 포함된 성분입니다",아이소이,아크니 닥터 1st 블랙 딥 클렌징 폼,48386,,
110g(60매),,다비드화장품/(주)자연인,"정제수, 글리세린, 베타인, 에탄올, 판테놀, 고삼뿌리추출물, 비타민나무열매추출물, 약모밀추출물, 병풀추출물, 밤껍질추출물, 흰버드나무껍질추출물, 다마스크장미꽃수, 레몬향티트리오일, 락토바실러스/콩발효추출물, 육계나무껍질추출물, 오레가노잎추출물, 편백잎추출물, 쇠비름추출물, 잔탄검, 부틸렌글라이콜, 1,2-헥산다이올, 포트마리골드꽃추출물, 황금추출물, 모란뿌리추출물, 스페인감초뿌리추출물, 시트랄*, 시트로넬올* (*자연유래 에센셜 오일에 원래 포함된 성분입니다.)",아이소이,아크니 닥터 1st 스피디 스팟 패드,28226,,
70ml,,다비드화장품/㈜자연인,"정제수, 글리세린, 다마스크장미꽃수, 카프릴릭/카프릭트라이글리세라이드, 세틸에틸헥사노에이트, 마카다미아씨오일, 베타인, 트레할로오스, 아라키딜알코올, 베헤닐알코올, 아라키딜글루코사이드, 세테아릴알코올, 다마스크장미꽃왁스, 아르간커넬오일, 호호바씨오일, 올리브오일, 알란토인, 판테놀, 소듐하이알루로네이트, 알지닌, 카보머, 로즈마리추출물, 니아울리나무잎오일, 마트리카리아꽃/잎추출물, 병풀추출물, 잔탄검, 귀리가루추출물, 락토바실러스/콩발효추출물, 참마뿌리추출물, 흰목이버섯추출물, 부틸렌글라이콜, 1,2-헥산다이올, 차가버섯추출물, 바오밥나무잎추출물, 서양송악추출물, 황금추출물, 모란뿌리추출물, 스페인감초뿌리추출물",아이소이,모이스춰라이Zip 크림 앰플,21962,,
23ml*10매,,(주)씨엔에프/(주)자연인,"정제수, 콜라겐수(200,000ppm), 부틸렌글라이콜, 글리세린, 나이아신아마이드, 1,2-헥산다이올, 글리세릴글루코사이드, 트레할로오스, 알지닌, 카보머, 판테놀, 에틸헥실글리세린, 글루코노락톤, 폴리글리세릴-10라우레이트, 잔탄검, 아데노신, 딸기추출물(300ppm), 하이드롤라이즈드하이알루로닉애씨드(100ppm), 프로필렌글라이콜, 바이오사카라이드검-1, 시트릭애씨드, 사이아노코발아민, 소듐하이알루로네이트크로스폴리머, 수용성콜라겐, 소듐하이알루로네이트, 콜라겐추출물, 하이드롤라이즈드콜라겐, 하이드록시프로필트라이모늄하이알루로네이트, 글루코오스,만노오스, 소듐아세틸레이티드하이알루로네이트, 데사미도콜라겐, 프로콜라겐, 하이알루로닉애씨드, 아텔로콜라겐, 하이드롤라이즈드소듐하이알루로네이트, 포타슘하이알루로네이트",아이소이,히알눈꽃딸기 젤리 마스크,77229,,
230g 60매,,다비드화장품/㈜자연인,"정제수;글리세린;라우릴글루코사이드;베타인;포도추출물;오렌지추출물;사과추출물;레몬추출물;라임추출물;소듐하이알루로네이트크로스폴리머;하이드롤라이즈드글라이코사미노글리칸;소듐하이알루로네이트;판테놀;소듐메틸코코일타우레이트;소듐클로라이드;글루코노락톤;아사이팜열매추출물;로우스위트블루베리추출물;인디안구스베리열매추출물;크랜베리추출물;하이드롤라이즈드하이알루로닉애씨드;하이알루로닉애씨드;밤껍질추출물;흰버드나무껍질추출물;병풀추출물;잔탄검;알지닌;부틸렌글라이콜;프로판다이올;1,2-헥산다이올;베르가모트오일;포트마리골드꽃추출물;황금추출물;모란뿌리추출물;스페인감초뿌리추출물;리모넨",아이소이,파하 마일드 올 클렌징 패드,34202,,
50ml,,다비드화장품/(주)자연인,"정제수, 글리세린, 시어버터, 세틸에틸헥사노에이트, 펜타에리스리틸테트라아이소스테아레이트, 마카다미아씨오일, 세테아릴알코올, 카프릴릭/카프릭트라이글리세라이드, 메도우폼씨오일, 칸데릴라왁스, 카카오씨버터, 알부틴, 아라키딜알코올, 비즈왁스, 베헤닐알코올, 아라키딜글루코사이드, 다마스크장미꽃오일(불가리아 공인), 아르간커넬오일, 판테놀, 알란토인, 라즈베리추출물, 포트마리골드꽃추출물, 아사이팜열매추출물, 로우스위트블루베리추출물, 인디안구스베리열매추출물, 크랜베리추출물, 바오밥나무잎추출물, 잔탄검, 아데노신, 로즈마리추출물, 니아울리나무잎오일, 마트리카리아꽃/잎추출물, 병풀추출물, 스페인감초뿌리추출물, 붉나무충영추출물, 올리브나무잎추출물, 감국꽃추출물, 회화나무싹추출물, 꿀풀잎추출물, 부틸렌글라이콜, 1,2-헥산다이올, 밤껍질추출물, 아세로라추출물, 몰로키아잎추출물, 브로콜리추출물, 황금추출물, 모란뿌리추출물, 알지닌, 팔미토일트라이펩타이드-5, 시트로네올, 제라니올, 파네솔, 유제놀, 리날룰",아이소이,인텐시브 에너자이징 리페어링 밤,44521,,
22ml*10매,,다비드화장품/(주)자연인,"정제수, 글리세린, 베타인, 에탄올(식물발효), 판테놀, 소듐하이알루로네이트, 하이알루로닉애씨드, 하이드롤라이즈드하이알루로닉애씨드, 소듐하이알루로네이트크로스폴리머, 하이드롤라이즈드글라이코사미노글리칸, 티트리잎추출물, 약모밀(어성초)추출물, 쇠비름추출물, 흰버드나무껍질추출물, 오레가노잎추출물, 편백잎추출물, 락토바실러스/콩발효추출물, 육계나무껍질추출물, 마카다미아씨오일, 피토스핑고신, 세라마이드엔피, 잔탄검, 부틸렌글라이콜, 1,2-헥산다이올, 프로판다이올, 포트마리골드꽃추출물, 자몽껍질오일, 황금추출물, 모란뿌리추출물, 스페인감초뿌리추출물, 하이드로제네이티드레시틴, 리모넨※ (※자연유래 에센셜 오일 자체에 원래 포함된 성분)",아이소이,모이스춰 닥터 마스크,44071,,
150ml,,다비드화장품/(주)자연인,정제수;소듐메틸코코일타우레이트;다이소듐코코암포다이아세테이트;다마스크장미꽃수;글리세린;소듐하이알루로네이트;락토바실러스/콩발효추출물;흰목이버섯추출물;참마뿌리추출물;다마스크장미꽃오일;판테놀;셀러리추출물;쌀추출물;양배추잎추출물(구명칭);순무잎추출물;토마토추출물;당근추출물;브로콜리추출물;밤껍질추출물;흰버드나무껍질추출물;병풀추출물;녹차추출물;약모밀추출물;소엽잎추출물;시트릭애씨드;황금추출물;모란뿌리추출물;스페인감초뿌리추출물,아이소이,마일드 버블 클렌저,27664,,
9매*1ea(외경14mm/내경8mm),,㈜스몰랩/㈜자연인,"소듐하이알루로네이트;셀룰로오스검;부틸렌글라이콜;글리세린;트레할로오스;프로판다이올;병풀추출물;티트리잎오일;비타민나무열매추출물;약모밀추출물;밤껍질추출물;고삼뿌리추출물;흰버드나무껍질추출물;갈대뿌리줄기추출물;털민들레추출물;동백나무잎추출물;산수유열매추출물;연꽃잎추출물;1,2-헥산다이올;카프릴릴글라이콜;에틸헥실글리세린",아이소이,아크니 닥터 1st 스피디 마이크로샷 패치,33300,,
120g,,(주)부강코스메틱/(주)자연인,"소듐코코일이세티오네이트, 옥수수전분, 정제수, 말토덱스트린, 올리브오일, 글리세린, 코코넛애씨드, 코코-글루코사이드, 소듐이세티오네이트, 녹차가루, 글루코노락톤, 덱스트린, 치자추출물, 녹차추출물, 약모밀추출물, 소엽잎추출물, 쇠비름추출물, 병풀추출물, 티트리잎추출물, 아르간커넬오일, 멘톨, 티트리잎오일, 콘민트오일, 리모넨※ ※자연유래 에센셜 오일에 원래 포함된 성분입니다",아이소이,아크니 닥터 1st 솔루션 샴푸바,49718,,
80ml,,다비드화장품/㈜자연인,"정제수, 글리세린, 코코넛야자열매즙, 코코넛야자열매수, 베타인, 트레할로오스, 소듐하이알루로네이트, 베타-글루칸, 잔탄검, 브로콜리싹추출물, 다시마추출물, 퉁퉁마디추출물, 모자반추출물, 겔리듐 카르틸라기네움추출물, 로즈마리추출물, 니아울리나무잎오일, 마트리리아꽃/잎추출물, 병풀추출물, 포트마리골드꽃추출물, 베르가모트오일, 락토바실러스/콩발효추출물, 흰버드나무껍질추출물, 육계나무껍질추출물, 오레가노잎추출물, 편백잎추출물, 황금추출물, 쇠비름추출물, 창포뿌리추출물, 검정콩추출물, 검은깨추출물, 녹차추출물, 알지닌, 알란토인, 판테놀, 카보머, 부틸렌글라이콜, 1,2-헥산다이올, 모란뿌리추출물, 스페인감초뿌리추출물, 리모넨, 리날룰, 시트랄",아이소이,센시티브 하이드로 수딩 젤,78198,,
패드 150g(60매),,(주)씨엔에프/(주)자연인,"정제수, 콜라겐수(100,000ppm), 부틸렌글라이콜, 글리세린, 나이아신아마이드, 1,2-헥산다이올, 글리세릴글루코사이드, 트레할로오스, 판테놀, 잔탄검, 에틸헥실글리세린, 글루코노락톤, 폴리글리세릴-10라우레이트, 알지닌, 아데노신, 딸기추출물(300ppm), 카보머, 하이드롤라이즈드하이알루로닉애씨드(100ppm), 프로필렌글라이콜, 시트릭애씨드, 사이아노코발아민, 소듐하이알루로네이트크로스폴리머, 수용성콜라겐, 소듐하이알루로네이트, 콜라겐추출물, 하이드롤라이즈드콜라겐, 하이드록시프로필트라이모늄하이알루로네이트, 글루코오스, 만노오스, 소듐아세틸레이티드하이알루로네이트, 데사미도콜라겐, 프로콜라겐, 하이알루로닉애씨드, 아텔로콜라겐, 하이드롤라이즈드소듐하이알루로네이트, 포타슘하이알루로네이트",아이소이,히알눈꽃딸기 젤리 패드,77230,,
100ml,,다비드화장품/㈜자연인,"정제수, 다마스크장미꽃수, 나이아신아마이드, 콜라겐수, 글리세린, 부틸렌글라이콜, 베타인, 다마스크장미꽃오일, 소듐디엔에이, 다마스크장미꽃추출물, 소듐하이알루로네이트, 판테놀, 알란토인, 글루타티온, 포트마리골드꽃추출물, 1,2-헥산다이올, 황금추출물, 모란뿌리추출물, 스페인감초뿌리추출물, 시트로넬올※ ※식물유래 에센셜오일 자체에 원래 포함된 성분",아이소이,브라이트닝 미스트,77848,,
10g,,다비드화장품/(주)자연인,피마자씨오일;호호바씨오일;메도우폼씨오일;비즈왁스;시어버터;칸데릴라왁스;카나우바왁스;글리세린;레시틴;아데노신;알파-비사보롤;다마스크장미꽃오일;스위트아몬드오일;잇꽃씨오일;퀸즈랜드넛오일;아르간커넬오일;참마뿌리추출물;흰목이버섯추출물;부틸렌글라이콜;정제수,아이소이,인텐시브 에너자이징 멀티밤,32976,,
170g(60매),,다비드화장품/(주)자연인,"정제수;다마스크장미꽃수;글리세린;베타인;에탄올;탄산수;대왕송잎추출물;당느릅나무뿌리추출물;달맞이꽃추출물;칡뿌리추출물;락토바이오닉애씨드;포도추출물;오렌지추출물;사과추출물;레몬추출물;라임추출물;판테놀;숯추출물;잔탄검;아데노신;밤껍질추출물;병풀추출물;부틸렌글라이콜;1,2-헥산다이올;황금추출물;모란뿌리추출물;스페인감초뿌리추출물",아이소이,포어 타이트닝 안티 세범 패드,26947,,
23ml*4매,,다비드화장품/(주)자연인,"정제수, 글리세린, 베타인, 마카다미아씨오일, 알부틴, 메도우폼씨오일, 트레할로오스, 스테아릭애씨드, 올리브오일, 호호바씨오일, 동백나무씨오일, 아르간커넬오일, 아라키딜알코올, 베헤닐알코올, 아라키딜글루코사이드, 다마스크장미꽃오일, 알란토인, 판테놀, 라벤더오일, 잔탄검, 아데노신, 로즈마리추출물, 니아울리나무잎오일, 마트리카리아꽃/잎추출물, 병풀추출물, 스페인감초뿌리추출물, 붉나무충영추출물, 올리브나무잎추출물, 감국꽃추출물, 회화나무싹추출물, 꿀풀잎추출물, 밤껍질추출물, 아세로라추출물, 몰로키아잎추출물, 브로콜리추출물, 부틸렌글라이콜, 1,2헥산다이올, 황금추출물, 모란뿌리추출물, 황련뿌리추출물, 포트마리골드꽃추출물, 팔미토일트라이펩타이드-5, 리날룰",아이소이,불가리안 로즈 인텐시브 에너자이징 크림 마스크,48230,,
200ml,,다비드화장품/㈜시카고코스메틱,"정제수;글리세린;라우릴글루코사이드;소듐메틸코코일타우레이트;라우릴베타인;소듐클로라이드;세리신;벌사상자열매추출물;겨우살이추출물;편백잎추출물;판테놀;베르가모트오일;시트릭애씨드;밤껍질추출물;흰버드나무껍질추출물;병풀추출물;부틸렌글라이콜;1,2-헥산다이올;황금추출물;모란뿌리추출물;스페인감초뿌리추출물;리모넨",아이소이,시카 클리어링 버블 클렌저,27086,,
10g,,다비드화장품/㈜시카고코스메틱,"글리세린;마카다미아씨오일(구명칭);올리브오일;정제수;카프릴릭/카프릭트라이글리세라이드;아라키딜알코올;아르간커넬오일;세리신;벌사상자열매추출물;겨우살이추출물;베헤닐알코올;아라키딜글루코사이드;호호바씨오일;칸데릴라왁스;편백잎추출물;병풀추출물;판테놀;카보머;알지닌;자몽껍질오일;부틸렌글라이콜;1,2-헥산다이올;밤껍질추출물;흰버드나무껍질추출물;황금추출물;모란뿌리추출물;스페인감초뿌리추출물;토코페롤;인도멀구슬나무잎추출물;인도멀구슬나무꽃추출물;리모넨",아이소이,시카 립밤,27085,,
50ml,,제조업자 : 한국콜마㈜제조판매업자 : ㈜네오팜,"정제수, 징크옥사이드, 사이클로헥사실록세인, 부틸옥틸살리실레이트, 프로판다이올, 프로필헵틸카프릴레이트, 카프릴릴메티콘, 메틸트라이메티콘, 폴리글리세릴-3폴리다이메틸실록시에틸다이메티콘, 나이아신아마이드, 트라이메틸실록시실리케이트, 병풀추출물(30 ppb), 다이스테아다이모늄헥토라이트, 마그네슘설페이트, 트라이에톡시카프릴릴실레인, 1, 2-헥산다이올, 폴리글리세릴-2다이폴리하이드록시스테아레이트, 폴리메틸실세스퀴옥세인, 라우릴폴리글리세릴-3폴리다이메틸실록시에틸다이메티콘, 글리세릴카프릴레이트, 카프릴릴글라이콜, 다이카프릴릴카보네이트, 에틸헥실글리세린, 마이카, 아데노신, 토코페롤, 부틸렌글라이콜, 레시틴, 다이포타슘글리시리제이트, 미리스토일/팔미토일옥소스테아라마이드/아라카마이드엠이에이, 아시아티코사이드(0.4 ppb), 마데카식애씨드(0.3 ppb), 아시아틱애씨드(0.3 ppb), 알지닌, 크로뮴옥사이드그린",아토팜 리얼 베리어(네오팜),시카 그린 톤업 선크림 [SPF50+/PA++++],78355,,
150ML,,㈜네오팜,"정제수, 글리세린, 프로판다이올, 카프릴릭/카프릭트라이글리세라이드, 솔비탄스테아레이트, 펜타에리스리틸스테아레이트/카프레이트/카프릴레이트/아디페이트, 글리세릴스테아레이트, 미리스토일/팔미토일옥소스테아라마이드/아라카마이드엠이에이, 부틸렌글라이콜, 다이메티콘, 토코페롤, 카보머, 알지닌, 알란토인, 잇꽃씨오일, 판테놀, 솔비탄라우레이트, 해바라기씨오일, 소듐하이알루로네이트, 하이드록시에틸셀룰로오스, 아세틸다이펩타이드-1세틸에스터, 광곽향오일, 살비아오일, 소두구씨오일, 다이하이드록시아이소프로필팔모일팜아마이드, 마데카소사이드, 비스-카프릴로일옥시팔미타미도아이소프로판올, 스테아릭애씨드, 엑토인, 피토스테롤, 캐모마일꽃오일, 콘민트오일, 자일리틸글루코사이드, 안하이드로자일리톨, 멕시칸주니퍼오일, 자일리톨, 글루코오스, 아세틸헵타펩타이드-4, 1,2-헥산다이올, 카프릴릴글라이콜",아토팜 리얼 베리어(네오팜),익스트림 로션,78398,,
50ml+50ml,,네오팜/네오팜,"정제수, 부틸렌글라이콜, 글리세린, 다이프로필렌글라이콜, 프로판다이올, 1, 2-헥산다이올, 하이드록시에틸우레아, 메틸글루세스-20, 하이드록시아세토페논, 알지닌, 카보머, 하이드롤라이즈드하이알루로닉애씨드(2,000 ppm), 알란토인, 판테놀, 소듐하이알루로네이트(430 ppm), 글리세릴아크릴레이트/아크릴릭애씨드코폴리머, 베타-글루칸, 엑토인, 리놀레익애씨드, 미리스토일/팔미토일옥소스테아라마이드/아라카마이드엠이에이, 피토스테롤, 스쿠알란, 약모밀추출물, 글라이신, 글루타믹애씨드, 소듐디엔에이",아토팜 리얼 베리어(네오팜),워터리 히알 세럼,73424,,
70ml+30ml,,㈜네오팜/㈜네오팜,"정제수, 메틸프로판다이올, 판테놀, 사이클로펜타실록세인, 카프릴릭/카프릭트라이글리세라이드, 미리스토일/팔미토일옥소스테 아라마이드/아라카마이드엠이에이, 솔비탄스테아레이트, 하이드록시에틸우레아, 식물성스쿠알란, 세테아릴알코올, 글리세릴스테아레이트시트레이트, 1,2-헥산다이올, 글리세린, 카놀라오일, 소듐아크릴릭애씨드/엠에이코폴리머, 카프릴릴글라이콜, 알지닌, 카보머, 알란토인, 토코페롤, 부틸렌글라이콜, 잔탄검, 겨우살이열매추출물, 다이하이드록시아이소프로필팔모일팜아마이드, 피토스테롤, 피마자씨오일, 엑토인, 프로판다이올, 소듐하이알루로네이트, 소듐하이알루로네이트크로스폴리머, 하이드롤라이즈드글라이코사미노글리칸, 연필향나무오일, 로즈마리잎오일, 세라마이드엔피, 마데카소사이드, 발삼코파이바수지, 하이드롤라이즈드하이알루로닉애씨드, 벤질글라이콜, 유칼립투스잎오일, 하이드록시프로필트라이모늄하이알루로네이트, 광곽향오일, 리놀레익애씨드, 베타-글루칸, 소듐아세틸레이티드하이알루로네이트, 향기제비꽃잎추출물, 라벤더오일, 일랑일랑꽃오일, 불 가 리스쑥오일, 캐모마일꽃오일, 에틸헥실글리세린",아토팜 리얼 베리어(네오팜),포곤콜라보 익스트림 크림 라이트,74067,,
50ML,,네오팜,"정제수, 프로판다이올, 부틸렌글라이콜, 나이아신아마이드, 글리세린, 트라이에틸시트레이트, 1,2-헥산다이올, 병풀추출물(1,100 ppm), 아시아티코사이드(20 ppm), 아시아틱애씨드(15 ppm), 마데카식애씨드(15 ppm), 마데카소사이드(100 ppm), 비타민나무열매추출물, 알란토인, 잔탄검, 레시틴, 암모늄아크릴로일다이메틸타우레이트/브이피코폴리머, 다이포타슘글리시리제이트, 미리스토일/팔미토일옥소스테아라마이드/아라카마이드엠이에이, 아데노신, 알지닌, 소듐시트레이트, 하이드록시아세토페논",아토팜 리얼 베리어(네오팜),시카릴리프Rx 페이드인 세럼,78348,,
70ml+30ml,,㈜네오팜/㈜네오팜,"정제수, 부틸렌글라이콜, 카프릴릭/카프릭트라이글리세라이드, 글리세린, 세테아릴알코올, 프로판다이올, 판테놀, 미리스토일/팔미토일옥소스테아라마이드/아라카마이드엠이에이, 글리세릴스테아레이트, 폴리글리세릴-10다이스테아레이트,다이메티콘, 솔비탄스테아레이트, 겨우살이열매추출물, 1, 2-헥산다이올, 메도우폼씨오일, 올리브오일, 하이드로제네이티드식물성오일, 자일리틸글루코사이드, 안하이드로자일리톨, 자일리톨, 글루코오스, 토코페릴아세테이트, 피토스테롤, 포스포리피드, 다이하이드록시아이소프로필팔모일팜아마이드, 비스-카프릴로일옥시팔미타미도아이소프로판올, 알란토인, 아세틸헵타펩타이드-4, 해바라기씨오일, 살비아오일, 광곽향오일, 소두구씨오일, 콘민트오일, 캐모마일꽃오일,멕시칸주니퍼오일, 바이오사카라이드검-1, 소듐하이알루로네이트, 아세틸다이펩타이드-1세틸에스터, 마데카소사이드, 스테아릭애씨드, 카보머, 카프릴릴글라이콜, 솔비탄라우레이트, 하이드록시에틸셀룰로오스, 소듐레불리네이트, 글리세릴카프릴레이트, p-아니식애씨드",아토팜 리얼 베리어(네오팜),포곤콜라보 익스트림 크림,74068,,
75ml,,㈜네오팜,"정제수, 프로판다이올, 아이소헥사데칸, 카프릴릭/카프릭트라이글리세라이드, 글리세린, 아이소도데케인, 1,2-헥산다이올, 캐모마일꽃추출물, 알지닌, 폴리글리세린-3, 판테놀, 다이메티콘, 블루탄지꽃오일, 카보머, C13-15알케인, 카프릴릴글라이콜, 글리세릴글루코사이드, 에리스리톨 , 아크릴레이트/C10-30알킬아크릴레이트크로스폴리머, 글리세릴아크릴레이트/아크릴릭애씨드코폴리머, 아줄렌, 베르가모트오일, 마스티키나백리향꽃오일, 펜틸렌글라이콜, 리씨열매오일, 잔탄검, 스클레로튬검, 소듐파이테이트, 소듐하이알루로네이트, 자일리톨, 소듐하이알루로네이트크로스폴리머, 하이드롤라이즈드하이알루로닉애씨드, 인도멀구슬나무잎추출물, 인도멀구슬나무꽃추출물, 하이알루로닉애씨드, 하이드록시프로필트라이모늄하이알루로네이트, 소듐아세틸레이티드하이알루로네이트, 아이비고드열매추출물, 베타-글루칸, 미리스토일/팔미토일옥소스테아라마이드/아라카마이드엠이에이 , 피토스테롤, 리놀레익애씨드, 가지열매추출물, 알로에 베라꽃추출물, 하이드롤라이즈드소듐하이알루로네이트, 홀리바질잎추출물, 참산호말추출물, 울금뿌리추출물, 시트랄, 리날룰, 리모넨",아토팜 리얼 베리어(네오팜),아쿠아 수딩 크림,78375,,
21g,,제조업자: 한국콜마㈜책임판매업자: ㈜네오팜,"정제수, 코코-카프릴레이트/카프레이트, 다이부틸아디페이트, 합성왁스, 부틸옥틸살리실레이트, 비닐다이메티콘/메티콘실세스퀴옥세인크로스폴리머, 디에칠아미노하이드록시벤조일헥실벤조에이트, 다이에틸헥실2,6-나프탈레이트, 다이프로필렌글라이콜, 에칠헥실트리아존, 오조케라이트, 나이아신아마이드, 비닐다이메티콘, 폴리실리콘-15, 비스-에칠헥실옥시페놀메톡시페닐트리아진, 인도멀구슬나무잎추출물, 인도멀구슬나무꽃추출물, 아이비고드열매추출물, 가지열매추출물, 알로에 베라꽃추출물, 울금뿌리추출물, 참산호말추출물, 홀리바질잎추출물, 마트리카리아추출물, 브로콜리추출물, 캐모마일꽃추출물, 피버퓨추출물, 스피어민트잎오일, 라벤더오일, 캐모마일꽃오일, 호호바씨오일, 블루탄지꽃오일, 소듐하이알루로네이트, 폴리글리세릴-4다이아이소스테아레이트/폴리하이드록시스테아레이트/세바케이트, 글리세릴카프릴레이트, 소듐클로라이드, 라우릴폴리글리세릴-3폴리다이메틸실록시에틸다이메티콘, 에틸헥실글리세린, 아데노신, 토코페롤, 마데카소사이드, 미리스토일/팔미토일옥소스테아라마이드/아라카마이드엠이에이, 에리스리톨, 카프릴릭/카프릭트라이글리세",아토팜 리얼 베리어(네오팜),아쿠아 수딩 선 스틱 [SPF50+/PA++++],78351,,
200ml,,"제조업자 : ㈜코스메카코리아, 책임판매업자 : ㈜네오팜","에틸헥실팔미테이트, 솔베스-30테트라올리에이트, 카프릴릭/카프릭트라이글리세라이드, 솔비탄세스퀴올리에이트, 오렌지껍질오일, 센티드제라늄꽃오일, 세라마이드엔피, 콜레스테롤, 판테놀, 하이알루로닉애씨드, 하이드롤라이즈드하이알루로닉애씨드, 하이드록시프로필트라이모늄하이알루로네이트, 하이드롤라이즈드소듐하이알루로네이트, 소듐아세틸레이티드하이알루로네이트, 포타슘하이알루로네이트, 소듐하이알루로네이트크로스폴리머, 소듐하이알루로네이트, 퀸즈랜드넛오일, 호호바씨오일, 레시틴, 폴리글루타믹애씨드, 에틸헥실글리세린, 올레익애씨드, 팔미틱애씨드, 스테아릭애씨드, 레몬추출물, 라임추출물, 오렌지추출물, 사과추출물, 포도추출물, 알로에베라꽃추출물, 인도멀구슬나무잎추출물, 인도멀구슬나무꽃추출물, 아이비고드열매추출물, 가지열매추출물, 참산호말추출물, 울금뿌리추출물, 홀리바질잎추출물, 정제수, 카프릴릴글라이콜, 부틸렌글라이콜, 비스-카프릴로일옥시팔미타미도아이소프로판올, 1,2-헥산다이올, 펜틸렌글라이콜, 리모넨, 시트로넬올, 제라니올, 리날룰, 시트랄",아토팜 리얼 베리어(네오팜),익스트림 딥 클렌징 블루 오일,78362,,
200ml,,㈜네오팜/㈜네오팜,"정제수, 글리세린, 프로판다이올, 다이메티콘, 해바라기씨오일, 글리세릴스테아레이트, 자일리톨, 소듐하이알루로네이트크로스폴리머, 하이드롤라이즈드글라이코사미노글리칸, 소듐하이알루로네이트, 하이드롤라이즈드하이알루로닉애씨드, 하이알루로닉애씨드, 부틸렌글라이콜, 솔비탄라우레이트, 하이드록시에틸셀룰로오스, 아세틸다이펩타이드-1세틸에스터, 판테놀, 베타-글루칸, 마데카소사이드, 미리스토일/팔미토일옥소스테아라마이드/아라카마이드엠이에이, 세라마이드엔피, 비스-카프릴로일옥시팔미타미도아이소프로판올, 자일리틸글루코사이드, 안하이드로자일리톨, 글루코오스, 알란토인, 폴리글리세릴-4카프레이트, 하이드록시프로필메틸셀룰로오스, 카보머, 소듐폴리아크릴레이트, 카프릴릭애씨드, 라즈베리케톤, 에틸헥실글리세린, 소듐파이테이트, 벤질글라이콜, 카프릴릴글라이콜, 1,2-헥산다이올, 스피어민트잎오일, 스피어민트추출물, 필리핀오렌지껍질오일, 센티드제라늄꽃오일, 타임오일, 유칼립투스잎오일, 바추잎잎추출물",아토팜 리얼 베리어(네오팜),익스트림 에센스 토너,78366,,
50ML 2개,,제조업자: 코스맥스㈜책임판매업자: ㈜네오팜,"정제수, 부틸옥틸살리실레이트, 에칠헥실트리아존, 비스-에칠헥실옥시페놀메톡시페닐트리아진, 옥토크릴렌, 글리세린, 다이부틸아디페이트, 다이아이소프로필세바케이트, 나이아신아마이드, 테레프탈릴리덴디캠퍼설포닉애씨드, 프로판다이올, 마카다미아씨오일, 카카두플럼추출물, 키토산, 아스퍼질러스발효물, 금사연둥지추출물, 글리세릴스테아레이트, 페닐트라이메티콘, 1,2-헥산다이올, 펜틸렌글라이콜, 트로메타민, 포타슘세틸포스페이트, 카프릴릴메티콘, 하이드록시아세토페논, 소듐아크릴레이트크로스폴리머-2, 폴리아크릴레이트크로스폴리머-6, 폴리아크릴레이트-13, 소듐폴리아크릴로일다이메틸타우레이트, 하이드로제네이티드폴리아이소부텐, 바쿠치올, 아데노신, 폴리글리세릴-10라우레이트, 카프릴릭/카프릭트라이글리세라이드, 에틸헥실팔미테이트, 하이드로제네이티드레시틴, 부틸렌글라이콜, 레티놀, 솔비탄아이소스테아레이트, 유채스테롤, 콜레스테롤, 피토스테릴/베헤닐/옥틸도데실라우로일글루타메이트, 알루미늄/마그네슘하이드록사이드스테아레이트, 펜타에리스리틸테트라-다이-t-부틸하이드록시하이드로신나메이트, 트리스(테트라메틸하이드록시피페리딘올)시트레이트, 미리스토일/팔미토일옥소스테아라마이드/아라카마이드엠이에이, 글루타티온, 에틸헥실글리세린, 베헤닐알코올",아토팜 리얼 베리어(네오팜),탄력 광채 선세럼 [SPF50+/PA++++],74072,,
50ml,,제조업자: 한국콜마㈜책임판매업자: ㈜네오팜,"정제수, 다이부틸아디페이트, 다이프로필렌글라이콜, 디에칠아미노하이드록시벤조일헥실벤조에이트, 폴리메틸실세스퀴옥세인, 프로판다이올, 에칠헥실트리아존, 나이아신아마이드, 메칠렌비스-벤조트리아졸릴테트라메칠부틸페놀, 코코-카프릴레이트/카프레이트, 카프릴릴메티콘, 디에칠헥실부타미도트리아존, 글리세린, 부틸렌글라이콜, 1,2-헥산다이올, 인도멀구슬나무잎추출물, 인도멀구슬나무꽃추출물, 아이비고드열매추출물, 가지열매추출물, 알로에베라꽃추출물, 홀리바질잎추출물, 울금뿌리추출물, 참산호말추출물, 캐모마일꽃추출물, 마트리카리아추출물, 브로콜리추출물, 피버퓨추출물, 스피어민트잎오일, 라벤더오일, 캐모마일꽃오일, 블루탄지꽃오일, 소듐하이알루로네이트, 펜틸렌글라이콜, 베헤닐알코올, 폴리C10-30알킬아크릴레이트, 폴리글리세릴-3메틸글루코오스다이스테아레이트, 폴리우레탄-15, 데실글루코사이드, 트로메타민, 아크릴레이트/C10-30알킬아크릴레이트크로스폴리머, 카보머, 소듐스테아로일글루타메이트, 폴리아크릴레이트크로스폴리머-6, 에틸헥실글리세린, 아데노신, 잔탄검, 토코페롤, 마데카소사이드, 미리스토일/팔미토일옥소스테아라마이드/아라카마이드엠이에이, 에리스리톨, 카프릴릭/카프릭트라이글리세라이드, 베타-시토스테롤, 판테놀, 자일리틸글루코사이드, 안하이드로자일리톨, 피토스테롤, 자일리톨, 돌콩스테롤, 리놀레익애씨드, 포스포리피드, 글루코오스, 다이메틸실란올하이알루로네이트, 하이드롤라이즈드소듐하이알루로네이트, 하이드롤라이즈드하이알루로닉애씨드, 포타슘하이알루로네이트, 하이알루로닉애씨드, 소듐하이알루로네이트크로스폴리머, 하이드록시프로필트라이모늄하이알루로네이트, 소듐하이알루로네이트다이메틸실란올, 소듐아세틸레이티드하이알루로네이트, 구아이아줄렌, 리날룰",아토팜 리얼 베리어(네오팜),아쿠아 수딩 선 로션 [SPF50+/PA++++],78346,,
50ml,,㈜네오팜,"정제수, 부틸렌글라이콜, 글리세린, 다이프로필렌글라이콜, 폴리글리세릴-10스테아레이트, 카프릴릭/카프릭트라이글리세라이드, 판테놀, 하이드로제네이티드레시틴, 메도우폼씨오일, 비닐다이메티콘, 식물성스쿠알란, 호호바씨오일, 포타슘세틸포스페이트, 미리스토일/팔미토일옥소스테아라마이드/아라카마이드엠이에이, 세라마이드엔피, 비스-카프릴로일옥시팔미타미도아이소프로판올, 아데노신, 다이포타슘글리시리제이트, 마데카소사이드, 알란토인, 하이드롤라이즈드하이알루로닉애씨드, 글리세릴스테아레이트, 피토스테릴/이소스테아릴/세틸/스테아릴/베헤닐다이머디리놀리에이트, 솔비탄스테아레이트, 세테아릴알코올, 피토스테롤, 잔탄검, 펜틸렌글라이콜, 소듐하이알루로네이트, 하이드록시프로필메틸셀룰로오스, 솔비탄라우레이트, 하이드록시에틸셀룰로오스, 아세틸다이펩타이드-1세틸에스터, 알파-비사보롤, 글리세릴글루코사이드, 글루코오스, 자일리틸글루코사이드, 안하이드로자일리톨, 자일리톨, 글라이코스핑고리피드, 포스포리피드, 스피어민트잎오일, 스피어민트추출물, 필리핀오렌지껍질오일, 센티드제라늄꽃오일, 타임오일, 유칼립투스잎오일, 바추잎잎추출물, 1,2-헥산다이올, 카프릴릴글라이콜, 카보머, 다이소듐이디티에이, 알지닌, 글리세릴베헤네이트, 폴리글리세릴-6옥타스테아레이트, 스테아릭애씨드",아토팜 리얼 베리어(네오팜),익스트림 크림 앰플,78370,,
150ML,,㈜이미인 / ㈜네오팜,"정제수, 메틸프로판다이올, 부틸렌글라이콜, 글리세린, 나이아신아마이드, 에탄올, 다이프로필렌글라이콜, 올리브오일, 하이드록시아세토페논, C12-14알케스-12, 카프릴릴글라이콜, 잔탄검, 판테놀(1,000 ppm), 소듐시트레이트, 에틸헥실글리세린, 1,2-헥산다이올, 아데노신,시트릭애씨드, 글리세릴아크릴레이트/아크릴릭애씨드코폴리머, 알란토인, 폴리글리세릴-3메틸글루코오스다이스테아레이트, 다이포타슘글리시리제이트, 글리세릴스테아레이트에스이, 로즈마리잎오일, 카프릴로일살리실릭애씨드(LHA), 락토바이오닉애씨드(PHA), 메틸글루코오스세스퀴스테아레이트, 카프릴릭/카프릭트라이글리세라이드, 피브이엠/엠에이코폴리머, 하이드로제네이티드레시틴, 바오밥나무씨오일, 소듐하이알루로네이트, 토코페롤, 세라마이드엔피,프로판다이올, 마데카소사이드, 엑토인, 라이신, 알지닌, 아스파틱애씨드, 글루타믹애씨드, 메티오닌, 시스테인, 세라마이드엔에스, 세라마이드에이에스, 세라마이드이오피, 세라마이드에이피,라우릭애씨드, 미리스토일/팔미토일옥소스테아라마이드/아라카마이드엠이에이, 벤질 글라이콜, 하이드롤라이즈드글라이코사미노글리칸, 피토스테롤, 글라이코리피드, 비스-카프릴로일옥시팔미타미도아이소프로판올, 다이하이드록시아이소프로필팔모일팜아마이드, 소듐하이알루로네이트크로스폴리머,하이드롤라이즈드하이알루로닉애씨드, 하이드록시프로필트라이모늄하이알루로네이트, 하이알루로닉애씨드,소듐아세틸레이티드하이알루로네이트,다이소듐이디티에이",아토팜 리얼 베리어(네오팜),익스트림 판테놀 토너 패드,78369,,
10매,,제조사 :엔코스책임판매업자 : ㈜네오팜,"정제수, 글리세린, 1,2-헥산다이올, 하이드로제네이티드폴리(C6-14올레핀), 알지닌, 카보머, 폴리솔베이트60, 알란토인, 하이드록시에틸셀룰로오스, 하이드록시에틸아크릴레이트/소듐아크릴로일다이메틸타우레이트코폴리머, 잔탄검, 에틸헥실글리세린, 다이소듐이디티에이, 다이포타슘글리시리제이트, 소듐하이알루로네이트(100 ppm), 솔비탄아이소스테아레이트, 부틸렌글라이콜, 바이오사카라이드검-1, 로즈마리잎오일, 엑토인, 스쿠알란, 아마씨오일, 카프릴릭/카프릭트라이글리세라이드, 약모밀추출물, 미리스토일/팔미토일옥소스테아라마이드/아라카마이드엠이에이, 하이드로제네이티드레시틴, 세라마이드엔피, 콜레스테롤, 글라이신, 리놀레닉애씨드, 리놀레익애씨드, 글루타믹애씨드, 소듐디엔에이",아토팜 리얼 베리어(네오팜),워터리 히알 세럼 마스크,73422,,
100ml 2개,,(주)네오팜,"정제수, 펜타에리스리틸스테아레이트/카프레이트/카프릴레이트/아디페이트, 프로판다이올, 판테놀(2.97%),나이아신아마이드, 1,2-헥산다이올, 하이드로제네이티드레시틴, 폴리글리세릴-10라우레이트, 알란토인, 시트릭애씨드, 해바라기씨오일, 아데노신, 미리스토일/팔미토일옥소스테아라마이드/아라카마이드엠이에이, 마데카소사이드, 광곽향오일, 살비아오일, 소두구씨오일, 하이드록시아세토페논, 리놀레익애씨드, 피토스테롤, 캐모마일꽃오일, 콘민트오일, 멕시칸주니퍼오일",아토팜 리얼 베리어(네오팜),익스트림 판테놀 에센스 미스트,78368,,
10매,,제조업자: ㈜제닉 / 제조판매업자 : ㈜네오팜,"정제수, 부틸렌글라이콜, 글리세린, 나이아신아마이드, 1,2-헥산다이올, 폴리솔베이트60, 다이메티콘, 카프릴릭/카프릭트라이글리세라이드, 글리세레스-26, 펜틸렌글라이콜, 세테아릴알코올, 카프릴릴메티콘, 베타인, 세테아릴올리베이트, 알란토인, 솔비탄올리베이트, 하이드록시에틸아크릴레이트/소듐아크릴로일다이메틸타우레이트코폴리머, 아크릴레이트/C10-30알킬아크릴레이트크로스폴리머, 잔탄검, 아데노신, 에틸헥실글리세린, 다이소듐이디티에이, 알지닌, 소듐폴리아크릴레이트, 판테놀, 미리스토일/팔미토일옥소스테아라마이드/아라카마이드엠이에이, 다이하이드록시아이소프로필팔모일팜아마이드, 솔비탄아이소스테아레이트, 자일리틸글루코사이드, 안하이드로자일리톨, 소듐하이알루로네이트, 자일리톨, 라벤더오일, 비스-카프릴로일옥시팔미타미도아이소프로판올, 솔비탄라우레이트,글루코오스, 하이드록시에틸셀룰로오스, 마데카소사이드, 아세틸다이펩타이드-1세틸에스터, 카프릴릴글라이콜, 토코페롤, 아세틸헵타펩타이드-4, 마데카식애씨드, 아시아티코사이드, 병풀추출물, 아시아틱애씨드",아토팜 리얼 베리어(네오팜),익스트림 크림 마스크,78380,,
200ml,,㈜네오팜,"정제수, 라우릴하이드록시설테인, 소듐라우릴글루코오스카복실레이트, 라우릴글루코사이드, 소듐클로라이드, 소듐메틸코코일타우레이트, 포타슘코코일글리시네이트, 티트리잎추출물, 약모밀추출물, 코코-글루코사이드, 포타슘코코에이트, 글리세린, 부틸렌글라이콜, 미리스토일/팔미토일옥소스테아라마이드/아라카마이드엠이에이, 리놀레익애씨드, 2-카프릴로일카프릴로일메틸알라니네이트, 스피룰리나 플라텐시스추출물, 밀싹추출물, 포트마리골드꽃추출물, 버지니아풍년화잎수, 대왕송잎추출물, 당느릅나무뿌리추출물, 달맞이꽃추출물, 칡뿌리추출물, 붉은토끼풀꽃추출물, 아이소펜틸다이올, 소듐파이테이트, 시트릭애씨드, 소듐시트레이트, 헥실렌글라이콜, 1,2-헥산다이올, 카프릴릴글라이콜, 페네틸알코올, 불가리스쑥오일, 발삼코파이바수지, 광곽향오일, 단향오일",아토팜 리얼 베리어(네오팜),컨트롤-T 클렌징 폼,78349,,
200ML,,㈜네오팜,"정제수, 부틸렌글라이콜, 다이프로필렌글라이 콜, 프로판다이올 , 1,2-헥산다이올, 글리세린, 캐모마 일꽃추출물, 펜틸렌글라이콜, 폴리글리세릴-10라우 레이트, 폴리글리세릴-10미리스테이트, 베르가모트 오일, 마스티키나백리향꽃오일, 리씨열매오일, 카프릴릴/카프릴글루코사이드, 글리세릴카프릴레이트, 하이드록시에틸셀룰로오스, 소듐하이알루로네이트, 하이드롤라이즈드하이알루로닉애씨드, 소듐하이알 루로네이트크로스폴리머, 하이알루로닉애씨드, 소듐 아세틸레이티드하이알루로네이트, 하이드록시프로 필트라이모늄하이알루로네이트, 하이드롤라이즈드 소듐하이알루로네이트, 블루탄지꽃오일, 아줄렌, 에리스리톨, 자일리톨, 마데카소사이드, 미리스토일/팔 미토일옥소스테아라마이드/아라카마이드엠이에이 , 알란토인, 피토스테롤, 인도멀구슬나무잎추출물, 인도멀구슬나무꽃추출물, 아이비고드열매추출물, 가지 열매추출물, 알로에 베라꽃추출물, 홀리바질잎추출물, 울금뿌리추출물, 참산호말추출물, 아세틸헥사펩타이 드-8, 리놀레익애씨드, 타타릭애씨드, 소듐파이테이 트, 시트릭애씨드, 소듐시트레이트, 카프릴릴글라이콜",아토팜 리얼 베리어(네오팜),아쿠아 수딩 토너,78357,,
30ML,,㈜네오팜,"병풀잎수, 코코글리세라이즈, 다이메티콘, 아이소펜틸다이올, 글리세린, 폴리글리세릴-3폴리리시놀리에이트, 하이드로제네이티드식물성오일, 판테놀, 보론나이트라이드, 칼라민(20,000ppm), 카프릴릭/카프릭트라이글리세라이드, 나이아신아마이드, 폴리글리세릴-4다이아이소스테아레이트/폴리하이드록시스테아레이트/세바케이트, 1,2-헥산다이올, 실리카실릴레이트, 비닐다이메티콘/메티콘실세스퀴옥세인크로스폴리머, 부틸렌글라이콜, 비닐다이메티콘, 마그네슘설페이트, 폴리글리세릴-3리시놀리에이트, 마데카소사이드(2,200ppm), 토코페롤, 알란토인, 하이드롤라이즈드하이알루로닉애씨드, 해바라기씨오일, 아시아티코사이드, 정제수, 마데카식애씨드, 아시아틱애씨드, 캐모마일꽃오일, 살비아오일, 세라마이드엔피, 리놀레익애씨드, 미리스토일/팔미토일옥소스테아라마이드/아라카마이드엠이에이, 피토스테롤, 단향오일",아토팜 리얼 베리어(네오팜),시카 칼라민 퀵 카밍 크림,78361,,
50ml,,㈜네오팜,"정제수, 다이프로필렌글라이콜, 나이아신아마이드, 1,2-헥산다이올, 글리세린, 메틸글루세스-20, 하이드롤라이즈드하이알루로닉애씨드, 아크릴레이트/C10-30알킬아크릴레이트크로스폴리머, 알지닌, 알란토인, 판테놀, 소듐하이알루로네이트, 아데노신, 펜틸렌글라이콜, 폴리글리세릴-10라우레이트, 잔탄검, 인도멀구슬나무잎추출물, 캐모마일꽃추출물, 블루탄지꽃오일, 아줄렌, 마데카소사이드, 소듐하이알루로네이트크로스폴리머, 아이비고드열매추출물, 자일리톨, 에리스리톨, 베르가모트오일, 하이알루로닉애씨드, 가지열매추출물, 알로에베라꽃추출물, 소듐아세틸레이티드하이알루로네이트, 하이드록시프로필트라이모늄하이알루로네이트, 마스티키나백리향꽃오일, 미리스토일/팔미토일옥소스테아라마이드/아라카마이드엠이에이, 리놀레익애씨드, 피토스테롤, 병풀추출물, 홀리바질잎추출물, 리씨열매오일, 울금뿌리추출물, 참산호말추출물, 하이드롤라이즈드소듐하이알루로네이트, 하이드록시아세토페논",아토팜 리얼 베리어(네오팜),아쿠아 수딩 앰플,78376,,
50ML,,㈜네오팜,"병풀잎수, 다이프로필렌글라이콜, 글리세린, 1,2-헥산다이올, 부틸렌글라이콜, 나이아신아마이드, 병풀잎추출물, 폴리글리세릴-10라우레이트, 베타인, 정제수, 아크릴레이트/C10-30알킬아크릴레이트크로스폴리머, 알지닌, 카보머, 알란토인, 카프릴릴글라이콜, 펜틸렌글라이콜, 판테놀, 소듐하이알루로네이트, 아데노신, 소듐파이테이트, 시트릭애씨드, 하이드롤라이즈드하이알루로닉애씨드, 마데카소사이드(100 ppm), 스피어민트잎오일, 스피어민트추출물, 필리핀오렌지껍질오일, 유칼립투스잎오일, 센티드제라늄꽃오일, 타임오일, 세라마이드엔피, 칼라민(10 ppm), 콜레스테롤, 미리스토일/팔미토일옥소스테아라마이드/아라카마이드엠이에이, 스테아릭애씨드, 사이아노코발아민, 바추잎잎추출물, 아시아티코사이드, 마데카식애씨드, 아시아틱애씨드, 병풀추출물, 하이드로제네이티드레시틴, 시어버터, 올리브오일, 다이메틸실란올하이알루로네이트, 하이드롤라이즈드소듐하이알루로네이트, 하이알루로닉애씨드, 포타슘하이알루로네이트, 하이드록시프로필트라이모늄하이알루로네이트, 소듐하이알루로네이트크로스폴리머, 소듐하이알루로네이트다이메틸실란올, 소듐아세틸레이티드하이알루로네이트, 칸디다 봄비콜라/글루코오스/메틸레이프씨데이트발효물, 글라이코리피드",아토팜 리얼 베리어(네오팜),시카 칼라민 퀵 카밍 세럼,78359,,
200ml 2개,,㈜네오팜/㈜네오팜,"정제수, 다이프로필렌글라이콜, 글리세린, 부틸렌글라이콜, 1,2-헥산다이올, 하이드록시에틸우레아, 하이드록시아세토페논, 글라이코실트레할로오스, 하이드로제네이티드스타치하이드롤리세이트, 카보머, 판테놀, 알란토인, 시어버터, 카프릴릴/카프릴글루코사이드, 소듐파이테이트, 소듐하이알루로네이트, 폴리글리세릴-10미리스테이트, 폴리글리세릴-10라우레이트, 하이드로제네이티드레시틴, 알지닌, 피마자씨오일, 폴리글리세릴-10스테아레이트, 락토바이오닉애씨드, 올리브오일, 연필향나무오일, 로즈마리잎오일, 발삼코파이바수지, 엑토인, 타타릭애씨드, 글리세릴카프릴레이트, 리놀레익애씨드, 미리스토일/팔미토일옥소스테아라마이드/아라카마이드엠이에이, 카프릴로일살리실릭애씨드, 마데카소사이드, 피토스테롤, 유칼립투스잎오일, 광곽향오일, 글라이코리피드, 칸디다봄비콜라/글루코오스/메틸레이프씨데이트발효물, 프로판다이올, 소듐하이알루로네이트크로스폴리머, 향기제비꽃잎추출물, 라벤더오일, 일랑일랑꽃오일, 캐모마일꽃오일, 하이드롤라이즈드글라이코사미노글리칸, 커먼자스민오일, 갈바눔수지오일, 마트리카리아꽃오일 등",아토팜 리얼 베리어(네오팜),익스트림 에센스 토너 [라이트],78364,,
10EA,,제조업자 : ㈜엔코스책임판매업자 : ㈜네오팜,"정제수, 글리세린, 사이클로펜타실록세인, 1,2-헥산다이올, 메틸프로판다이올, 사이클로헥사실록세인, 하이드로제네이티드폴리아이소부텐 , 다이메티콘/비닐다이메티콘크로스폴리머, 다이메티콘, 카보머, 트로메타민, 부틸렌글라이콜, 알란토인, 카프릴릴글라이콜, 치자추출물, 바이오사카라이드검-1, 베르가모트오일, 마스티키나백리향꽃오일, 소듐하이알루로네이트, 에리스리톨, 리씨열매오일, 카프릴릭/카프릭트라이글리세라이드, 자일리틸글루코사이드, 안하이드로자일리톨, 멘틸락테이트, 에틸멘탄카복사마이드, 자일리톨, 블루탄지꽃오일, 미리스토일/팔미토일옥소스테아라마이드/아라카마이드엠이에이, 메틸다이아이소프로필프로피온아마이드, 토코페롤, 다이포타슘글리시리제이트, 글루코오스, 피토스테롤, 하이드록시프로필트라이모늄하이알루로네이트, 마트리카리아추출물, 소듐아세틸레이티드하이알루로네이트, 하이드롤라이즈드하이알루로닉애씨드, 하이알루로닉애씨드, 소듐하이알루로네이트크로스폴리머, 하이드롤라이즈드소듐하이알루로네이트, 소듐구아이아줄렌설포네이트, 포타슘하이알루로네이트, 암모늄아크릴로일다이메틸타우레이트/브이피코폴리머, 에틸헥실글리세린, 다이소듐이디티에이, 다이프로필렌글라이콜, 하이드록시아세토페논",아토팜 리얼 베리어(네오팜),아쿠아 수딩 크림 마스크,78381,,
10EA,,제조업자 : ㈜엔코스책임판매업자 : ㈜네오팜,"정제수, 다이프로필렌글라이콜, 글리세린, 부틸렌글라이콜, 하이드록시아세토페논, 카프릴릴글라이콜, 다이포타슘글리시리제이트, 소듐하이알루로네이트, 하이드록시프로필트라이모늄하이알루로네이트, 소듐아세틸레이티드하이알루로네이트, 하이드롤라이즈드하이알루로닉애씨드, 하이알루로닉애씨드, 소듐하이알루로네이트크로스폴리머, 하이드롤라이즈드소듐하이알루로네이트, 포타슘하이알루로네이트, 1,2-헥산다이올, 판테놀, 하이드록시에틸아크릴레이트/소듐아크릴로일다이메틸타우레이트코폴리머, 솔비탄아이소스테아레이트, 폴리글리세릴-10라우레이트, 트레할로오스, 아크릴레이트/C10-30알킬아크릴레이트크로스폴리머, 잔탄검, 아데노신, 알지닌, 다이소듐이디티에이, 알란토인, 카페인, 마스티키나백리향꽃오일, 리씨열매오일, 베르가모트오일, 자일리톨, 에리스리톨, 카프릴릭/카프릭트라이글리세라이드, 멘틸락테이트, 에틸멘탄카복사마이드, 메틸다이아이소프로필프로피온아마이드, 폴리글루타믹애씨드, 글루코오스, 자일리틸글루코사이드, 안하이드로자일리톨, 하이드로제네이티드레시틴, 세라마이드엔피, 병풀추출물, 마데카소사이드, 소듐구아이아줄렌설포네이트, 마트리카리아추출물, 미리스토일/팔미토일옥소스테아라마이드/아라카마이드엠이에이",아토팜 리얼 베리어(네오팜),아쿠아 수딩 앰플 마스크,78379,,
50ml,,제조업자 : 한국콜마㈜제조판매업자 : ㈜네오팜,"정제수, 징크옥사이드, 사이클로헥사실록세인, 부틸옥틸살리실레이트, 프로판다이올, 폴리글리세릴-3폴리다이메틸실록시에틸다이메티콘, C12-15알킬벤조에이트, 다이카프릴릴에터, 프로필헵틸카프릴레이트, 티타늄디옥사이드, 나이아신아마이드, 카프릴릴메티콘, 폴리프로필실세스퀴옥세인, 다이스테아다이모늄헥토라이트, 메틸메타크릴레이트크로스폴리머, 실리카, 에난티아 클로란타껍질추출물, 버지니아풍년화추출물, 아르간커넬오일, 하이드로제네이티드레시틴, 라우릴폴리글리세릴-3폴리다이메틸실록시에틸다이메티콘, 트라이에톡시카프릴릴실레인, 마그네슘설페이트, 1,2-헥산다이올, 폴리글리세릴-2다이폴리하이드록시스테아레이트, 폴리메틸실세스퀴옥세인, 다이메티콘/비닐다이메티콘크로스폴리머, 글리세릴카프릴레이트, 카프릴릴글라이콜, 알루미늄하이드록사이드, 글리세린, 에틸헥실글리세린, 다이메티콘, 스쿠알란, 아데노신, 하이드로제네이티드폴리아이소부텐, 폴리메틸메타크릴레이트, 아이소노닐아이소노나노에이트, 폴리글리세릴-10스테아레이트, 세테아릴알코올, 스테아릭애씨드, 시어버터, 토코페롤, 이눌린라우릴카바메이트, 다이소듐스테아로일글루타메이트, 글루코노락톤, 마데카소사이드, 미리스토일/팔미토일옥소스테아라마이드/아라카마이드엠이에이, 세라마이드엔피, 시트릭애씨드, 카프릴로일살리실릭애씨드, 칼라민, 부틸렌글라이콜, 글리세릴글루코사이드, 글루코오스, 프로테아제, 올레아놀릭애씨드, 살리실릭애씨드, 황색산화철, 적색산화철",아토팜 리얼 베리어(네오팜),피치 핏 톤업 선크림 [SPF50+/PA++++],78352,,
130ml (70매),,제조업자: ㈜제닉/ 책임판매업자: ㈜네오팜,"정제수, 부틸렌글라이콜, 글리세린, 메틸프로판다이올, 1,2-헥산다이올, 옥틸도데세스-16, 펜틸렌글라이콜, 암모늄아크릴로일다이메틸타우레이트/브이피코폴리머, 알란토인, 판테놀, 하이드록시에틸아크릴레이트/소듐아크릴로일다이메틸타우레이트코폴리머, 에틸헥실글리세린, 카프릴릭/카프릭트라이글리세라이드, 아크릴레이트/C10-30알킬아크릴레이트크로스폴리머, 다이소듐이디티에이, 글리세릴아크릴레이트/아크릴릭애씨드코폴리머, 다이포타슘글리시리제이트, 알지닌, 잔탄검, 피브이엠/엠에이코폴리머, 멘틸락테이트, 에틸멘탄카복사마이드, 솔비탄아이소스테아레이트, 블루탄지꽃오일, 메틸다이아이소프로필프로피온아마이드, 라벤더오일, 프로판다이올, 소듐하이알루로네이트, 에리스리톨, 미리스토일/팔미토일옥소스테아라마이드/아라카마이드엠이에이, 세라마이드엔피, 하이드롤라이즈드글라이코사미노글리칸, 토코페롤, 자일리틸글루코사이드, 안하이드로자일리톨, 자일리톨, 소듐하이알루로네이트크로스폴리머, 하이드롤라이즈드하이알루로닉애씨드, 글루코오스, 하이드록시프로필트라이모늄하이알루로네이트, 하이알루로닉애씨드, 소듐아세틸레이티드하이알루로네이트",아토팜 리얼 베리어(네오팜),아쿠아 수딩 앰플 패드,78378,,
80ml,,제조업자 : ㈜코스메카코리아 책임판매업자 : ㈜네오팜,"정제수, 실리카, 프로판다이올, 카올린, 글리세린, 규조토, 1,2-헥산다이올, 팥가루, 카보머, 부틸렌글라이콜, 베타인, 트로메타민, 하이드록시아세토페논, 셀룰로오스, 티타늄디옥사이드, 셀룰로오스검, 글리세레스-25피씨에이아이소스테아레이트, 잔탄검, 옥수수전분, 에틸헥실글리세린, 시트릭애씨드(500 ppm), 다이소듐이디티에이, 글루코노락톤(500 ppm), 광곽향오일, 소듐하이알루로네이트, 하이알루로닉애씨드(50 ppm), 하이드롤라이즈드하이알루로닉애씨드(50 ppm), 프로필렌글라이콜, 흑색산화철, 하이드록시프로필메틸셀룰로오스, 불가리스쑥오일, 석시닉애씨드(10 ppm), 피토스테롤, 카프릴로일살리실릭애씨드(1,000 ppb), 미리스토일/팔미토일옥소스테아라마이드/아라카마이드엠이에이, 파파인, 살리실릭애씨드(1,000 ppb), 리놀레익애씨드(724 ppb), 두충나무껍질추출물, 병풀잎추출물, 올레익애씨드(150 ppb), 팔미틱애씨드(80 ppb), 스테아릭애씨드(40 ppb), 리놀레닉애씨드(5 ppb), 글라이신, 알지닌, 글루타믹애씨드(1 ppb), 토코페롤",아토팜 리얼 베리어(네오팜),컨트롤-T 애씨드 포어 클레이 팩,78372,,
180ml,,이스터너생명과학(주) / 위시컴퍼니(주),"정제수, 부틸렌글라이콜, 다이메틸설폰, 베타인, 카프릴릭/카프릭트라이글리세라이드, 다이소듐이디티에이, 스페인감초뿌리추출물, 병풀추출물, 클로페네신, 토코페릴아세테이트, 글리세린, 알지닌, 카보머, 판테놀, 수세미오이열매/잎/줄기추출물, 1,2-헥산다이올, 하이드록시에틸셀룰로오스, 알로에베라잎추출물, 접시꽃추출물, 쇠비름추출물, 폴리쿼터늄-51, 베타-글루칸, 라이신에이치씨엘, 소듐아스코빌포스페이트, 소듐하이알루로네이트, 아세틸메티오닌, 테아닌, 프롤린, 낫토검, 다이소듐포스페이트, 폴리솔베이트60, 소듐포스페이트, 카퍼트라이펩타이드-1",클레어스,서플 프레퍼레이션 언센티드 토너,4801,,
40ml,,이스터너생명과학(주) / 위시컴퍼니(주),"정제수, 사이클로펜타실록세인, 부틸렌글라이콜, 에칠헥실메톡시신나메이트, 베타인, 세틸에틸헥사노에이트, 티타늄디옥사이드, 나이아신아마이드, 카프릴릭/카프릭트라이글리세라이드, 폴리솔베이트60, 다이메티콘, 세틸피이지/피피지-10/1다이메티콘, 징크옥사이드, 황색산화철, 디에칠아미노하이드록시벤조일헥실벤조에이트, 벤토나이트, 소듐클로라이드, 실리카, 이소아밀p-메톡시신나메이트, 적색산화철, 비스-에칠헥실옥시페놀메톡시페닐트리아진, 스테아릭애씨드, 클로페네신, 탈크, 1,2-헥산다이올, 흑색산화철, 다이메티콘/비닐다이메티콘크로스폴리머, 토코페릴아세테이트, 향료, 쇠비름추출물, 스페인감초뿌리추출물, 카프릴릴글라이콜, 병풀추출물, 알루미나, 아데노신, 스타아니스추출물, 트라이에톡시카프릴릴실레인, 하이드로젠다이메티콘, 글리세린, 소듐아스코빌포스페이트, 몰로키아잎추출물, 부용꽃추출물, 아마씨추출물, 오크라열매추출물, 우엉뿌리추출물, 알로에베라잎즙, 라우로일라이신, 아라키딕애씨드, 팔미틱애씨드, 소듐하이알루로네이트, 올레익애씨드, 모란뿌리추출물, 연꽃추출물, 자몽추출물, 황금추출물",클레어스,일루미네이팅 서플 블레미쉬크림 [SPF40/PA++],208,,
80매,,씨엔에프(주) | 위시컴퍼니(주),"정제수, 부틸렌글라이콜, 글리세린, 메틸프로판다이올, 나이아신아마이드(2%), 1,2-헥산다이올, 아이소펜틸다이올, 글루코노락톤, 알지닌, 알란토인, 폴리글리세릴-10라우레이트, 에틸헥실글리세린, 잔탄검, 아데노신, 소듐파이테이트, 아스코빅애씨드(100ppm), 아스코빌테트라이소팔미테이트(100ppm), 카프릴릭/카프릭트라이글리세라이드, 멘틸락테이트, 에틸멘탄카복사마이드, 소듐하이알루로네이트, 병풀추출물, 메틸다이아이소프로필프로피온아마이드, 하이드록시프로필트라이모늄하이알루로네이트, 고수추출물, 글루타티온, 하이드로제네이티드레시틴, 하이드롤라이즈드하이알루로닉애씨드, 소듐아세틸레이티드하이알루로네이트, 비니거, 하이알루로닉애씨드, 다이소듐이디티에이, 하이드롤라이즈드소듐하이알루로네이트, 소듐하이알루로네이트크로스폴리머, 세라마이드엔피, 소듐아스코빌포스페이트(10ppb), 포타슘하이알루로네이트, 아시아티코사이드, 마데카소사이드, 아시아틱애씨드, 마데카식애씨드, 바이오틴(0.1ppb), 사이아노코발아민(0.1ppb), 폴릭애씨드(0.1ppb), 피리독신(0.1ppb), 리보플라빈(0.1ppb), 티아민에이치씨엘(0.1ppb)",클레어스,프레쉴리 쥬스드 비타민 화잘먹 패드,70433,,
180ml,,코스메카코리아 | 위시컴퍼니(주),"정제수, 부틸렌글라이콜, 프로판다이올, 나이아신아마이드, 카프릴릭/카프릭트라이글리세라이드, 1,2-헥산다이올, 글리세린, 하이드록시아세토페논, 알지닌, 카보머, 글리세레스-25피씨에이아이소스테아레이트, 다이에톡시에틸석시네이트, 아크릴레이트/C10-30알킬아크릴레이트크로스폴리머, 에틸헥실글리세린, 아데노신, 비파나무잎추출물, 하이드롤라이즈드치자추출물, 하이드롤라이즈드맥아추출물, 하이드롤라이즈드삼색제비꽃추출물, 트라이소듐에틸렌다이아민다이석시네이트, 스쿠알란, 하이드롤라이즈드하이알루로닉애씨드, 하이알루로닉애씨드, 스피어민트추출물, 소듐하이알루로네이트, 토코페롤, 페룰릭애씨드, 락토바실러스발효물, 별꽃추출물, 돌콩오일, 돌콩스테롤, 헥실라우레이트, 소듐파이테이트, 아보카도오일, 아스코빅애씨드, 글루코노락톤, 소듐디엔에이, 세테아릴알코올, 아스코빌팔미테이트, 하이드로제네이티드팜글리세라이즈시트레이트, 폴리글리세릴-10라우레이트, 글루타티온, 하이드로제네이티드레시틴",클레어스,프레쉴리 쥬스드 비타민 잡티 토너,70499,,
상품상세참조,,이스터너생명과학(주) / 위시컴퍼니(주),"정제수;글리세린;카프릴릭/카프릭트라이글리세라이드;사이클로펜타실록세인;세틸알코올;글리세릴스테아레이트;세틸에틸헥사노에이트;시어버터;호호바씨오일;스테아릭애씨드;부틸렌글라이콜;솔비탄세스퀴올리에이트;마이크로크리스탈린왁스;베타인;솔비탄스테아레이트;피이지-100스테아레이트;다이메티콘;알지닌;카보머;클로페네신;토코페릴아세테이트;모란뿌리추출물;스타아니스추출물;연꽃꽃추출물;자몽추출물;황금추출물;시트릭애씨드;베타-글루칸;하이드로제네이티드레시틴;쇠비름추출물;1,2-헥산다이올;병풀추출물;알로에베라잎추출물;접시꽃추출물;소듐하이알루로네이트;세라마이드엔피;다이소듐이디티에이;폴리쿼터늄-51;셀러리추출물;순무잎추출물;쌀겨추출물;양배추추출물;다이소듐아데노신트리포스페이트;당근추출물;브로콜리추출물;토마토열매/잎/줄기추출물;라이신에이치씨엘;소듐아스코빌포스페이트;아세틸메치오닌;테아닌;프롤린;팔미틱애씨드;아라키딕애씨드;올레익애씨드;소듐하이드록사이드;알진;파파야열매추출물;낫토검;레몬껍질오일;라벤더오일;오렌지껍질오일;센티드제라늄꽃오일;일랑일랑꽃오일;유칼립투스잎오일",클레어스,리치 모이스트 수딩 크림,24715,,
125ml,,이스터너생명과학(주) / 위시컴퍼니(주),"녹차수, 부틸렌글라이콜, 글리세린, 1,2-헥산다이올, 수세미오이열매/잎/줄기추출물, 쌀추출물, 오크라열매추출물, 정제수, 베타인, 트레할로오스, 하이드록시에틸셀룰로오스, 쑥추출물, 판테놀, 솔비톨, 솔비탄세스퀴올리에이트, 에틸헥실글리세린, 다시마추출물, 다이소듐이디티에이, 소듐하이알루로네이트, 다이소듐포스페이트, 폴리솔베이트60, 하이드로제네이티드레시틴, 소듐포스페이트, 세라마이드엔피",클레어스,펀더멘탈 앰플 미스트,18922,,
상품상세참조,,상품상세참조,해바라기씨오일;카프릴릭/카프릭트라이글리세라이드;피이지-20글리세릴트라이아이소스테아레이트;포도씨오일;호호바씨오일;양까막까치밥나무씨오일,클레어스,젠틀 블랙 프레쉬 클렌징 오일,19102,,
150ml,,(주)나우코스 | 위시컴퍼니(주),"글리세린, 정제수, 미리스틱애씨드, 포타슘하이드록사이드, 팔미틱애씨드, 스테아릭애씨드, 글리세릴스테아레이트에스이, 솔비탄올리베이트, 라우릭애씨드, 소듐메틸코코일타우레이트, 하이드록시프로필스타치포스페이트, 포타슘코코일글리시네이트, 라우릴하이드록시설테인, 글라이콜다이스테아레이트, 귤껍질가루, 다이프로필렌글라이콜, 카올린, 폴리쿼터늄-7, 하이드록시아세토페논, 오렌지껍질오일, 카프릴릴글라이콜, 소듐클로라이드, 글루코노락톤, 소듐파이테이트, 인도멀구슬나무꽃추출물, 홀리바질잎추출물, 인도멀구슬나무잎추출물, 울금뿌리추출물, 참산호말추출물, 판테놀, 소듐벤조에이트, 다이포타슘글리시리제이트, 나이아신아마이드, 아스코빅애씨드, 글루타티온, 부틸렌글라이콜, 카프릴릭/카프릭트라이글리세라이드, 1,2-헥산다이올, 하이드로제네이티드레시틴, 소듐하이알루로네이트, 베타-글루칸, 하이알루로닉애씨드, 하이드롤라이즈드하이알루로닉애씨드, 하이드록시프로필트라이모늄하이알루로네이트, 하이드롤라이즈드소듐하이알루로네이트, 포타슘하이알루로네이트, 펜틸렌글라이콜, 소듐하이알루로네이트크로스폴리머, 소듐아세틸레이티드하이알루로네이트, 리모넨",클레어스,프레쉴리 쥬스드 비타민 팩 클렌저,70436,,
140ml,,한국콜마 / 위시컴퍼니(주),"정제수, 글리세린, 소듐코코일글라이시네이트, 소듐라우로일글루타메이트, 1,2-헥산다이올, 하이드록시프로필스타치포스페이트, 라우릴베타인, 하이드록시아세토페논, 에틸헥실글리세린, 소듐클로라이드, 데실렌글라이콜, 부틸렌글라이콜, 다이프로필렌글라이콜, 다시마추출물, 한련초잎추출물, 블랙커민씨추출물, 하이드로제네이티드레시틴, 프룩토올리고사카라이드, 줄맨드라미씨추출물, 당느릅나무뿌리추출물, 베타-글루칸, 무화과추출물, 병풀추출물, 서양산딸기추출물, 하이드롤라이즈드하이알루로닉애씨드, 검은서양송로추출물, 토코페롤, 세라마이드엔피, 검정콩추출물, 아스파틱애씨드, 아세틸헥사펩타이드-8",클레어스,젠틀 블랙 페이셜 클렌저,25744,,
30ml,,코스모코스,"설탕단풍수액(55.958%), 글리세린, 트라이프로필렌글라이콜, 폴리글리세린-3, 베타인, 정제수, 1,2-헥산다이올, 스쿠알란, 부틸렌글라이콜, 시어버터, 실리카, 하이드록시에틸아크릴레이트/소듐아크릴로일다이메틸타우레이트코폴리머, 폴리글리세릴-4올리에이트, 카보머, 쿠푸아수씨버터, 망고씨버터, 야자씨버터, 트로메타민, 이눌린라우릴카바메이트, 프로판다이올, 소듐폴리아크릴레이트, 글리세릴아크릴레이트/아크릴릭애씨드코폴리머, 소듐아크릴레이트크로스폴리머-2, 에틸헥실글리세린, 세테아릴알코올, 아데노신, 피브이엠/엠에이코폴리머, 꽃단풍나무껍질추출물(250ppm), 잔탄검, 셀룰로오스검, 타마린드씨검, 스테아릭애씨드, 솔비탄아이소스테아레이트, 소듐서팩틴, 빌베리열매추출물, 칡뿌리추출물, 카프릴릴글라이콜, 세틸하이드록시에틸셀룰로오스, 글루코오스, 루틴, 갈대추출물, 아세틸헥사펩타이드-8, 붉은토끼풀추출물, 팔미토일트라이펩타이드-1, 팔미토일테트라펩타이드-7, 토코페롤, 리마콩씨추출물",클레어스,메이플 에너지 인퓨징 세럼,65059,,
상품상세참조,,이스터너생명과학(주) / 위시컴퍼니(주),"정제수;글리세린;부틸렌글라이콜;녹차수;쌀추출물;비피다발효추출물;베타인;다이프로필렌글라이콜;소르비톨(구명칭);1,2-헥산다이올;아스퍼질러스/쌀발효추출물;녹차추출물;다이포타슘글리시리제이트;솔비탄세스퀴올리에이트;에틸헥실글리세린;소듐아크릴레이트/소듐아크릴로일다이메틸타우레이트코폴리머;소듐하이알루로네이트;하이드록시에틸셀룰로오스;잔탄검;알지닌;카보머;토코페릴아세테이트;아크릴레이트/C10-30알킬아크릴레이트크로스폴리머;다시마추출물;세라마이드엔피;하이드로제네이티드레시틴;카퍼트라이펩타이드-1;아세틸헥사펩타이드-8",클레어스,펀더멘탈 워터리 오일 드롭,18924,,
50g,,주식회사 라피끄|위시컴퍼니 (주),"캐모마일꽃수, 정제수, 부틸렌글라이콜, 프로판다이올, 나이아신아마이드, 1,2-헥산다이올, 카프릴릭/카프릭트라이글리세라이드, 암모늄아크릴로일다이메틸타우레이트/브이피코폴리머, 카보머, 알지닌, 라우릴글루코사이드, 폴리글리세릴-6라우레이트, 알란토인, 글리세린, 에틸헥실글리세린, 미리스틸글루코사이드, 잔탄검, 구아이아줄렌, 펜틸렌글라이콜, 소듐하이알루로네이트, 마데카소사이드, 데실글루코사이드, 카프릴릴글라이콜, 하이드록시프로필트라이모늄하이알루로네이트, 폴스애플민트잎추출물, 녹차추출물, 타임잎추출물, 소듐아세틸레이티드하이알루로네이트, 하이드롤라이즈드하이알루로닉애씨드, 하이알루로닉애씨드, 소듐하이알루로네이트크로스폴리머, 하이드롤라이즈드소듐하이알루로네이트, 포타슘하이알루로네이트, 에스에이치-폴리펩타이드-9, 에스에이치-폴리펩타이드-11, 에스에이치-폴리펩타이드-1, 에스에이치-올리고펩타이드-2, 에스에이치-올리고펩타이드-1",클레어스,미드나잇 블루 클리어링 워터 크림,66364,,
180ml,,이스터너생명과학㈜｜위시컴퍼니(주),"정제수, 부틸렌글라이콜, 다이메틸설폰, 베타인, 카프릴릭/카프릭트라이글리세라이드, 다이소듐이디티에이, 스페인감초뿌리추출물, 병출추출물, 클로페네신, 토코페릴아세테이트, 글리세린, 알지닌, 카보머, 판테놀, 수세미오이열매/잎/줄기추출물, 1,2-헥산다이올, 하이드록시에틸셀룰로오스, 알로에베라잎추출물, 접시꽃추출물, 쇠비름추출물, 폴리쿼터늄-51, 베타-글루칸, 라이신에이치씨엘, 소듐아스코빌포스페이트, 소듐하이알루로네이트, 아세틸메티오닌, 테아닌, 프롤린, 낫토검, 다이소듐포스페이트, 폴리솔베이트60, 소듐포스페이트, 레몬껍질오일, 라벤더오일, 오렌지껍질오일, 센티드제라늄꽃오일, 일랑일랑꽃오일, 유칼립투스잎오일, 카퍼트라이펩타이드-1",클레어스,서플 프레퍼레이션 페이셜 토너,203,,
상품상세참조,,상품상세참조,"정제수;글리세린;스테아릭애씨드;1,2-헥산다이올;해바라기씨오일;베타인;카페인;팥추출물;쑥잎추출물;녹차추출물;모과추출물;감국추출물(구명칭);육계나무껍질추출물;참산호말추출물;울금뿌리추출물;감나무잎추출물;인도멀구슬나무꽃추출물;인도멀구슬나무잎추출물;홀리바질잎추출물;아세틸헥사펩타이드-8;카퍼트라이펩타이드-1;올리고펩타이드-29;올리고펩타이드-32;판테놀;판토락톤;하이드로제네이티드레시틴;하이드록시에틸아크릴레이트/소듐아크릴로일다이메틸타우레이트코폴리머;소듐하이알루로네이트;글리세릴스테아레이트;솔비탄아이소스테아레이트;세테아릴알코올;프로판다이올;아라키딕애씨드;올레익애씨드;팔미틱애씨드;카프릴릴/카프릴글루코사이드;에틸헥실글리세린",클레어스,펀더멘탈 너리싱 아이 버터,19106,,
35ml,,이스터너생명과학(주) / 위시컴퍼니(주),"정제수, 프로필렌글라이콜, 아스코빅애씨드(5%), 하이드록시에틸셀룰로오스, 유자추출물, 병풀추출물, 폴리솔베이트60, 스타아니스추출물, 모과추출물, 모란뿌리추출물, 브로콜리추출물, 연꽃추출물, 자몽추출물, 황금추출물, 부틸렌글라이콜, 글리세린, 오렌지오일, 1,2-헥산다이올, 소듐아크릴레이트/소듐아크릴로일다이메틸타우레이트코폴리머, 아이소헥사데칸, 다이소듐이디티에이, 라벤더오일, 녹차캘러스 배양추출물, 폴리솔베이트80, 다이소듐포스페이트, 솔비탄올리에이트, 감국추출물, 족도리풀뿌리추출물, 신갈나무잎추출물, 여뀌추출물, 유럽잎갈나무복부추출물, 일본목련나무껍질추출물, 장엽대황뿌리추출물, 조선현호색뿌리추출물, 콥티스뿌리추출물, 소듐포스페이트, 라이신에이치씨엘, 소듐아스코빌포스페이트, 아세틸메티오닌, 테아닌, 프롤린, 레시틴, 아세틸글루타민, 바실러스/폴릭애씨드/돌콩발효추출물, 소듐하이알루로네이트, 에스에이치-올리고펩타이드-1, 에스에이치-올리고펩타이드-2, 에스에이치-폴리펩타이드-1, 에스에이치-폴리펩타이드-11, 에스에이치-폴리펩타이드-9, 카프릴릴글라이콜, 리모넨",클레어스,프레쉴리 쥬스드 비타민 드롭,206,,
90g,,이스터너생명과학(주) / 위시컴퍼니(주),"정제수, 글리세린, 부틸렌글라이콜, 나이아신아마이드, 토코페릴아세테이트(2%), 카라기난, 베타인, 알진, 젤란검, 글루코만난, 피이지-60하이드로제네이티드캐스터오일, 아크릴레이트/C10-30알킬아크릴레이트크로스폴리머, 알지닌, 에틸헥실글리세린, 클로페네신, 하이드로제네이티드레시틴, 서양산딸기추출물, 병풀추출물, 1,2-헥산다이올, 아데노신, 갈대추출물, 퉁퉁마디추출물, 세라마이드엔피, 소듐하이알루로네이트, 레몬껍질오일, 라벤더오일, 오렌지껍질오일, 센티드제라늄꽃오일, 일랑일랑꽃오일, 유칼립투스잎오일",클레어스,프레쉴리 쥬스드 비타민 E 마스크,7513,,
30ml,,코스맥스/위시컴퍼니(주),"정제수, 3-O-에틸아스코빅애씨드(10%), 부틸렌글라이콜, 나이아신아마이드, 1,2-헥산다이올, 글리세린, 메틸프로판다이올, 소듐하이알루로네이트, 레몬추출물, 필리핀오렌지껍질추출물, 자몽추출물, 소듐폴리아크릴로일다이메틸타우레이트, 판테놀, 펜틸렌글라이콜, 에틸헥실글리세린, 다이포타슘글리시리제이트, 트로메타민, 아데노신, 마데카소사이드, 소듐파이테이트, 베타-글루칸, 토코페롤, 리놀레닉애씨드, 잔탄검, 카보머",클레어스,프레쉴리 쥬스드 비타민 차징 세럼,51973,,
상품상세참조,,상품상세참조,"정제수;글리세린;1,2-헥산다이올;부틸렌글라이콜;프로판다이올;아르간커넬오일;호호바씨오일;토코페롤;카페인;팥추출물;쑥잎추출물;녹차추출물;모과추출물;감국추출물(구명칭);육계나무껍질추출물;감나무잎추출물;소엽추출물;쇠비름추출물;아세틸헥사펩타이드-8;카퍼트라이펩타이드-1;올리고펩타이드-29;올리고펩타이드-32;카보머;하이드록시에틸셀룰로오스;하이드록시에틸아크릴레이트/소듐아크릴로일다이메틸타우레이트코폴리머;폴리글리세릴-10라우레이트;솔비탄아이소스테아레이트;카프릴릴/카프릴글루코사이드;소듐피씨에이;트로메타민;에틸헥실글리세린",클레어스,펀더멘탈 아이 어웨이크닝 젤,19104,,
80ml,,이스터너생명과학(주) / 위시컴퍼니(주),"정제수, 부틸렌글라이콜, 다이메틸설폰, 베타인, 프로판다이올, 다이소듐이디티에이, 스페인감초뿌리추출물, 병풀추출물, 알지닌, 카보머, 1,2-헥산다이올, 클로페네신, 토코페릴아세테이트, 피이지-60하이드로제네이티드캐스터오일, 모란뿌리추출물, 스타아니스추출물, 연꽃추출물, 자몽추출물, 황금추출물, 글리세린, 소듐하이알루로네이트, 판테놀, 수세미오이열매/잎/줄기추출물, 알로에베라잎추출물, 접시꽃추출물, 쇠비름추출물, 폴리쿼터늄-51, 셀러리추출물, 순무잎추출물, 쌀겨추출물, 양배추추출물, 당근추출물, 브로콜리추출물, 토마토열매/잎/줄기추출물, 베타-글루칸, 라이신에이치씨엘, 소듐아스코빌포스페이트, 아세틸메티오닌, 테아닌, 프롤린, 낫토검",클레어스,리치 모이스트 수딩 세럼,204,,
60g,,코스모코스,"설탕단풍수액(52.871%), 글리세린, 프로판다이올, 아세틸레이티드하이드로제네이티드식물성글리세라이드, 스쿠알란, 메틸글루세스-20, 정제수, 1,2-헥산다이올, 하이드로제네이티드코코-글리세라이즈, 부틸렌글라이콜다이카프릴레이트/다이카프레이트, 하이드로제네이티드폴리아이소부텐, 세테아릴알코올, 락토바실러스/쌀발효물, 합성비즈왁스, 다이펜타에리스리틸헥사C5-9애씨드에스터, 폴리글리세릴-3스테아레이트, 메틸하이드로제네이티드로지네이트, 솔비탄스테아레이트, 실리카, 부틸렌글라이콜, 말티톨, 세테아릴올리베이트, 해바라기씨오일글리세라이즈, 트로메타민, 카보머, 솔비탄올리베이트, 글리세릴카프릴레이트, 소듐스테아로일글루타메이트, 하이드록시에틸아크릴레이트/소듐아크릴로일다이메틸타우레이트코폴리머, 에틸렌/프로필렌/스타이렌코폴리머, 암브레트추출물, 다이포타슘글리시리제이트, 참마뿌리추출물, 에틸헥실글리세린, 아데노신, 꽃단풍나무껍질추출물(250ppm), 멕시칸치아씨추출물, 아마씨추출물, 바이오사카라이드검-1, 아시아티코사이드, 알지닌, 솔비탄아이소스테아레이트, 부틸렌/에틸렌/스타이렌코폴리머, 덱스트린, 카프릴릴글라이콜, 세틸하이드록시에틸셀룰로오스, 루틴, 펜타에리스리틸테트라-다이-t-부틸하이드록시하이드로신나메이트, 아세틸헥사펩타이드-8, 팔미토일트라이펩타이드-1, 팔미토일테트라펩타이드-7, 토코페롤, 리마콩씨추출물",클레어스,메이플 에너지 인퓨징 크림,65061,,
70ml,,(주)코스나인/위시컴퍼니 (주),"녹차수;부틸렌글라이콜;글리세린;정제수;에틸헥실팔미테이트;세틸에틸헥사노에이트;1,2-헥산다이올;펜타에리스리틸테트라에틸헥사노에이트;판테놀;쌀추출물;오크라열매추출물;녹차추출물;다시마추출물;불가리스쑥추출물;병풀추출물;로즈마리잎추출물;피토스핑고신;카프로오일스핑고신;토코페롤;글리세릴글루코사이드;하이드롤라이즈드하이알루로닉애씨드;트레할로오스;호호바에스터;해바라기씨오일;하이드롤라이즈드호호바에스터;글리세릴아크릴레이트/아크릴릭애씨드코폴리머;세틸알코올;하이드로제네이티드레시틴;암모늄아크릴로일다이메틸타우레이트/브이피코폴리머;하이드로제네이티드폴리데센;에틸헥실글리세린;사이클로헥사실록세인",클레어스,펀더멘탈 워터 젤 크림,18923,,
100ml,,(주)이엔비에스 l 위시컴퍼니(주),"정제수, 소듐라우로일사코시네이트, 글리세린, 프로필렌글라이콜, 라우릭애씨드, 카프릴릭/카프릭트라이글리세라이드, 다이메틸설폰, 베타인, 스테아릭애씨드, 스페인감초뿌리추출물, 포타슘하이드록사이드, 편백수, 얼룩파인애플추출물, 부틸렌글라이콜, 클로페네신, 티트리잎오일, 모란뿌리추출물, 스타아니스추출물, 연꽃꽃추출물, 자몽추출물, 황금추출물, 1,2-헥산다이올, 카프릭애씨드, 소듐하이알루로네이트, 시트릭애씨드, 판테놀, 피리독신에이치씨엘, 팔미틱애씨드, 아라키딕애씨드, 프로판다이올, 올레익애씨드, 라이신에이치씨엘, 소듐아스코빌포스페이트, 아세틸메티오닌, 테아닌, 프롤린, 몰로키아잎추출물, 부용꽃추출물, 아마씨추출물, 오크라열매추출물, 우엉뿌리추출물, 셀러리추출물, 순무잎추출물, 쌀겨추출물, 양배추추출물, 당근추출물, 브로콜리추출물, 토마토열매/잎/줄기추출물, 알로에베라잎즙, 토코페릴아세테이트, 파파인, 쇠비름추출물, 병풀추출물, 하이드롤라이즈드완두콩단백질, 피토스테롤, 레시틴, 식물성스쿠알란, 올리브오일, 베타-글루칸, 세라마이드엔피, 시어버터, 인삼캘러스배양추출물",클레어스,리치 모이스트 포밍 클렌저,5299,,
상품상세참조,,상품상세참조,"정제수;부틸렌글라이콜;글리세린;1,2-헥산다이올;알로에베라잎즙;글리세레스-26;프로판다이올;다이포타슘글리시리제이트;판테놀;베타인;알란토인;셀룰로오스;하이드록시에틸셀룰로오스;소듐하이알루로네이트;병풀추출물;하이드로제네이티드레시틴;세라마이드엔피;세라마이드엔에스;세라마이드6Ⅱ(구명칭);세라마이드에이에스;세라마이드1;피토스핑고신;콜레스테롤;세테아릴알코올;스테아릭애씨드;카보머;알지닌;다이소듐이디티에이;소듐아세테이트;피브이엠/엠에이코폴리머;폴리글리세릴-10라우레이트;글리세릴아크릴레이트/아크릴릭애씨드코폴리머;에틸헥실글리세린",클레어스,리치 모이스트 수딩 텐셀 시트 마스크,19108,,
상품상세참조,,이스터너생명과학(주) / 위시컴퍼니(주),"카프릴릭/카프릭트라이글리세라이드, 세틸에틸헥사노에이트, 아이소노닐아이소노나노에이트, 피이지-7글리세릴코코에이트, 호호바씨오일, 아이소프로필미리스테이트, 피이지-20글리세릴트라이아이소스테아레이트, 폴리솔베이트20, 양까막까치밥나무씨오일, 토코페릴아세테이트, 향료, 아이소프로필팔미테이트, 검정콩오일, 참깨오일, 시어버터, 크랜베리씨오일, 안디로바씨오일, 토코페롤",클레어스,젠틀 블랙 딥 클렌징 오일,19100,,
35ml,,아이큐어(주) / 위시컴퍼니,"정제수, 부틸렌글라이콜, 글리세린, 나이아신아마이드(2%), 1,2-헥산다이올, 소듐디엔에이(82ppm), 알지닌, 카보머, 폴리아크릴레이트크로스폴리머-6, 타라열매추출물, 에틸헥실글리세린, 카프릴릴글라이콜, 아데노신, 코토니추출물, 소듐파이테이트, 폴리글리세릴10라우레이트, 글리세릴아크릴레이트/아크릴릭애씨드코폴리머, 폴리글리세릴-4라우레이트, 니코틴아마이드모노뉴클레오타이드, 피브이엠/엠에이코폴리머, 카프릴릴/카프릴글루코사이드, 꿀풀추출물, 보검선인장열매추출물, 블래더랙추출물, 병풀추출물, 다이소듐이디티에이, 아세틸헥사펩타이드-1, 아세틸헥사펩타이드-8, 카퍼트라이펩타이드-1, 하이드로제네이티드레시틴, 아스코빅애씨드 (80ppb), 3-O-에틸아스코빅애씨드(10ppb), 소듐아스코빌포스페이트(10ppb), 아스코빌글루코사이드(10ppb), 아스코빌팔미테이트(10ppb), 옥틸도데칸올, 아스타잔틴",클레어스,비타민 PDRN 모공 탄력 세럼,76140,,
60g,,한국콜마(주) / 위시컴퍼니,"정제수, 부틸렌글라이콜, 글리세린, 나이아신아마이드(2%), 호호바씨오일, 시어버터, 솔비탄스테아레이트, 비닐다이메티콘, 세테아릴알코올, 1,2-헥산다이올, 다이에톡시에틸석시네이트, 판테놀(1%), 프로판다이올, 카프릴릭/카프릭트라이글리세라이드, C12-16알코올, 아이소노닐아이소노나노에이트, 베헤닐알코올, 암모늄아크릴로일다이메틸타우레이트/브이피코폴리머, 팔미틱애씨드, 하이드록시아세토페논, 다이아이소스테아릴말레이트, 하이드로제네이티드레시틴, 수크로오스코코에이트, 스클레로튬검, 에틸헥실글리세린, 캐스터오일/아이피디아이코폴리머, 잔탄검, 비파나무잎추출물, 아데노신, 소듐하이알루로네이트, 스피어민트추출물, 알지닌, 카보머, 덱스트린, 카카오씨추출물, 아모다이메티콘, 토코페롤(5.5 ppm), 아스코빌테트라이소팔미테이트(4.5 ppm), 해마토코쿠스 플루비알리스오일, 니코틴아마이드아데닌다이뉴클레오타이드, 아스코빅애씨드(45.1 ppb), 글루타티온, 하이드롤라이즈드하이알루로닉애씨드, 이노시톨, 폴리글리세릴-3메틸글루코오스다이스테아레이트, 아스타잔틴, 쌀겨오일, 풀러린, 세라마이드엔피, 피토스핑고신, 병풀추출물, 소듐디엔에이, 다이소듐이디티에이, 하이드록시프로필트라이모늄하이알루로네이트, 소듐아세틸레이티드하이알루로네이트, 하이알루로닉애씨드, 소듐하이알루로네이트크로스폴리머, 포타슘하이알루로네이트",클레어스,비타민 토닝 베리어 크림,76139,,
상품상세참조,,이스터너생명과학(주) / 위시컴퍼니(주),카프릴릭/카프릭트라이글리세라이드;수크로오스;세틸에틸헥사노에이트;글리세린;시어버터;토코페릴아세테이트;칸데릴라왁스;피이지-7글리세릴코코에이트;폴리솔베이트20;마이크로크리스탈린왁스;세틸알코올;당밀;스페인감초뿌리가루;향료;안디로바씨오일;크랜베리씨오일;리모넨,클레어스,젠틀 블랙 슈거 페이셜 폴리쉬,19097,,
25ml,,지디케이화장품(주) ㅣ 위시컴퍼니(주),"정제수, 부틸렌글라이콜, 메틸프로판다이올, 글리세레스-26, 1,2-헥산다이올, 흰버드나무껍질추출물, 글리세린, 에리스리톨, 베타인, 알지닌, 카보머, 알란토인, 에틸헥실글리세린, 폴리글리세릴-10라우레이트, 프로판다이올, 글리세릴아크릴레이트/아크릴릭애씨드코폴리머, 카라기난, 피브이엠/엠에이코폴리머, 다이소듐이디티에이, 다이포타슘글리시리제이트, 병풀추출물",클레어스,미드나잇 블루 카밍 시트 마스크,19101,,
250ml,,이스터너생명과학(주) / 위시컴퍼니(주),"정제수, 글리세린, 카프릴릭/카프릭트라이글리세라이드, 세틸에틸헥사노에이트, 시어버터, 호호바씨오일, 글리세릴스테아레이트, 세틸알코올, 솔비탄스테아레이트, 스테아릭애씨드, 부틸렌글라이콜, 솔비탄세스퀴올리에이트, 마이크로크리스탈린왁스, 베타인, 사이클로펜타실록세인, 피이지-100스테아레이트, 다이메티콘, 알지닌, 카보머, 클로페네신, 토코페릴아세테이트, 모란뿌리추출물, 스타아니스추출물, 연꽃추출물, 자몽추출물, 황금추출물, 시트릭애씨드, 베타-글루칸, 에틸헥실글리세린, 하이드로제네이티드레시틴, 쇠비름추출물, 1,2-헥산다이올, 병풀추출물, 알로에베라잎추출물, 접시꽃추출물, 소듐하이알루로네이트, 세라마이드엔피, 다이소듐이디티에이, 폴리쿼터늄-51, 셀러리추출물, 순무잎추출물, 쌀겨추출물, 양배추추출물, 당근추출물, 브로콜리추출물, 토마토열매/잎/줄기추출물, 라이신에이치씨엘, 소듐아스코빌포스페이트, 아세틸메티오닌, 테아닌, 프롤린, 아라키딕애씨드, 팔미틱애씨드, 올레익애씨드, 낫토검",클레어스,서플 프레퍼레이션 올 오버 로션,7514,,
120ml,,상품상세참조,"정제수;부틸렌글라이콜;메틸트라이메티콘;세틸에틸헥사노에이트;폴리글리세릴-3다이스테아레이트;글리세릴스테아레이트시트레이트;세테아릴알코올;피씨에이다이메티콘;1,2-헥산다이올;실리카;하이드로제네이티드폴리(C6-14올레핀);나이아신아마이드;하이드록시에틸아크릴레이트/소듐아크릴로일다이메틸타우레이트코폴리머;카보머;트로메타민;글리세릴카프릴레이트;향료;에틸헥실글리세린;다이소듐이디티에이;콘민트잎추출물;하이드롤라이즈드하이알루로닉애씨드;프로판다이올;솔비탄아이소스테아레이트;흑효모발효물;글루코노락톤;락토바실러스/콩발효추출물;효모발효추출물;토코페롤;미역추출물",라네즈,워터뱅크 블루 히알루로닉 에멀젼 [지·복합용],32630,,
50ml,,상품상세참조,"정제수;부틸렌글라이콜;다이프로필렌글라이콜;글리세린;스쿠알란;1,2-헥산다이올;암모늄아크릴로일다이메틸타우레이트/브이피코폴리머;프로판다이올;카보머;세테아릴알코올;트로메타민;폴리글리세릴-3메틸글루코오스다이스테아레이트;덱스트린;하이드로제네이티드레시틴;에틸헥실글리세린;향료;글리세릴스테아레이트시트레이트;다이소듐이디티에이;베타인;하이드롤라이즈드하이알루로닉애씨드;베타-글루칸;자일리틸글루코사이드;안하이드로자일리톨;자일리톨;락토바실러스발효용해물;글루코오스;토코페롤;마그네슘클로라이드;테트라데실아미노부티로일발릴아미노부티릭우레아트라이플루오로아세테이트;미역추출물",라네즈,워터뱅크 블루 히알루로닉 세럼,32627,,
120ml,,상품상세참조,"정제수;부틸렌글라이콜;하이드로제네이티드폴리(C6-14올레핀);세틸에틸헥사노에이트;비스-하이드록시에톡시프로필다이메티콘;카프릴릭/카프릭트라이글리세라이드;글리세린;수크로오스스테아레이트;1,2-헥산다이올;다이아이소스테아릴말레이트;시어버터;글리세릴스테아레이트;세테아릴알코올;판테놀;스테아릭애씨드;팔미틱애씨드;프로판다이올;나이아신아마이드;카보머;향료;카프릴릴글라이콜;트로메타민;덱스트린;에틸헥실글리세린;다이소듐이디티에이;하이드롤라이즈드하이알루로닉애씨드;베타-글루칸;미리스틱애씨드;아라키딕애씨드;락토바실러스발효용해물;토코페롤;미역추출물",라네즈,워터뱅크 블루 히알루로닉 에멀젼 [중·건성용],32631,,
160ml,,상품상세참조,"정제수;부틸렌글라이콜;글리세린;글리세레스-26;다이프로필렌글라이콜;1,2-헥산다이올;판테놀;폴리쿼터늄-51;프로판다이올;피피지-13-데실테트라데세스-24;아크릴레이트/C10-30알킬아크릴레이트크로스폴리머;에틸헥실글리세린;트로메타민;셀룰로오스검;다이소듐이디티에이;하이드롤라이즈드하이알루로닉애씨드;향료;베타-글루칸;소듐하이알루로네이트;락토바실러스발효용해물;토코페롤;미역추출물",라네즈,워터뱅크 블루 히알루로닉 에센스 토너 [중·건성용],32628,,
250ml,,상품상세참조,"펜타에리스리틸테트라에틸헥사노에이트;아이소프로필팔미테이트;펜타에리스리틸테트라아이소스테아레이트;C12-15알킬벤조에이트;카프릴릭/카프릭트라이글리세라이드;피이지-20글리세릴트라이아이소스테아레이트;피이지-8아이소스테아레이트;덱스트린팔미테이트/에틸헥사노에이트;정제수;C12-15알코올;향료;글리세릴베헤네이트/에이코사디오에이트;부틸렌글라이콜;콘민트잎추출물;프로판다이올;하이드롤라이즈드하이알루로닉애씨드;코코넛야자오일;1,2-헥산다이올;코코-카프릴레이트/카프레이트;병풀꽃/잎/줄기추출물;에틸헥실글리세린;녹차추출물;다이소듐이디티에이;카프릴릴글라이콜;로즈힙꽃오일;라벤더오일;라임전초오일;라즈베리씨오일;크랜베리씨오일;미역추출물",라네즈,워터뱅크 블루 히알루로닉 클렌징 오일,33971,,
150g,,상품상세참조,"정제수;글리세린;미리스틱애씨드;스테아릭애씨드;피이지-32;포타슘하이드록사이드;팔미틱애씨드;라우릭애씨드;코카미도프로필베타인;글리세릴스테아레이트;피이지-100스테아레이트;마이크로크리스탈린셀룰로오스;향료;소듐클로라이드;다이소듐이디티에이;부틸렌글라이콜;소듐벤조에이트;콘민트잎추출물;하이드롤라이즈드하이알루로닉애씨드;폴리카프로락톤;CI 77891;프로판다이올;1,2-헥산다이올;락틱애씨드;피이지-75;폴리쿼터늄-10;락틱애씨드/글라이콜릭애씨드코폴리머;에틸헥실글리세린;알루미늄하이드록사이드;트라이에톡시카프릴릴실레인;구기자추출물;판테놀;파파인;라즈베리추출물;로우스위트블루베리추출물;커피콩추출물;무환자추출물;크랜베리추출물;비치스트로베리추출물;진들딸기씨추출물;페녹시에탄올;미역추출물",라네즈,워터뱅크 블루 히알루로닉 클렌징 폼,32632,,
50g,,상품상세참조,"정제수;부틸렌글라이콜;다이에틸아미노하이드록시벤조일헥실벤조에이트;호모살레이트;에칠헥실살리실레이트;C12-15알킬벤조에이트;다이아이소프로필세바케이트;세테아릴알코올;실리카;글리세린;포타슘세틸포스페이트;티타늄다이옥사이드;테레프탈릴리덴디캠퍼설포닉애씨드;페닐트라이메티콘;비스-에틸헥실옥시페놀메톡시페닐트리아진;다이부틸아디페이트;1,2-헥산다이올;트로메타민;판테놀;리모넨;폴리아크릴레이트크로스폴리머-6;알루미늄스테아레이트;폴리메틸메타크릴레이트;폴리하이드록시스테아릭애씨드;향료;잔탄검;카프릴릴글라이콜;에칠아스코빌에텔;글리세릴카프릴레이트;티몰트라이메톡시신나메이트;글리세릴스테아레이트;알루미나;하이드로제네이티드레시틴;다이소듐이디티에이;스테아릭애씨드;C12-15알코올;폴리글리세릴-3메틸글루코오스다이스테아레이트;팔미틱애씨드;리날룰;세라마이드엔피;시트랄;t-부틸알코올;제라니올;미리스틱애씨드;라우릭애씨드",라네즈,래디언씨 선크림 [SPF50+/PA++++],26241,,
30ml,,상품상세참조,"정제수;부틸렌글라이콜;글리세린;카프릴릭/카프릭트라이글리세라이드;나이아신아마이드;1,2-헥산다이올;천궁수;왜당귀뿌리수;베헤닐알코올;판테놀;해바라기씨오일;리모넨;유자껍질오일;트로메타민;카보머;아크릴레이트/C10-30알킬아크릴레이트크로스폴리머;당근추출물;타우린;에틸헥실글리세린;아데노신;유자추출물;다이소듐이디티에이;리날룰;에칠아스코빌에텔;탱자추출물;베타-카로틴;토코페롤;아스코빅애씨드;유자껍질추출물",아리따움,달빛유자C™ 세럼,25871,,
80mL,,㈜코스비전/㈜이니스프리,"정제수*, 프로판다이올*, 글리세린*, 1,2-헥산다이올*, 나이아신아마이드, 베타인, 사카라이드아이소머레이트, 녹차씨오일(2,609 ppm), 자일리톨, 세테아릴올리베이트, 하이드로제네이티드레시틴, 부틸렌글라이콜*, 솔비탄올리베이트, 락토바실러스발효용해물, 아크릴레이트/C10-30알킬아크릴레이트크로스폴리머, 스쿠알란, 판테놀, 알란토인, 하이드록시에틸아크릴레이트/소듐아크릴로일다이메틸타우레이트코폴리머, 트로메타민, 트라이에틸시트레이트, 에틸헥실글리세린*, 캐롭검, 다이소듐이디티에이*, 리모넨, 녹차추출물(366 ppm)*, 다이포타슘글리시리제이트, 레몬껍질오일, 소듐하이알루로네이트(103 ppm), 하이알루로닉애씨드(100 ppm)*, 덱스트린, 카카오추출물, 3-O-에틸아스코빅애씨드, 소듐시트레이트, 시트릭애씨드, 솔비탄아이소스테아레이트, 마테잎추출물, 글리세릴올리에이트*, 시트랄, 소두구씨오일, 토코페롤*, 레시틴*, 수크로오스, 라우릴글루코사이드*, 폴리글리세릴-6라우레이트*, 미리스틸글루코사이드*, 스피어민트잎오일, 시트로넬라오일, 갈바눔수지오일, 잔탄검*, 락틱애씨드, 하이드롤라이즈드하이알루로닉애씨드(0.5 ppm), 소듐하이알루로네이트크로스폴리머(0.2 ppm), 소듐아세틸레이티드하이알루로네이트(0.01 ppm)",이니스프리,그린티 씨드 히알루론산 세럼,50248,,
50mL,,㈜코스비전 / ㈜이니스프리,"정제수, 글리세린, 부틸렌글라이콜, 스쿠알란, 메틸트라이메티콘, 펜타에리스리틸테트라에틸헥사노에이트, 다이부틸아디페이트, 수크로오스폴리스테아레이트, 1,2-헥산다이올, 글리세릴스테아레이트, 해수, 나이아신아마이드, 다이팔미토일하이드록시프롤린, 세테아릴알코올, 글리세릴스테아레이트시트레이트, 락토바실러스발효용해물, 팔미틱애씨드, 하이드로제네이티드폴리아이소부텐, 스테아릭애씨드, 하이드록시에틸아크릴레이트/소듐아크릴로일다이메틸타우레이트코폴리머, 잔탄검, 아크릴레이트/C10-30알킬아크릴레이트크로스폴리머, 덱스트린, 하이알루로닉애씨드, *하이드롤라이즈드익스텐신(1005ppm), 호호바씨오일, 펜틸렌글라이콜, 소듐메타포스페이트, 글리세릴카프릴레이트, 폴리글리세릴-10라우레이트, 트로메타민, 에틸헥실글리세린, 아데노신, 카프릴릴글라이콜, 불가리스쑥오일, 솔비탄아이소스테아레이트, 하이드로제네이티드레시틴, 카카오추출물, 소듐하이알루로네이트, 단향오일, 프로판다이올, 만니톨, 서양톱풀추출물, 미리스틱애씨드, 아라키딕애씨드, 콩폴리펩타이드(10ppm), 아크릴레이트/스테아릴메타크릴레이트코폴리머, 하이드롤라이즈드하이알루로닉애씨드, 흰목이버섯포자낭과추출물, 다이소듐이디티에이, 소듐하이알루로네이트크로스폴리머, 카퍼트라이펩타이드-1(1ppm), 아세틸테트라펩타이드-2(0.6ppm), 토코페롤, 아세틸헵타펩타이드-4(0.457ppm), 세라마이드엔피, 아세틸테트라펩타이드-11(0.135ppm), 수용성콜라겐(0.1ppm), 소듐아세틸레이티드하이알루로네이트, 아세틸헥사펩타이드-8(0.04ppm), 소듐하이드록사이드, 헥사펩타이드-9(0.01ppm), 아세틸옥타펩타이드-3(0.003ppm)",이니스프리,콜라겐 그린티 세라마이드 탄력장벽 크림,56851,,
14g,,㈜코스비전 / ㈜이니스프리,"정제수, 티타늄디옥사이드 (CI 77891), 사이클로펜타실록세인, 부틸렌글라이콜, 메틸트라이메티콘, 펜타에리스리틸테트라에틸헥사노에이트, 피이지-10다이메티콘, 사이클로헥사실록세인, 티타늄디옥사이드, 실리카, 보론나이트라이드, 마이카, 라우릴폴리글리세릴-3폴리다이메틸실록시에틸다이메티콘, 다이메티콘, 트라이메틸실록시실리케이트, 폴리메틸메타크릴레이트, 다이아이소스테아릴말레이트, 비닐다이메티콘/메티콘실세스퀴옥세인크로스폴리머, 황색산화철, 다이스테아다이모늄헥토라이트, 아크릴레이트/에틸헥실아크릴레이트/다이메티콘메타크릴레이트코폴리머, 폴리실리콘-11, 소듐클로라이드, 판테놀, 알루미나, 알루미늄하이드록사이드, 다이메티콘/비닐다이메티콘크로스폴리머, 트라이에톡시카프릴릴실레인, 카프릴릴글라이콜, 적색산화철, 폴리솔베이트80, 에틸헥실글리세린, 글리세릴카프릴레이트, 하이드로제네이티드레시틴, 시메티콘, 다이소듐이디티에이, 흑색산화철, 프로판다이올, 폴리메틸실세스퀴옥세인, 알루미늄전분옥테닐석시네이트, 1,2-헥산다이올, 토코페롤, 메티콘, 녹차추출물",이니스프리,노세범 파우더 쿠션 [SPF35/PA++] [13C 포슬린],49841,,
170ml,,㈜코스비전 / ㈜이니스프리,"정제수, 부틸렌글라이콜, 락토바실러스발효용해물(73,950ppm), 글리세린, 나이아신아마이드, 폴리글리세린-3, 1,2-헥산다이올, 프로판다이올, 피피지-13-데실테트라데세스-24, 돌콩오일, 에틸헥실글리세린, 판테놀, 아데노신, 소듐폴리아크릴레이트, 소듐메타포스페이트, 레티놀(333IU/g), 토코페롤, 소듐하이알루로네이트, 녹차추출물, 하이드롤라이즈드하이알루로닉애씨드, 소듐하이알루로네이트크로스폴리머, 하이알루로닉애씨드, 소듐아세틸레이티드하이알루로네이트",이니스프리,레티놀 그린티 PDRN 스킨부스터 토너,70406,,
100mL,,㈜코스비전 / ㈜이니스프리,"정제수, 부틸렌글라이콜, 카프릴릭/카프릭트라이글리세라이드, 메틸트라이메티콘, 세테아릴알코올, 글리세릴스테아레이트시트레이트, 나이아신아마이드, 1,2-헥산다이올, 폴리글리세릴-10스테아레이트, 실리카, 하이드로제네이티드코코-글리세라이즈, 비자나무씨오일, 흰버드나무껍질추출물, 하이드록시에틸아크릴레이트/소듐아크릴로일다이메틸타우레이트코폴리머, 글리세릴카프릴레이트, 피마자씨오일, 에틸헥실글리세린, 다이소듐이디티에이, 솔비탄아이소스테아레이트, 리모넨, 두송열매오일, 구주소나무잎오일, 연필향나무오일, 살리실릭애씨드, 라벤더오일, 라임전초오일, 리날룰, 레몬껍질오일, 불가리스쑥오일, 광곽향오일, 솔잣나무잎/너트/줄기오일, 토코페롤",이니스프리,비자 트러블 로션,50251,,
70mL,,㈜코스비전 / ㈜이니스프리,"정제수, 프로판다이올, 글리세린, 사이클로펜타실록세인, 스쿠알란, 사이클로헥사실록세인, 세테아릴알코올, 판테놀, 1,2-헥산다이올, C12-16알코올, 폴리솔베이트60, 다이아이소스테아릴말레이트, 하이드록시에틸아크릴레이트/소듐아크릴로일다이메틸타우레이트코폴리머, 팔미틱애씨드, 아크릴레이트/C10-30알킬아크릴레이트크로스폴리머, 하이드로제네이티드레시틴, 트로메타민, 세테아릴글루코사이드, 비자나무씨오일, 다이소듐이디티에이, 솔비탄아이소스테아레이트, 마데카소사이드, 아시아티코사이드, 마데카식애씨드, 아시아틱애씨드, 글루코오스",이니스프리,비자 시카 밤 EX,50253,,
150mL,,㈜코스비전 / ㈜이니스프리,"세틸에틸헥사노에이트;아이소프로필팔미테이트;솔베스-30테트라올리에이트;카프릴릭/카프릭트라이글리세라이드;데실코코에이트;올리브오일;다이카프릴릴카보네이트;코코넛야자오일;다이아이소스테아릴말레이트;향료;코코-카프릴레이트/카프레이트;살리실릭애씨드;화산재;실리카;락틱애씨드/글라이콜릭애씨드코폴리머;알파-아이소메틸아이오논;리날룰;시트로넬올;마데카소사이드;호호바씨오일;징크피씨에이;온천수;정제수;빌베리열매추출물;폴리쿼터늄-10;토코페롤;사탕수수추출물;프로판다이올;오렌지추출물;레몬추출물;설탕단풍추출물;1,2-헥산다이올;에틸헥실글리세린;다이소듐이디티에이",이니스프리,화산송이 바하 모공 클렌징 오일,60329,,
3.5g,,㈜코스비전 / ㈜이니스프리,하이드로제네이티드폴리아이소부텐;피토스테릴/아이소스테아릴/세틸/스테아릴/베헤닐다이머디리놀리에이트;폴리아이소부텐;다이아이소스테아릴말레이트;옥틸도데실스테아로일스테아레이트;폴리글리세릴-10데카아이소스테아레이트;합성왁스;알루미늄전분옥테닐석시네이트;올레익/리놀레익/리놀레닉폴리글리세라이즈;에틸렌/프로필렌/스타이렌코폴리머;수크로오스테트라스테아레이트트라이아세테이트;동백나무씨오일;시어버터;칸데릴라왁스;C30-50알코올;칸데릴라왁스에스터;다이스테아다이모늄헥토라이트;카카오씨버터;에틸렌/프로필렌코폴리머;유칼립투스잎오일;카나우바왁스;리모넨;부틸렌/에틸렌/스타이렌코폴리머;글리세린;펜타에리스리틸테트라-다이-t-부틸하이드록시하이드로신나메이트;세라마이드엔피;토코페롤;피토스핑고신;하이알루로닉애씨드;하이드로제네이티드레시틴,이니스프리,유채꿀 립밤,57826,,
170mL,,㈜코스비전 / ㈜이니스프리,"정제수, 변성알코올, 부틸렌글라이콜, 글리세린, 베타인, 메틸글루세스-20, 1,2-헥산다이올, 피피지-13-데실테트라데세스-24, 흰버드나무껍질추출물, 옥틸도데세스-16, 다이소듐이디티에이, 비자나무씨오일, 에틸헥실글리세린, 피마자씨오일, 살리실릭애씨드, 리모넨, 두송열매오일, 구주소나무잎오일, 연필향나무오일, 라벤더오일, 라임전초오일, 리날룰, 레몬껍질오일, 불가리스쑥오일, 광곽향오일, 솔잣나무잎/너트/줄기오일, 토코페롤",이니스프리,비자 트러블 토너,60896,,
30mL,,㈜코스비전 / ㈜이니스프리,"정제수, 부틸렌글라이콜, 글리세린, 펜타에리스리틸테트라에틸헥사노에이트, 하이드로제네이티드폴리아이소부텐, 세테아릴알코올, 나이아신아마이드, 사이클로펜타실록세인, 다이메티콘, 글리세릴스테아레이트, 사이클로헥사실록세인, 스쿠알란, 폴리메틸메타크릴레이트, 세틸에틸헥사노에이트, 시어버터, 1,2-헥산다이올, 스테아릭애씨드, 피이지-100스테아레이트, 카나우바왁스, 펜타에리스리틸다이스테아레이트, 팔미틱애씨드, 폴리아크릴레이트-13, 카프릴릭/카프릭트라이글리세라이드, 베헤닐알코올, 카페인, 세테아릴글루코사이드, 다이메티콘/비닐다이메티콘크로스폴리머, 폴리글리세릴-10펜타스테아레이트, 폴리아이소부텐, 프로판다이올, 향료, 글리세릴카프릴레이트, 소듐스테아로일락틸레이트, 에틸헥실글리세린, 다이소듐이디티에이, 아데노신, 폴리솔베이트20, 솔비탄아이소스테아레이트, 리모넨, 하이드로제네이티드레시틴, 덱스트린, 카카오추출물, 베타-글루칸, 카프릴릴글라이콜, 불가리스쑥추출물, 약모밀추출물, 라즈베리추출물, 꿀풀잎추출물, 인동덩굴꽃추출물, 초피나무열매추출물, 서양민들레뿌리줄기/뿌리추출물, 영지버섯추출물, 글루코오스, 리날룰, 미리스틱애씨드, 아라키딕애씨드, 시트로넬올, 토코페롤, 꽃송이버섯추출물",이니스프리,퍼펙트 9 인텐시브 아이크림,50259,,
14g,,㈜코스비전 / ㈜이니스프리,"정제수, 티타늄디옥사이드 (CI 77891), 사이클로펜타실록세인, 부틸렌글라이콜, 메틸트라이메티콘, 펜타에리스리틸테트라에틸헥사노에이트, 피이지-10다이메티콘, 사이클로헥사실록세인, 티타늄디옥사이드, 실리카, 보론나이트라이드, 마이카, 라우릴폴리글리세릴-3폴리다이메틸실록시에틸다이메티콘, 다이메티콘, 트라이메틸실록시실리케이트, 황색산화철, 다이아이소스테아릴말레이트, 비닐다이메티콘/메티콘실세스퀴옥세인크로스폴리머, 다이스테아다이모늄헥토라이트, 폴리메틸메타크릴레이트, 아크릴레이트/에틸헥실아크릴레이트/다이메티콘메타크릴레이트코폴리머, 폴리실리콘-11, 소듐클로라이드, 판테놀, 알루미나, 알루미늄하이드록사이드, 다이메티콘/비닐다이메티콘크로스폴리머, 적색산화철, 트라이에톡시카프릴릴실레인, 카프릴릴글라이콜, 폴리솔베이트80, 에틸헥실글리세린, 글리세릴카프릴레이트, 하이드로제네이티드레시틴, 시메티콘, 흑색산화철, 다이소듐이디티에이, 프로판다이올, 폴리메틸실세스퀴옥세인, 알루미늄전분옥테닐석시네이트, 1,2-헥산다이올, 토코페롤, 메티콘, 녹차추출물",이니스프리,노세범 파우더 쿠션 [SPF35/PA++] [21N 바닐라],49844,,
330mL,,㈜코스비전 / ㈜이니스프리,정제수;글리세린;부틸렌글라이콜;세틸에칠헥사노에이트(구명칭);해바라기씨오일;향료;스테아릭애씨드;팔미틱애씨드;디메치콘(구명칭);쉐어버터(구명칭);글리세릴스테아레이트;세테아릴알코올;글리세릴스테아레이트시트레이트;하이드로제네이티드식물성오일;피이지-100스테아레이트;하이드록시에칠아크릴레이트/소듐아크릴로일디메칠타우레이트코폴리머(구명칭);카보머;리모넨;트로메타민;글리세릴카프릴레이트;리날룰;디소듐이디티에이(구명칭);에칠헥실글리세린(구명칭);헥실신남알;소르비탄이소스테아레이트(구명칭);폴리소르베이트60(구명칭);미리스틱애씨드;카카오씨드버터(구명칭);망고씨드버터(구명칭);아라키딕애씨드;라우릭애씨드;토코페롤;티비에이치큐,이니스프리,마이 퍼퓸드 바디 클렌저 [워터릴리],52956,,
50mL,,㈜코스비전 / ㈜이니스프리,"정제수;부틸렌글라이콜;글리세린;다이에틸아미노하이드록시벤조일헥실벤조에이트;호모살레이트;에칠헥실살리실레이트;메틸트라이메티콘;부틸옥틸살리실레이트;티타늄다이옥사이드;C12-15알킬벤조에이트;비스-에틸헥실옥시페놀메톡시페닐트리아진;나이아신아마이드;폴리실리콘-15;1,2-헥산다이올;실리카;베타인;세테아릴알코올;폴리C10-30알킬아크릴레이트;하이드록시에틸아크릴레이트/소듐아크릴로일다이메틸타우레이트코폴리머;알루미늄스테아레이트;알루미나;스테아릭애씨드;폴리하이드록시스테아릭애씨드;아크릴레이트/C10-30알킬아크릴레이트크로스폴리머;글리세릴스테아레이트;향료;프로판다이올;하이드로제네이티드레시틴;글리세릴카프릴레이트;트로메타민;알루미늄하이드록사이드;폴리글리세릴-3메틸글루코오스다이스테아레이트;팔미틱애씨드;다이소듐이디티에이;에틸헥실글리세린;적색산화철;트라이에톡시카프릴릴실레인;솔비탄아이소스테아레이트;리날룰;리모넨;왕벚나무잎추출물;제라니올;미리스틱애씨드;라우릭애씨드;토코페롤;녹차추출물",이니스프리,왕벚꽃 글로우 톤업 크림 [SPF50+/PA++++] [스킨핏],51481,,
60mL,,㈜한국콜마 / ㈜이니스프리,"정제수;프로필헵틸카프릴레이트;티타늄다이옥사이드;징크옥사이드;사이클로헥사실록세인;부틸렌글라이콜다이카프릴레이트/다이카프레이트;다이실록세인;부틸렌글라이콜;폴리글리세릴-5폴리리시놀리에이트;폴리메틸실세스퀴옥세인;글리세린;나이아신아마이드;다이카프릴릴에터;카프릴릴메티콘;다이스테아다이모늄헥토라이트;칼슘알루미늄보로실리케이트;폴리글리세릴-3폴리다이메틸실록시에틸다이메티콘;마그네슘설페이트;1,2-헥산다이올;트라이에톡시카프릴릴실레인;옥틸도데칸올;향료;다이카프릴릴카보네이트;황색산화철;카프릴릴글라이콜;글리세릴카프릴레이트;마이카;에틸헥실글리세린;알루미늄하이드록사이드;아데노신;적색산화철;에키움 플란타기네움씨오일;보론나이트라이드;소듐하이알루로네이트;프로필렌글라이콜다이카프릴레이트/다이카프레이트;사카라이드아이소머레이트;프로판다이올;흑색산화철;토코페롤;해바라기씨오일불검화물;풍선덩굴꽃/잎/덩굴추출물;다이메티콘/비닐다이메티콘크로스폴리머;쌀겨오일;부시클로버잎/줄기추출물;소듐시트레이트;시트릭애씨드",이니스프리,인텐시브 롱래스팅 선스크린 EX [SPF50+/PA++++],51472,,
,,,,,,,,
,,,,,,,,
,,,,,,,,
,,,,,,,,
,,,,,,,,
,,,,,,,,
,,,,,,,,
,,,,,,,,
,,,,,,,,
,,,,,,,,
,,,,,,,,
,,,,,,,,
,,,,,,,,
,,,,,,,,
,,,,,,,,
,,,,,,,,
,,,,,,,,
,,,,,,,,
,,,,,,,,
,,,,,,,,
,,,,,,,,
,,,,,,,,
,,,,,,,,
,,,,,,,,
,,,,,,,,
,,,,,,,,
,,,,,,,,
,,,,,,,,
,,,,,,,,
,,,,,,,,
,,,,,,,,
,,,,,,,,
,,,,,,,,
,,,,,,,,
,,,,,,,,
,,,,,,,,
,,,,,,,,
,,,,,,,,
,,,,,,,,
,,,,,,,,
,,,,,,,,
,,,,,,,,
,,,,,,,,
,,,,,,,,
,,,,,,,,
,,,,,,,,
,,,,,,,,
,,,,,,,,
,,,,,,,,
,,,,,,,,
,,,,,,,,
,,,,,,,,
,,,,,,,,
,,,,,,,,
,,,,,,,,
,,,,,,,,
,,,,,,,,
,,,,,,,,
,,,,,,,,
,,,,,,,,
,,,,,,,,
,,,,,,,,
,,,,,,,,
,,,,,,,,
,,,,,,,,
,,,,,,,,
,,,,,,,,
,,,,,,,,
,,,,,,,,
,,,,,,,,
,,,,,,,,
,,,,,,,,
,,,,,,,,
,,,,,,,,
,,,,,,,,
,,,,,,,,
,,,,,,,,
,,,,,,,,
,,,,,,,,
,,,,,,,,
,,,,,,,,
,,,,,,,,
,,,,,,,,
,,,,,,,,
,,,,,,,,
,,,,,,,,
,,,,,,,,
,,,,,,,,
,,,,,,,,
,,,,,,,,
,,,,,,,,
,,,,,,,,
,,,,,,,,
,,,,,,,,
,,,,,,,,
,,,,,,,,
,,,,,,,,
,,,,,,,,
,,,,,,,,
,,,,,,,,
,,,,,,,,
,,,,,,,,
,,,,,,,,
,,,,,,,,
,,,,,,,,
,,,,,,,,
,,,,,,,,
,,,,,,,,
,,,,,,,,
,,,,,,,,
,,,,,,,,
,,,,,,,,
,,,,,,,,
,,,,,,,,
,,,,,,,,
,,,,,,,,
,,,,,,,,
,,,,,,,,
,,,,,,,,
,,,,,,,,
,,,,,,,,
,,,,,,,,
,,,,,,,,
,,,,,,,,
,,,,,,,,
,,,,,,,,
,,,,,,,,
,,,,,,,,
,,,,,,,,
,,,,,,,,
,,,,,,,,
,,,,,,,,
,,,,,,,,
,,,,,,,,
,,,,,,,,
,,,,,,,,
,,,,,,,,
,,,,,,,,
,,,,,,,,
,,,,,,,,
,,,,,,,,
,,,,,,,,
,,,,,,,,
,,,,,,,,
,,,,,,,,
,,,,,,,,
,,,,,,,,
,,,,,,,,
,,,,,,,,
,,,,,,,,
,,,,,,,,
,,,,,,,,
,,,,,,,,
,,,,,,,,
,,,,,,,,
,,,,,,,,
,,,,,,,,
,,,,,,,,
,,,,,,,,
,,,,,,,,
,,,,,,,,
,,,,,,,,
,,,,,,,,
,,,,,,,,
,,,,,,,,
,,,,,,,,
,,,,,,,,
,,,,,,,,
,,,,,,,,
,,,,,,,,
,,,,,,,,
,,,,,,,,
,,,,,,,,
,,,,,,,,
,,,,,,,,
,,,,,,,,
,,,,,,,,
,,,,,,,,
,,,,,,,,
,,,,,,,,
,,,,,,,,
,,,,,,,,
,,,,,,,,
,,,,,,,,
,,,,,,,,
,,,,,,,,
,,,,,,,,
,,,,,,,,
,,,,,,,,
,,,,,,,,
,,,,,,,,
,,,,,,,,
,,,,,,,,
,,,,,,,,
,,,,,,,,
,,,,,,,,
,,,,,,,,
,,,,,,,,
,,,,,,,,
,,,,,,,,
,,,,,,,,
,,,,,,,,
,,,,,,,,
,,,,,,,,
,,,,,,,,
,,,,,,,,
,,,,,,,,
,,,,,,,,
,,,,,,,,
,,,,,,,,
,,,,,,,,
,,,,,,,,
,,,,,,,,
,,,,,,,,
,,,,,,,,
,,,,,,,,
,,,,,,,,
,,,용량 또는 중량,제조자 및 제조판매업자,주요성분,브랜드,제품명,goods_id
,,,50ml+50ml,코스맥스(주) / 네이처리퍼블릭,"정제수,글리세린,나이아신아마이드,프로판다이올...",네이처리퍼블릭,비타페어C 잡티 크림,72354
,,,상품상세참조,상품상세참조,아스퍼질러스발효물;글리세린;다이프로필렌글라이콜...,비프루브,아스퍼바이옴 더 퍼스트 트리트먼트 크림 에센스,33367
,,,상품상세참조,상품상세참조,정제수;소듐코코일이세티오네이트;글리세린;아스퍼질러스발효물...,비프루브,아스퍼바이옴 모이스처 클렌징 폼,44867
,,,상품상세참조,상품상세참조,"정제수;부틸렌글라이콜;글리세린;1,2-헥산다이올;아스퍼질러스발효물...",비프루브,아스퍼바이옴 수딩 에센스 패드,33364
,,,상품상세참조,상품상세참조,아스퍼질러스발효물;카프릴릭/카프릭트라이글리세라이드;글리세린...,비프루브,아스퍼바이옴 엑티베이팅 시너지 크림,33366